2025-11-24 12:27:25.408 +02:00 [INF] Now listening on: http://localhost:5017
2025-11-24 12:27:25.530 +02:00 [INF] Application started. Press Ctrl+C to shut down.
2025-11-24 12:27:25.551 +02:00 [INF] Hosting environment: Development
2025-11-24 12:27:25.573 +02:00 [INF] Content root path: C:\Users\Admin\Documents\projects\LibrarySystem\BorrowingService\BorrowingService.Api
2025-11-24 12:27:50.610 +02:00 [INF] Request starting HTTP/1.1 GET http://localhost:5017/api/readers - null null
2025-11-24 12:27:50.719 +02:00 [INF] Executing endpoint 'BorrowingService.Api.Controllers.ReadersController.GetAll (BorrowingService.Api)'
2025-11-24 12:27:50.769 +02:00 [INF] Route matched with {action = "GetAll", controller = "Readers"}. Executing controller action with signature System.Threading.Tasks.Task`1[Microsoft.AspNetCore.Mvc.IActionResult] GetAll() on controller BorrowingService.Api.Controllers.ReadersController (BorrowingService.Api).
2025-11-24 12:27:52.011 +02:00 [INF] Executing OkObjectResult, writing value of type 'System.Collections.Generic.List`1[[BorrowingService.Bll.Dtos.ReaderDto, BorrowingService.Bll, Version=1.0.0.0, Culture=neutral, PublicKeyToken=null]]'.
2025-11-24 12:27:52.161 +02:00 [INF] Executed action BorrowingService.Api.Controllers.ReadersController.GetAll (BorrowingService.Api) in 1371.1302ms
2025-11-24 12:27:52.168 +02:00 [INF] Request starting HTTP/1.1 GET http://localhost:5017/api/readers - null null
2025-11-24 12:27:52.217 +02:00 [INF] Executed endpoint 'BorrowingService.Api.Controllers.ReadersController.GetAll (BorrowingService.Api)'
2025-11-24 12:27:52.232 +02:00 [INF] Executing endpoint 'BorrowingService.Api.Controllers.ReadersController.GetAll (BorrowingService.Api)'
2025-11-24 12:27:52.241 +02:00 [INF] Request finished HTTP/1.1 GET http://localhost:5017/api/readers - 200 null application/json; charset=utf-8 1635.6304ms
2025-11-24 12:27:52.241 +02:00 [INF] Route matched with {action = "GetAll", controller = "Readers"}. Executing controller action with signature System.Threading.Tasks.Task`1[Microsoft.AspNetCore.Mvc.IActionResult] GetAll() on controller BorrowingService.Api.Controllers.ReadersController (BorrowingService.Api).
2025-11-24 12:27:52.300 +02:00 [INF] Executing OkObjectResult, writing value of type 'System.Collections.Generic.List`1[[BorrowingService.Bll.Dtos.ReaderDto, BorrowingService.Bll, Version=1.0.0.0, Culture=neutral, PublicKeyToken=null]]'.
2025-11-24 12:27:52.311 +02:00 [INF] Executed action BorrowingService.Api.Controllers.ReadersController.GetAll (BorrowingService.Api) in 30.6305ms
2025-11-24 12:27:52.320 +02:00 [INF] Executed endpoint 'BorrowingService.Api.Controllers.ReadersController.GetAll (BorrowingService.Api)'
2025-11-24 12:27:52.329 +02:00 [INF] Request finished HTTP/1.1 GET http://localhost:5017/api/readers - 200 null application/json; charset=utf-8 161.2778ms
2025-11-24 12:27:55.714 +02:00 [INF] Request starting HTTP/1.1 GET http://localhost:5017/api/borrowings - null null
2025-11-24 12:27:55.741 +02:00 [INF] Executing endpoint 'BorrowingService.Api.Controllers.BorrowingsController.GetAll (BorrowingService.Api)'
2025-11-24 12:27:55.778 +02:00 [INF] Route matched with {action = "GetAll", controller = "Borrowings"}. Executing controller action with signature System.Threading.Tasks.Task`1[Microsoft.AspNetCore.Mvc.IActionResult] GetAll() on controller BorrowingService.Api.Controllers.BorrowingsController (BorrowingService.Api).
2025-11-24 12:27:55.962 +02:00 [INF] Executing OkObjectResult, writing value of type 'System.Collections.Generic.List`1[[BorrowingService.Bll.Dtos.BorrowingDto, BorrowingService.Bll, Version=1.0.0.0, Culture=neutral, PublicKeyToken=null]]'.
2025-11-24 12:27:55.994 +02:00 [INF] Executed action BorrowingService.Api.Controllers.BorrowingsController.GetAll (BorrowingService.Api) in 201.6823ms
2025-11-24 12:27:56.000 +02:00 [INF] Executed endpoint 'BorrowingService.Api.Controllers.BorrowingsController.GetAll (BorrowingService.Api)'
2025-11-24 12:27:56.003 +02:00 [INF] Request starting HTTP/1.1 GET http://localhost:5017/api/borrowings - null null
2025-11-24 12:27:56.004 +02:00 [INF] Request finished HTTP/1.1 GET http://localhost:5017/api/borrowings - 200 null application/json; charset=utf-8 289.6858ms
2025-11-24 12:27:56.015 +02:00 [INF] Executing endpoint 'BorrowingService.Api.Controllers.BorrowingsController.GetAll (BorrowingService.Api)'
2025-11-24 12:27:56.032 +02:00 [INF] Route matched with {action = "GetAll", controller = "Borrowings"}. Executing controller action with signature System.Threading.Tasks.Task`1[Microsoft.AspNetCore.Mvc.IActionResult] GetAll() on controller BorrowingService.Api.Controllers.BorrowingsController (BorrowingService.Api).
2025-11-24 12:27:56.058 +02:00 [INF] Executing OkObjectResult, writing value of type 'System.Collections.Generic.List`1[[BorrowingService.Bll.Dtos.BorrowingDto, BorrowingService.Bll, Version=1.0.0.0, Culture=neutral, PublicKeyToken=null]]'.
2025-11-24 12:27:56.064 +02:00 [INF] Executed action BorrowingService.Api.Controllers.BorrowingsController.GetAll (BorrowingService.Api) in 24.252ms
2025-11-24 12:27:56.069 +02:00 [INF] Executed endpoint 'BorrowingService.Api.Controllers.BorrowingsController.GetAll (BorrowingService.Api)'
2025-11-24 12:27:56.074 +02:00 [INF] Request finished HTTP/1.1 GET http://localhost:5017/api/borrowings - 200 null application/json; charset=utf-8 71.0754ms
2025-11-24 12:28:30.012 +02:00 [INF] Request starting HTTP/1.1 POST http://localhost:5017/api/readers - application/json 55
2025-11-24 12:28:30.046 +02:00 [INF] CORS policy execution successful.
2025-11-24 12:28:30.055 +02:00 [INF] Executing endpoint 'BorrowingService.Api.Controllers.ReadersController.Create (BorrowingService.Api)'
2025-11-24 12:28:30.097 +02:00 [INF] Route matched with {action = "Create", controller = "Readers"}. Executing controller action with signature System.Threading.Tasks.Task`1[Microsoft.AspNetCore.Mvc.IActionResult] Create(BorrowingService.Bll.Dtos.ReaderDto) on controller BorrowingService.Api.Controllers.ReadersController (BorrowingService.Api).
2025-11-24 12:28:30.272 +02:00 [INF] Executing CreatedAtActionResult, writing value of type 'BorrowingService.Bll.Dtos.ReaderDto'.
2025-11-24 12:28:30.321 +02:00 [INF] Executed action BorrowingService.Api.Controllers.ReadersController.Create (BorrowingService.Api) in 208.6052ms
2025-11-24 12:28:30.329 +02:00 [INF] Executed endpoint 'BorrowingService.Api.Controllers.ReadersController.Create (BorrowingService.Api)'
2025-11-24 12:28:30.336 +02:00 [INF] Request finished HTTP/1.1 POST http://localhost:5017/api/readers - 201 null application/json; charset=utf-8 324.0891ms
2025-11-24 12:28:32.026 +02:00 [INF] Request starting HTTP/1.1 GET http://localhost:5017/api/readers - null null
2025-11-24 12:28:32.051 +02:00 [INF] Executing endpoint 'BorrowingService.Api.Controllers.ReadersController.GetAll (BorrowingService.Api)'
2025-11-24 12:28:32.061 +02:00 [INF] Route matched with {action = "GetAll", controller = "Readers"}. Executing controller action with signature System.Threading.Tasks.Task`1[Microsoft.AspNetCore.Mvc.IActionResult] GetAll() on controller BorrowingService.Api.Controllers.ReadersController (BorrowingService.Api).
2025-11-24 12:28:32.079 +02:00 [INF] Executing OkObjectResult, writing value of type 'System.Collections.Generic.List`1[[BorrowingService.Bll.Dtos.ReaderDto, BorrowingService.Bll, Version=1.0.0.0, Culture=neutral, PublicKeyToken=null]]'.
2025-11-24 12:28:32.090 +02:00 [INF] Executed action BorrowingService.Api.Controllers.ReadersController.GetAll (BorrowingService.Api) in 14.6524ms
2025-11-24 12:28:32.101 +02:00 [INF] Executed endpoint 'BorrowingService.Api.Controllers.ReadersController.GetAll (BorrowingService.Api)'
2025-11-24 12:28:32.105 +02:00 [INF] Request starting HTTP/1.1 GET http://localhost:5017/api/readers - null null
2025-11-24 12:28:32.111 +02:00 [INF] Request finished HTTP/1.1 GET http://localhost:5017/api/readers - 200 null application/json; charset=utf-8 84.2899ms
2025-11-24 12:28:32.133 +02:00 [INF] Executing endpoint 'BorrowingService.Api.Controllers.ReadersController.GetAll (BorrowingService.Api)'
2025-11-24 12:28:32.168 +02:00 [INF] Route matched with {action = "GetAll", controller = "Readers"}. Executing controller action with signature System.Threading.Tasks.Task`1[Microsoft.AspNetCore.Mvc.IActionResult] GetAll() on controller BorrowingService.Api.Controllers.ReadersController (BorrowingService.Api).
2025-11-24 12:28:32.185 +02:00 [INF] Executing OkObjectResult, writing value of type 'System.Collections.Generic.List`1[[BorrowingService.Bll.Dtos.ReaderDto, BorrowingService.Bll, Version=1.0.0.0, Culture=neutral, PublicKeyToken=null]]'.
2025-11-24 12:28:32.198 +02:00 [INF] Executed action BorrowingService.Api.Controllers.ReadersController.GetAll (BorrowingService.Api) in 15.5538ms
2025-11-24 12:28:32.210 +02:00 [INF] Executed endpoint 'BorrowingService.Api.Controllers.ReadersController.GetAll (BorrowingService.Api)'
2025-11-24 12:28:32.219 +02:00 [INF] Request finished HTTP/1.1 GET http://localhost:5017/api/readers - 200 null application/json; charset=utf-8 113.7146ms
2025-11-24 13:34:35.047 +02:00 [INF] Now listening on: http://localhost:5017
2025-11-24 13:34:35.100 +02:00 [INF] Application started. Press Ctrl+C to shut down.
2025-11-24 13:34:35.102 +02:00 [INF] Hosting environment: Development
2025-11-24 13:34:35.103 +02:00 [INF] Content root path: C:\Users\Admin\Documents\projects\LibrarySystem\BorrowingService\BorrowingService.Api
2025-11-24 13:34:45.166 +02:00 [INF] Request starting HTTP/1.1 GET http://localhost:5017/api/readers - null null
2025-11-24 13:34:45.225 +02:00 [INF] Executing endpoint 'BorrowingService.Api.Controllers.ReadersController.GetAll (BorrowingService.Api)'
2025-11-24 13:34:45.252 +02:00 [INF] Route matched with {action = "GetAll", controller = "Readers"}. Executing controller action with signature System.Threading.Tasks.Task`1[Microsoft.AspNetCore.Mvc.IActionResult] GetAll() on controller BorrowingService.Api.Controllers.ReadersController (BorrowingService.Api).
2025-11-24 13:34:45.765 +02:00 [INF] Executing OkObjectResult, writing value of type 'System.Collections.Generic.List`1[[BorrowingService.Bll.Dtos.ReaderDto, BorrowingService.Bll, Version=1.0.0.0, Culture=neutral, PublicKeyToken=null]]'.
2025-11-24 13:34:45.812 +02:00 [INF] Executed action BorrowingService.Api.Controllers.ReadersController.GetAll (BorrowingService.Api) in 550.7141ms
2025-11-24 13:34:45.817 +02:00 [INF] Request starting HTTP/1.1 GET http://localhost:5017/api/readers - null null
2025-11-24 13:34:45.835 +02:00 [INF] Executed endpoint 'BorrowingService.Api.Controllers.ReadersController.GetAll (BorrowingService.Api)'
2025-11-24 13:34:45.840 +02:00 [INF] Executing endpoint 'BorrowingService.Api.Controllers.ReadersController.GetAll (BorrowingService.Api)'
2025-11-24 13:34:45.843 +02:00 [INF] Request finished HTTP/1.1 GET http://localhost:5017/api/readers - 200 null application/json; charset=utf-8 679.3463ms
2025-11-24 13:34:45.844 +02:00 [INF] Route matched with {action = "GetAll", controller = "Readers"}. Executing controller action with signature System.Threading.Tasks.Task`1[Microsoft.AspNetCore.Mvc.IActionResult] GetAll() on controller BorrowingService.Api.Controllers.ReadersController (BorrowingService.Api).
2025-11-24 13:34:45.859 +02:00 [INF] Executing OkObjectResult, writing value of type 'System.Collections.Generic.List`1[[BorrowingService.Bll.Dtos.ReaderDto, BorrowingService.Bll, Version=1.0.0.0, Culture=neutral, PublicKeyToken=null]]'.
2025-11-24 13:34:45.862 +02:00 [INF] Executed action BorrowingService.Api.Controllers.ReadersController.GetAll (BorrowingService.Api) in 8.1212ms
2025-11-24 13:34:45.866 +02:00 [INF] Executed endpoint 'BorrowingService.Api.Controllers.ReadersController.GetAll (BorrowingService.Api)'
2025-11-24 13:34:45.868 +02:00 [INF] Request finished HTTP/1.1 GET http://localhost:5017/api/readers - 200 null application/json; charset=utf-8 51.015ms
2025-11-24 13:57:09.837 +02:00 [INF] Now listening on: http://localhost:5017
2025-11-24 13:57:09.872 +02:00 [INF] Application started. Press Ctrl+C to shut down.
2025-11-24 13:57:09.875 +02:00 [INF] Hosting environment: Development
2025-11-24 13:57:09.877 +02:00 [INF] Content root path: C:\Users\Admin\Documents\projects\LibrarySystem\BorrowingService\BorrowingService.Api
2025-11-24 13:57:18.863 +02:00 [INF] Request starting HTTP/1.1 GET http://localhost:5017/api/readers - null null
2025-11-24 13:57:18.933 +02:00 [INF] Executing endpoint 'BorrowingService.Api.Controllers.ReadersController.GetAll (BorrowingService.Api)'
2025-11-24 13:57:18.964 +02:00 [INF] Route matched with {action = "GetAll", controller = "Readers"}. Executing controller action with signature System.Threading.Tasks.Task`1[Microsoft.AspNetCore.Mvc.IActionResult] GetAll() on controller BorrowingService.Api.Controllers.ReadersController (BorrowingService.Api).
2025-11-24 13:57:19.448 +02:00 [INF] Executing OkObjectResult, writing value of type 'System.Collections.Generic.List`1[[BorrowingService.Bll.Dtos.ReaderDto, BorrowingService.Bll, Version=1.0.0.0, Culture=neutral, PublicKeyToken=null]]'.
2025-11-24 13:57:19.495 +02:00 [INF] Executed action BorrowingService.Api.Controllers.ReadersController.GetAll (BorrowingService.Api) in 520.8606ms
2025-11-24 13:57:19.499 +02:00 [INF] Request starting HTTP/1.1 GET http://localhost:5017/api/readers - null null
2025-11-24 13:57:19.516 +02:00 [INF] Executed endpoint 'BorrowingService.Api.Controllers.ReadersController.GetAll (BorrowingService.Api)'
2025-11-24 13:57:19.523 +02:00 [INF] Executing endpoint 'BorrowingService.Api.Controllers.ReadersController.GetAll (BorrowingService.Api)'
2025-11-24 13:57:19.527 +02:00 [INF] Route matched with {action = "GetAll", controller = "Readers"}. Executing controller action with signature System.Threading.Tasks.Task`1[Microsoft.AspNetCore.Mvc.IActionResult] GetAll() on controller BorrowingService.Api.Controllers.ReadersController (BorrowingService.Api).
2025-11-24 13:57:19.528 +02:00 [INF] Request finished HTTP/1.1 GET http://localhost:5017/api/readers - 200 null application/json; charset=utf-8 666.5184ms
2025-11-24 13:57:19.539 +02:00 [INF] Executing OkObjectResult, writing value of type 'System.Collections.Generic.List`1[[BorrowingService.Bll.Dtos.ReaderDto, BorrowingService.Bll, Version=1.0.0.0, Culture=neutral, PublicKeyToken=null]]'.
2025-11-24 13:57:19.544 +02:00 [INF] Executed action BorrowingService.Api.Controllers.ReadersController.GetAll (BorrowingService.Api) in 11.4931ms
2025-11-24 13:57:19.548 +02:00 [INF] Executed endpoint 'BorrowingService.Api.Controllers.ReadersController.GetAll (BorrowingService.Api)'
2025-11-24 13:57:19.550 +02:00 [INF] Request finished HTTP/1.1 GET http://localhost:5017/api/readers - 200 null application/json; charset=utf-8 50.3629ms
2025-11-24 13:58:10.372 +02:00 [INF] Request starting HTTP/1.1 GET http://localhost:5017/api/readers - null null
2025-11-24 13:58:10.386 +02:00 [INF] Executing endpoint 'BorrowingService.Api.Controllers.ReadersController.GetAll (BorrowingService.Api)'
2025-11-24 13:58:10.389 +02:00 [INF] Route matched with {action = "GetAll", controller = "Readers"}. Executing controller action with signature System.Threading.Tasks.Task`1[Microsoft.AspNetCore.Mvc.IActionResult] GetAll() on controller BorrowingService.Api.Controllers.ReadersController (BorrowingService.Api).
2025-11-24 13:58:10.398 +02:00 [INF] Executing OkObjectResult, writing value of type 'System.Collections.Generic.List`1[[BorrowingService.Bll.Dtos.ReaderDto, BorrowingService.Bll, Version=1.0.0.0, Culture=neutral, PublicKeyToken=null]]'.
2025-11-24 13:58:10.402 +02:00 [INF] Executed action BorrowingService.Api.Controllers.ReadersController.GetAll (BorrowingService.Api) in 6.8735ms
2025-11-24 13:58:10.406 +02:00 [INF] Executed endpoint 'BorrowingService.Api.Controllers.ReadersController.GetAll (BorrowingService.Api)'
2025-11-24 13:58:10.409 +02:00 [INF] Request finished HTTP/1.1 GET http://localhost:5017/api/readers - 200 null application/json; charset=utf-8 36.5267ms
2025-11-24 13:58:15.033 +02:00 [INF] Request starting HTTP/1.1 POST http://localhost:5017/api/borrowings/issue - application/json 25
2025-11-24 13:58:15.052 +02:00 [INF] CORS policy execution successful.
2025-11-24 13:58:15.058 +02:00 [INF] Executing endpoint 'BorrowingService.Api.Controllers.BorrowingsController.IssueBook (BorrowingService.Api)'
2025-11-24 13:58:15.078 +02:00 [INF] Route matched with {action = "IssueBook", controller = "Borrowings"}. Executing controller action with signature System.Threading.Tasks.Task`1[Microsoft.AspNetCore.Mvc.IActionResult] IssueBook(IssueBookRequest) on controller BorrowingService.Api.Controllers.BorrowingsController (BorrowingService.Api).
2025-11-24 13:58:15.205 +02:00 [INF] Executing ConflictObjectResult, writing value of type '<>f__AnonymousType2`1[[System.String, System.Private.CoreLib, Version=9.0.0.0, Culture=neutral, PublicKeyToken=7cec85d7bea7798e]]'.
2025-11-24 13:58:15.215 +02:00 [INF] Executed action BorrowingService.Api.Controllers.BorrowingsController.IssueBook (BorrowingService.Api) in 128.325ms
2025-11-24 13:58:15.221 +02:00 [INF] Executed endpoint 'BorrowingService.Api.Controllers.BorrowingsController.IssueBook (BorrowingService.Api)'
2025-11-24 13:58:15.225 +02:00 [INF] Request finished HTTP/1.1 POST http://localhost:5017/api/borrowings/issue - 409 null application/json; charset=utf-8 191.8715ms
2025-11-24 13:58:31.778 +02:00 [INF] Request starting HTTP/1.1 GET http://localhost:5017/api/readers - null null
2025-11-24 13:58:31.789 +02:00 [INF] Executing endpoint 'BorrowingService.Api.Controllers.ReadersController.GetAll (BorrowingService.Api)'
2025-11-24 13:58:31.794 +02:00 [INF] Route matched with {action = "GetAll", controller = "Readers"}. Executing controller action with signature System.Threading.Tasks.Task`1[Microsoft.AspNetCore.Mvc.IActionResult] GetAll() on controller BorrowingService.Api.Controllers.ReadersController (BorrowingService.Api).
2025-11-24 13:58:31.800 +02:00 [INF] Executing OkObjectResult, writing value of type 'System.Collections.Generic.List`1[[BorrowingService.Bll.Dtos.ReaderDto, BorrowingService.Bll, Version=1.0.0.0, Culture=neutral, PublicKeyToken=null]]'.
2025-11-24 13:58:31.803 +02:00 [INF] Executed action BorrowingService.Api.Controllers.ReadersController.GetAll (BorrowingService.Api) in 4.3381ms
2025-11-24 13:58:31.807 +02:00 [INF] Executed endpoint 'BorrowingService.Api.Controllers.ReadersController.GetAll (BorrowingService.Api)'
2025-11-24 13:58:31.809 +02:00 [INF] Request finished HTTP/1.1 GET http://localhost:5017/api/readers - 200 null application/json; charset=utf-8 31.4379ms
2025-11-24 13:58:34.932 +02:00 [INF] Request starting HTTP/1.1 POST http://localhost:5017/api/borrowings/issue - application/json 25
2025-11-24 13:58:34.941 +02:00 [INF] CORS policy execution successful.
2025-11-24 13:58:34.943 +02:00 [INF] Executing endpoint 'BorrowingService.Api.Controllers.BorrowingsController.IssueBook (BorrowingService.Api)'
2025-11-24 13:58:34.946 +02:00 [INF] Route matched with {action = "IssueBook", controller = "Borrowings"}. Executing controller action with signature System.Threading.Tasks.Task`1[Microsoft.AspNetCore.Mvc.IActionResult] IssueBook(IssueBookRequest) on controller BorrowingService.Api.Controllers.BorrowingsController (BorrowingService.Api).
2025-11-24 13:58:34.958 +02:00 [INF] Executing ConflictObjectResult, writing value of type '<>f__AnonymousType2`1[[System.String, System.Private.CoreLib, Version=9.0.0.0, Culture=neutral, PublicKeyToken=7cec85d7bea7798e]]'.
2025-11-24 13:58:34.962 +02:00 [INF] Executed action BorrowingService.Api.Controllers.BorrowingsController.IssueBook (BorrowingService.Api) in 8.9724ms
2025-11-24 13:58:34.965 +02:00 [INF] Executed endpoint 'BorrowingService.Api.Controllers.BorrowingsController.IssueBook (BorrowingService.Api)'
2025-11-24 13:58:34.967 +02:00 [INF] Request finished HTTP/1.1 POST http://localhost:5017/api/borrowings/issue - 409 null application/json; charset=utf-8 35.4878ms
2025-11-24 13:58:42.565 +02:00 [INF] Request starting HTTP/1.1 GET http://localhost:5017/api/borrowings - null null
2025-11-24 13:58:42.574 +02:00 [INF] Executing endpoint 'BorrowingService.Api.Controllers.BorrowingsController.GetAll (BorrowingService.Api)'
2025-11-24 13:58:42.580 +02:00 [INF] Route matched with {action = "GetAll", controller = "Borrowings"}. Executing controller action with signature System.Threading.Tasks.Task`1[Microsoft.AspNetCore.Mvc.IActionResult] GetAll() on controller BorrowingService.Api.Controllers.BorrowingsController (BorrowingService.Api).
2025-11-24 13:58:42.606 +02:00 [INF] Executing OkObjectResult, writing value of type 'System.Collections.Generic.List`1[[BorrowingService.Bll.Dtos.BorrowingDto, BorrowingService.Bll, Version=1.0.0.0, Culture=neutral, PublicKeyToken=null]]'.
2025-11-24 13:58:42.617 +02:00 [INF] Executed action BorrowingService.Api.Controllers.BorrowingsController.GetAll (BorrowingService.Api) in 30.6893ms
2025-11-24 13:58:42.621 +02:00 [INF] Executed endpoint 'BorrowingService.Api.Controllers.BorrowingsController.GetAll (BorrowingService.Api)'
2025-11-24 13:58:42.622 +02:00 [INF] Request starting HTTP/1.1 GET http://localhost:5017/api/borrowings - null null
2025-11-24 13:58:42.624 +02:00 [INF] Request finished HTTP/1.1 GET http://localhost:5017/api/borrowings - 200 null application/json; charset=utf-8 58.4941ms
2025-11-24 13:58:42.630 +02:00 [INF] Executing endpoint 'BorrowingService.Api.Controllers.BorrowingsController.GetAll (BorrowingService.Api)'
2025-11-24 13:58:42.639 +02:00 [INF] Route matched with {action = "GetAll", controller = "Borrowings"}. Executing controller action with signature System.Threading.Tasks.Task`1[Microsoft.AspNetCore.Mvc.IActionResult] GetAll() on controller BorrowingService.Api.Controllers.BorrowingsController (BorrowingService.Api).
2025-11-24 13:58:42.644 +02:00 [INF] Executing OkObjectResult, writing value of type 'System.Collections.Generic.List`1[[BorrowingService.Bll.Dtos.BorrowingDto, BorrowingService.Bll, Version=1.0.0.0, Culture=neutral, PublicKeyToken=null]]'.
2025-11-24 13:58:42.646 +02:00 [INF] Executed action BorrowingService.Api.Controllers.BorrowingsController.GetAll (BorrowingService.Api) in 4.0073ms
2025-11-24 13:58:42.650 +02:00 [INF] Executed endpoint 'BorrowingService.Api.Controllers.BorrowingsController.GetAll (BorrowingService.Api)'
2025-11-24 13:58:42.653 +02:00 [INF] Request finished HTTP/1.1 GET http://localhost:5017/api/borrowings - 200 null application/json; charset=utf-8 30.5181ms
2025-11-24 13:58:46.250 +02:00 [INF] Request starting HTTP/1.1 GET http://localhost:5017/api/readers - null null
2025-11-24 13:58:46.261 +02:00 [INF] Executing endpoint 'BorrowingService.Api.Controllers.ReadersController.GetAll (BorrowingService.Api)'
2025-11-24 13:58:46.266 +02:00 [INF] Route matched with {action = "GetAll", controller = "Readers"}. Executing controller action with signature System.Threading.Tasks.Task`1[Microsoft.AspNetCore.Mvc.IActionResult] GetAll() on controller BorrowingService.Api.Controllers.ReadersController (BorrowingService.Api).
2025-11-24 13:58:46.274 +02:00 [INF] Executing OkObjectResult, writing value of type 'System.Collections.Generic.List`1[[BorrowingService.Bll.Dtos.ReaderDto, BorrowingService.Bll, Version=1.0.0.0, Culture=neutral, PublicKeyToken=null]]'.
2025-11-24 13:58:46.278 +02:00 [INF] Executed action BorrowingService.Api.Controllers.ReadersController.GetAll (BorrowingService.Api) in 4.9429ms
2025-11-24 13:58:46.282 +02:00 [INF] Executed endpoint 'BorrowingService.Api.Controllers.ReadersController.GetAll (BorrowingService.Api)'
2025-11-24 13:58:46.284 +02:00 [INF] Request starting HTTP/1.1 GET http://localhost:5017/api/readers - null null
2025-11-24 13:58:46.286 +02:00 [INF] Request finished HTTP/1.1 GET http://localhost:5017/api/readers - 200 null application/json; charset=utf-8 36.1084ms
2025-11-24 13:58:46.293 +02:00 [INF] Executing endpoint 'BorrowingService.Api.Controllers.ReadersController.GetAll (BorrowingService.Api)'
2025-11-24 13:58:46.303 +02:00 [INF] Route matched with {action = "GetAll", controller = "Readers"}. Executing controller action with signature System.Threading.Tasks.Task`1[Microsoft.AspNetCore.Mvc.IActionResult] GetAll() on controller BorrowingService.Api.Controllers.ReadersController (BorrowingService.Api).
2025-11-24 13:58:46.308 +02:00 [INF] Executing OkObjectResult, writing value of type 'System.Collections.Generic.List`1[[BorrowingService.Bll.Dtos.ReaderDto, BorrowingService.Bll, Version=1.0.0.0, Culture=neutral, PublicKeyToken=null]]'.
2025-11-24 13:58:46.311 +02:00 [INF] Executed action BorrowingService.Api.Controllers.ReadersController.GetAll (BorrowingService.Api) in 3.3808ms
2025-11-24 13:58:46.314 +02:00 [INF] Executed endpoint 'BorrowingService.Api.Controllers.ReadersController.GetAll (BorrowingService.Api)'
2025-11-24 13:58:46.316 +02:00 [INF] Request finished HTTP/1.1 GET http://localhost:5017/api/readers - 200 null application/json; charset=utf-8 31.8637ms
2025-11-24 13:58:59.953 +02:00 [INF] Request starting HTTP/1.1 GET http://localhost:5017/api/borrowings - null null
2025-11-24 13:58:59.959 +02:00 [INF] Executing endpoint 'BorrowingService.Api.Controllers.BorrowingsController.GetAll (BorrowingService.Api)'
2025-11-24 13:58:59.961 +02:00 [INF] Route matched with {action = "GetAll", controller = "Borrowings"}. Executing controller action with signature System.Threading.Tasks.Task`1[Microsoft.AspNetCore.Mvc.IActionResult] GetAll() on controller BorrowingService.Api.Controllers.BorrowingsController (BorrowingService.Api).
2025-11-24 13:58:59.966 +02:00 [INF] Executing OkObjectResult, writing value of type 'System.Collections.Generic.List`1[[BorrowingService.Bll.Dtos.BorrowingDto, BorrowingService.Bll, Version=1.0.0.0, Culture=neutral, PublicKeyToken=null]]'.
2025-11-24 13:58:59.970 +02:00 [INF] Executed action BorrowingService.Api.Controllers.BorrowingsController.GetAll (BorrowingService.Api) in 4.7505ms
2025-11-24 13:58:59.972 +02:00 [INF] Executed endpoint 'BorrowingService.Api.Controllers.BorrowingsController.GetAll (BorrowingService.Api)'
2025-11-24 13:58:59.973 +02:00 [INF] Request starting HTTP/1.1 GET http://localhost:5017/api/borrowings - null null
2025-11-24 13:58:59.975 +02:00 [INF] Request finished HTTP/1.1 GET http://localhost:5017/api/borrowings - 200 null application/json; charset=utf-8 21.5577ms
2025-11-24 13:58:59.979 +02:00 [INF] Executing endpoint 'BorrowingService.Api.Controllers.BorrowingsController.GetAll (BorrowingService.Api)'
2025-11-24 13:58:59.985 +02:00 [INF] Route matched with {action = "GetAll", controller = "Borrowings"}. Executing controller action with signature System.Threading.Tasks.Task`1[Microsoft.AspNetCore.Mvc.IActionResult] GetAll() on controller BorrowingService.Api.Controllers.BorrowingsController (BorrowingService.Api).
2025-11-24 13:58:59.988 +02:00 [INF] Executing OkObjectResult, writing value of type 'System.Collections.Generic.List`1[[BorrowingService.Bll.Dtos.BorrowingDto, BorrowingService.Bll, Version=1.0.0.0, Culture=neutral, PublicKeyToken=null]]'.
2025-11-24 13:58:59.989 +02:00 [INF] Executed action BorrowingService.Api.Controllers.BorrowingsController.GetAll (BorrowingService.Api) in 2.4672ms
2025-11-24 13:58:59.992 +02:00 [INF] Executed endpoint 'BorrowingService.Api.Controllers.BorrowingsController.GetAll (BorrowingService.Api)'
2025-11-24 13:58:59.994 +02:00 [INF] Request finished HTTP/1.1 GET http://localhost:5017/api/borrowings - 200 null application/json; charset=utf-8 20.6121ms
2025-11-24 13:59:07.105 +02:00 [INF] Request starting HTTP/1.1 GET http://localhost:5017/api/borrowings - null null
2025-11-24 13:59:07.117 +02:00 [INF] Executing endpoint 'BorrowingService.Api.Controllers.BorrowingsController.GetAll (BorrowingService.Api)'
2025-11-24 13:59:07.122 +02:00 [INF] Route matched with {action = "GetAll", controller = "Borrowings"}. Executing controller action with signature System.Threading.Tasks.Task`1[Microsoft.AspNetCore.Mvc.IActionResult] GetAll() on controller BorrowingService.Api.Controllers.BorrowingsController (BorrowingService.Api).
2025-11-24 13:59:07.132 +02:00 [INF] Executing OkObjectResult, writing value of type 'System.Collections.Generic.List`1[[BorrowingService.Bll.Dtos.BorrowingDto, BorrowingService.Bll, Version=1.0.0.0, Culture=neutral, PublicKeyToken=null]]'.
2025-11-24 13:59:07.137 +02:00 [INF] Executed action BorrowingService.Api.Controllers.BorrowingsController.GetAll (BorrowingService.Api) in 6.3594ms
2025-11-24 13:59:07.141 +02:00 [INF] Executed endpoint 'BorrowingService.Api.Controllers.BorrowingsController.GetAll (BorrowingService.Api)'
2025-11-24 13:59:07.141 +02:00 [INF] Request starting HTTP/1.1 GET http://localhost:5017/api/borrowings - null null
2025-11-24 13:59:07.143 +02:00 [INF] Request finished HTTP/1.1 GET http://localhost:5017/api/borrowings - 200 null application/json; charset=utf-8 38.3901ms
2025-11-24 13:59:07.149 +02:00 [INF] Executing endpoint 'BorrowingService.Api.Controllers.BorrowingsController.GetAll (BorrowingService.Api)'
2025-11-24 13:59:07.157 +02:00 [INF] Route matched with {action = "GetAll", controller = "Borrowings"}. Executing controller action with signature System.Threading.Tasks.Task`1[Microsoft.AspNetCore.Mvc.IActionResult] GetAll() on controller BorrowingService.Api.Controllers.BorrowingsController (BorrowingService.Api).
2025-11-24 13:59:07.161 +02:00 [INF] Executing OkObjectResult, writing value of type 'System.Collections.Generic.List`1[[BorrowingService.Bll.Dtos.BorrowingDto, BorrowingService.Bll, Version=1.0.0.0, Culture=neutral, PublicKeyToken=null]]'.
2025-11-24 13:59:07.165 +02:00 [INF] Executed action BorrowingService.Api.Controllers.BorrowingsController.GetAll (BorrowingService.Api) in 4.4374ms
2025-11-24 13:59:07.168 +02:00 [INF] Executed endpoint 'BorrowingService.Api.Controllers.BorrowingsController.GetAll (BorrowingService.Api)'
2025-11-24 13:59:07.170 +02:00 [INF] Request finished HTTP/1.1 GET http://localhost:5017/api/borrowings - 200 null application/json; charset=utf-8 28.954ms
2025-11-24 13:59:07.925 +02:00 [INF] Request starting HTTP/1.1 GET http://localhost:5017/api/readers - null null
2025-11-24 13:59:07.940 +02:00 [INF] Executing endpoint 'BorrowingService.Api.Controllers.ReadersController.GetAll (BorrowingService.Api)'
2025-11-24 13:59:07.944 +02:00 [INF] Route matched with {action = "GetAll", controller = "Readers"}. Executing controller action with signature System.Threading.Tasks.Task`1[Microsoft.AspNetCore.Mvc.IActionResult] GetAll() on controller BorrowingService.Api.Controllers.ReadersController (BorrowingService.Api).
2025-11-24 13:59:07.951 +02:00 [INF] Executing OkObjectResult, writing value of type 'System.Collections.Generic.List`1[[BorrowingService.Bll.Dtos.ReaderDto, BorrowingService.Bll, Version=1.0.0.0, Culture=neutral, PublicKeyToken=null]]'.
2025-11-24 13:59:07.956 +02:00 [INF] Executed action BorrowingService.Api.Controllers.ReadersController.GetAll (BorrowingService.Api) in 6.2474ms
2025-11-24 13:59:07.961 +02:00 [INF] Executed endpoint 'BorrowingService.Api.Controllers.ReadersController.GetAll (BorrowingService.Api)'
2025-11-24 13:59:07.962 +02:00 [INF] Request starting HTTP/1.1 GET http://localhost:5017/api/readers - null null
2025-11-24 13:59:07.964 +02:00 [INF] Request finished HTTP/1.1 GET http://localhost:5017/api/readers - 200 null application/json; charset=utf-8 39.446ms
2025-11-24 13:59:07.972 +02:00 [INF] Executing endpoint 'BorrowingService.Api.Controllers.ReadersController.GetAll (BorrowingService.Api)'
2025-11-24 13:59:07.984 +02:00 [INF] Route matched with {action = "GetAll", controller = "Readers"}. Executing controller action with signature System.Threading.Tasks.Task`1[Microsoft.AspNetCore.Mvc.IActionResult] GetAll() on controller BorrowingService.Api.Controllers.ReadersController (BorrowingService.Api).
2025-11-24 13:59:07.989 +02:00 [INF] Executing OkObjectResult, writing value of type 'System.Collections.Generic.List`1[[BorrowingService.Bll.Dtos.ReaderDto, BorrowingService.Bll, Version=1.0.0.0, Culture=neutral, PublicKeyToken=null]]'.
2025-11-24 13:59:07.992 +02:00 [INF] Executed action BorrowingService.Api.Controllers.ReadersController.GetAll (BorrowingService.Api) in 3.7873ms
2025-11-24 13:59:07.996 +02:00 [INF] Executed endpoint 'BorrowingService.Api.Controllers.ReadersController.GetAll (BorrowingService.Api)'
2025-11-24 13:59:07.999 +02:00 [INF] Request finished HTTP/1.1 GET http://localhost:5017/api/readers - 200 null application/json; charset=utf-8 37.572ms
2025-11-24 13:59:17.286 +02:00 [INF] Request starting HTTP/1.1 GET http://localhost:5017/api/borrowings - null null
2025-11-24 13:59:17.292 +02:00 [INF] Executing endpoint 'BorrowingService.Api.Controllers.BorrowingsController.GetAll (BorrowingService.Api)'
2025-11-24 13:59:17.293 +02:00 [INF] Route matched with {action = "GetAll", controller = "Borrowings"}. Executing controller action with signature System.Threading.Tasks.Task`1[Microsoft.AspNetCore.Mvc.IActionResult] GetAll() on controller BorrowingService.Api.Controllers.BorrowingsController (BorrowingService.Api).
2025-11-24 13:59:17.298 +02:00 [INF] Executing OkObjectResult, writing value of type 'System.Collections.Generic.List`1[[BorrowingService.Bll.Dtos.BorrowingDto, BorrowingService.Bll, Version=1.0.0.0, Culture=neutral, PublicKeyToken=null]]'.
2025-11-24 13:59:17.302 +02:00 [INF] Executed action BorrowingService.Api.Controllers.BorrowingsController.GetAll (BorrowingService.Api) in 5.0022ms
2025-11-24 13:59:17.304 +02:00 [INF] Executed endpoint 'BorrowingService.Api.Controllers.BorrowingsController.GetAll (BorrowingService.Api)'
2025-11-24 13:59:17.306 +02:00 [INF] Request starting HTTP/1.1 GET http://localhost:5017/api/borrowings - null null
2025-11-24 13:59:17.306 +02:00 [INF] Request finished HTTP/1.1 GET http://localhost:5017/api/borrowings - 200 null application/json; charset=utf-8 20.2994ms
2025-11-24 13:59:17.311 +02:00 [INF] Executing endpoint 'BorrowingService.Api.Controllers.BorrowingsController.GetAll (BorrowingService.Api)'
2025-11-24 13:59:17.318 +02:00 [INF] Route matched with {action = "GetAll", controller = "Borrowings"}. Executing controller action with signature System.Threading.Tasks.Task`1[Microsoft.AspNetCore.Mvc.IActionResult] GetAll() on controller BorrowingService.Api.Controllers.BorrowingsController (BorrowingService.Api).
2025-11-24 13:59:17.322 +02:00 [INF] Executing OkObjectResult, writing value of type 'System.Collections.Generic.List`1[[BorrowingService.Bll.Dtos.BorrowingDto, BorrowingService.Bll, Version=1.0.0.0, Culture=neutral, PublicKeyToken=null]]'.
2025-11-24 13:59:17.324 +02:00 [INF] Executed action BorrowingService.Api.Controllers.BorrowingsController.GetAll (BorrowingService.Api) in 3.6315ms
2025-11-24 13:59:17.328 +02:00 [INF] Executed endpoint 'BorrowingService.Api.Controllers.BorrowingsController.GetAll (BorrowingService.Api)'
2025-11-24 13:59:17.330 +02:00 [INF] Request finished HTTP/1.1 GET http://localhost:5017/api/borrowings - 200 null application/json; charset=utf-8 23.9459ms
2025-11-24 17:34:20.388 +02:00 [INF] Now listening on: http://localhost:5017
2025-11-24 17:34:20.439 +02:00 [INF] Application started. Press Ctrl+C to shut down.
2025-11-24 17:34:20.440 +02:00 [INF] Hosting environment: Development
2025-11-24 17:34:20.442 +02:00 [INF] Content root path: C:\Users\Admin\Documents\projects\LibrarySystem\BorrowingService\BorrowingService.Api
2025-11-24 17:34:28.025 +02:00 [INF] Request starting HTTP/1.1 GET http://localhost:5017/api/readers - null null
2025-11-24 17:34:28.095 +02:00 [INF] Executing endpoint 'BorrowingService.Api.Controllers.ReadersController.GetAll (BorrowingService.Api)'
2025-11-24 17:34:28.125 +02:00 [INF] Route matched with {action = "GetAll", controller = "Readers"}. Executing controller action with signature System.Threading.Tasks.Task`1[Microsoft.AspNetCore.Mvc.IActionResult] GetAll() on controller BorrowingService.Api.Controllers.ReadersController (BorrowingService.Api).
2025-11-24 17:34:28.565 +02:00 [INF] Executing OkObjectResult, writing value of type 'System.Collections.Generic.List`1[[BorrowingService.Bll.Dtos.ReaderDto, BorrowingService.Bll, Version=1.0.0.0, Culture=neutral, PublicKeyToken=null]]'.
2025-11-24 17:34:28.610 +02:00 [INF] Executed action BorrowingService.Api.Controllers.ReadersController.GetAll (BorrowingService.Api) in 474.8828ms
2025-11-24 17:34:28.614 +02:00 [INF] Request starting HTTP/1.1 GET http://localhost:5017/api/readers - null null
2025-11-24 17:34:28.631 +02:00 [INF] Executed endpoint 'BorrowingService.Api.Controllers.ReadersController.GetAll (BorrowingService.Api)'
2025-11-24 17:34:28.636 +02:00 [INF] Executing endpoint 'BorrowingService.Api.Controllers.ReadersController.GetAll (BorrowingService.Api)'
2025-11-24 17:34:28.639 +02:00 [INF] Route matched with {action = "GetAll", controller = "Readers"}. Executing controller action with signature System.Threading.Tasks.Task`1[Microsoft.AspNetCore.Mvc.IActionResult] GetAll() on controller BorrowingService.Api.Controllers.ReadersController (BorrowingService.Api).
2025-11-24 17:34:28.640 +02:00 [INF] Request finished HTTP/1.1 GET http://localhost:5017/api/readers - 200 null application/json; charset=utf-8 615.9734ms
2025-11-24 17:34:28.653 +02:00 [INF] Executing OkObjectResult, writing value of type 'System.Collections.Generic.List`1[[BorrowingService.Bll.Dtos.ReaderDto, BorrowingService.Bll, Version=1.0.0.0, Culture=neutral, PublicKeyToken=null]]'.
2025-11-24 17:34:28.657 +02:00 [INF] Executed action BorrowingService.Api.Controllers.ReadersController.GetAll (BorrowingService.Api) in 11.4707ms
2025-11-24 17:34:28.660 +02:00 [INF] Executed endpoint 'BorrowingService.Api.Controllers.ReadersController.GetAll (BorrowingService.Api)'
2025-11-24 17:34:28.664 +02:00 [INF] Request finished HTTP/1.1 GET http://localhost:5017/api/readers - 200 null application/json; charset=utf-8 50.1447ms
2025-11-24 17:34:36.200 +02:00 [INF] Request starting HTTP/1.1 GET http://localhost:5017/api/readers - null null
2025-11-24 17:34:36.216 +02:00 [INF] Executing endpoint 'BorrowingService.Api.Controllers.ReadersController.GetAll (BorrowingService.Api)'
2025-11-24 17:34:36.219 +02:00 [INF] Route matched with {action = "GetAll", controller = "Readers"}. Executing controller action with signature System.Threading.Tasks.Task`1[Microsoft.AspNetCore.Mvc.IActionResult] GetAll() on controller BorrowingService.Api.Controllers.ReadersController (BorrowingService.Api).
2025-11-24 17:34:36.226 +02:00 [INF] Executing OkObjectResult, writing value of type 'System.Collections.Generic.List`1[[BorrowingService.Bll.Dtos.ReaderDto, BorrowingService.Bll, Version=1.0.0.0, Culture=neutral, PublicKeyToken=null]]'.
2025-11-24 17:34:36.230 +02:00 [INF] Executed action BorrowingService.Api.Controllers.ReadersController.GetAll (BorrowingService.Api) in 7.4194ms
2025-11-24 17:34:36.234 +02:00 [INF] Executed endpoint 'BorrowingService.Api.Controllers.ReadersController.GetAll (BorrowingService.Api)'
2025-11-24 17:34:36.237 +02:00 [INF] Request finished HTTP/1.1 GET http://localhost:5017/api/readers - 200 null application/json; charset=utf-8 36.914ms
2025-11-24 17:34:40.393 +02:00 [INF] Request starting HTTP/1.1 POST http://localhost:5017/api/borrowings/issue - application/json 25
2025-11-24 17:34:40.407 +02:00 [INF] CORS policy execution successful.
2025-11-24 17:34:40.409 +02:00 [INF] Executing endpoint 'BorrowingService.Api.Controllers.BorrowingsController.IssueBook (BorrowingService.Api)'
2025-11-24 17:34:40.421 +02:00 [INF] Route matched with {action = "IssueBook", controller = "Borrowings"}. Executing controller action with signature System.Threading.Tasks.Task`1[Microsoft.AspNetCore.Mvc.IActionResult] IssueBook(IssueBookRequest) on controller BorrowingService.Api.Controllers.BorrowingsController (BorrowingService.Api).
2025-11-24 17:34:40.547 +02:00 [INF] Executing ConflictObjectResult, writing value of type '<>f__AnonymousType2`1[[System.String, System.Private.CoreLib, Version=9.0.0.0, Culture=neutral, PublicKeyToken=7cec85d7bea7798e]]'.
2025-11-24 17:34:40.557 +02:00 [INF] Executed action BorrowingService.Api.Controllers.BorrowingsController.IssueBook (BorrowingService.Api) in 129.1146ms
2025-11-24 17:34:40.562 +02:00 [INF] Executed endpoint 'BorrowingService.Api.Controllers.BorrowingsController.IssueBook (BorrowingService.Api)'
2025-11-24 17:34:40.565 +02:00 [INF] Request finished HTTP/1.1 POST http://localhost:5017/api/borrowings/issue - 409 null application/json; charset=utf-8 171.6355ms
2025-11-24 17:40:52.534 +02:00 [INF] Request starting HTTP/1.1 GET http://localhost:5017/api/readers - null null
2025-11-24 17:40:52.541 +02:00 [INF] Executing endpoint 'BorrowingService.Api.Controllers.ReadersController.GetAll (BorrowingService.Api)'
2025-11-24 17:40:52.543 +02:00 [INF] Route matched with {action = "GetAll", controller = "Readers"}. Executing controller action with signature System.Threading.Tasks.Task`1[Microsoft.AspNetCore.Mvc.IActionResult] GetAll() on controller BorrowingService.Api.Controllers.ReadersController (BorrowingService.Api).
2025-11-24 17:40:52.607 +02:00 [INF] Executing OkObjectResult, writing value of type 'System.Collections.Generic.List`1[[BorrowingService.Bll.Dtos.ReaderDto, BorrowingService.Bll, Version=1.0.0.0, Culture=neutral, PublicKeyToken=null]]'.
2025-11-24 17:40:52.610 +02:00 [INF] Executed action BorrowingService.Api.Controllers.ReadersController.GetAll (BorrowingService.Api) in 61.7996ms
2025-11-24 17:40:52.613 +02:00 [INF] Executed endpoint 'BorrowingService.Api.Controllers.ReadersController.GetAll (BorrowingService.Api)'
2025-11-24 17:40:52.615 +02:00 [INF] Request finished HTTP/1.1 GET http://localhost:5017/api/readers - 200 null application/json; charset=utf-8 81.5588ms
2025-11-24 17:41:01.081 +02:00 [INF] Request starting HTTP/1.1 GET http://localhost:5017/api/readers - null null
2025-11-24 17:41:01.095 +02:00 [INF] Executing endpoint 'BorrowingService.Api.Controllers.ReadersController.GetAll (BorrowingService.Api)'
2025-11-24 17:41:01.101 +02:00 [INF] Route matched with {action = "GetAll", controller = "Readers"}. Executing controller action with signature System.Threading.Tasks.Task`1[Microsoft.AspNetCore.Mvc.IActionResult] GetAll() on controller BorrowingService.Api.Controllers.ReadersController (BorrowingService.Api).
2025-11-24 17:41:01.111 +02:00 [INF] Executing OkObjectResult, writing value of type 'System.Collections.Generic.List`1[[BorrowingService.Bll.Dtos.ReaderDto, BorrowingService.Bll, Version=1.0.0.0, Culture=neutral, PublicKeyToken=null]]'.
2025-11-24 17:41:01.115 +02:00 [INF] Executed action BorrowingService.Api.Controllers.ReadersController.GetAll (BorrowingService.Api) in 5.1108ms
2025-11-24 17:41:01.118 +02:00 [INF] Executed endpoint 'BorrowingService.Api.Controllers.ReadersController.GetAll (BorrowingService.Api)'
2025-11-24 17:41:01.121 +02:00 [INF] Request finished HTTP/1.1 GET http://localhost:5017/api/readers - 200 null application/json; charset=utf-8 40.1013ms
2025-11-24 17:41:06.282 +02:00 [INF] Request starting HTTP/1.1 POST http://localhost:5017/api/borrowings/issue - application/json 25
2025-11-24 17:41:06.292 +02:00 [INF] CORS policy execution successful.
2025-11-24 17:41:06.295 +02:00 [INF] Executing endpoint 'BorrowingService.Api.Controllers.BorrowingsController.IssueBook (BorrowingService.Api)'
2025-11-24 17:41:06.297 +02:00 [INF] Route matched with {action = "IssueBook", controller = "Borrowings"}. Executing controller action with signature System.Threading.Tasks.Task`1[Microsoft.AspNetCore.Mvc.IActionResult] IssueBook(IssueBookRequest) on controller BorrowingService.Api.Controllers.BorrowingsController (BorrowingService.Api).
2025-11-24 17:41:06.305 +02:00 [INF] Executing ConflictObjectResult, writing value of type '<>f__AnonymousType2`1[[System.String, System.Private.CoreLib, Version=9.0.0.0, Culture=neutral, PublicKeyToken=7cec85d7bea7798e]]'.
2025-11-24 17:41:06.310 +02:00 [INF] Executed action BorrowingService.Api.Controllers.BorrowingsController.IssueBook (BorrowingService.Api) in 8.9703ms
2025-11-24 17:41:06.315 +02:00 [INF] Executed endpoint 'BorrowingService.Api.Controllers.BorrowingsController.IssueBook (BorrowingService.Api)'
2025-11-24 17:41:06.319 +02:00 [INF] Request finished HTTP/1.1 POST http://localhost:5017/api/borrowings/issue - 409 null application/json; charset=utf-8 36.5005ms
2025-11-24 19:11:46.227 +02:00 [INF] Now listening on: http://localhost:5017
2025-11-24 19:11:46.389 +02:00 [INF] Application started. Press Ctrl+C to shut down.
2025-11-24 19:11:46.392 +02:00 [INF] Hosting environment: Development
2025-11-24 19:11:46.394 +02:00 [INF] Content root path: C:\Users\Admin\Documents\projects\LibrarySystem\BorrowingService\BorrowingService.Api
2025-11-24 19:11:51.892 +02:00 [INF] Request starting HTTP/1.1 GET http://localhost:5017/api/readers - null null
2025-11-24 19:11:51.983 +02:00 [INF] Executing endpoint 'BorrowingService.Api.Controllers.ReadersController.GetAll (BorrowingService.Api)'
2025-11-24 19:11:52.013 +02:00 [INF] Route matched with {action = "GetAll", controller = "Readers"}. Executing controller action with signature System.Threading.Tasks.Task`1[Microsoft.AspNetCore.Mvc.IActionResult] GetAll() on controller BorrowingService.Api.Controllers.ReadersController (BorrowingService.Api).
2025-11-24 19:11:52.711 +02:00 [INF] Executing OkObjectResult, writing value of type 'System.Collections.Generic.List`1[[BorrowingService.Bll.Dtos.ReaderDto, BorrowingService.Bll, Version=1.0.0.0, Culture=neutral, PublicKeyToken=null]]'.
2025-11-24 19:11:52.767 +02:00 [INF] Executed action BorrowingService.Api.Controllers.ReadersController.GetAll (BorrowingService.Api) in 742.8466ms
2025-11-24 19:11:52.769 +02:00 [INF] Request starting HTTP/1.1 GET http://localhost:5017/api/readers - null null
2025-11-24 19:11:52.795 +02:00 [INF] Executed endpoint 'BorrowingService.Api.Controllers.ReadersController.GetAll (BorrowingService.Api)'
2025-11-24 19:11:52.800 +02:00 [INF] Executing endpoint 'BorrowingService.Api.Controllers.ReadersController.GetAll (BorrowingService.Api)'
2025-11-24 19:11:52.804 +02:00 [INF] Request finished HTTP/1.1 GET http://localhost:5017/api/readers - 200 null application/json; charset=utf-8 914.0627ms
2025-11-24 19:11:52.807 +02:00 [INF] Route matched with {action = "GetAll", controller = "Readers"}. Executing controller action with signature System.Threading.Tasks.Task`1[Microsoft.AspNetCore.Mvc.IActionResult] GetAll() on controller BorrowingService.Api.Controllers.ReadersController (BorrowingService.Api).
2025-11-24 19:11:52.832 +02:00 [INF] Executing OkObjectResult, writing value of type 'System.Collections.Generic.List`1[[BorrowingService.Bll.Dtos.ReaderDto, BorrowingService.Bll, Version=1.0.0.0, Culture=neutral, PublicKeyToken=null]]'.
2025-11-24 19:11:52.836 +02:00 [INF] Executed action BorrowingService.Api.Controllers.ReadersController.GetAll (BorrowingService.Api) in 10.9339ms
2025-11-24 19:11:52.839 +02:00 [INF] Executed endpoint 'BorrowingService.Api.Controllers.ReadersController.GetAll (BorrowingService.Api)'
2025-11-24 19:11:52.841 +02:00 [INF] Request finished HTTP/1.1 GET http://localhost:5017/api/readers - 200 null application/json; charset=utf-8 72.0369ms
2025-11-24 19:12:01.862 +02:00 [INF] Request starting HTTP/1.1 GET http://localhost:5017/api/readers - null null
2025-11-24 19:12:01.870 +02:00 [INF] Executing endpoint 'BorrowingService.Api.Controllers.ReadersController.GetAll (BorrowingService.Api)'
2025-11-24 19:12:01.872 +02:00 [INF] Route matched with {action = "GetAll", controller = "Readers"}. Executing controller action with signature System.Threading.Tasks.Task`1[Microsoft.AspNetCore.Mvc.IActionResult] GetAll() on controller BorrowingService.Api.Controllers.ReadersController (BorrowingService.Api).
2025-11-24 19:12:01.879 +02:00 [INF] Executing OkObjectResult, writing value of type 'System.Collections.Generic.List`1[[BorrowingService.Bll.Dtos.ReaderDto, BorrowingService.Bll, Version=1.0.0.0, Culture=neutral, PublicKeyToken=null]]'.
2025-11-24 19:12:01.882 +02:00 [INF] Executed action BorrowingService.Api.Controllers.ReadersController.GetAll (BorrowingService.Api) in 5.7098ms
2025-11-24 19:12:01.886 +02:00 [INF] Executed endpoint 'BorrowingService.Api.Controllers.ReadersController.GetAll (BorrowingService.Api)'
2025-11-24 19:12:01.888 +02:00 [INF] Request finished HTTP/1.1 GET http://localhost:5017/api/readers - 200 null application/json; charset=utf-8 25.6999ms
2025-11-24 19:12:05.124 +02:00 [INF] Request starting HTTP/1.1 POST http://localhost:5017/api/borrowings/issue - application/json 25
2025-11-24 19:12:05.131 +02:00 [INF] CORS policy execution successful.
2025-11-24 19:12:05.133 +02:00 [INF] Executing endpoint 'BorrowingService.Api.Controllers.BorrowingsController.IssueBook (BorrowingService.Api)'
2025-11-24 19:12:05.142 +02:00 [INF] Route matched with {action = "IssueBook", controller = "Borrowings"}. Executing controller action with signature System.Threading.Tasks.Task`1[Microsoft.AspNetCore.Mvc.IActionResult] IssueBook(IssueBookRequest) on controller BorrowingService.Api.Controllers.BorrowingsController (BorrowingService.Api).
2025-11-24 19:12:05.186 +02:00 [INF] Start processing HTTP request GET http://catalog/api/books/1
2025-11-24 19:12:05.190 +02:00 [INF] Sending HTTP request GET http://catalog/api/books/1
2025-11-24 19:12:07.972 +02:00 [INF] Executed action BorrowingService.Api.Controllers.BorrowingsController.IssueBook (BorrowingService.Api) in 2825.4619ms
2025-11-24 19:12:07.977 +02:00 [INF] Executed endpoint 'BorrowingService.Api.Controllers.BorrowingsController.IssueBook (BorrowingService.Api)'
2025-11-24 19:12:07.981 +02:00 [ERR] Unhandled exception occurred
System.Net.Http.HttpRequestException: No such host is known. (catalog:80)
 ---> System.Net.Sockets.SocketException (11001): No such host is known.
   at System.Net.Sockets.Socket.AwaitableSocketAsyncEventArgs.ThrowException(SocketError error, CancellationToken cancellationToken)
   at System.Net.Sockets.Socket.AwaitableSocketAsyncEventArgs.System.Threading.Tasks.Sources.IValueTaskSource.GetResult(Int16 token)
   at System.Net.Sockets.Socket.<ConnectAsync>g__WaitForConnectWithCancellation|285_0(AwaitableSocketAsyncEventArgs saea, ValueTask connectTask, CancellationToken cancellationToken)
   at System.Net.Http.HttpConnectionPool.ConnectToTcpHostAsync(String host, Int32 port, HttpRequestMessage initialRequest, Boolean async, CancellationToken cancellationToken)
   --- End of inner exception stack trace ---
   at System.Net.Http.HttpConnectionPool.ConnectToTcpHostAsync(String host, Int32 port, HttpRequestMessage initialRequest, Boolean async, CancellationToken cancellationToken)
   at System.Net.Http.HttpConnectionPool.ConnectAsync(HttpRequestMessage request, Boolean async, CancellationToken cancellationToken)
   at System.Net.Http.HttpConnectionPool.CreateHttp11ConnectionAsync(HttpRequestMessage request, Boolean async, CancellationToken cancellationToken)
   at System.Net.Http.HttpConnectionPool.InjectNewHttp11ConnectionAsync(QueueItem queueItem)
   at System.Threading.Tasks.TaskCompletionSourceWithCancellation`1.WaitWithCancellationAsync(CancellationToken cancellationToken)
   at System.Net.Http.HttpConnectionPool.SendWithVersionDetectionAndRetryAsync(HttpRequestMessage request, Boolean async, Boolean doRequestAuth, CancellationToken cancellationToken)
   at System.Net.Http.DiagnosticsHandler.SendAsyncCore(HttpRequestMessage request, Boolean async, CancellationToken cancellationToken)
   at System.Net.Http.RedirectHandler.SendAsync(HttpRequestMessage request, Boolean async, CancellationToken cancellationToken)
   at Microsoft.Extensions.Http.Logging.LoggingHttpMessageHandler.<SendCoreAsync>g__Core|4_0(HttpRequestMessage request, Boolean useAsync, CancellationToken cancellationToken)
   at Microsoft.Extensions.Http.Logging.LoggingScopeHttpMessageHandler.<SendCoreAsync>g__Core|4_0(HttpRequestMessage request, Boolean useAsync, CancellationToken cancellationToken)
   at System.Net.Http.HttpClient.<SendAsync>g__Core|83_0(HttpRequestMessage request, HttpCompletionOption completionOption, CancellationTokenSource cts, Boolean disposeCts, CancellationTokenSource pendingRequestsCts, CancellationToken originalCancellationToken)
   at System.Net.Http.Json.HttpClientJsonExtensions.<FromJsonAsyncCore>g__Core|12_0[TValue,TJsonOptions](HttpClient client, Task`1 responseTask, Boolean usingResponseHeadersRead, CancellationTokenSource linkedCTS, Func`4 deserializeMethod, TJsonOptions jsonOptions, CancellationToken cancellationToken)
   at BorrowingService.Bll.Services.BorrowingAppService.GetCatalogBookByIdAsync(Int32 catalogBookId) in C:\Users\Admin\Documents\projects\LibrarySystem\BorrowingService\BorrowingService.Bll\Services\BorrowingAppService.cs:line 27
   at BorrowingService.Bll.Services.BorrowingAppService.IssueBookAsync(Int32 readerId, Int32 catalogBookId) in C:\Users\Admin\Documents\projects\LibrarySystem\BorrowingService\BorrowingService.Bll\Services\BorrowingAppService.cs:line 40
   at BorrowingService.Api.Controllers.BorrowingsController.IssueBook(IssueBookRequest request) in C:\Users\Admin\Documents\projects\LibrarySystem\BorrowingService\BorrowingService.Api\Controllers\BorrowingsController.cs:line 32
   at Microsoft.AspNetCore.Mvc.Infrastructure.ActionMethodExecutor.TaskOfIActionResultExecutor.Execute(ActionContext actionContext, IActionResultTypeMapper mapper, ObjectMethodExecutor executor, Object controller, Object[] arguments)
   at Microsoft.AspNetCore.Mvc.Infrastructure.ControllerActionInvoker.<InvokeActionMethodAsync>g__Awaited|12_0(ControllerActionInvoker invoker, ValueTask`1 actionResultValueTask)
   at Microsoft.AspNetCore.Mvc.Infrastructure.ControllerActionInvoker.<InvokeNextActionFilterAsync>g__Awaited|10_0(ControllerActionInvoker invoker, Task lastTask, State next, Scope scope, Object state, Boolean isCompleted)
   at Microsoft.AspNetCore.Mvc.Infrastructure.ControllerActionInvoker.Rethrow(ActionExecutedContextSealed context)
   at Microsoft.AspNetCore.Mvc.Infrastructure.ControllerActionInvoker.Next(State& next, Scope& scope, Object& state, Boolean& isCompleted)
   at Microsoft.AspNetCore.Mvc.Infrastructure.ControllerActionInvoker.<InvokeInnerFilterAsync>g__Awaited|13_0(ControllerActionInvoker invoker, Task lastTask, State next, Scope scope, Object state, Boolean isCompleted)
   at Microsoft.AspNetCore.Mvc.Infrastructure.ResourceInvoker.<InvokeFilterPipelineAsync>g__Awaited|20_0(ResourceInvoker invoker, Task lastTask, State next, Scope scope, Object state, Boolean isCompleted)
   at Microsoft.AspNetCore.Mvc.Infrastructure.ResourceInvoker.<InvokeAsync>g__Logged|17_1(ResourceInvoker invoker)
   at Microsoft.AspNetCore.Mvc.Infrastructure.ResourceInvoker.<InvokeAsync>g__Logged|17_1(ResourceInvoker invoker)
   at Microsoft.AspNetCore.Routing.EndpointMiddleware.<Invoke>g__AwaitRequestTask|7_0(Endpoint endpoint, Task requestTask, ILogger logger)
   at BorrowingService.Api.Middleware.ErrorHandlingMiddleware.InvokeAsync(HttpContext context) in C:\Users\Admin\Documents\projects\LibrarySystem\BorrowingService\BorrowingService.Api\Middleware\ErrorHandlingMiddleware.cs:line 21
2025-11-24 19:12:08.024 +02:00 [INF] Request finished HTTP/1.1 POST http://localhost:5017/api/borrowings/issue - 500 null application/problem+json 2900.0868ms
2025-11-24 19:12:39.648 +02:00 [INF] Request starting HTTP/1.1 POST http://localhost:5017/api/borrowings/issue - application/json 25
2025-11-24 19:12:39.654 +02:00 [INF] CORS policy execution successful.
2025-11-24 19:12:39.656 +02:00 [INF] Executing endpoint 'BorrowingService.Api.Controllers.BorrowingsController.IssueBook (BorrowingService.Api)'
2025-11-24 19:12:39.658 +02:00 [INF] Route matched with {action = "IssueBook", controller = "Borrowings"}. Executing controller action with signature System.Threading.Tasks.Task`1[Microsoft.AspNetCore.Mvc.IActionResult] IssueBook(IssueBookRequest) on controller BorrowingService.Api.Controllers.BorrowingsController (BorrowingService.Api).
2025-11-24 19:12:39.663 +02:00 [INF] Start processing HTTP request GET http://catalog/api/books/1
2025-11-24 19:12:39.665 +02:00 [INF] Sending HTTP request GET http://catalog/api/books/1
2025-11-24 19:12:42.370 +02:00 [INF] Executed action BorrowingService.Api.Controllers.BorrowingsController.IssueBook (BorrowingService.Api) in 2708.3498ms
2025-11-24 19:12:42.375 +02:00 [INF] Executed endpoint 'BorrowingService.Api.Controllers.BorrowingsController.IssueBook (BorrowingService.Api)'
2025-11-24 19:12:42.377 +02:00 [ERR] Unhandled exception occurred
System.Net.Http.HttpRequestException: No such host is known. (catalog:80)
 ---> System.Net.Sockets.SocketException (11001): No such host is known.
   at System.Net.Sockets.Socket.AwaitableSocketAsyncEventArgs.ThrowException(SocketError error, CancellationToken cancellationToken)
   at System.Net.Sockets.Socket.AwaitableSocketAsyncEventArgs.System.Threading.Tasks.Sources.IValueTaskSource.GetResult(Int16 token)
   at System.Net.Sockets.Socket.<ConnectAsync>g__WaitForConnectWithCancellation|285_0(AwaitableSocketAsyncEventArgs saea, ValueTask connectTask, CancellationToken cancellationToken)
   at System.Net.Http.HttpConnectionPool.ConnectToTcpHostAsync(String host, Int32 port, HttpRequestMessage initialRequest, Boolean async, CancellationToken cancellationToken)
   --- End of inner exception stack trace ---
   at System.Net.Http.HttpConnectionPool.ConnectToTcpHostAsync(String host, Int32 port, HttpRequestMessage initialRequest, Boolean async, CancellationToken cancellationToken)
   at System.Net.Http.HttpConnectionPool.ConnectAsync(HttpRequestMessage request, Boolean async, CancellationToken cancellationToken)
   at System.Net.Http.HttpConnectionPool.CreateHttp11ConnectionAsync(HttpRequestMessage request, Boolean async, CancellationToken cancellationToken)
   at System.Net.Http.HttpConnectionPool.InjectNewHttp11ConnectionAsync(QueueItem queueItem)
   at System.Threading.Tasks.TaskCompletionSourceWithCancellation`1.WaitWithCancellationAsync(CancellationToken cancellationToken)
   at System.Net.Http.HttpConnectionPool.SendWithVersionDetectionAndRetryAsync(HttpRequestMessage request, Boolean async, Boolean doRequestAuth, CancellationToken cancellationToken)
   at System.Net.Http.DiagnosticsHandler.SendAsyncCore(HttpRequestMessage request, Boolean async, CancellationToken cancellationToken)
   at System.Net.Http.RedirectHandler.SendAsync(HttpRequestMessage request, Boolean async, CancellationToken cancellationToken)
   at Microsoft.Extensions.Http.Logging.LoggingHttpMessageHandler.<SendCoreAsync>g__Core|4_0(HttpRequestMessage request, Boolean useAsync, CancellationToken cancellationToken)
   at Microsoft.Extensions.Http.Logging.LoggingScopeHttpMessageHandler.<SendCoreAsync>g__Core|4_0(HttpRequestMessage request, Boolean useAsync, CancellationToken cancellationToken)
   at System.Net.Http.HttpClient.<SendAsync>g__Core|83_0(HttpRequestMessage request, HttpCompletionOption completionOption, CancellationTokenSource cts, Boolean disposeCts, CancellationTokenSource pendingRequestsCts, CancellationToken originalCancellationToken)
   at System.Net.Http.Json.HttpClientJsonExtensions.<FromJsonAsyncCore>g__Core|12_0[TValue,TJsonOptions](HttpClient client, Task`1 responseTask, Boolean usingResponseHeadersRead, CancellationTokenSource linkedCTS, Func`4 deserializeMethod, TJsonOptions jsonOptions, CancellationToken cancellationToken)
   at BorrowingService.Bll.Services.BorrowingAppService.GetCatalogBookByIdAsync(Int32 catalogBookId) in C:\Users\Admin\Documents\projects\LibrarySystem\BorrowingService\BorrowingService.Bll\Services\BorrowingAppService.cs:line 27
   at BorrowingService.Bll.Services.BorrowingAppService.IssueBookAsync(Int32 readerId, Int32 catalogBookId) in C:\Users\Admin\Documents\projects\LibrarySystem\BorrowingService\BorrowingService.Bll\Services\BorrowingAppService.cs:line 40
   at BorrowingService.Api.Controllers.BorrowingsController.IssueBook(IssueBookRequest request) in C:\Users\Admin\Documents\projects\LibrarySystem\BorrowingService\BorrowingService.Api\Controllers\BorrowingsController.cs:line 32
   at Microsoft.AspNetCore.Mvc.Infrastructure.ActionMethodExecutor.TaskOfIActionResultExecutor.Execute(ActionContext actionContext, IActionResultTypeMapper mapper, ObjectMethodExecutor executor, Object controller, Object[] arguments)
   at Microsoft.AspNetCore.Mvc.Infrastructure.ControllerActionInvoker.<InvokeActionMethodAsync>g__Awaited|12_0(ControllerActionInvoker invoker, ValueTask`1 actionResultValueTask)
   at Microsoft.AspNetCore.Mvc.Infrastructure.ControllerActionInvoker.<InvokeNextActionFilterAsync>g__Awaited|10_0(ControllerActionInvoker invoker, Task lastTask, State next, Scope scope, Object state, Boolean isCompleted)
   at Microsoft.AspNetCore.Mvc.Infrastructure.ControllerActionInvoker.Rethrow(ActionExecutedContextSealed context)
   at Microsoft.AspNetCore.Mvc.Infrastructure.ControllerActionInvoker.Next(State& next, Scope& scope, Object& state, Boolean& isCompleted)
   at Microsoft.AspNetCore.Mvc.Infrastructure.ControllerActionInvoker.<InvokeInnerFilterAsync>g__Awaited|13_0(ControllerActionInvoker invoker, Task lastTask, State next, Scope scope, Object state, Boolean isCompleted)
   at Microsoft.AspNetCore.Mvc.Infrastructure.ResourceInvoker.<InvokeFilterPipelineAsync>g__Awaited|20_0(ResourceInvoker invoker, Task lastTask, State next, Scope scope, Object state, Boolean isCompleted)
   at Microsoft.AspNetCore.Mvc.Infrastructure.ResourceInvoker.<InvokeAsync>g__Logged|17_1(ResourceInvoker invoker)
   at Microsoft.AspNetCore.Mvc.Infrastructure.ResourceInvoker.<InvokeAsync>g__Logged|17_1(ResourceInvoker invoker)
   at Microsoft.AspNetCore.Routing.EndpointMiddleware.<Invoke>g__AwaitRequestTask|7_0(Endpoint endpoint, Task requestTask, ILogger logger)
   at BorrowingService.Api.Middleware.ErrorHandlingMiddleware.InvokeAsync(HttpContext context) in C:\Users\Admin\Documents\projects\LibrarySystem\BorrowingService\BorrowingService.Api\Middleware\ErrorHandlingMiddleware.cs:line 21
2025-11-24 19:12:42.398 +02:00 [INF] Request finished HTTP/1.1 POST http://localhost:5017/api/borrowings/issue - 500 null application/problem+json 2749.3322ms
2025-11-24 19:14:27.914 +02:00 [INF] Request starting HTTP/1.1 POST http://localhost:5017/api/borrowings/issue - application/json 25
2025-11-24 19:14:27.919 +02:00 [INF] CORS policy execution successful.
2025-11-24 19:14:27.921 +02:00 [INF] Executing endpoint 'BorrowingService.Api.Controllers.BorrowingsController.IssueBook (BorrowingService.Api)'
2025-11-24 19:14:27.923 +02:00 [INF] Route matched with {action = "IssueBook", controller = "Borrowings"}. Executing controller action with signature System.Threading.Tasks.Task`1[Microsoft.AspNetCore.Mvc.IActionResult] IssueBook(IssueBookRequest) on controller BorrowingService.Api.Controllers.BorrowingsController (BorrowingService.Api).
2025-11-24 19:14:27.928 +02:00 [INF] Start processing HTTP request GET http://catalog/api/books/1
2025-11-24 19:14:27.930 +02:00 [INF] Sending HTTP request GET http://catalog/api/books/1
2025-11-24 19:14:30.648 +02:00 [INF] Executed action BorrowingService.Api.Controllers.BorrowingsController.IssueBook (BorrowingService.Api) in 2722.0194ms
2025-11-24 19:14:30.659 +02:00 [INF] Executed endpoint 'BorrowingService.Api.Controllers.BorrowingsController.IssueBook (BorrowingService.Api)'
2025-11-24 19:14:30.668 +02:00 [ERR] Unhandled exception occurred
System.Net.Http.HttpRequestException: No such host is known. (catalog:80)
 ---> System.Net.Sockets.SocketException (11001): No such host is known.
   at System.Net.Sockets.Socket.AwaitableSocketAsyncEventArgs.ThrowException(SocketError error, CancellationToken cancellationToken)
   at System.Net.Sockets.Socket.AwaitableSocketAsyncEventArgs.System.Threading.Tasks.Sources.IValueTaskSource.GetResult(Int16 token)
   at System.Net.Sockets.Socket.<ConnectAsync>g__WaitForConnectWithCancellation|285_0(AwaitableSocketAsyncEventArgs saea, ValueTask connectTask, CancellationToken cancellationToken)
   at System.Net.Http.HttpConnectionPool.ConnectToTcpHostAsync(String host, Int32 port, HttpRequestMessage initialRequest, Boolean async, CancellationToken cancellationToken)
   --- End of inner exception stack trace ---
   at System.Net.Http.HttpConnectionPool.ConnectToTcpHostAsync(String host, Int32 port, HttpRequestMessage initialRequest, Boolean async, CancellationToken cancellationToken)
   at System.Net.Http.HttpConnectionPool.ConnectAsync(HttpRequestMessage request, Boolean async, CancellationToken cancellationToken)
   at System.Net.Http.HttpConnectionPool.CreateHttp11ConnectionAsync(HttpRequestMessage request, Boolean async, CancellationToken cancellationToken)
   at System.Net.Http.HttpConnectionPool.InjectNewHttp11ConnectionAsync(QueueItem queueItem)
   at System.Threading.Tasks.TaskCompletionSourceWithCancellation`1.WaitWithCancellationAsync(CancellationToken cancellationToken)
   at System.Net.Http.HttpConnectionPool.SendWithVersionDetectionAndRetryAsync(HttpRequestMessage request, Boolean async, Boolean doRequestAuth, CancellationToken cancellationToken)
   at System.Net.Http.DiagnosticsHandler.SendAsyncCore(HttpRequestMessage request, Boolean async, CancellationToken cancellationToken)
   at System.Net.Http.RedirectHandler.SendAsync(HttpRequestMessage request, Boolean async, CancellationToken cancellationToken)
   at Microsoft.Extensions.Http.Logging.LoggingHttpMessageHandler.<SendCoreAsync>g__Core|4_0(HttpRequestMessage request, Boolean useAsync, CancellationToken cancellationToken)
   at Microsoft.Extensions.Http.Logging.LoggingScopeHttpMessageHandler.<SendCoreAsync>g__Core|4_0(HttpRequestMessage request, Boolean useAsync, CancellationToken cancellationToken)
   at System.Net.Http.HttpClient.<SendAsync>g__Core|83_0(HttpRequestMessage request, HttpCompletionOption completionOption, CancellationTokenSource cts, Boolean disposeCts, CancellationTokenSource pendingRequestsCts, CancellationToken originalCancellationToken)
   at System.Net.Http.Json.HttpClientJsonExtensions.<FromJsonAsyncCore>g__Core|12_0[TValue,TJsonOptions](HttpClient client, Task`1 responseTask, Boolean usingResponseHeadersRead, CancellationTokenSource linkedCTS, Func`4 deserializeMethod, TJsonOptions jsonOptions, CancellationToken cancellationToken)
   at BorrowingService.Bll.Services.BorrowingAppService.GetCatalogBookByIdAsync(Int32 catalogBookId) in C:\Users\Admin\Documents\projects\LibrarySystem\BorrowingService\BorrowingService.Bll\Services\BorrowingAppService.cs:line 27
   at BorrowingService.Bll.Services.BorrowingAppService.IssueBookAsync(Int32 readerId, Int32 catalogBookId) in C:\Users\Admin\Documents\projects\LibrarySystem\BorrowingService\BorrowingService.Bll\Services\BorrowingAppService.cs:line 40
   at BorrowingService.Api.Controllers.BorrowingsController.IssueBook(IssueBookRequest request) in C:\Users\Admin\Documents\projects\LibrarySystem\BorrowingService\BorrowingService.Api\Controllers\BorrowingsController.cs:line 32
   at Microsoft.AspNetCore.Mvc.Infrastructure.ActionMethodExecutor.TaskOfIActionResultExecutor.Execute(ActionContext actionContext, IActionResultTypeMapper mapper, ObjectMethodExecutor executor, Object controller, Object[] arguments)
   at Microsoft.AspNetCore.Mvc.Infrastructure.ControllerActionInvoker.<InvokeActionMethodAsync>g__Awaited|12_0(ControllerActionInvoker invoker, ValueTask`1 actionResultValueTask)
   at Microsoft.AspNetCore.Mvc.Infrastructure.ControllerActionInvoker.<InvokeNextActionFilterAsync>g__Awaited|10_0(ControllerActionInvoker invoker, Task lastTask, State next, Scope scope, Object state, Boolean isCompleted)
   at Microsoft.AspNetCore.Mvc.Infrastructure.ControllerActionInvoker.Rethrow(ActionExecutedContextSealed context)
   at Microsoft.AspNetCore.Mvc.Infrastructure.ControllerActionInvoker.Next(State& next, Scope& scope, Object& state, Boolean& isCompleted)
   at Microsoft.AspNetCore.Mvc.Infrastructure.ControllerActionInvoker.<InvokeInnerFilterAsync>g__Awaited|13_0(ControllerActionInvoker invoker, Task lastTask, State next, Scope scope, Object state, Boolean isCompleted)
   at Microsoft.AspNetCore.Mvc.Infrastructure.ResourceInvoker.<InvokeFilterPipelineAsync>g__Awaited|20_0(ResourceInvoker invoker, Task lastTask, State next, Scope scope, Object state, Boolean isCompleted)
   at Microsoft.AspNetCore.Mvc.Infrastructure.ResourceInvoker.<InvokeAsync>g__Logged|17_1(ResourceInvoker invoker)
   at Microsoft.AspNetCore.Mvc.Infrastructure.ResourceInvoker.<InvokeAsync>g__Logged|17_1(ResourceInvoker invoker)
   at Microsoft.AspNetCore.Routing.EndpointMiddleware.<Invoke>g__AwaitRequestTask|7_0(Endpoint endpoint, Task requestTask, ILogger logger)
   at BorrowingService.Api.Middleware.ErrorHandlingMiddleware.InvokeAsync(HttpContext context) in C:\Users\Admin\Documents\projects\LibrarySystem\BorrowingService\BorrowingService.Api\Middleware\ErrorHandlingMiddleware.cs:line 21
2025-11-24 19:14:30.718 +02:00 [INF] Request finished HTTP/1.1 POST http://localhost:5017/api/borrowings/issue - 500 null application/problem+json 2804.6766ms
2025-11-24 19:17:37.392 +02:00 [INF] Now listening on: http://localhost:5017
2025-11-24 19:17:37.461 +02:00 [INF] Application started. Press Ctrl+C to shut down.
2025-11-24 19:17:37.463 +02:00 [INF] Hosting environment: Development
2025-11-24 19:17:37.465 +02:00 [INF] Content root path: C:\Users\Admin\Documents\projects\LibrarySystem\BorrowingService\BorrowingService.Api
2025-11-24 19:17:44.886 +02:00 [INF] Request starting HTTP/1.1 GET http://localhost:5017/api/readers - null null
2025-11-24 19:17:44.955 +02:00 [INF] Executing endpoint 'BorrowingService.Api.Controllers.ReadersController.GetAll (BorrowingService.Api)'
2025-11-24 19:17:44.985 +02:00 [INF] Route matched with {action = "GetAll", controller = "Readers"}. Executing controller action with signature System.Threading.Tasks.Task`1[Microsoft.AspNetCore.Mvc.IActionResult] GetAll() on controller BorrowingService.Api.Controllers.ReadersController (BorrowingService.Api).
2025-11-24 19:17:45.428 +02:00 [INF] Executing OkObjectResult, writing value of type 'System.Collections.Generic.List`1[[BorrowingService.Bll.Dtos.ReaderDto, BorrowingService.Bll, Version=1.0.0.0, Culture=neutral, PublicKeyToken=null]]'.
2025-11-24 19:17:45.476 +02:00 [INF] Executed action BorrowingService.Api.Controllers.ReadersController.GetAll (BorrowingService.Api) in 479.0833ms
2025-11-24 19:17:45.480 +02:00 [INF] Request starting HTTP/1.1 GET http://localhost:5017/api/readers - null null
2025-11-24 19:17:45.500 +02:00 [INF] Executed endpoint 'BorrowingService.Api.Controllers.ReadersController.GetAll (BorrowingService.Api)'
2025-11-24 19:17:45.508 +02:00 [INF] Executing endpoint 'BorrowingService.Api.Controllers.ReadersController.GetAll (BorrowingService.Api)'
2025-11-24 19:17:45.512 +02:00 [INF] Route matched with {action = "GetAll", controller = "Readers"}. Executing controller action with signature System.Threading.Tasks.Task`1[Microsoft.AspNetCore.Mvc.IActionResult] GetAll() on controller BorrowingService.Api.Controllers.ReadersController (BorrowingService.Api).
2025-11-24 19:17:45.512 +02:00 [INF] Request finished HTTP/1.1 GET http://localhost:5017/api/readers - 200 null application/json; charset=utf-8 628.346ms
2025-11-24 19:17:45.526 +02:00 [INF] Executing OkObjectResult, writing value of type 'System.Collections.Generic.List`1[[BorrowingService.Bll.Dtos.ReaderDto, BorrowingService.Bll, Version=1.0.0.0, Culture=neutral, PublicKeyToken=null]]'.
2025-11-24 19:17:45.531 +02:00 [INF] Executed action BorrowingService.Api.Controllers.ReadersController.GetAll (BorrowingService.Api) in 12.3168ms
2025-11-24 19:17:45.534 +02:00 [INF] Executed endpoint 'BorrowingService.Api.Controllers.ReadersController.GetAll (BorrowingService.Api)'
2025-11-24 19:17:45.536 +02:00 [INF] Request finished HTTP/1.1 GET http://localhost:5017/api/readers - 200 null application/json; charset=utf-8 56.2254ms
2025-11-24 19:17:51.068 +02:00 [INF] Request starting HTTP/1.1 GET http://localhost:5017/api/readers - null null
2025-11-24 19:17:51.075 +02:00 [INF] Executing endpoint 'BorrowingService.Api.Controllers.ReadersController.GetAll (BorrowingService.Api)'
2025-11-24 19:17:51.078 +02:00 [INF] Route matched with {action = "GetAll", controller = "Readers"}. Executing controller action with signature System.Threading.Tasks.Task`1[Microsoft.AspNetCore.Mvc.IActionResult] GetAll() on controller BorrowingService.Api.Controllers.ReadersController (BorrowingService.Api).
2025-11-24 19:17:51.083 +02:00 [INF] Executing OkObjectResult, writing value of type 'System.Collections.Generic.List`1[[BorrowingService.Bll.Dtos.ReaderDto, BorrowingService.Bll, Version=1.0.0.0, Culture=neutral, PublicKeyToken=null]]'.
2025-11-24 19:17:51.085 +02:00 [INF] Executed action BorrowingService.Api.Controllers.ReadersController.GetAll (BorrowingService.Api) in 4.1834ms
2025-11-24 19:17:51.087 +02:00 [INF] Executed endpoint 'BorrowingService.Api.Controllers.ReadersController.GetAll (BorrowingService.Api)'
2025-11-24 19:17:51.089 +02:00 [INF] Request finished HTTP/1.1 GET http://localhost:5017/api/readers - 200 null application/json; charset=utf-8 20.5046ms
2025-11-24 19:17:54.168 +02:00 [INF] Request starting HTTP/1.1 POST http://localhost:5017/api/borrowings/issue - application/json 25
2025-11-24 19:17:54.177 +02:00 [INF] CORS policy execution successful.
2025-11-24 19:17:54.179 +02:00 [INF] Executing endpoint 'BorrowingService.Api.Controllers.BorrowingsController.IssueBook (BorrowingService.Api)'
2025-11-24 19:17:54.190 +02:00 [INF] Route matched with {action = "IssueBook", controller = "Borrowings"}. Executing controller action with signature System.Threading.Tasks.Task`1[Microsoft.AspNetCore.Mvc.IActionResult] IssueBook(IssueBookRequest) on controller BorrowingService.Api.Controllers.BorrowingsController (BorrowingService.Api).
2025-11-24 19:17:54.225 +02:00 [INF] Start processing HTTP request GET http://localhost:5180/api/books/2
2025-11-24 19:17:54.228 +02:00 [INF] Sending HTTP request GET http://localhost:5180/api/books/2
2025-11-24 19:17:54.402 +02:00 [INF] Received HTTP response headers after 169.5172ms - 200
2025-11-24 19:17:54.405 +02:00 [INF] End processing HTTP request after 180.1184ms - 200
2025-11-24 19:17:54.487 +02:00 [INF] Executing ConflictObjectResult, writing value of type '<>f__AnonymousType2`1[[System.String, System.Private.CoreLib, Version=9.0.0.0, Culture=neutral, PublicKeyToken=7cec85d7bea7798e]]'.
2025-11-24 19:17:54.496 +02:00 [INF] Executed action BorrowingService.Api.Controllers.BorrowingsController.IssueBook (BorrowingService.Api) in 303.027ms
2025-11-24 19:17:54.499 +02:00 [INF] Executed endpoint 'BorrowingService.Api.Controllers.BorrowingsController.IssueBook (BorrowingService.Api)'
2025-11-24 19:17:54.502 +02:00 [INF] Request finished HTTP/1.1 POST http://localhost:5017/api/borrowings/issue - 409 null application/json; charset=utf-8 333.3465ms
2025-11-24 19:18:09.945 +02:00 [INF] Request starting HTTP/1.1 GET http://localhost:5017/api/readers - null null
2025-11-24 19:18:09.958 +02:00 [INF] Executing endpoint 'BorrowingService.Api.Controllers.ReadersController.GetAll (BorrowingService.Api)'
2025-11-24 19:18:09.962 +02:00 [INF] Route matched with {action = "GetAll", controller = "Readers"}. Executing controller action with signature System.Threading.Tasks.Task`1[Microsoft.AspNetCore.Mvc.IActionResult] GetAll() on controller BorrowingService.Api.Controllers.ReadersController (BorrowingService.Api).
2025-11-24 19:18:09.969 +02:00 [INF] Executing OkObjectResult, writing value of type 'System.Collections.Generic.List`1[[BorrowingService.Bll.Dtos.ReaderDto, BorrowingService.Bll, Version=1.0.0.0, Culture=neutral, PublicKeyToken=null]]'.
2025-11-24 19:18:09.973 +02:00 [INF] Executed action BorrowingService.Api.Controllers.ReadersController.GetAll (BorrowingService.Api) in 5.327ms
2025-11-24 19:18:09.977 +02:00 [INF] Executed endpoint 'BorrowingService.Api.Controllers.ReadersController.GetAll (BorrowingService.Api)'
2025-11-24 19:18:09.981 +02:00 [INF] Request finished HTTP/1.1 GET http://localhost:5017/api/readers - 200 null application/json; charset=utf-8 35.7456ms
2025-11-24 19:18:13.786 +02:00 [INF] Request starting HTTP/1.1 POST http://localhost:5017/api/borrowings/issue - application/json 25
2025-11-24 19:18:13.801 +02:00 [INF] CORS policy execution successful.
2025-11-24 19:18:13.803 +02:00 [INF] Executing endpoint 'BorrowingService.Api.Controllers.BorrowingsController.IssueBook (BorrowingService.Api)'
2025-11-24 19:18:13.806 +02:00 [INF] Route matched with {action = "IssueBook", controller = "Borrowings"}. Executing controller action with signature System.Threading.Tasks.Task`1[Microsoft.AspNetCore.Mvc.IActionResult] IssueBook(IssueBookRequest) on controller BorrowingService.Api.Controllers.BorrowingsController (BorrowingService.Api).
2025-11-24 19:18:13.810 +02:00 [INF] Start processing HTTP request GET http://localhost:5180/api/books/1
2025-11-24 19:18:13.812 +02:00 [INF] Sending HTTP request GET http://localhost:5180/api/books/1
2025-11-24 19:18:13.851 +02:00 [INF] Received HTTP response headers after 36.0895ms - 200
2025-11-24 19:18:13.854 +02:00 [INF] End processing HTTP request after 44.568ms - 200
2025-11-24 19:18:13.862 +02:00 [INF] Executing ConflictObjectResult, writing value of type '<>f__AnonymousType2`1[[System.String, System.Private.CoreLib, Version=9.0.0.0, Culture=neutral, PublicKeyToken=7cec85d7bea7798e]]'.
2025-11-24 19:18:13.866 +02:00 [INF] Executed action BorrowingService.Api.Controllers.BorrowingsController.IssueBook (BorrowingService.Api) in 56.8324ms
2025-11-24 19:18:13.869 +02:00 [INF] Executed endpoint 'BorrowingService.Api.Controllers.BorrowingsController.IssueBook (BorrowingService.Api)'
2025-11-24 19:18:13.872 +02:00 [INF] Request finished HTTP/1.1 POST http://localhost:5017/api/borrowings/issue - 409 null application/json; charset=utf-8 85.3323ms
2025-11-24 19:20:27.444 +02:00 [INF] Request starting HTTP/1.1 GET http://localhost:5017/api/readers - null null
2025-11-24 19:20:27.454 +02:00 [INF] Executing endpoint 'BorrowingService.Api.Controllers.ReadersController.GetAll (BorrowingService.Api)'
2025-11-24 19:20:27.459 +02:00 [INF] Route matched with {action = "GetAll", controller = "Readers"}. Executing controller action with signature System.Threading.Tasks.Task`1[Microsoft.AspNetCore.Mvc.IActionResult] GetAll() on controller BorrowingService.Api.Controllers.ReadersController (BorrowingService.Api).
2025-11-24 19:20:27.465 +02:00 [INF] Executing OkObjectResult, writing value of type 'System.Collections.Generic.List`1[[BorrowingService.Bll.Dtos.ReaderDto, BorrowingService.Bll, Version=1.0.0.0, Culture=neutral, PublicKeyToken=null]]'.
2025-11-24 19:20:27.469 +02:00 [INF] Executed action BorrowingService.Api.Controllers.ReadersController.GetAll (BorrowingService.Api) in 5.6203ms
2025-11-24 19:20:27.473 +02:00 [INF] Executed endpoint 'BorrowingService.Api.Controllers.ReadersController.GetAll (BorrowingService.Api)'
2025-11-24 19:20:27.476 +02:00 [INF] Request finished HTTP/1.1 GET http://localhost:5017/api/readers - 200 null application/json; charset=utf-8 31.8824ms
2025-11-24 19:20:30.794 +02:00 [INF] Request starting HTTP/1.1 POST http://localhost:5017/api/borrowings/issue - application/json 25
2025-11-24 19:20:30.805 +02:00 [INF] CORS policy execution successful.
2025-11-24 19:20:30.807 +02:00 [INF] Executing endpoint 'BorrowingService.Api.Controllers.BorrowingsController.IssueBook (BorrowingService.Api)'
2025-11-24 19:20:30.810 +02:00 [INF] Route matched with {action = "IssueBook", controller = "Borrowings"}. Executing controller action with signature System.Threading.Tasks.Task`1[Microsoft.AspNetCore.Mvc.IActionResult] IssueBook(IssueBookRequest) on controller BorrowingService.Api.Controllers.BorrowingsController (BorrowingService.Api).
2025-11-24 19:20:30.816 +02:00 [INF] Start processing HTTP request GET http://localhost:5180/api/books/1
2025-11-24 19:20:30.819 +02:00 [INF] Sending HTTP request GET http://localhost:5180/api/books/1
2025-11-24 19:20:30.862 +02:00 [INF] Received HTTP response headers after 39.4647ms - 200
2025-11-24 19:20:30.866 +02:00 [INF] End processing HTTP request after 50.4546ms - 200
2025-11-24 19:20:30.872 +02:00 [INF] Executing ConflictObjectResult, writing value of type '<>f__AnonymousType2`1[[System.String, System.Private.CoreLib, Version=9.0.0.0, Culture=neutral, PublicKeyToken=7cec85d7bea7798e]]'.
2025-11-24 19:20:30.876 +02:00 [INF] Executed action BorrowingService.Api.Controllers.BorrowingsController.IssueBook (BorrowingService.Api) in 61.6751ms
2025-11-24 19:20:30.878 +02:00 [INF] Executed endpoint 'BorrowingService.Api.Controllers.BorrowingsController.IssueBook (BorrowingService.Api)'
2025-11-24 19:20:30.880 +02:00 [INF] Request finished HTTP/1.1 POST http://localhost:5017/api/borrowings/issue - 409 null application/json; charset=utf-8 85.3852ms
2025-11-24 19:20:34.154 +02:00 [INF] Request starting HTTP/1.1 GET http://localhost:5017/api/readers - null null
2025-11-24 19:20:34.165 +02:00 [INF] Executing endpoint 'BorrowingService.Api.Controllers.ReadersController.GetAll (BorrowingService.Api)'
2025-11-24 19:20:34.170 +02:00 [INF] Route matched with {action = "GetAll", controller = "Readers"}. Executing controller action with signature System.Threading.Tasks.Task`1[Microsoft.AspNetCore.Mvc.IActionResult] GetAll() on controller BorrowingService.Api.Controllers.ReadersController (BorrowingService.Api).
2025-11-24 19:20:34.178 +02:00 [INF] Executing OkObjectResult, writing value of type 'System.Collections.Generic.List`1[[BorrowingService.Bll.Dtos.ReaderDto, BorrowingService.Bll, Version=1.0.0.0, Culture=neutral, PublicKeyToken=null]]'.
2025-11-24 19:20:34.184 +02:00 [INF] Executed action BorrowingService.Api.Controllers.ReadersController.GetAll (BorrowingService.Api) in 6.7811ms
2025-11-24 19:20:34.189 +02:00 [INF] Executed endpoint 'BorrowingService.Api.Controllers.ReadersController.GetAll (BorrowingService.Api)'
2025-11-24 19:20:34.193 +02:00 [INF] Request finished HTTP/1.1 GET http://localhost:5017/api/readers - 200 null application/json; charset=utf-8 39.1688ms
2025-11-24 19:20:37.449 +02:00 [INF] Request starting HTTP/1.1 POST http://localhost:5017/api/borrowings/issue - application/json 25
2025-11-24 19:20:37.460 +02:00 [INF] CORS policy execution successful.
2025-11-24 19:20:37.463 +02:00 [INF] Executing endpoint 'BorrowingService.Api.Controllers.BorrowingsController.IssueBook (BorrowingService.Api)'
2025-11-24 19:20:37.466 +02:00 [INF] Route matched with {action = "IssueBook", controller = "Borrowings"}. Executing controller action with signature System.Threading.Tasks.Task`1[Microsoft.AspNetCore.Mvc.IActionResult] IssueBook(IssueBookRequest) on controller BorrowingService.Api.Controllers.BorrowingsController (BorrowingService.Api).
2025-11-24 19:20:37.470 +02:00 [INF] Start processing HTTP request GET http://localhost:5180/api/books/3
2025-11-24 19:20:37.473 +02:00 [INF] Sending HTTP request GET http://localhost:5180/api/books/3
2025-11-24 19:20:37.506 +02:00 [INF] Received HTTP response headers after 31.0085ms - 200
2025-11-24 19:20:37.510 +02:00 [INF] End processing HTTP request after 39.873ms - 200
2025-11-24 19:20:37.524 +02:00 [INF] Executing ConflictObjectResult, writing value of type '<>f__AnonymousType2`1[[System.String, System.Private.CoreLib, Version=9.0.0.0, Culture=neutral, PublicKeyToken=7cec85d7bea7798e]]'.
2025-11-24 19:20:37.528 +02:00 [INF] Executed action BorrowingService.Api.Controllers.BorrowingsController.IssueBook (BorrowingService.Api) in 59.0892ms
2025-11-24 19:20:37.531 +02:00 [INF] Executed endpoint 'BorrowingService.Api.Controllers.BorrowingsController.IssueBook (BorrowingService.Api)'
2025-11-24 19:20:37.534 +02:00 [INF] Request finished HTTP/1.1 POST http://localhost:5017/api/borrowings/issue - 409 null application/json; charset=utf-8 85ms
2025-11-24 19:26:39.521 +02:00 [INF] Now listening on: http://localhost:5017
2025-11-24 19:26:39.578 +02:00 [INF] Application started. Press Ctrl+C to shut down.
2025-11-24 19:26:39.580 +02:00 [INF] Hosting environment: Development
2025-11-24 19:26:39.582 +02:00 [INF] Content root path: C:\Users\Admin\Documents\projects\LibrarySystem\BorrowingService\BorrowingService.Api
2025-11-24 19:26:47.561 +02:00 [INF] Request starting HTTP/1.1 GET http://localhost:5017/api/readers - null null
2025-11-24 19:26:47.625 +02:00 [INF] Executing endpoint 'BorrowingService.Api.Controllers.ReadersController.GetAll (BorrowingService.Api)'
2025-11-24 19:26:47.658 +02:00 [INF] Route matched with {action = "GetAll", controller = "Readers"}. Executing controller action with signature System.Threading.Tasks.Task`1[Microsoft.AspNetCore.Mvc.IActionResult] GetAll() on controller BorrowingService.Api.Controllers.ReadersController (BorrowingService.Api).
2025-11-24 19:26:48.068 +02:00 [INF] Executing OkObjectResult, writing value of type 'System.Collections.Generic.List`1[[BorrowingService.Bll.Dtos.ReaderDto, BorrowingService.Bll, Version=1.0.0.0, Culture=neutral, PublicKeyToken=null]]'.
2025-11-24 19:26:48.112 +02:00 [INF] Executed action BorrowingService.Api.Controllers.ReadersController.GetAll (BorrowingService.Api) in 443.3276ms
2025-11-24 19:26:48.116 +02:00 [INF] Request starting HTTP/1.1 GET http://localhost:5017/api/readers - null null
2025-11-24 19:26:48.133 +02:00 [INF] Executed endpoint 'BorrowingService.Api.Controllers.ReadersController.GetAll (BorrowingService.Api)'
2025-11-24 19:26:48.141 +02:00 [INF] Executing endpoint 'BorrowingService.Api.Controllers.ReadersController.GetAll (BorrowingService.Api)'
2025-11-24 19:26:48.144 +02:00 [INF] Request finished HTTP/1.1 GET http://localhost:5017/api/readers - 200 null application/json; charset=utf-8 584.461ms
2025-11-24 19:26:48.144 +02:00 [INF] Route matched with {action = "GetAll", controller = "Readers"}. Executing controller action with signature System.Threading.Tasks.Task`1[Microsoft.AspNetCore.Mvc.IActionResult] GetAll() on controller BorrowingService.Api.Controllers.ReadersController (BorrowingService.Api).
2025-11-24 19:26:48.162 +02:00 [INF] Executing OkObjectResult, writing value of type 'System.Collections.Generic.List`1[[BorrowingService.Bll.Dtos.ReaderDto, BorrowingService.Bll, Version=1.0.0.0, Culture=neutral, PublicKeyToken=null]]'.
2025-11-24 19:26:48.166 +02:00 [INF] Executed action BorrowingService.Api.Controllers.ReadersController.GetAll (BorrowingService.Api) in 9.0047ms
2025-11-24 19:26:48.170 +02:00 [INF] Executed endpoint 'BorrowingService.Api.Controllers.ReadersController.GetAll (BorrowingService.Api)'
2025-11-24 19:26:48.173 +02:00 [INF] Request finished HTTP/1.1 GET http://localhost:5017/api/readers - 200 null application/json; charset=utf-8 56.6883ms
2025-11-24 19:26:53.842 +02:00 [INF] Request starting HTTP/1.1 GET http://localhost:5017/api/readers - null null
2025-11-24 19:26:53.850 +02:00 [INF] Executing endpoint 'BorrowingService.Api.Controllers.ReadersController.GetAll (BorrowingService.Api)'
2025-11-24 19:26:53.851 +02:00 [INF] Route matched with {action = "GetAll", controller = "Readers"}. Executing controller action with signature System.Threading.Tasks.Task`1[Microsoft.AspNetCore.Mvc.IActionResult] GetAll() on controller BorrowingService.Api.Controllers.ReadersController (BorrowingService.Api).
2025-11-24 19:26:53.856 +02:00 [INF] Executing OkObjectResult, writing value of type 'System.Collections.Generic.List`1[[BorrowingService.Bll.Dtos.ReaderDto, BorrowingService.Bll, Version=1.0.0.0, Culture=neutral, PublicKeyToken=null]]'.
2025-11-24 19:26:53.859 +02:00 [INF] Executed action BorrowingService.Api.Controllers.ReadersController.GetAll (BorrowingService.Api) in 5.2914ms
2025-11-24 19:26:53.861 +02:00 [INF] Executed endpoint 'BorrowingService.Api.Controllers.ReadersController.GetAll (BorrowingService.Api)'
2025-11-24 19:26:53.863 +02:00 [INF] Request finished HTTP/1.1 GET http://localhost:5017/api/readers - 200 null application/json; charset=utf-8 21.5759ms
2025-11-24 19:26:56.763 +02:00 [INF] Request starting HTTP/1.1 POST http://localhost:5017/api/borrowings/issue - application/json 25
2025-11-24 19:26:56.771 +02:00 [INF] CORS policy execution successful.
2025-11-24 19:26:56.773 +02:00 [INF] Executing endpoint 'BorrowingService.Api.Controllers.BorrowingsController.IssueBook (BorrowingService.Api)'
2025-11-24 19:26:56.786 +02:00 [INF] Route matched with {action = "IssueBook", controller = "Borrowings"}. Executing controller action with signature System.Threading.Tasks.Task`1[Microsoft.AspNetCore.Mvc.IActionResult] IssueBook(IssueBookRequest) on controller BorrowingService.Api.Controllers.BorrowingsController (BorrowingService.Api).
2025-11-24 19:26:56.836 +02:00 [INF] Start processing HTTP request GET http://localhost:5180/api/books/2
2025-11-24 19:26:56.841 +02:00 [INF] Sending HTTP request GET http://localhost:5180/api/books/2
2025-11-24 19:26:57.045 +02:00 [INF] Received HTTP response headers after 197.8303ms - 200
2025-11-24 19:26:57.047 +02:00 [INF] End processing HTTP request after 211.7746ms - 200
2025-11-24 19:26:57.124 +02:00 [INF] Executing CreatedAtActionResult, writing value of type '<>f__AnonymousType1`2[[System.String, System.Private.CoreLib, Version=9.0.0.0, Culture=neutral, PublicKeyToken=7cec85d7bea7798e],[System.Int32, System.Private.CoreLib, Version=9.0.0.0, Culture=neutral, PublicKeyToken=7cec85d7bea7798e]]'.
2025-11-24 19:26:57.152 +02:00 [INF] Executed action BorrowingService.Api.Controllers.BorrowingsController.IssueBook (BorrowingService.Api) in 360.8872ms
2025-11-24 19:26:57.155 +02:00 [INF] Executed endpoint 'BorrowingService.Api.Controllers.BorrowingsController.IssueBook (BorrowingService.Api)'
2025-11-24 19:26:57.158 +02:00 [INF] Request finished HTTP/1.1 POST http://localhost:5017/api/borrowings/issue - 201 null application/json; charset=utf-8 394.6412ms
2025-11-24 19:27:57.731 +02:00 [INF] Request starting HTTP/1.1 GET http://localhost:5017/api/borrowings - null null
2025-11-24 19:27:57.737 +02:00 [INF] Executing endpoint 'BorrowingService.Api.Controllers.BorrowingsController.GetAll (BorrowingService.Api)'
2025-11-24 19:27:57.743 +02:00 [INF] Route matched with {action = "GetAll", controller = "Borrowings"}. Executing controller action with signature System.Threading.Tasks.Task`1[Microsoft.AspNetCore.Mvc.IActionResult] GetAll() on controller BorrowingService.Api.Controllers.BorrowingsController (BorrowingService.Api).
2025-11-24 19:27:57.780 +02:00 [INF] Executing OkObjectResult, writing value of type 'System.Collections.Generic.List`1[[BorrowingService.Bll.Dtos.BorrowingDto, BorrowingService.Bll, Version=1.0.0.0, Culture=neutral, PublicKeyToken=null]]'.
2025-11-24 19:27:57.798 +02:00 [INF] Executed action BorrowingService.Api.Controllers.BorrowingsController.GetAll (BorrowingService.Api) in 49.7088ms
2025-11-24 19:27:57.801 +02:00 [INF] Executed endpoint 'BorrowingService.Api.Controllers.BorrowingsController.GetAll (BorrowingService.Api)'
2025-11-24 19:27:57.804 +02:00 [INF] Request finished HTTP/1.1 GET http://localhost:5017/api/borrowings - 200 null application/json; charset=utf-8 72.9978ms
2025-11-24 19:27:57.804 +02:00 [INF] Request starting HTTP/1.1 GET http://localhost:5017/api/borrowings - null null
2025-11-24 19:27:57.815 +02:00 [INF] Executing endpoint 'BorrowingService.Api.Controllers.BorrowingsController.GetAll (BorrowingService.Api)'
2025-11-24 19:27:57.816 +02:00 [INF] Route matched with {action = "GetAll", controller = "Borrowings"}. Executing controller action with signature System.Threading.Tasks.Task`1[Microsoft.AspNetCore.Mvc.IActionResult] GetAll() on controller BorrowingService.Api.Controllers.BorrowingsController (BorrowingService.Api).
2025-11-24 19:27:57.822 +02:00 [INF] Executing OkObjectResult, writing value of type 'System.Collections.Generic.List`1[[BorrowingService.Bll.Dtos.BorrowingDto, BorrowingService.Bll, Version=1.0.0.0, Culture=neutral, PublicKeyToken=null]]'.
2025-11-24 19:27:57.824 +02:00 [INF] Executed action BorrowingService.Api.Controllers.BorrowingsController.GetAll (BorrowingService.Api) in 5.2468ms
2025-11-24 19:27:57.827 +02:00 [INF] Executed endpoint 'BorrowingService.Api.Controllers.BorrowingsController.GetAll (BorrowingService.Api)'
2025-11-24 19:27:57.829 +02:00 [INF] Request finished HTTP/1.1 GET http://localhost:5017/api/borrowings - 200 null application/json; charset=utf-8 25.6816ms
2025-11-24 21:35:42.332 +02:00 [INF] Request starting HTTP/1.1 GET http://localhost:5017/api/readers - null null
2025-11-24 21:35:43.142 +02:00 [INF] Executing endpoint 'BorrowingService.Api.Controllers.ReadersController.GetAll (BorrowingService.Api)'
2025-11-24 21:35:43.515 +02:00 [INF] Route matched with {action = "GetAll", controller = "Readers"}. Executing controller action with signature System.Threading.Tasks.Task`1[Microsoft.AspNetCore.Mvc.IActionResult] GetAll() on controller BorrowingService.Api.Controllers.ReadersController (BorrowingService.Api).
2025-11-24 21:35:43.960 +02:00 [INF] Executing OkObjectResult, writing value of type 'System.Collections.Generic.List`1[[BorrowingService.Bll.Dtos.ReaderDto, BorrowingService.Bll, Version=1.0.0.0, Culture=neutral, PublicKeyToken=null]]'.
2025-11-24 21:35:43.965 +02:00 [INF] Executed action BorrowingService.Api.Controllers.ReadersController.GetAll (BorrowingService.Api) in 115.3324ms
2025-11-24 21:35:43.975 +02:00 [INF] Request starting HTTP/1.1 GET http://localhost:5017/api/readers - null null
2025-11-24 21:35:43.976 +02:00 [INF] Executed endpoint 'BorrowingService.Api.Controllers.ReadersController.GetAll (BorrowingService.Api)'
2025-11-24 21:35:43.981 +02:00 [INF] Executing endpoint 'BorrowingService.Api.Controllers.ReadersController.GetAll (BorrowingService.Api)'
2025-11-24 21:35:43.982 +02:00 [INF] Request finished HTTP/1.1 GET http://localhost:5017/api/readers - 200 null application/json; charset=utf-8 1650.2919ms
2025-11-24 21:35:43.985 +02:00 [INF] Route matched with {action = "GetAll", controller = "Readers"}. Executing controller action with signature System.Threading.Tasks.Task`1[Microsoft.AspNetCore.Mvc.IActionResult] GetAll() on controller BorrowingService.Api.Controllers.ReadersController (BorrowingService.Api).
2025-11-24 21:35:43.997 +02:00 [INF] Executing OkObjectResult, writing value of type 'System.Collections.Generic.List`1[[BorrowingService.Bll.Dtos.ReaderDto, BorrowingService.Bll, Version=1.0.0.0, Culture=neutral, PublicKeyToken=null]]'.
2025-11-24 21:35:44.005 +02:00 [INF] Executed action BorrowingService.Api.Controllers.ReadersController.GetAll (BorrowingService.Api) in 9.8319ms
2025-11-24 21:35:44.009 +02:00 [INF] Executed endpoint 'BorrowingService.Api.Controllers.ReadersController.GetAll (BorrowingService.Api)'
2025-11-24 21:35:44.011 +02:00 [INF] Request finished HTTP/1.1 GET http://localhost:5017/api/readers - 200 null application/json; charset=utf-8 36.5285ms
2025-11-24 21:35:47.113 +02:00 [INF] Request starting HTTP/1.1 GET http://localhost:5017/api/borrowings - null null
2025-11-24 21:35:47.121 +02:00 [INF] Executing endpoint 'BorrowingService.Api.Controllers.BorrowingsController.GetAll (BorrowingService.Api)'
2025-11-24 21:35:47.124 +02:00 [INF] Route matched with {action = "GetAll", controller = "Borrowings"}. Executing controller action with signature System.Threading.Tasks.Task`1[Microsoft.AspNetCore.Mvc.IActionResult] GetAll() on controller BorrowingService.Api.Controllers.BorrowingsController (BorrowingService.Api).
2025-11-24 21:35:47.134 +02:00 [INF] Executing OkObjectResult, writing value of type 'System.Collections.Generic.List`1[[BorrowingService.Bll.Dtos.BorrowingDto, BorrowingService.Bll, Version=1.0.0.0, Culture=neutral, PublicKeyToken=null]]'.
2025-11-24 21:35:47.219 +02:00 [INF] Executed action BorrowingService.Api.Controllers.BorrowingsController.GetAll (BorrowingService.Api) in 91.8707ms
2025-11-24 21:35:47.230 +02:00 [INF] Request starting HTTP/1.1 GET http://localhost:5017/api/borrowings - null null
2025-11-24 21:35:47.250 +02:00 [INF] Executed endpoint 'BorrowingService.Api.Controllers.BorrowingsController.GetAll (BorrowingService.Api)'
2025-11-24 21:35:47.270 +02:00 [INF] Request finished HTTP/1.1 GET http://localhost:5017/api/borrowings - 200 null application/json; charset=utf-8 156.5683ms
2025-11-24 21:35:47.263 +02:00 [INF] Executing endpoint 'BorrowingService.Api.Controllers.BorrowingsController.GetAll (BorrowingService.Api)'
2025-11-24 21:35:47.368 +02:00 [INF] Route matched with {action = "GetAll", controller = "Borrowings"}. Executing controller action with signature System.Threading.Tasks.Task`1[Microsoft.AspNetCore.Mvc.IActionResult] GetAll() on controller BorrowingService.Api.Controllers.BorrowingsController (BorrowingService.Api).
2025-11-24 21:35:47.379 +02:00 [INF] Executing OkObjectResult, writing value of type 'System.Collections.Generic.List`1[[BorrowingService.Bll.Dtos.BorrowingDto, BorrowingService.Bll, Version=1.0.0.0, Culture=neutral, PublicKeyToken=null]]'.
2025-11-24 21:35:47.460 +02:00 [INF] Executed action BorrowingService.Api.Controllers.BorrowingsController.GetAll (BorrowingService.Api) in 85.4377ms
2025-11-24 21:35:47.482 +02:00 [INF] Executed endpoint 'BorrowingService.Api.Controllers.BorrowingsController.GetAll (BorrowingService.Api)'
2025-11-24 21:35:47.497 +02:00 [INF] Request finished HTTP/1.1 GET http://localhost:5017/api/borrowings - 200 null application/json; charset=utf-8 266.7735ms
2025-11-24 21:38:50.180 +02:00 [INF] Request starting HTTP/1.1 GET http://localhost:5017/api/borrowings - null null
2025-11-24 21:38:50.186 +02:00 [INF] Executing endpoint 'BorrowingService.Api.Controllers.BorrowingsController.GetAll (BorrowingService.Api)'
2025-11-24 21:38:50.188 +02:00 [INF] Route matched with {action = "GetAll", controller = "Borrowings"}. Executing controller action with signature System.Threading.Tasks.Task`1[Microsoft.AspNetCore.Mvc.IActionResult] GetAll() on controller BorrowingService.Api.Controllers.BorrowingsController (BorrowingService.Api).
2025-11-24 21:38:50.194 +02:00 [INF] Executing OkObjectResult, writing value of type 'System.Collections.Generic.List`1[[BorrowingService.Bll.Dtos.BorrowingDto, BorrowingService.Bll, Version=1.0.0.0, Culture=neutral, PublicKeyToken=null]]'.
2025-11-24 21:38:50.197 +02:00 [INF] Executed action BorrowingService.Api.Controllers.BorrowingsController.GetAll (BorrowingService.Api) in 5.8614ms
2025-11-24 21:38:50.201 +02:00 [INF] Executed endpoint 'BorrowingService.Api.Controllers.BorrowingsController.GetAll (BorrowingService.Api)'
2025-11-24 21:38:50.202 +02:00 [INF] Request starting HTTP/1.1 GET http://localhost:5017/api/borrowings - null null
2025-11-24 21:38:50.203 +02:00 [INF] Request finished HTTP/1.1 GET http://localhost:5017/api/borrowings - 200 null application/json; charset=utf-8 23.1911ms
2025-11-24 21:38:50.208 +02:00 [INF] Executing endpoint 'BorrowingService.Api.Controllers.BorrowingsController.GetAll (BorrowingService.Api)'
2025-11-24 21:38:50.215 +02:00 [INF] Route matched with {action = "GetAll", controller = "Borrowings"}. Executing controller action with signature System.Threading.Tasks.Task`1[Microsoft.AspNetCore.Mvc.IActionResult] GetAll() on controller BorrowingService.Api.Controllers.BorrowingsController (BorrowingService.Api).
2025-11-24 21:38:50.220 +02:00 [INF] Executing OkObjectResult, writing value of type 'System.Collections.Generic.List`1[[BorrowingService.Bll.Dtos.BorrowingDto, BorrowingService.Bll, Version=1.0.0.0, Culture=neutral, PublicKeyToken=null]]'.
2025-11-24 21:38:50.223 +02:00 [INF] Executed action BorrowingService.Api.Controllers.BorrowingsController.GetAll (BorrowingService.Api) in 4.0948ms
2025-11-24 21:38:50.225 +02:00 [INF] Executed endpoint 'BorrowingService.Api.Controllers.BorrowingsController.GetAll (BorrowingService.Api)'
2025-11-24 21:38:50.227 +02:00 [INF] Request finished HTTP/1.1 GET http://localhost:5017/api/borrowings - 200 null application/json; charset=utf-8 25.7825ms
2025-11-24 21:38:52.547 +02:00 [INF] Request starting HTTP/1.1 GET http://localhost:5017/api/readers - null null
2025-11-24 21:38:52.556 +02:00 [INF] Executing endpoint 'BorrowingService.Api.Controllers.ReadersController.GetAll (BorrowingService.Api)'
2025-11-24 21:38:52.560 +02:00 [INF] Route matched with {action = "GetAll", controller = "Readers"}. Executing controller action with signature System.Threading.Tasks.Task`1[Microsoft.AspNetCore.Mvc.IActionResult] GetAll() on controller BorrowingService.Api.Controllers.ReadersController (BorrowingService.Api).
2025-11-24 21:38:52.565 +02:00 [INF] Executing OkObjectResult, writing value of type 'System.Collections.Generic.List`1[[BorrowingService.Bll.Dtos.ReaderDto, BorrowingService.Bll, Version=1.0.0.0, Culture=neutral, PublicKeyToken=null]]'.
2025-11-24 21:38:52.568 +02:00 [INF] Executed action BorrowingService.Api.Controllers.ReadersController.GetAll (BorrowingService.Api) in 3.9381ms
2025-11-24 21:38:52.571 +02:00 [INF] Executed endpoint 'BorrowingService.Api.Controllers.ReadersController.GetAll (BorrowingService.Api)'
2025-11-24 21:38:52.572 +02:00 [INF] Request starting HTTP/1.1 GET http://localhost:5017/api/readers - null null
2025-11-24 21:38:52.574 +02:00 [INF] Request finished HTTP/1.1 GET http://localhost:5017/api/readers - 200 null application/json; charset=utf-8 26.6454ms
2025-11-24 21:38:52.578 +02:00 [INF] Executing endpoint 'BorrowingService.Api.Controllers.ReadersController.GetAll (BorrowingService.Api)'
2025-11-24 21:38:52.586 +02:00 [INF] Route matched with {action = "GetAll", controller = "Readers"}. Executing controller action with signature System.Threading.Tasks.Task`1[Microsoft.AspNetCore.Mvc.IActionResult] GetAll() on controller BorrowingService.Api.Controllers.ReadersController (BorrowingService.Api).
2025-11-24 21:38:52.591 +02:00 [INF] Executing OkObjectResult, writing value of type 'System.Collections.Generic.List`1[[BorrowingService.Bll.Dtos.ReaderDto, BorrowingService.Bll, Version=1.0.0.0, Culture=neutral, PublicKeyToken=null]]'.
2025-11-24 21:38:52.594 +02:00 [INF] Executed action BorrowingService.Api.Controllers.ReadersController.GetAll (BorrowingService.Api) in 4.4005ms
2025-11-24 21:38:52.598 +02:00 [INF] Executed endpoint 'BorrowingService.Api.Controllers.ReadersController.GetAll (BorrowingService.Api)'
2025-11-24 21:38:52.601 +02:00 [INF] Request finished HTTP/1.1 GET http://localhost:5017/api/readers - 200 null application/json; charset=utf-8 29.0117ms
2025-11-24 21:40:14.941 +02:00 [INF] Request starting HTTP/1.1 GET http://localhost:5017/api/borrowings - null null
2025-11-24 21:40:14.949 +02:00 [INF] Executing endpoint 'BorrowingService.Api.Controllers.BorrowingsController.GetAll (BorrowingService.Api)'
2025-11-24 21:40:14.952 +02:00 [INF] Route matched with {action = "GetAll", controller = "Borrowings"}. Executing controller action with signature System.Threading.Tasks.Task`1[Microsoft.AspNetCore.Mvc.IActionResult] GetAll() on controller BorrowingService.Api.Controllers.BorrowingsController (BorrowingService.Api).
2025-11-24 21:40:14.960 +02:00 [INF] Executing OkObjectResult, writing value of type 'System.Collections.Generic.List`1[[BorrowingService.Bll.Dtos.BorrowingDto, BorrowingService.Bll, Version=1.0.0.0, Culture=neutral, PublicKeyToken=null]]'.
2025-11-24 21:40:14.963 +02:00 [INF] Executed action BorrowingService.Api.Controllers.BorrowingsController.GetAll (BorrowingService.Api) in 4.2635ms
2025-11-24 21:40:14.966 +02:00 [INF] Executed endpoint 'BorrowingService.Api.Controllers.BorrowingsController.GetAll (BorrowingService.Api)'
2025-11-24 21:40:14.967 +02:00 [INF] Request starting HTTP/1.1 GET http://localhost:5017/api/borrowings - null null
2025-11-24 21:40:14.969 +02:00 [INF] Request finished HTTP/1.1 GET http://localhost:5017/api/borrowings - 200 null application/json; charset=utf-8 27.4715ms
2025-11-24 21:40:14.977 +02:00 [INF] Executing endpoint 'BorrowingService.Api.Controllers.BorrowingsController.GetAll (BorrowingService.Api)'
2025-11-24 21:40:14.988 +02:00 [INF] Route matched with {action = "GetAll", controller = "Borrowings"}. Executing controller action with signature System.Threading.Tasks.Task`1[Microsoft.AspNetCore.Mvc.IActionResult] GetAll() on controller BorrowingService.Api.Controllers.BorrowingsController (BorrowingService.Api).
2025-11-24 21:40:14.994 +02:00 [INF] Executing OkObjectResult, writing value of type 'System.Collections.Generic.List`1[[BorrowingService.Bll.Dtos.BorrowingDto, BorrowingService.Bll, Version=1.0.0.0, Culture=neutral, PublicKeyToken=null]]'.
2025-11-24 21:40:14.997 +02:00 [INF] Executed action BorrowingService.Api.Controllers.BorrowingsController.GetAll (BorrowingService.Api) in 4.62ms
2025-11-24 21:40:15.001 +02:00 [INF] Executed endpoint 'BorrowingService.Api.Controllers.BorrowingsController.GetAll (BorrowingService.Api)'
2025-11-24 21:40:15.004 +02:00 [INF] Request finished HTTP/1.1 GET http://localhost:5017/api/borrowings - 200 null application/json; charset=utf-8 36.8878ms
2025-11-24 21:42:10.889 +02:00 [INF] Request starting HTTP/1.1 GET http://localhost:5017/api/borrowings - null null
2025-11-24 21:42:10.896 +02:00 [INF] Executing endpoint 'BorrowingService.Api.Controllers.BorrowingsController.GetAll (BorrowingService.Api)'
2025-11-24 21:42:10.899 +02:00 [INF] Route matched with {action = "GetAll", controller = "Borrowings"}. Executing controller action with signature System.Threading.Tasks.Task`1[Microsoft.AspNetCore.Mvc.IActionResult] GetAll() on controller BorrowingService.Api.Controllers.BorrowingsController (BorrowingService.Api).
2025-11-24 21:42:10.968 +02:00 [INF] Executing OkObjectResult, writing value of type 'System.Collections.Generic.List`1[[BorrowingService.Bll.Dtos.BorrowingDto, BorrowingService.Bll, Version=1.0.0.0, Culture=neutral, PublicKeyToken=null]]'.
2025-11-24 21:42:10.972 +02:00 [INF] Executed action BorrowingService.Api.Controllers.BorrowingsController.GetAll (BorrowingService.Api) in 68.7317ms
2025-11-24 21:42:10.975 +02:00 [INF] Executed endpoint 'BorrowingService.Api.Controllers.BorrowingsController.GetAll (BorrowingService.Api)'
2025-11-24 21:42:10.977 +02:00 [INF] Request finished HTTP/1.1 GET http://localhost:5017/api/borrowings - 200 null application/json; charset=utf-8 88.103ms
2025-11-24 21:43:40.649 +02:00 [INF] Request starting HTTP/1.1 PUT http://localhost:5017/api/borrowings/return/1 - null 0
2025-11-24 21:43:40.658 +02:00 [INF] CORS policy execution successful.
2025-11-24 21:43:40.660 +02:00 [INF] Executing endpoint 'BorrowingService.Api.Controllers.BorrowingsController.ReturnBook (BorrowingService.Api)'
2025-11-24 21:43:40.669 +02:00 [INF] Route matched with {action = "ReturnBook", controller = "Borrowings"}. Executing controller action with signature System.Threading.Tasks.Task`1[Microsoft.AspNetCore.Mvc.IActionResult] ReturnBook(Int32) on controller BorrowingService.Api.Controllers.BorrowingsController (BorrowingService.Api).
2025-11-24 21:43:40.693 +02:00 [INF] Executing OkObjectResult, writing value of type '<>f__AnonymousType3`1[[System.String, System.Private.CoreLib, Version=9.0.0.0, Culture=neutral, PublicKeyToken=7cec85d7bea7798e]]'.
2025-11-24 21:43:40.699 +02:00 [INF] Executed action BorrowingService.Api.Controllers.BorrowingsController.ReturnBook (BorrowingService.Api) in 23.4022ms
2025-11-24 21:43:40.703 +02:00 [INF] Executed endpoint 'BorrowingService.Api.Controllers.BorrowingsController.ReturnBook (BorrowingService.Api)'
2025-11-24 21:43:40.706 +02:00 [INF] Request finished HTTP/1.1 PUT http://localhost:5017/api/borrowings/return/1 - 200 null application/json; charset=utf-8 57.6577ms
2025-11-24 21:43:40.714 +02:00 [INF] Request starting HTTP/1.1 GET http://localhost:5017/api/borrowings - null null
2025-11-24 21:43:40.721 +02:00 [INF] Executing endpoint 'BorrowingService.Api.Controllers.BorrowingsController.GetAll (BorrowingService.Api)'
2025-11-24 21:43:40.724 +02:00 [INF] Route matched with {action = "GetAll", controller = "Borrowings"}. Executing controller action with signature System.Threading.Tasks.Task`1[Microsoft.AspNetCore.Mvc.IActionResult] GetAll() on controller BorrowingService.Api.Controllers.BorrowingsController (BorrowingService.Api).
2025-11-24 21:43:40.731 +02:00 [INF] Executing OkObjectResult, writing value of type 'System.Collections.Generic.List`1[[BorrowingService.Bll.Dtos.BorrowingDto, BorrowingService.Bll, Version=1.0.0.0, Culture=neutral, PublicKeyToken=null]]'.
2025-11-24 21:43:40.734 +02:00 [INF] Executed action BorrowingService.Api.Controllers.BorrowingsController.GetAll (BorrowingService.Api) in 5.166ms
2025-11-24 21:43:40.739 +02:00 [INF] Executed endpoint 'BorrowingService.Api.Controllers.BorrowingsController.GetAll (BorrowingService.Api)'
2025-11-24 21:43:40.743 +02:00 [INF] Request finished HTTP/1.1 GET http://localhost:5017/api/borrowings - 200 null application/json; charset=utf-8 28.8328ms
2025-11-24 21:43:49.065 +02:00 [INF] Request starting HTTP/1.1 GET http://localhost:5017/api/readers - null null
2025-11-24 21:43:49.079 +02:00 [INF] Executing endpoint 'BorrowingService.Api.Controllers.ReadersController.GetAll (BorrowingService.Api)'
2025-11-24 21:43:49.084 +02:00 [INF] Route matched with {action = "GetAll", controller = "Readers"}. Executing controller action with signature System.Threading.Tasks.Task`1[Microsoft.AspNetCore.Mvc.IActionResult] GetAll() on controller BorrowingService.Api.Controllers.ReadersController (BorrowingService.Api).
2025-11-24 21:43:49.093 +02:00 [INF] Executing OkObjectResult, writing value of type 'System.Collections.Generic.List`1[[BorrowingService.Bll.Dtos.ReaderDto, BorrowingService.Bll, Version=1.0.0.0, Culture=neutral, PublicKeyToken=null]]'.
2025-11-24 21:43:49.098 +02:00 [INF] Executed action BorrowingService.Api.Controllers.ReadersController.GetAll (BorrowingService.Api) in 6.7331ms
2025-11-24 21:43:49.103 +02:00 [INF] Executed endpoint 'BorrowingService.Api.Controllers.ReadersController.GetAll (BorrowingService.Api)'
2025-11-24 21:43:49.107 +02:00 [INF] Request finished HTTP/1.1 GET http://localhost:5017/api/readers - 200 null application/json; charset=utf-8 41.9227ms
2025-11-24 21:43:53.111 +02:00 [INF] Request starting HTTP/1.1 POST http://localhost:5017/api/borrowings/issue - application/json 25
2025-11-24 21:43:53.121 +02:00 [INF] CORS policy execution successful.
2025-11-24 21:43:53.125 +02:00 [INF] Executing endpoint 'BorrowingService.Api.Controllers.BorrowingsController.IssueBook (BorrowingService.Api)'
2025-11-24 21:43:53.128 +02:00 [INF] Route matched with {action = "IssueBook", controller = "Borrowings"}. Executing controller action with signature System.Threading.Tasks.Task`1[Microsoft.AspNetCore.Mvc.IActionResult] IssueBook(IssueBookRequest) on controller BorrowingService.Api.Controllers.BorrowingsController (BorrowingService.Api).
2025-11-24 21:43:53.134 +02:00 [INF] Start processing HTTP request GET http://localhost:5180/api/books/2
2025-11-24 21:43:53.137 +02:00 [INF] Sending HTTP request GET http://localhost:5180/api/books/2
2025-11-24 21:43:53.177 +02:00 [INF] Received HTTP response headers after 36.3623ms - 200
2025-11-24 21:43:53.181 +02:00 [INF] End processing HTTP request after 47.1197ms - 200
2025-11-24 21:43:53.191 +02:00 [INF] Executing ConflictObjectResult, writing value of type '<>f__AnonymousType2`1[[System.String, System.Private.CoreLib, Version=9.0.0.0, Culture=neutral, PublicKeyToken=7cec85d7bea7798e]]'.
2025-11-24 21:43:53.197 +02:00 [INF] Executed action BorrowingService.Api.Controllers.BorrowingsController.IssueBook (BorrowingService.Api) in 64.0845ms
2025-11-24 21:43:53.201 +02:00 [INF] Executed endpoint 'BorrowingService.Api.Controllers.BorrowingsController.IssueBook (BorrowingService.Api)'
2025-11-24 21:43:53.204 +02:00 [INF] Request finished HTTP/1.1 POST http://localhost:5017/api/borrowings/issue - 409 null application/json; charset=utf-8 92.5545ms
2025-11-24 21:44:29.928 +02:00 [INF] Now listening on: http://localhost:5017
2025-11-24 21:44:29.986 +02:00 [INF] Application started. Press Ctrl+C to shut down.
2025-11-24 21:44:29.988 +02:00 [INF] Hosting environment: Development
2025-11-24 21:44:29.990 +02:00 [INF] Content root path: C:\Users\Admin\Documents\projects\LibrarySystem\BorrowingService\BorrowingService.Api
2025-11-24 21:44:37.658 +02:00 [INF] Request starting HTTP/1.1 GET http://localhost:5017/api/readers - null null
2025-11-24 21:44:37.726 +02:00 [INF] Executing endpoint 'BorrowingService.Api.Controllers.ReadersController.GetAll (BorrowingService.Api)'
2025-11-24 21:44:37.755 +02:00 [INF] Route matched with {action = "GetAll", controller = "Readers"}. Executing controller action with signature System.Threading.Tasks.Task`1[Microsoft.AspNetCore.Mvc.IActionResult] GetAll() on controller BorrowingService.Api.Controllers.ReadersController (BorrowingService.Api).
2025-11-24 21:44:38.212 +02:00 [INF] Executing OkObjectResult, writing value of type 'System.Collections.Generic.List`1[[BorrowingService.Bll.Dtos.ReaderDto, BorrowingService.Bll, Version=1.0.0.0, Culture=neutral, PublicKeyToken=null]]'.
2025-11-24 21:44:38.250 +02:00 [INF] Executed action BorrowingService.Api.Controllers.ReadersController.GetAll (BorrowingService.Api) in 484.4763ms
2025-11-24 21:44:38.255 +02:00 [INF] Request starting HTTP/1.1 GET http://localhost:5017/api/readers - null null
2025-11-24 21:44:38.282 +02:00 [INF] Executed endpoint 'BorrowingService.Api.Controllers.ReadersController.GetAll (BorrowingService.Api)'
2025-11-24 21:44:38.287 +02:00 [INF] Executing endpoint 'BorrowingService.Api.Controllers.ReadersController.GetAll (BorrowingService.Api)'
2025-11-24 21:44:38.291 +02:00 [INF] Request finished HTTP/1.1 GET http://localhost:5017/api/readers - 200 null application/json; charset=utf-8 634.8891ms
2025-11-24 21:44:38.291 +02:00 [INF] Route matched with {action = "GetAll", controller = "Readers"}. Executing controller action with signature System.Threading.Tasks.Task`1[Microsoft.AspNetCore.Mvc.IActionResult] GetAll() on controller BorrowingService.Api.Controllers.ReadersController (BorrowingService.Api).
2025-11-24 21:44:38.307 +02:00 [INF] Executing OkObjectResult, writing value of type 'System.Collections.Generic.List`1[[BorrowingService.Bll.Dtos.ReaderDto, BorrowingService.Bll, Version=1.0.0.0, Culture=neutral, PublicKeyToken=null]]'.
2025-11-24 21:44:38.310 +02:00 [INF] Executed action BorrowingService.Api.Controllers.ReadersController.GetAll (BorrowingService.Api) in 7.958ms
2025-11-24 21:44:38.313 +02:00 [INF] Executed endpoint 'BorrowingService.Api.Controllers.ReadersController.GetAll (BorrowingService.Api)'
2025-11-24 21:44:38.316 +02:00 [INF] Request finished HTTP/1.1 GET http://localhost:5017/api/readers - 200 null application/json; charset=utf-8 60.8138ms
2025-11-24 21:44:40.371 +02:00 [INF] Request starting HTTP/1.1 GET http://localhost:5017/api/borrowings - null null
2025-11-24 21:44:40.384 +02:00 [INF] Executing endpoint 'BorrowingService.Api.Controllers.BorrowingsController.GetAll (BorrowingService.Api)'
2025-11-24 21:44:40.390 +02:00 [INF] Route matched with {action = "GetAll", controller = "Borrowings"}. Executing controller action with signature System.Threading.Tasks.Task`1[Microsoft.AspNetCore.Mvc.IActionResult] GetAll() on controller BorrowingService.Api.Controllers.BorrowingsController (BorrowingService.Api).
2025-11-24 21:44:40.455 +02:00 [INF] Executing OkObjectResult, writing value of type 'System.Collections.Generic.List`1[[BorrowingService.Bll.Dtos.BorrowingDto, BorrowingService.Bll, Version=1.0.0.0, Culture=neutral, PublicKeyToken=null]]'.
2025-11-24 21:44:40.478 +02:00 [INF] Executed action BorrowingService.Api.Controllers.BorrowingsController.GetAll (BorrowingService.Api) in 81.6851ms
2025-11-24 21:44:40.483 +02:00 [INF] Executed endpoint 'BorrowingService.Api.Controllers.BorrowingsController.GetAll (BorrowingService.Api)'
2025-11-24 21:44:40.483 +02:00 [INF] Request starting HTTP/1.1 GET http://localhost:5017/api/borrowings - null null
2025-11-24 21:44:40.487 +02:00 [INF] Request finished HTTP/1.1 GET http://localhost:5017/api/borrowings - 200 null application/json; charset=utf-8 116.191ms
2025-11-24 21:44:40.494 +02:00 [INF] Executing endpoint 'BorrowingService.Api.Controllers.BorrowingsController.GetAll (BorrowingService.Api)'
2025-11-24 21:44:40.504 +02:00 [INF] Route matched with {action = "GetAll", controller = "Borrowings"}. Executing controller action with signature System.Threading.Tasks.Task`1[Microsoft.AspNetCore.Mvc.IActionResult] GetAll() on controller BorrowingService.Api.Controllers.BorrowingsController (BorrowingService.Api).
2025-11-24 21:44:40.510 +02:00 [INF] Executing OkObjectResult, writing value of type 'System.Collections.Generic.List`1[[BorrowingService.Bll.Dtos.BorrowingDto, BorrowingService.Bll, Version=1.0.0.0, Culture=neutral, PublicKeyToken=null]]'.
2025-11-24 21:44:40.513 +02:00 [INF] Executed action BorrowingService.Api.Controllers.BorrowingsController.GetAll (BorrowingService.Api) in 4.6535ms
2025-11-24 21:44:40.517 +02:00 [INF] Executed endpoint 'BorrowingService.Api.Controllers.BorrowingsController.GetAll (BorrowingService.Api)'
2025-11-24 21:44:40.519 +02:00 [INF] Request finished HTTP/1.1 GET http://localhost:5017/api/borrowings - 200 null application/json; charset=utf-8 36.2611ms
2025-11-24 21:45:10.314 +02:00 [INF] Request starting HTTP/1.1 GET http://localhost:5017/api/readers - null null
2025-11-24 21:45:10.326 +02:00 [INF] Executing endpoint 'BorrowingService.Api.Controllers.ReadersController.GetAll (BorrowingService.Api)'
2025-11-24 21:45:10.331 +02:00 [INF] Route matched with {action = "GetAll", controller = "Readers"}. Executing controller action with signature System.Threading.Tasks.Task`1[Microsoft.AspNetCore.Mvc.IActionResult] GetAll() on controller BorrowingService.Api.Controllers.ReadersController (BorrowingService.Api).
2025-11-24 21:45:10.342 +02:00 [INF] Executing OkObjectResult, writing value of type 'System.Collections.Generic.List`1[[BorrowingService.Bll.Dtos.ReaderDto, BorrowingService.Bll, Version=1.0.0.0, Culture=neutral, PublicKeyToken=null]]'.
2025-11-24 21:45:10.347 +02:00 [INF] Executed action BorrowingService.Api.Controllers.ReadersController.GetAll (BorrowingService.Api) in 8.0968ms
2025-11-24 21:45:10.351 +02:00 [INF] Executed endpoint 'BorrowingService.Api.Controllers.ReadersController.GetAll (BorrowingService.Api)'
2025-11-24 21:45:10.355 +02:00 [INF] Request finished HTTP/1.1 GET http://localhost:5017/api/readers - 200 null application/json; charset=utf-8 41.1212ms
2025-11-24 21:45:13.660 +02:00 [INF] Request starting HTTP/1.1 POST http://localhost:5017/api/borrowings/issue - application/json 25
2025-11-24 21:45:13.675 +02:00 [INF] CORS policy execution successful.
2025-11-24 21:45:13.678 +02:00 [INF] Executing endpoint 'BorrowingService.Api.Controllers.BorrowingsController.IssueBook (BorrowingService.Api)'
2025-11-24 21:45:13.692 +02:00 [INF] Route matched with {action = "IssueBook", controller = "Borrowings"}. Executing controller action with signature System.Threading.Tasks.Task`1[Microsoft.AspNetCore.Mvc.IActionResult] IssueBook(IssueBookRequest) on controller BorrowingService.Api.Controllers.BorrowingsController (BorrowingService.Api).
2025-11-24 21:45:13.738 +02:00 [INF] Start processing HTTP request GET http://localhost:5180/api/books/2
2025-11-24 21:45:13.743 +02:00 [INF] Sending HTTP request GET http://localhost:5180/api/books/2
2025-11-24 21:45:13.974 +02:00 [INF] Received HTTP response headers after 223.2585ms - 200
2025-11-24 21:45:13.980 +02:00 [INF] End processing HTTP request after 242.8443ms - 200
2025-11-24 21:45:14.038 +02:00 [INF] Executing ConflictObjectResult, writing value of type '<>f__AnonymousType2`1[[System.String, System.Private.CoreLib, Version=9.0.0.0, Culture=neutral, PublicKeyToken=7cec85d7bea7798e]]'.
2025-11-24 21:45:14.050 +02:00 [INF] Executed action BorrowingService.Api.Controllers.BorrowingsController.IssueBook (BorrowingService.Api) in 351.0037ms
2025-11-24 21:45:14.054 +02:00 [INF] Executed endpoint 'BorrowingService.Api.Controllers.BorrowingsController.IssueBook (BorrowingService.Api)'
2025-11-24 21:45:14.058 +02:00 [INF] Request finished HTTP/1.1 POST http://localhost:5017/api/borrowings/issue - 409 null application/json; charset=utf-8 397.608ms
2025-11-24 21:46:08.507 +02:00 [INF] Request starting HTTP/1.1 GET http://localhost:5017/api/readers - null null
2025-11-24 21:46:08.521 +02:00 [INF] Executing endpoint 'BorrowingService.Api.Controllers.ReadersController.GetAll (BorrowingService.Api)'
2025-11-24 21:46:08.525 +02:00 [INF] Route matched with {action = "GetAll", controller = "Readers"}. Executing controller action with signature System.Threading.Tasks.Task`1[Microsoft.AspNetCore.Mvc.IActionResult] GetAll() on controller BorrowingService.Api.Controllers.ReadersController (BorrowingService.Api).
2025-11-24 21:46:08.531 +02:00 [INF] Executing OkObjectResult, writing value of type 'System.Collections.Generic.List`1[[BorrowingService.Bll.Dtos.ReaderDto, BorrowingService.Bll, Version=1.0.0.0, Culture=neutral, PublicKeyToken=null]]'.
2025-11-24 21:46:08.535 +02:00 [INF] Executed action BorrowingService.Api.Controllers.ReadersController.GetAll (BorrowingService.Api) in 5.015ms
2025-11-24 21:46:08.540 +02:00 [INF] Executed endpoint 'BorrowingService.Api.Controllers.ReadersController.GetAll (BorrowingService.Api)'
2025-11-24 21:46:08.543 +02:00 [INF] Request finished HTTP/1.1 GET http://localhost:5017/api/readers - 200 null application/json; charset=utf-8 36.4317ms
2025-11-24 21:46:12.027 +02:00 [INF] Request starting HTTP/1.1 POST http://localhost:5017/api/borrowings/issue - application/json 25
2025-11-24 21:46:12.042 +02:00 [INF] CORS policy execution successful.
2025-11-24 21:46:12.046 +02:00 [INF] Executing endpoint 'BorrowingService.Api.Controllers.BorrowingsController.IssueBook (BorrowingService.Api)'
2025-11-24 21:46:12.051 +02:00 [INF] Route matched with {action = "IssueBook", controller = "Borrowings"}. Executing controller action with signature System.Threading.Tasks.Task`1[Microsoft.AspNetCore.Mvc.IActionResult] IssueBook(IssueBookRequest) on controller BorrowingService.Api.Controllers.BorrowingsController (BorrowingService.Api).
2025-11-24 21:46:12.060 +02:00 [INF] Start processing HTTP request GET http://localhost:5180/api/books/2
2025-11-24 21:46:12.064 +02:00 [INF] Sending HTTP request GET http://localhost:5180/api/books/2
2025-11-24 21:46:12.106 +02:00 [INF] Received HTTP response headers after 37.5629ms - 200
2025-11-24 21:46:12.110 +02:00 [INF] End processing HTTP request after 50.427ms - 200
2025-11-24 21:46:12.116 +02:00 [INF] Executing ConflictObjectResult, writing value of type '<>f__AnonymousType2`1[[System.String, System.Private.CoreLib, Version=9.0.0.0, Culture=neutral, PublicKeyToken=7cec85d7bea7798e]]'.
2025-11-24 21:46:12.120 +02:00 [INF] Executed action BorrowingService.Api.Controllers.BorrowingsController.IssueBook (BorrowingService.Api) in 61.4728ms
2025-11-24 21:46:12.123 +02:00 [INF] Executed endpoint 'BorrowingService.Api.Controllers.BorrowingsController.IssueBook (BorrowingService.Api)'
2025-11-24 21:46:12.126 +02:00 [INF] Request finished HTTP/1.1 POST http://localhost:5017/api/borrowings/issue - 409 null application/json; charset=utf-8 99.125ms
2025-11-24 21:50:31.524 +02:00 [INF] Now listening on: http://localhost:5017
2025-11-24 21:50:31.594 +02:00 [INF] Application started. Press Ctrl+C to shut down.
2025-11-24 21:50:31.596 +02:00 [INF] Hosting environment: Development
2025-11-24 21:50:31.598 +02:00 [INF] Content root path: C:\Users\Admin\Documents\projects\LibrarySystem\BorrowingService\BorrowingService.Api
2025-11-24 21:50:38.595 +02:00 [INF] Request starting HTTP/1.1 GET http://localhost:5017/api/readers - null null
2025-11-24 21:50:38.647 +02:00 [INF] Executing endpoint 'BorrowingService.Api.Controllers.ReadersController.GetAll (BorrowingService.Api)'
2025-11-24 21:50:38.666 +02:00 [INF] Route matched with {action = "GetAll", controller = "Readers"}. Executing controller action with signature System.Threading.Tasks.Task`1[Microsoft.AspNetCore.Mvc.IActionResult] GetAll() on controller BorrowingService.Api.Controllers.ReadersController (BorrowingService.Api).
2025-11-24 21:50:39.062 +02:00 [INF] Executing OkObjectResult, writing value of type 'System.Collections.Generic.List`1[[BorrowingService.Bll.Dtos.ReaderDto, BorrowingService.Bll, Version=1.0.0.0, Culture=neutral, PublicKeyToken=null]]'.
2025-11-24 21:50:39.098 +02:00 [INF] Executed action BorrowingService.Api.Controllers.ReadersController.GetAll (BorrowingService.Api) in 425.0125ms
2025-11-24 21:50:39.101 +02:00 [INF] Request starting HTTP/1.1 GET http://localhost:5017/api/readers - null null
2025-11-24 21:50:39.117 +02:00 [INF] Executed endpoint 'BorrowingService.Api.Controllers.ReadersController.GetAll (BorrowingService.Api)'
2025-11-24 21:50:39.121 +02:00 [INF] Executing endpoint 'BorrowingService.Api.Controllers.ReadersController.GetAll (BorrowingService.Api)'
2025-11-24 21:50:39.123 +02:00 [INF] Request finished HTTP/1.1 GET http://localhost:5017/api/readers - 200 null application/json; charset=utf-8 529.729ms
2025-11-24 21:50:39.124 +02:00 [INF] Route matched with {action = "GetAll", controller = "Readers"}. Executing controller action with signature System.Threading.Tasks.Task`1[Microsoft.AspNetCore.Mvc.IActionResult] GetAll() on controller BorrowingService.Api.Controllers.ReadersController (BorrowingService.Api).
2025-11-24 21:50:39.138 +02:00 [INF] Executing OkObjectResult, writing value of type 'System.Collections.Generic.List`1[[BorrowingService.Bll.Dtos.ReaderDto, BorrowingService.Bll, Version=1.0.0.0, Culture=neutral, PublicKeyToken=null]]'.
2025-11-24 21:50:39.141 +02:00 [INF] Executed action BorrowingService.Api.Controllers.ReadersController.GetAll (BorrowingService.Api) in 7.5662ms
2025-11-24 21:50:39.143 +02:00 [INF] Executed endpoint 'BorrowingService.Api.Controllers.ReadersController.GetAll (BorrowingService.Api)'
2025-11-24 21:50:39.145 +02:00 [INF] Request finished HTTP/1.1 GET http://localhost:5017/api/readers - 200 null application/json; charset=utf-8 43.7953ms
2025-11-24 21:50:41.231 +02:00 [INF] Request starting HTTP/1.1 GET http://localhost:5017/api/borrowings - null null
2025-11-24 21:50:41.248 +02:00 [INF] Executing endpoint 'BorrowingService.Api.Controllers.BorrowingsController.GetAll (BorrowingService.Api)'
2025-11-24 21:50:41.258 +02:00 [INF] Route matched with {action = "GetAll", controller = "Borrowings"}. Executing controller action with signature System.Threading.Tasks.Task`1[Microsoft.AspNetCore.Mvc.IActionResult] GetAll() on controller BorrowingService.Api.Controllers.BorrowingsController (BorrowingService.Api).
2025-11-24 21:50:41.316 +02:00 [INF] Executing OkObjectResult, writing value of type 'System.Collections.Generic.List`1[[BorrowingService.Bll.Dtos.BorrowingDto, BorrowingService.Bll, Version=1.0.0.0, Culture=neutral, PublicKeyToken=null]]'.
2025-11-24 21:50:41.339 +02:00 [INF] Executed action BorrowingService.Api.Controllers.BorrowingsController.GetAll (BorrowingService.Api) in 74.605ms
2025-11-24 21:50:41.343 +02:00 [INF] Executed endpoint 'BorrowingService.Api.Controllers.BorrowingsController.GetAll (BorrowingService.Api)'
2025-11-24 21:50:41.343 +02:00 [INF] Request starting HTTP/1.1 GET http://localhost:5017/api/borrowings - null null
2025-11-24 21:50:41.346 +02:00 [INF] Request finished HTTP/1.1 GET http://localhost:5017/api/borrowings - 200 null application/json; charset=utf-8 115.029ms
2025-11-24 21:50:41.353 +02:00 [INF] Executing endpoint 'BorrowingService.Api.Controllers.BorrowingsController.GetAll (BorrowingService.Api)'
2025-11-24 21:50:41.364 +02:00 [INF] Route matched with {action = "GetAll", controller = "Borrowings"}. Executing controller action with signature System.Threading.Tasks.Task`1[Microsoft.AspNetCore.Mvc.IActionResult] GetAll() on controller BorrowingService.Api.Controllers.BorrowingsController (BorrowingService.Api).
2025-11-24 21:50:41.370 +02:00 [INF] Executing OkObjectResult, writing value of type 'System.Collections.Generic.List`1[[BorrowingService.Bll.Dtos.BorrowingDto, BorrowingService.Bll, Version=1.0.0.0, Culture=neutral, PublicKeyToken=null]]'.
2025-11-24 21:50:41.374 +02:00 [INF] Executed action BorrowingService.Api.Controllers.BorrowingsController.GetAll (BorrowingService.Api) in 5.861ms
2025-11-24 21:50:41.377 +02:00 [INF] Executed endpoint 'BorrowingService.Api.Controllers.BorrowingsController.GetAll (BorrowingService.Api)'
2025-11-24 21:50:41.379 +02:00 [INF] Request finished HTTP/1.1 GET http://localhost:5017/api/borrowings - 200 null application/json; charset=utf-8 35.6629ms
2025-11-24 21:51:05.007 +02:00 [INF] Request starting HTTP/1.1 GET http://localhost:5017/api/readers - null null
2025-11-24 21:51:05.015 +02:00 [INF] Executing endpoint 'BorrowingService.Api.Controllers.ReadersController.GetAll (BorrowingService.Api)'
2025-11-24 21:51:05.018 +02:00 [INF] Route matched with {action = "GetAll", controller = "Readers"}. Executing controller action with signature System.Threading.Tasks.Task`1[Microsoft.AspNetCore.Mvc.IActionResult] GetAll() on controller BorrowingService.Api.Controllers.ReadersController (BorrowingService.Api).
2025-11-24 21:51:05.025 +02:00 [INF] Executing OkObjectResult, writing value of type 'System.Collections.Generic.List`1[[BorrowingService.Bll.Dtos.ReaderDto, BorrowingService.Bll, Version=1.0.0.0, Culture=neutral, PublicKeyToken=null]]'.
2025-11-24 21:51:05.030 +02:00 [INF] Executed action BorrowingService.Api.Controllers.ReadersController.GetAll (BorrowingService.Api) in 7.7444ms
2025-11-24 21:51:05.033 +02:00 [INF] Executed endpoint 'BorrowingService.Api.Controllers.ReadersController.GetAll (BorrowingService.Api)'
2025-11-24 21:51:05.037 +02:00 [INF] Request finished HTTP/1.1 GET http://localhost:5017/api/readers - 200 null application/json; charset=utf-8 29.5092ms
2025-11-24 21:51:08.519 +02:00 [INF] Request starting HTTP/1.1 POST http://localhost:5017/api/borrowings/issue - application/json 25
2025-11-24 21:51:08.537 +02:00 [INF] CORS policy execution successful.
2025-11-24 21:51:08.539 +02:00 [INF] Executing endpoint 'BorrowingService.Api.Controllers.BorrowingsController.IssueBook (BorrowingService.Api)'
2025-11-24 21:51:08.550 +02:00 [INF] Route matched with {action = "IssueBook", controller = "Borrowings"}. Executing controller action with signature System.Threading.Tasks.Task`1[Microsoft.AspNetCore.Mvc.IActionResult] IssueBook(IssueBookRequest) on controller BorrowingService.Api.Controllers.BorrowingsController (BorrowingService.Api).
2025-11-24 21:51:08.591 +02:00 [INF] Start processing HTTP request GET http://localhost:5180/api/books/2
2025-11-24 21:51:08.596 +02:00 [INF] Sending HTTP request GET http://localhost:5180/api/books/2
2025-11-24 21:51:08.818 +02:00 [INF] Received HTTP response headers after 215.3583ms - 200
2025-11-24 21:51:08.821 +02:00 [INF] End processing HTTP request after 231.4065ms - 200
2025-11-24 21:51:08.874 +02:00 [INF] Executing ConflictObjectResult, writing value of type '<>f__AnonymousType2`1[[System.String, System.Private.CoreLib, Version=9.0.0.0, Culture=neutral, PublicKeyToken=7cec85d7bea7798e]]'.
2025-11-24 21:51:08.885 +02:00 [INF] Executed action BorrowingService.Api.Controllers.BorrowingsController.IssueBook (BorrowingService.Api) in 329.3722ms
2025-11-24 21:51:08.890 +02:00 [INF] Executed endpoint 'BorrowingService.Api.Controllers.BorrowingsController.IssueBook (BorrowingService.Api)'
2025-11-24 21:51:08.893 +02:00 [INF] Request finished HTTP/1.1 POST http://localhost:5017/api/borrowings/issue - 409 null application/json; charset=utf-8 374.3392ms
2025-11-24 21:51:22.119 +02:00 [INF] Request starting HTTP/1.1 GET http://localhost:5017/api/readers - null null
2025-11-24 21:51:22.125 +02:00 [INF] Executing endpoint 'BorrowingService.Api.Controllers.ReadersController.GetAll (BorrowingService.Api)'
2025-11-24 21:51:22.129 +02:00 [INF] Route matched with {action = "GetAll", controller = "Readers"}. Executing controller action with signature System.Threading.Tasks.Task`1[Microsoft.AspNetCore.Mvc.IActionResult] GetAll() on controller BorrowingService.Api.Controllers.ReadersController (BorrowingService.Api).
2025-11-24 21:51:22.135 +02:00 [INF] Executing OkObjectResult, writing value of type 'System.Collections.Generic.List`1[[BorrowingService.Bll.Dtos.ReaderDto, BorrowingService.Bll, Version=1.0.0.0, Culture=neutral, PublicKeyToken=null]]'.
2025-11-24 21:51:22.137 +02:00 [INF] Executed action BorrowingService.Api.Controllers.ReadersController.GetAll (BorrowingService.Api) in 3.7506ms
2025-11-24 21:51:22.140 +02:00 [INF] Executed endpoint 'BorrowingService.Api.Controllers.ReadersController.GetAll (BorrowingService.Api)'
2025-11-24 21:51:22.141 +02:00 [INF] Request starting HTTP/1.1 GET http://localhost:5017/api/readers - null null
2025-11-24 21:51:22.141 +02:00 [INF] Request finished HTTP/1.1 GET http://localhost:5017/api/readers - 200 null application/json; charset=utf-8 22.978ms
2025-11-24 21:51:22.146 +02:00 [INF] Executing endpoint 'BorrowingService.Api.Controllers.ReadersController.GetAll (BorrowingService.Api)'
2025-11-24 21:51:22.153 +02:00 [INF] Route matched with {action = "GetAll", controller = "Readers"}. Executing controller action with signature System.Threading.Tasks.Task`1[Microsoft.AspNetCore.Mvc.IActionResult] GetAll() on controller BorrowingService.Api.Controllers.ReadersController (BorrowingService.Api).
2025-11-24 21:51:22.157 +02:00 [INF] Executing OkObjectResult, writing value of type 'System.Collections.Generic.List`1[[BorrowingService.Bll.Dtos.ReaderDto, BorrowingService.Bll, Version=1.0.0.0, Culture=neutral, PublicKeyToken=null]]'.
2025-11-24 21:51:22.159 +02:00 [INF] Executed action BorrowingService.Api.Controllers.ReadersController.GetAll (BorrowingService.Api) in 3.3514ms
2025-11-24 21:51:22.161 +02:00 [INF] Executed endpoint 'BorrowingService.Api.Controllers.ReadersController.GetAll (BorrowingService.Api)'
2025-11-24 21:51:22.163 +02:00 [INF] Request finished HTTP/1.1 GET http://localhost:5017/api/readers - 200 null application/json; charset=utf-8 22.0636ms
2025-11-24 21:51:43.280 +02:00 [INF] Request starting HTTP/1.1 GET http://localhost:5017/api/readers - null null
2025-11-24 21:51:43.293 +02:00 [INF] Executing endpoint 'BorrowingService.Api.Controllers.ReadersController.GetAll (BorrowingService.Api)'
2025-11-24 21:51:43.297 +02:00 [INF] Route matched with {action = "GetAll", controller = "Readers"}. Executing controller action with signature System.Threading.Tasks.Task`1[Microsoft.AspNetCore.Mvc.IActionResult] GetAll() on controller BorrowingService.Api.Controllers.ReadersController (BorrowingService.Api).
2025-11-24 21:51:43.304 +02:00 [INF] Executing OkObjectResult, writing value of type 'System.Collections.Generic.List`1[[BorrowingService.Bll.Dtos.ReaderDto, BorrowingService.Bll, Version=1.0.0.0, Culture=neutral, PublicKeyToken=null]]'.
2025-11-24 21:51:43.309 +02:00 [INF] Executed action BorrowingService.Api.Controllers.ReadersController.GetAll (BorrowingService.Api) in 6.5325ms
2025-11-24 21:51:43.315 +02:00 [INF] Executed endpoint 'BorrowingService.Api.Controllers.ReadersController.GetAll (BorrowingService.Api)'
2025-11-24 21:51:43.320 +02:00 [INF] Request finished HTTP/1.1 GET http://localhost:5017/api/readers - 200 null application/json; charset=utf-8 39.5498ms
2025-11-24 21:51:46.121 +02:00 [INF] Request starting HTTP/1.1 POST http://localhost:5017/api/borrowings/issue - application/json 25
2025-11-24 21:51:46.143 +02:00 [INF] CORS policy execution successful.
2025-11-24 21:51:46.146 +02:00 [INF] Executing endpoint 'BorrowingService.Api.Controllers.BorrowingsController.IssueBook (BorrowingService.Api)'
2025-11-24 21:51:46.152 +02:00 [INF] Route matched with {action = "IssueBook", controller = "Borrowings"}. Executing controller action with signature System.Threading.Tasks.Task`1[Microsoft.AspNetCore.Mvc.IActionResult] IssueBook(IssueBookRequest) on controller BorrowingService.Api.Controllers.BorrowingsController (BorrowingService.Api).
2025-11-24 21:51:46.160 +02:00 [INF] Start processing HTTP request GET http://localhost:5180/api/books/1
2025-11-24 21:51:46.164 +02:00 [INF] Sending HTTP request GET http://localhost:5180/api/books/1
2025-11-24 21:51:46.221 +02:00 [INF] Received HTTP response headers after 52.813ms - 200
2025-11-24 21:51:46.228 +02:00 [INF] End processing HTTP request after 67.5734ms - 200
2025-11-24 21:51:46.282 +02:00 [INF] Executing CreatedAtActionResult, writing value of type '<>f__AnonymousType1`2[[System.String, System.Private.CoreLib, Version=9.0.0.0, Culture=neutral, PublicKeyToken=7cec85d7bea7798e],[System.Int32, System.Private.CoreLib, Version=9.0.0.0, Culture=neutral, PublicKeyToken=7cec85d7bea7798e]]'.
2025-11-24 21:51:46.308 +02:00 [INF] Executed action BorrowingService.Api.Controllers.BorrowingsController.IssueBook (BorrowingService.Api) in 150.3866ms
2025-11-24 21:51:46.312 +02:00 [INF] Executed endpoint 'BorrowingService.Api.Controllers.BorrowingsController.IssueBook (BorrowingService.Api)'
2025-11-24 21:51:46.316 +02:00 [INF] Request finished HTTP/1.1 POST http://localhost:5017/api/borrowings/issue - 201 null application/json; charset=utf-8 194.8027ms
2025-11-24 21:51:49.073 +02:00 [INF] Request starting HTTP/1.1 GET http://localhost:5017/api/borrowings - null null
2025-11-24 21:51:49.084 +02:00 [INF] Executing endpoint 'BorrowingService.Api.Controllers.BorrowingsController.GetAll (BorrowingService.Api)'
2025-11-24 21:51:49.089 +02:00 [INF] Route matched with {action = "GetAll", controller = "Borrowings"}. Executing controller action with signature System.Threading.Tasks.Task`1[Microsoft.AspNetCore.Mvc.IActionResult] GetAll() on controller BorrowingService.Api.Controllers.BorrowingsController (BorrowingService.Api).
2025-11-24 21:51:49.107 +02:00 [INF] Executing OkObjectResult, writing value of type 'System.Collections.Generic.List`1[[BorrowingService.Bll.Dtos.BorrowingDto, BorrowingService.Bll, Version=1.0.0.0, Culture=neutral, PublicKeyToken=null]]'.
2025-11-24 21:51:49.111 +02:00 [INF] Executed action BorrowingService.Api.Controllers.BorrowingsController.GetAll (BorrowingService.Api) in 15.8461ms
2025-11-24 21:51:49.115 +02:00 [INF] Executed endpoint 'BorrowingService.Api.Controllers.BorrowingsController.GetAll (BorrowingService.Api)'
2025-11-24 21:51:49.116 +02:00 [INF] Request starting HTTP/1.1 GET http://localhost:5017/api/borrowings - null null
2025-11-24 21:51:49.118 +02:00 [INF] Request finished HTTP/1.1 GET http://localhost:5017/api/borrowings - 200 null application/json; charset=utf-8 44.8773ms
2025-11-24 21:51:49.125 +02:00 [INF] Executing endpoint 'BorrowingService.Api.Controllers.BorrowingsController.GetAll (BorrowingService.Api)'
2025-11-24 21:51:49.134 +02:00 [INF] Route matched with {action = "GetAll", controller = "Borrowings"}. Executing controller action with signature System.Threading.Tasks.Task`1[Microsoft.AspNetCore.Mvc.IActionResult] GetAll() on controller BorrowingService.Api.Controllers.BorrowingsController (BorrowingService.Api).
2025-11-24 21:51:49.138 +02:00 [INF] Executing OkObjectResult, writing value of type 'System.Collections.Generic.List`1[[BorrowingService.Bll.Dtos.BorrowingDto, BorrowingService.Bll, Version=1.0.0.0, Culture=neutral, PublicKeyToken=null]]'.
2025-11-24 21:51:49.140 +02:00 [INF] Executed action BorrowingService.Api.Controllers.BorrowingsController.GetAll (BorrowingService.Api) in 3.1322ms
2025-11-24 21:51:49.143 +02:00 [INF] Executed endpoint 'BorrowingService.Api.Controllers.BorrowingsController.GetAll (BorrowingService.Api)'
2025-11-24 21:51:49.145 +02:00 [INF] Request finished HTTP/1.1 GET http://localhost:5017/api/borrowings - 200 null application/json; charset=utf-8 28.6207ms
2025-11-24 21:51:58.316 +02:00 [INF] Request starting HTTP/1.1 PUT http://localhost:5017/api/borrowings/return/2 - null 0
2025-11-24 21:51:58.325 +02:00 [INF] CORS policy execution successful.
2025-11-24 21:51:58.328 +02:00 [INF] Executing endpoint 'BorrowingService.Api.Controllers.BorrowingsController.ReturnBook (BorrowingService.Api)'
2025-11-24 21:51:58.336 +02:00 [INF] Route matched with {action = "ReturnBook", controller = "Borrowings"}. Executing controller action with signature System.Threading.Tasks.Task`1[Microsoft.AspNetCore.Mvc.IActionResult] ReturnBook(Int32) on controller BorrowingService.Api.Controllers.BorrowingsController (BorrowingService.Api).
2025-11-24 21:51:58.358 +02:00 [INF] Executing OkObjectResult, writing value of type '<>f__AnonymousType3`1[[System.String, System.Private.CoreLib, Version=9.0.0.0, Culture=neutral, PublicKeyToken=7cec85d7bea7798e]]'.
2025-11-24 21:51:58.364 +02:00 [INF] Executed action BorrowingService.Api.Controllers.BorrowingsController.ReturnBook (BorrowingService.Api) in 22.5194ms
2025-11-24 21:51:58.369 +02:00 [INF] Executed endpoint 'BorrowingService.Api.Controllers.BorrowingsController.ReturnBook (BorrowingService.Api)'
2025-11-24 21:51:58.373 +02:00 [INF] Request finished HTTP/1.1 PUT http://localhost:5017/api/borrowings/return/2 - 200 null application/json; charset=utf-8 56.8836ms
2025-11-24 21:51:58.382 +02:00 [INF] Request starting HTTP/1.1 GET http://localhost:5017/api/borrowings - null null
2025-11-24 21:51:58.391 +02:00 [INF] Executing endpoint 'BorrowingService.Api.Controllers.BorrowingsController.GetAll (BorrowingService.Api)'
2025-11-24 21:51:58.394 +02:00 [INF] Route matched with {action = "GetAll", controller = "Borrowings"}. Executing controller action with signature System.Threading.Tasks.Task`1[Microsoft.AspNetCore.Mvc.IActionResult] GetAll() on controller BorrowingService.Api.Controllers.BorrowingsController (BorrowingService.Api).
2025-11-24 21:51:58.401 +02:00 [INF] Executing OkObjectResult, writing value of type 'System.Collections.Generic.List`1[[BorrowingService.Bll.Dtos.BorrowingDto, BorrowingService.Bll, Version=1.0.0.0, Culture=neutral, PublicKeyToken=null]]'.
2025-11-24 21:51:58.404 +02:00 [INF] Executed action BorrowingService.Api.Controllers.BorrowingsController.GetAll (BorrowingService.Api) in 4.9835ms
2025-11-24 21:51:58.408 +02:00 [INF] Executed endpoint 'BorrowingService.Api.Controllers.BorrowingsController.GetAll (BorrowingService.Api)'
2025-11-24 21:51:58.412 +02:00 [INF] Request finished HTTP/1.1 GET http://localhost:5017/api/borrowings - 200 null application/json; charset=utf-8 29.5669ms
2025-11-24 21:52:03.034 +02:00 [INF] Request starting HTTP/1.1 GET http://localhost:5017/api/readers - null null
2025-11-24 21:52:03.047 +02:00 [INF] Executing endpoint 'BorrowingService.Api.Controllers.ReadersController.GetAll (BorrowingService.Api)'
2025-11-24 21:52:03.053 +02:00 [INF] Route matched with {action = "GetAll", controller = "Readers"}. Executing controller action with signature System.Threading.Tasks.Task`1[Microsoft.AspNetCore.Mvc.IActionResult] GetAll() on controller BorrowingService.Api.Controllers.ReadersController (BorrowingService.Api).
2025-11-24 21:52:03.063 +02:00 [INF] Executing OkObjectResult, writing value of type 'System.Collections.Generic.List`1[[BorrowingService.Bll.Dtos.ReaderDto, BorrowingService.Bll, Version=1.0.0.0, Culture=neutral, PublicKeyToken=null]]'.
2025-11-24 21:52:03.069 +02:00 [INF] Executed action BorrowingService.Api.Controllers.ReadersController.GetAll (BorrowingService.Api) in 8.1361ms
2025-11-24 21:52:03.076 +02:00 [INF] Executed endpoint 'BorrowingService.Api.Controllers.ReadersController.GetAll (BorrowingService.Api)'
2025-11-24 21:52:03.081 +02:00 [INF] Request finished HTTP/1.1 GET http://localhost:5017/api/readers - 200 null application/json; charset=utf-8 47.3585ms
2025-11-24 21:52:06.664 +02:00 [INF] Request starting HTTP/1.1 POST http://localhost:5017/api/borrowings/issue - application/json 25
2025-11-24 21:52:06.675 +02:00 [INF] CORS policy execution successful.
2025-11-24 21:52:06.678 +02:00 [INF] Executing endpoint 'BorrowingService.Api.Controllers.BorrowingsController.IssueBook (BorrowingService.Api)'
2025-11-24 21:52:06.680 +02:00 [INF] Route matched with {action = "IssueBook", controller = "Borrowings"}. Executing controller action with signature System.Threading.Tasks.Task`1[Microsoft.AspNetCore.Mvc.IActionResult] IssueBook(IssueBookRequest) on controller BorrowingService.Api.Controllers.BorrowingsController (BorrowingService.Api).
2025-11-24 21:52:06.684 +02:00 [INF] Start processing HTTP request GET http://localhost:5180/api/books/1
2025-11-24 21:52:06.687 +02:00 [INF] Sending HTTP request GET http://localhost:5180/api/books/1
2025-11-24 21:52:06.719 +02:00 [INF] Received HTTP response headers after 28.5399ms - 200
2025-11-24 21:52:06.723 +02:00 [INF] End processing HTTP request after 38.354ms - 200
2025-11-24 21:52:06.728 +02:00 [INF] Executing ConflictObjectResult, writing value of type '<>f__AnonymousType2`1[[System.String, System.Private.CoreLib, Version=9.0.0.0, Culture=neutral, PublicKeyToken=7cec85d7bea7798e]]'.
2025-11-24 21:52:06.732 +02:00 [INF] Executed action BorrowingService.Api.Controllers.BorrowingsController.IssueBook (BorrowingService.Api) in 48.2964ms
2025-11-24 21:52:06.736 +02:00 [INF] Executed endpoint 'BorrowingService.Api.Controllers.BorrowingsController.IssueBook (BorrowingService.Api)'
2025-11-24 21:52:06.739 +02:00 [INF] Request finished HTTP/1.1 POST http://localhost:5017/api/borrowings/issue - 409 null application/json; charset=utf-8 75.3621ms
2025-11-24 21:54:07.709 +02:00 [INF] Now listening on: http://localhost:5017
2025-11-24 21:54:07.761 +02:00 [INF] Application started. Press Ctrl+C to shut down.
2025-11-24 21:54:07.763 +02:00 [INF] Hosting environment: Development
2025-11-24 21:54:07.765 +02:00 [INF] Content root path: C:\Users\Admin\Documents\projects\LibrarySystem\BorrowingService\BorrowingService.Api
2025-11-24 21:54:11.716 +02:00 [INF] Request starting HTTP/1.1 GET http://localhost:5017/api/readers - null null
2025-11-24 21:54:11.770 +02:00 [INF] Executing endpoint 'BorrowingService.Api.Controllers.ReadersController.GetAll (BorrowingService.Api)'
2025-11-24 21:54:11.794 +02:00 [INF] Route matched with {action = "GetAll", controller = "Readers"}. Executing controller action with signature System.Threading.Tasks.Task`1[Microsoft.AspNetCore.Mvc.IActionResult] GetAll() on controller BorrowingService.Api.Controllers.ReadersController (BorrowingService.Api).
2025-11-24 21:54:12.213 +02:00 [INF] Executing OkObjectResult, writing value of type 'System.Collections.Generic.List`1[[BorrowingService.Bll.Dtos.ReaderDto, BorrowingService.Bll, Version=1.0.0.0, Culture=neutral, PublicKeyToken=null]]'.
2025-11-24 21:54:12.248 +02:00 [INF] Executed action BorrowingService.Api.Controllers.ReadersController.GetAll (BorrowingService.Api) in 447.3905ms
2025-11-24 21:54:12.251 +02:00 [INF] Request starting HTTP/1.1 GET http://localhost:5017/api/readers - null null
2025-11-24 21:54:12.268 +02:00 [INF] Executed endpoint 'BorrowingService.Api.Controllers.ReadersController.GetAll (BorrowingService.Api)'
2025-11-24 21:54:12.271 +02:00 [INF] Executing endpoint 'BorrowingService.Api.Controllers.ReadersController.GetAll (BorrowingService.Api)'
2025-11-24 21:54:12.273 +02:00 [INF] Route matched with {action = "GetAll", controller = "Readers"}. Executing controller action with signature System.Threading.Tasks.Task`1[Microsoft.AspNetCore.Mvc.IActionResult] GetAll() on controller BorrowingService.Api.Controllers.ReadersController (BorrowingService.Api).
2025-11-24 21:54:12.274 +02:00 [INF] Request finished HTTP/1.1 GET http://localhost:5017/api/readers - 200 null application/json; charset=utf-8 560.0773ms
2025-11-24 21:54:12.282 +02:00 [INF] Executing OkObjectResult, writing value of type 'System.Collections.Generic.List`1[[BorrowingService.Bll.Dtos.ReaderDto, BorrowingService.Bll, Version=1.0.0.0, Culture=neutral, PublicKeyToken=null]]'.
2025-11-24 21:54:12.286 +02:00 [INF] Executed action BorrowingService.Api.Controllers.ReadersController.GetAll (BorrowingService.Api) in 8.9878ms
2025-11-24 21:54:12.289 +02:00 [INF] Executed endpoint 'BorrowingService.Api.Controllers.ReadersController.GetAll (BorrowingService.Api)'
2025-11-24 21:54:12.292 +02:00 [INF] Request finished HTTP/1.1 GET http://localhost:5017/api/readers - 200 null application/json; charset=utf-8 40.6349ms
2025-11-24 21:54:14.296 +02:00 [INF] Request starting HTTP/1.1 GET http://localhost:5017/api/borrowings - null null
2025-11-24 21:54:14.303 +02:00 [INF] Executing endpoint 'BorrowingService.Api.Controllers.BorrowingsController.GetAll (BorrowingService.Api)'
2025-11-24 21:54:14.311 +02:00 [INF] Route matched with {action = "GetAll", controller = "Borrowings"}. Executing controller action with signature System.Threading.Tasks.Task`1[Microsoft.AspNetCore.Mvc.IActionResult] GetAll() on controller BorrowingService.Api.Controllers.BorrowingsController (BorrowingService.Api).
2025-11-24 21:54:14.383 +02:00 [INF] Executing OkObjectResult, writing value of type 'System.Collections.Generic.List`1[[BorrowingService.Bll.Dtos.BorrowingDto, BorrowingService.Bll, Version=1.0.0.0, Culture=neutral, PublicKeyToken=null]]'.
2025-11-24 21:54:14.405 +02:00 [INF] Executed action BorrowingService.Api.Controllers.BorrowingsController.GetAll (BorrowingService.Api) in 90.4506ms
2025-11-24 21:54:14.410 +02:00 [INF] Executed endpoint 'BorrowingService.Api.Controllers.BorrowingsController.GetAll (BorrowingService.Api)'
2025-11-24 21:54:14.411 +02:00 [INF] Request starting HTTP/1.1 GET http://localhost:5017/api/borrowings - null null
2025-11-24 21:54:14.413 +02:00 [INF] Request finished HTTP/1.1 GET http://localhost:5017/api/borrowings - 200 null application/json; charset=utf-8 117.2834ms
2025-11-24 21:54:14.418 +02:00 [INF] Executing endpoint 'BorrowingService.Api.Controllers.BorrowingsController.GetAll (BorrowingService.Api)'
2025-11-24 21:54:14.425 +02:00 [INF] Route matched with {action = "GetAll", controller = "Borrowings"}. Executing controller action with signature System.Threading.Tasks.Task`1[Microsoft.AspNetCore.Mvc.IActionResult] GetAll() on controller BorrowingService.Api.Controllers.BorrowingsController (BorrowingService.Api).
2025-11-24 21:54:14.429 +02:00 [INF] Executing OkObjectResult, writing value of type 'System.Collections.Generic.List`1[[BorrowingService.Bll.Dtos.BorrowingDto, BorrowingService.Bll, Version=1.0.0.0, Culture=neutral, PublicKeyToken=null]]'.
2025-11-24 21:54:14.432 +02:00 [INF] Executed action BorrowingService.Api.Controllers.BorrowingsController.GetAll (BorrowingService.Api) in 3.8588ms
2025-11-24 21:54:14.435 +02:00 [INF] Executed endpoint 'BorrowingService.Api.Controllers.BorrowingsController.GetAll (BorrowingService.Api)'
2025-11-24 21:54:14.437 +02:00 [INF] Request finished HTTP/1.1 GET http://localhost:5017/api/borrowings - 200 null application/json; charset=utf-8 25.6092ms
2025-11-24 21:54:21.895 +02:00 [INF] Request starting HTTP/1.1 GET http://localhost:5017/api/readers - null null
2025-11-24 21:54:21.899 +02:00 [INF] Executing endpoint 'BorrowingService.Api.Controllers.ReadersController.GetAll (BorrowingService.Api)'
2025-11-24 21:54:21.901 +02:00 [INF] Route matched with {action = "GetAll", controller = "Readers"}. Executing controller action with signature System.Threading.Tasks.Task`1[Microsoft.AspNetCore.Mvc.IActionResult] GetAll() on controller BorrowingService.Api.Controllers.ReadersController (BorrowingService.Api).
2025-11-24 21:54:21.905 +02:00 [INF] Executing OkObjectResult, writing value of type 'System.Collections.Generic.List`1[[BorrowingService.Bll.Dtos.ReaderDto, BorrowingService.Bll, Version=1.0.0.0, Culture=neutral, PublicKeyToken=null]]'.
2025-11-24 21:54:21.907 +02:00 [INF] Executed action BorrowingService.Api.Controllers.ReadersController.GetAll (BorrowingService.Api) in 3.9063ms
2025-11-24 21:54:21.909 +02:00 [INF] Executed endpoint 'BorrowingService.Api.Controllers.ReadersController.GetAll (BorrowingService.Api)'
2025-11-24 21:54:21.911 +02:00 [INF] Request finished HTTP/1.1 GET http://localhost:5017/api/readers - 200 null application/json; charset=utf-8 15.9591ms
2025-11-24 21:54:25.639 +02:00 [INF] Request starting HTTP/1.1 POST http://localhost:5017/api/borrowings/issue - application/json 25
2025-11-24 21:54:25.648 +02:00 [INF] CORS policy execution successful.
2025-11-24 21:54:25.650 +02:00 [INF] Executing endpoint 'BorrowingService.Api.Controllers.BorrowingsController.IssueBook (BorrowingService.Api)'
2025-11-24 21:54:25.660 +02:00 [INF] Route matched with {action = "IssueBook", controller = "Borrowings"}. Executing controller action with signature System.Threading.Tasks.Task`1[Microsoft.AspNetCore.Mvc.IActionResult] IssueBook(IssueBookRequest) on controller BorrowingService.Api.Controllers.BorrowingsController (BorrowingService.Api).
2025-11-24 21:54:25.700 +02:00 [INF] Start processing HTTP request GET http://localhost:5180/api/books/3
2025-11-24 21:54:25.706 +02:00 [INF] Sending HTTP request GET http://localhost:5180/api/books/3
2025-11-24 21:54:25.956 +02:00 [INF] Received HTTP response headers after 244.9587ms - 200
2025-11-24 21:54:25.958 +02:00 [INF] End processing HTTP request after 258.688ms - 200
2025-11-24 21:54:26.005 +02:00 [INF] Executing ConflictObjectResult, writing value of type '<>f__AnonymousType2`1[[System.String, System.Private.CoreLib, Version=9.0.0.0, Culture=neutral, PublicKeyToken=7cec85d7bea7798e]]'.
2025-11-24 21:54:26.013 +02:00 [INF] Executed action BorrowingService.Api.Controllers.BorrowingsController.IssueBook (BorrowingService.Api) in 348.6726ms
2025-11-24 21:54:26.015 +02:00 [INF] Executed endpoint 'BorrowingService.Api.Controllers.BorrowingsController.IssueBook (BorrowingService.Api)'
2025-11-24 21:54:26.017 +02:00 [INF] Request finished HTTP/1.1 POST http://localhost:5017/api/borrowings/issue - 409 null application/json; charset=utf-8 378.4934ms
2025-11-24 21:54:36.630 +02:00 [INF] Request starting HTTP/1.1 POST http://localhost:5017/api/borrowings/issue - application/json 25
2025-11-24 21:54:36.641 +02:00 [INF] CORS policy execution successful.
2025-11-24 21:54:36.643 +02:00 [INF] Executing endpoint 'BorrowingService.Api.Controllers.BorrowingsController.IssueBook (BorrowingService.Api)'
2025-11-24 21:54:36.645 +02:00 [INF] Route matched with {action = "IssueBook", controller = "Borrowings"}. Executing controller action with signature System.Threading.Tasks.Task`1[Microsoft.AspNetCore.Mvc.IActionResult] IssueBook(IssueBookRequest) on controller BorrowingService.Api.Controllers.BorrowingsController (BorrowingService.Api).
2025-11-24 21:54:36.648 +02:00 [INF] Start processing HTTP request GET http://localhost:5180/api/books/3
2025-11-24 21:54:36.651 +02:00 [INF] Sending HTTP request GET http://localhost:5180/api/books/3
2025-11-24 21:54:36.690 +02:00 [INF] Received HTTP response headers after 36.6769ms - 200
2025-11-24 21:54:36.694 +02:00 [INF] End processing HTTP request after 45.6364ms - 200
2025-11-24 21:54:36.701 +02:00 [INF] Executing ConflictObjectResult, writing value of type '<>f__AnonymousType2`1[[System.String, System.Private.CoreLib, Version=9.0.0.0, Culture=neutral, PublicKeyToken=7cec85d7bea7798e]]'.
2025-11-24 21:54:36.706 +02:00 [INF] Executed action BorrowingService.Api.Controllers.BorrowingsController.IssueBook (BorrowingService.Api) in 58.6321ms
2025-11-24 21:54:36.710 +02:00 [INF] Executed endpoint 'BorrowingService.Api.Controllers.BorrowingsController.IssueBook (BorrowingService.Api)'
2025-11-24 21:54:36.712 +02:00 [INF] Request finished HTTP/1.1 POST http://localhost:5017/api/borrowings/issue - 409 null application/json; charset=utf-8 82.6592ms
2025-11-24 21:55:32.244 +02:00 [INF] Request starting HTTP/1.1 GET http://localhost:5017/api/readers - null null
2025-11-24 21:55:32.252 +02:00 [INF] Executing endpoint 'BorrowingService.Api.Controllers.ReadersController.GetAll (BorrowingService.Api)'
2025-11-24 21:55:32.255 +02:00 [INF] Route matched with {action = "GetAll", controller = "Readers"}. Executing controller action with signature System.Threading.Tasks.Task`1[Microsoft.AspNetCore.Mvc.IActionResult] GetAll() on controller BorrowingService.Api.Controllers.ReadersController (BorrowingService.Api).
2025-11-24 21:55:32.261 +02:00 [INF] Executing OkObjectResult, writing value of type 'System.Collections.Generic.List`1[[BorrowingService.Bll.Dtos.ReaderDto, BorrowingService.Bll, Version=1.0.0.0, Culture=neutral, PublicKeyToken=null]]'.
2025-11-24 21:55:32.264 +02:00 [INF] Executed action BorrowingService.Api.Controllers.ReadersController.GetAll (BorrowingService.Api) in 3.9297ms
2025-11-24 21:55:32.267 +02:00 [INF] Executed endpoint 'BorrowingService.Api.Controllers.ReadersController.GetAll (BorrowingService.Api)'
2025-11-24 21:55:32.270 +02:00 [INF] Request finished HTTP/1.1 GET http://localhost:5017/api/readers - 200 null application/json; charset=utf-8 26.2193ms
2025-11-24 21:55:35.708 +02:00 [INF] Request starting HTTP/1.1 POST http://localhost:5017/api/borrowings/issue - application/json 25
2025-11-24 21:55:35.714 +02:00 [INF] CORS policy execution successful.
2025-11-24 21:55:35.717 +02:00 [INF] Executing endpoint 'BorrowingService.Api.Controllers.BorrowingsController.IssueBook (BorrowingService.Api)'
2025-11-24 21:55:35.719 +02:00 [INF] Route matched with {action = "IssueBook", controller = "Borrowings"}. Executing controller action with signature System.Threading.Tasks.Task`1[Microsoft.AspNetCore.Mvc.IActionResult] IssueBook(IssueBookRequest) on controller BorrowingService.Api.Controllers.BorrowingsController (BorrowingService.Api).
2025-11-24 21:55:35.724 +02:00 [INF] Start processing HTTP request GET http://localhost:5180/api/books/4
2025-11-24 21:55:35.726 +02:00 [INF] Sending HTTP request GET http://localhost:5180/api/books/4
2025-11-24 21:55:35.755 +02:00 [INF] Received HTTP response headers after 26.427ms - 200
2025-11-24 21:55:35.759 +02:00 [INF] End processing HTTP request after 34.8202ms - 200
2025-11-24 21:55:35.764 +02:00 [INF] Executing ConflictObjectResult, writing value of type '<>f__AnonymousType2`1[[System.String, System.Private.CoreLib, Version=9.0.0.0, Culture=neutral, PublicKeyToken=7cec85d7bea7798e]]'.
2025-11-24 21:55:35.768 +02:00 [INF] Executed action BorrowingService.Api.Controllers.BorrowingsController.IssueBook (BorrowingService.Api) in 44.6724ms
2025-11-24 21:55:35.771 +02:00 [INF] Executed endpoint 'BorrowingService.Api.Controllers.BorrowingsController.IssueBook (BorrowingService.Api)'
2025-11-24 21:55:35.774 +02:00 [INF] Request finished HTTP/1.1 POST http://localhost:5017/api/borrowings/issue - 409 null application/json; charset=utf-8 65.7472ms
2025-11-24 21:57:33.648 +02:00 [INF] Now listening on: http://localhost:5017
2025-11-24 21:57:33.721 +02:00 [INF] Application started. Press Ctrl+C to shut down.
2025-11-24 21:57:33.730 +02:00 [INF] Hosting environment: Development
2025-11-24 21:57:33.740 +02:00 [INF] Content root path: C:\Users\Admin\Documents\projects\LibrarySystem\BorrowingService\BorrowingService.Api
2025-11-24 21:57:42.448 +02:00 [INF] Request starting HTTP/1.1 GET http://localhost:5017/api/readers - null null
2025-11-24 21:57:42.511 +02:00 [INF] Executing endpoint 'BorrowingService.Api.Controllers.ReadersController.GetAll (BorrowingService.Api)'
2025-11-24 21:57:42.540 +02:00 [INF] Route matched with {action = "GetAll", controller = "Readers"}. Executing controller action with signature System.Threading.Tasks.Task`1[Microsoft.AspNetCore.Mvc.IActionResult] GetAll() on controller BorrowingService.Api.Controllers.ReadersController (BorrowingService.Api).
2025-11-24 21:57:43.065 +02:00 [INF] Executing OkObjectResult, writing value of type 'System.Collections.Generic.List`1[[BorrowingService.Bll.Dtos.ReaderDto, BorrowingService.Bll, Version=1.0.0.0, Culture=neutral, PublicKeyToken=null]]'.
2025-11-24 21:57:43.111 +02:00 [INF] Executed action BorrowingService.Api.Controllers.ReadersController.GetAll (BorrowingService.Api) in 560.3229ms
2025-11-24 21:57:43.115 +02:00 [INF] Request starting HTTP/1.1 GET http://localhost:5017/api/readers - null null
2025-11-24 21:57:43.139 +02:00 [INF] Executed endpoint 'BorrowingService.Api.Controllers.ReadersController.GetAll (BorrowingService.Api)'
2025-11-24 21:57:43.145 +02:00 [INF] Executing endpoint 'BorrowingService.Api.Controllers.ReadersController.GetAll (BorrowingService.Api)'
2025-11-24 21:57:43.149 +02:00 [INF] Route matched with {action = "GetAll", controller = "Readers"}. Executing controller action with signature System.Threading.Tasks.Task`1[Microsoft.AspNetCore.Mvc.IActionResult] GetAll() on controller BorrowingService.Api.Controllers.ReadersController (BorrowingService.Api).
2025-11-24 21:57:43.149 +02:00 [INF] Request finished HTTP/1.1 GET http://localhost:5017/api/readers - 200 null application/json; charset=utf-8 702.8107ms
2025-11-24 21:57:43.159 +02:00 [INF] Executing OkObjectResult, writing value of type 'System.Collections.Generic.List`1[[BorrowingService.Bll.Dtos.ReaderDto, BorrowingService.Bll, Version=1.0.0.0, Culture=neutral, PublicKeyToken=null]]'.
2025-11-24 21:57:43.162 +02:00 [INF] Executed action BorrowingService.Api.Controllers.ReadersController.GetAll (BorrowingService.Api) in 8.9323ms
2025-11-24 21:57:43.165 +02:00 [INF] Executed endpoint 'BorrowingService.Api.Controllers.ReadersController.GetAll (BorrowingService.Api)'
2025-11-24 21:57:43.167 +02:00 [INF] Request finished HTTP/1.1 GET http://localhost:5017/api/readers - 200 null application/json; charset=utf-8 52.0847ms
2025-11-24 21:57:49.473 +02:00 [INF] Request starting HTTP/1.1 GET http://localhost:5017/api/readers - null null
2025-11-24 21:57:49.493 +02:00 [INF] Executing endpoint 'BorrowingService.Api.Controllers.ReadersController.GetAll (BorrowingService.Api)'
2025-11-24 21:57:49.498 +02:00 [INF] Route matched with {action = "GetAll", controller = "Readers"}. Executing controller action with signature System.Threading.Tasks.Task`1[Microsoft.AspNetCore.Mvc.IActionResult] GetAll() on controller BorrowingService.Api.Controllers.ReadersController (BorrowingService.Api).
2025-11-24 21:57:49.510 +02:00 [INF] Executing OkObjectResult, writing value of type 'System.Collections.Generic.List`1[[BorrowingService.Bll.Dtos.ReaderDto, BorrowingService.Bll, Version=1.0.0.0, Culture=neutral, PublicKeyToken=null]]'.
2025-11-24 21:57:49.515 +02:00 [INF] Executed action BorrowingService.Api.Controllers.ReadersController.GetAll (BorrowingService.Api) in 9.6707ms
2025-11-24 21:57:49.520 +02:00 [INF] Executed endpoint 'BorrowingService.Api.Controllers.ReadersController.GetAll (BorrowingService.Api)'
2025-11-24 21:57:49.524 +02:00 [INF] Request finished HTTP/1.1 GET http://localhost:5017/api/readers - 200 null application/json; charset=utf-8 50.5866ms
2025-11-24 21:57:52.473 +02:00 [INF] Request starting HTTP/1.1 POST http://localhost:5017/api/borrowings/issue - application/json 25
2025-11-24 21:57:52.489 +02:00 [INF] CORS policy execution successful.
2025-11-24 21:57:52.492 +02:00 [INF] Executing endpoint 'BorrowingService.Api.Controllers.BorrowingsController.IssueBook (BorrowingService.Api)'
2025-11-24 21:57:52.506 +02:00 [INF] Route matched with {action = "IssueBook", controller = "Borrowings"}. Executing controller action with signature System.Threading.Tasks.Task`1[Microsoft.AspNetCore.Mvc.IActionResult] IssueBook(IssueBookRequest) on controller BorrowingService.Api.Controllers.BorrowingsController (BorrowingService.Api).
2025-11-24 21:57:52.558 +02:00 [INF] Start processing HTTP request GET http://localhost:5180/api/books/4
2025-11-24 21:57:52.564 +02:00 [INF] Sending HTTP request GET http://localhost:5180/api/books/4
2025-11-24 21:57:52.813 +02:00 [INF] Received HTTP response headers after 240.3158ms - 200
2025-11-24 21:57:52.818 +02:00 [INF] End processing HTTP request after 260.5085ms - 200
2025-11-24 21:57:52.921 +02:00 [INF] Executing CreatedAtActionResult, writing value of type '<>f__AnonymousType1`2[[System.String, System.Private.CoreLib, Version=9.0.0.0, Culture=neutral, PublicKeyToken=7cec85d7bea7798e],[System.Int32, System.Private.CoreLib, Version=9.0.0.0, Culture=neutral, PublicKeyToken=7cec85d7bea7798e]]'.
2025-11-24 21:57:52.953 +02:00 [INF] Executed action BorrowingService.Api.Controllers.BorrowingsController.IssueBook (BorrowingService.Api) in 441.0885ms
2025-11-24 21:57:52.957 +02:00 [INF] Executed endpoint 'BorrowingService.Api.Controllers.BorrowingsController.IssueBook (BorrowingService.Api)'
2025-11-24 21:57:52.960 +02:00 [INF] Request finished HTTP/1.1 POST http://localhost:5017/api/borrowings/issue - 201 null application/json; charset=utf-8 487.27ms
2025-11-24 21:58:00.249 +02:00 [INF] Request starting HTTP/1.1 GET http://localhost:5017/api/borrowings - null null
2025-11-24 21:58:00.259 +02:00 [INF] Executing endpoint 'BorrowingService.Api.Controllers.BorrowingsController.GetAll (BorrowingService.Api)'
2025-11-24 21:58:00.264 +02:00 [INF] Route matched with {action = "GetAll", controller = "Borrowings"}. Executing controller action with signature System.Threading.Tasks.Task`1[Microsoft.AspNetCore.Mvc.IActionResult] GetAll() on controller BorrowingService.Api.Controllers.BorrowingsController (BorrowingService.Api).
2025-11-24 21:58:00.299 +02:00 [INF] Executing OkObjectResult, writing value of type 'System.Collections.Generic.List`1[[BorrowingService.Bll.Dtos.BorrowingDto, BorrowingService.Bll, Version=1.0.0.0, Culture=neutral, PublicKeyToken=null]]'.
2025-11-24 21:58:00.317 +02:00 [INF] Executed action BorrowingService.Api.Controllers.BorrowingsController.GetAll (BorrowingService.Api) in 47.1785ms
2025-11-24 21:58:00.322 +02:00 [INF] Executed endpoint 'BorrowingService.Api.Controllers.BorrowingsController.GetAll (BorrowingService.Api)'
2025-11-24 21:58:00.323 +02:00 [INF] Request starting HTTP/1.1 GET http://localhost:5017/api/borrowings - null null
2025-11-24 21:58:00.326 +02:00 [INF] Request finished HTTP/1.1 GET http://localhost:5017/api/borrowings - 200 null application/json; charset=utf-8 76.21ms
2025-11-24 21:58:00.332 +02:00 [INF] Executing endpoint 'BorrowingService.Api.Controllers.BorrowingsController.GetAll (BorrowingService.Api)'
2025-11-24 21:58:00.343 +02:00 [INF] Route matched with {action = "GetAll", controller = "Borrowings"}. Executing controller action with signature System.Threading.Tasks.Task`1[Microsoft.AspNetCore.Mvc.IActionResult] GetAll() on controller BorrowingService.Api.Controllers.BorrowingsController (BorrowingService.Api).
2025-11-24 21:58:00.351 +02:00 [INF] Executing OkObjectResult, writing value of type 'System.Collections.Generic.List`1[[BorrowingService.Bll.Dtos.BorrowingDto, BorrowingService.Bll, Version=1.0.0.0, Culture=neutral, PublicKeyToken=null]]'.
2025-11-24 21:58:00.355 +02:00 [INF] Executed action BorrowingService.Api.Controllers.BorrowingsController.GetAll (BorrowingService.Api) in 6.2515ms
2025-11-24 21:58:00.359 +02:00 [INF] Executed endpoint 'BorrowingService.Api.Controllers.BorrowingsController.GetAll (BorrowingService.Api)'
2025-11-24 21:58:00.362 +02:00 [INF] Request finished HTTP/1.1 GET http://localhost:5017/api/borrowings - 200 null application/json; charset=utf-8 39.193ms
2025-11-24 21:58:13.190 +02:00 [INF] Request starting HTTP/1.1 PUT http://localhost:5017/api/borrowings/return/3 - null 0
2025-11-24 21:58:13.197 +02:00 [INF] CORS policy execution successful.
2025-11-24 21:58:13.199 +02:00 [INF] Executing endpoint 'BorrowingService.Api.Controllers.BorrowingsController.ReturnBook (BorrowingService.Api)'
2025-11-24 21:58:13.207 +02:00 [INF] Route matched with {action = "ReturnBook", controller = "Borrowings"}. Executing controller action with signature System.Threading.Tasks.Task`1[Microsoft.AspNetCore.Mvc.IActionResult] ReturnBook(Int32) on controller BorrowingService.Api.Controllers.BorrowingsController (BorrowingService.Api).
2025-11-24 21:58:13.219 +02:00 [INF] Executing OkObjectResult, writing value of type '<>f__AnonymousType3`1[[System.String, System.Private.CoreLib, Version=9.0.0.0, Culture=neutral, PublicKeyToken=7cec85d7bea7798e]]'.
2025-11-24 21:58:13.225 +02:00 [INF] Executed action BorrowingService.Api.Controllers.BorrowingsController.ReturnBook (BorrowingService.Api) in 13.3105ms
2025-11-24 21:58:13.228 +02:00 [INF] Executed endpoint 'BorrowingService.Api.Controllers.BorrowingsController.ReturnBook (BorrowingService.Api)'
2025-11-24 21:58:13.231 +02:00 [INF] Request finished HTTP/1.1 PUT http://localhost:5017/api/borrowings/return/3 - 200 null application/json; charset=utf-8 40.871ms
2025-11-24 21:58:13.236 +02:00 [INF] Request starting HTTP/1.1 GET http://localhost:5017/api/borrowings - null null
2025-11-24 21:58:13.242 +02:00 [INF] Executing endpoint 'BorrowingService.Api.Controllers.BorrowingsController.GetAll (BorrowingService.Api)'
2025-11-24 21:58:13.243 +02:00 [INF] Route matched with {action = "GetAll", controller = "Borrowings"}. Executing controller action with signature System.Threading.Tasks.Task`1[Microsoft.AspNetCore.Mvc.IActionResult] GetAll() on controller BorrowingService.Api.Controllers.BorrowingsController (BorrowingService.Api).
2025-11-24 21:58:13.247 +02:00 [INF] Executing OkObjectResult, writing value of type 'System.Collections.Generic.List`1[[BorrowingService.Bll.Dtos.BorrowingDto, BorrowingService.Bll, Version=1.0.0.0, Culture=neutral, PublicKeyToken=null]]'.
2025-11-24 21:58:13.249 +02:00 [INF] Executed action BorrowingService.Api.Controllers.BorrowingsController.GetAll (BorrowingService.Api) in 3.1795ms
2025-11-24 21:58:13.251 +02:00 [INF] Executed endpoint 'BorrowingService.Api.Controllers.BorrowingsController.GetAll (BorrowingService.Api)'
2025-11-24 21:58:13.253 +02:00 [INF] Request finished HTTP/1.1 GET http://localhost:5017/api/borrowings - 200 null application/json; charset=utf-8 16.7456ms
2025-11-24 22:03:50.752 +02:00 [INF] Now listening on: http://localhost:5017
2025-11-24 22:03:50.787 +02:00 [INF] Application started. Press Ctrl+C to shut down.
2025-11-24 22:03:50.791 +02:00 [INF] Hosting environment: Development
2025-11-24 22:03:50.793 +02:00 [INF] Content root path: C:\Users\Admin\Documents\projects\LibrarySystem\BorrowingService\BorrowingService.Api
2025-11-24 22:06:51.973 +02:00 [INF] Request starting HTTP/1.1 GET http://localhost:5017/api/readers - null null
2025-11-24 22:06:52.049 +02:00 [INF] Executing endpoint 'BorrowingService.Api.Controllers.ReadersController.GetAll (BorrowingService.Api)'
2025-11-24 22:06:52.073 +02:00 [INF] Route matched with {action = "GetAll", controller = "Readers"}. Executing controller action with signature System.Threading.Tasks.Task`1[Microsoft.AspNetCore.Mvc.IActionResult] GetAll() on controller BorrowingService.Api.Controllers.ReadersController (BorrowingService.Api).
2025-11-24 22:06:52.563 +02:00 [INF] Executing OkObjectResult, writing value of type 'System.Collections.Generic.List`1[[BorrowingService.Bll.Dtos.ReaderDto, BorrowingService.Bll, Version=1.0.0.0, Culture=neutral, PublicKeyToken=null]]'.
2025-11-24 22:06:52.605 +02:00 [INF] Executed action BorrowingService.Api.Controllers.ReadersController.GetAll (BorrowingService.Api) in 524.5401ms
2025-11-24 22:06:52.607 +02:00 [INF] Request starting HTTP/1.1 GET http://localhost:5017/api/readers - null null
2025-11-24 22:06:52.611 +02:00 [INF] Executed endpoint 'BorrowingService.Api.Controllers.ReadersController.GetAll (BorrowingService.Api)'
2025-11-24 22:06:52.621 +02:00 [INF] Executing endpoint 'BorrowingService.Api.Controllers.ReadersController.GetAll (BorrowingService.Api)'
2025-11-24 22:06:52.624 +02:00 [INF] Route matched with {action = "GetAll", controller = "Readers"}. Executing controller action with signature System.Threading.Tasks.Task`1[Microsoft.AspNetCore.Mvc.IActionResult] GetAll() on controller BorrowingService.Api.Controllers.ReadersController (BorrowingService.Api).
2025-11-24 22:06:52.625 +02:00 [INF] Request finished HTTP/1.1 GET http://localhost:5017/api/readers - 200 null application/json; charset=utf-8 653.5082ms
2025-11-24 22:06:52.636 +02:00 [INF] Executing OkObjectResult, writing value of type 'System.Collections.Generic.List`1[[BorrowingService.Bll.Dtos.ReaderDto, BorrowingService.Bll, Version=1.0.0.0, Culture=neutral, PublicKeyToken=null]]'.
2025-11-24 22:06:52.641 +02:00 [INF] Executed action BorrowingService.Api.Controllers.ReadersController.GetAll (BorrowingService.Api) in 11.2836ms
2025-11-24 22:06:52.644 +02:00 [INF] Executed endpoint 'BorrowingService.Api.Controllers.ReadersController.GetAll (BorrowingService.Api)'
2025-11-24 22:06:52.647 +02:00 [INF] Request finished HTTP/1.1 GET http://localhost:5017/api/readers - 200 null application/json; charset=utf-8 39.5764ms
2025-11-24 22:06:55.526 +02:00 [INF] Request starting HTTP/1.1 GET http://localhost:5017/api/borrowings - null null
2025-11-24 22:06:55.533 +02:00 [INF] Executing endpoint 'BorrowingService.Api.Controllers.BorrowingsController.GetAll (BorrowingService.Api)'
2025-11-24 22:06:55.540 +02:00 [INF] Route matched with {action = "GetAll", controller = "Borrowings"}. Executing controller action with signature System.Threading.Tasks.Task`1[Microsoft.AspNetCore.Mvc.IActionResult] GetAll() on controller BorrowingService.Api.Controllers.BorrowingsController (BorrowingService.Api).
2025-11-24 22:06:55.634 +02:00 [INF] Executing OkObjectResult, writing value of type 'System.Collections.Generic.List`1[[BorrowingService.Bll.Dtos.BorrowingDto, BorrowingService.Bll, Version=1.0.0.0, Culture=neutral, PublicKeyToken=null]]'.
2025-11-24 22:06:55.661 +02:00 [INF] Executed action BorrowingService.Api.Controllers.BorrowingsController.GetAll (BorrowingService.Api) in 116.4855ms
2025-11-24 22:06:55.666 +02:00 [INF] Executed endpoint 'BorrowingService.Api.Controllers.BorrowingsController.GetAll (BorrowingService.Api)'
2025-11-24 22:06:55.669 +02:00 [INF] Request finished HTTP/1.1 GET http://localhost:5017/api/borrowings - 200 null application/json; charset=utf-8 143.0153ms
2025-11-24 22:06:55.669 +02:00 [INF] Request starting HTTP/1.1 GET http://localhost:5017/api/borrowings - null null
2025-11-24 22:06:55.681 +02:00 [INF] Executing endpoint 'BorrowingService.Api.Controllers.BorrowingsController.GetAll (BorrowingService.Api)'
2025-11-24 22:06:55.684 +02:00 [INF] Route matched with {action = "GetAll", controller = "Borrowings"}. Executing controller action with signature System.Threading.Tasks.Task`1[Microsoft.AspNetCore.Mvc.IActionResult] GetAll() on controller BorrowingService.Api.Controllers.BorrowingsController (BorrowingService.Api).
2025-11-24 22:06:55.690 +02:00 [INF] Executing OkObjectResult, writing value of type 'System.Collections.Generic.List`1[[BorrowingService.Bll.Dtos.BorrowingDto, BorrowingService.Bll, Version=1.0.0.0, Culture=neutral, PublicKeyToken=null]]'.
2025-11-24 22:06:55.693 +02:00 [INF] Executed action BorrowingService.Api.Controllers.BorrowingsController.GetAll (BorrowingService.Api) in 4.9731ms
2025-11-24 22:06:55.696 +02:00 [INF] Executed endpoint 'BorrowingService.Api.Controllers.BorrowingsController.GetAll (BorrowingService.Api)'
2025-11-24 22:06:55.699 +02:00 [INF] Request finished HTTP/1.1 GET http://localhost:5017/api/borrowings - 200 null application/json; charset=utf-8 30.1804ms
2025-11-24 22:07:02.112 +02:00 [INF] Request starting HTTP/1.1 GET http://localhost:5017/api/borrowings - null null
2025-11-24 22:07:02.120 +02:00 [INF] Executing endpoint 'BorrowingService.Api.Controllers.BorrowingsController.GetAll (BorrowingService.Api)'
2025-11-24 22:07:02.123 +02:00 [INF] Route matched with {action = "GetAll", controller = "Borrowings"}. Executing controller action with signature System.Threading.Tasks.Task`1[Microsoft.AspNetCore.Mvc.IActionResult] GetAll() on controller BorrowingService.Api.Controllers.BorrowingsController (BorrowingService.Api).
2025-11-24 22:07:02.128 +02:00 [INF] Executing OkObjectResult, writing value of type 'System.Collections.Generic.List`1[[BorrowingService.Bll.Dtos.BorrowingDto, BorrowingService.Bll, Version=1.0.0.0, Culture=neutral, PublicKeyToken=null]]'.
2025-11-24 22:07:02.131 +02:00 [INF] Executed action BorrowingService.Api.Controllers.BorrowingsController.GetAll (BorrowingService.Api) in 4.8066ms
2025-11-24 22:07:02.134 +02:00 [INF] Executed endpoint 'BorrowingService.Api.Controllers.BorrowingsController.GetAll (BorrowingService.Api)'
2025-11-24 22:07:02.135 +02:00 [INF] Request starting HTTP/1.1 GET http://localhost:5017/api/borrowings - null null
2025-11-24 22:07:02.136 +02:00 [INF] Request finished HTTP/1.1 GET http://localhost:5017/api/borrowings - 200 null application/json; charset=utf-8 24.1014ms
2025-11-24 22:07:02.141 +02:00 [INF] Executing endpoint 'BorrowingService.Api.Controllers.BorrowingsController.GetAll (BorrowingService.Api)'
2025-11-24 22:07:02.149 +02:00 [INF] Route matched with {action = "GetAll", controller = "Borrowings"}. Executing controller action with signature System.Threading.Tasks.Task`1[Microsoft.AspNetCore.Mvc.IActionResult] GetAll() on controller BorrowingService.Api.Controllers.BorrowingsController (BorrowingService.Api).
2025-11-24 22:07:02.154 +02:00 [INF] Executing OkObjectResult, writing value of type 'System.Collections.Generic.List`1[[BorrowingService.Bll.Dtos.BorrowingDto, BorrowingService.Bll, Version=1.0.0.0, Culture=neutral, PublicKeyToken=null]]'.
2025-11-24 22:07:02.157 +02:00 [INF] Executed action BorrowingService.Api.Controllers.BorrowingsController.GetAll (BorrowingService.Api) in 3.8575ms
2025-11-24 22:07:02.159 +02:00 [INF] Executed endpoint 'BorrowingService.Api.Controllers.BorrowingsController.GetAll (BorrowingService.Api)'
2025-11-24 22:07:02.161 +02:00 [INF] Request finished HTTP/1.1 GET http://localhost:5017/api/borrowings - 200 null application/json; charset=utf-8 25.6755ms
2025-11-24 22:07:08.589 +02:00 [INF] Request starting HTTP/1.1 GET http://localhost:5017/api/readers - null null
2025-11-24 22:07:08.594 +02:00 [INF] Executing endpoint 'BorrowingService.Api.Controllers.ReadersController.GetAll (BorrowingService.Api)'
2025-11-24 22:07:08.596 +02:00 [INF] Route matched with {action = "GetAll", controller = "Readers"}. Executing controller action with signature System.Threading.Tasks.Task`1[Microsoft.AspNetCore.Mvc.IActionResult] GetAll() on controller BorrowingService.Api.Controllers.ReadersController (BorrowingService.Api).
2025-11-24 22:07:08.602 +02:00 [INF] Executing OkObjectResult, writing value of type 'System.Collections.Generic.List`1[[BorrowingService.Bll.Dtos.ReaderDto, BorrowingService.Bll, Version=1.0.0.0, Culture=neutral, PublicKeyToken=null]]'.
2025-11-24 22:07:08.604 +02:00 [INF] Executed action BorrowingService.Api.Controllers.ReadersController.GetAll (BorrowingService.Api) in 3.9924ms
2025-11-24 22:07:08.606 +02:00 [INF] Executed endpoint 'BorrowingService.Api.Controllers.ReadersController.GetAll (BorrowingService.Api)'
2025-11-24 22:07:08.608 +02:00 [INF] Request finished HTTP/1.1 GET http://localhost:5017/api/readers - 200 null application/json; charset=utf-8 18.5187ms
2025-11-24 22:07:12.642 +02:00 [INF] Request starting HTTP/1.1 POST http://localhost:5017/api/borrowings/issue - application/json 25
2025-11-24 22:07:12.654 +02:00 [INF] CORS policy execution successful.
2025-11-24 22:07:12.657 +02:00 [INF] Executing endpoint 'BorrowingService.Api.Controllers.BorrowingsController.IssueBook (BorrowingService.Api)'
2025-11-24 22:07:12.669 +02:00 [INF] Route matched with {action = "IssueBook", controller = "Borrowings"}. Executing controller action with signature System.Threading.Tasks.Task`1[Microsoft.AspNetCore.Mvc.IActionResult] IssueBook(IssueBookRequest) on controller BorrowingService.Api.Controllers.BorrowingsController (BorrowingService.Api).
2025-11-24 22:07:12.708 +02:00 [INF] Start processing HTTP request GET http://localhost:5180/api/books/3
2025-11-24 22:07:12.712 +02:00 [INF] Sending HTTP request GET http://localhost:5180/api/books/3
2025-11-24 22:07:12.998 +02:00 [INF] Received HTTP response headers after 279.5967ms - 200
2025-11-24 22:07:13.004 +02:00 [INF] End processing HTTP request after 296.7932ms - 200
2025-11-24 22:07:13.083 +02:00 [INF] Executing CreatedAtActionResult, writing value of type '<>f__AnonymousType1`2[[System.String, System.Private.CoreLib, Version=9.0.0.0, Culture=neutral, PublicKeyToken=7cec85d7bea7798e],[System.Int32, System.Private.CoreLib, Version=9.0.0.0, Culture=neutral, PublicKeyToken=7cec85d7bea7798e]]'.
2025-11-24 22:07:13.114 +02:00 [INF] Executed action BorrowingService.Api.Controllers.BorrowingsController.IssueBook (BorrowingService.Api) in 439.2491ms
2025-11-24 22:07:13.118 +02:00 [INF] Executed endpoint 'BorrowingService.Api.Controllers.BorrowingsController.IssueBook (BorrowingService.Api)'
2025-11-24 22:07:13.121 +02:00 [INF] Request finished HTTP/1.1 POST http://localhost:5017/api/borrowings/issue - 201 null application/json; charset=utf-8 479.357ms
2025-11-24 22:07:16.515 +02:00 [INF] Request starting HTTP/1.1 GET http://localhost:5017/api/borrowings - null null
2025-11-24 22:07:16.523 +02:00 [INF] Executing endpoint 'BorrowingService.Api.Controllers.BorrowingsController.GetAll (BorrowingService.Api)'
2025-11-24 22:07:16.525 +02:00 [INF] Route matched with {action = "GetAll", controller = "Borrowings"}. Executing controller action with signature System.Threading.Tasks.Task`1[Microsoft.AspNetCore.Mvc.IActionResult] GetAll() on controller BorrowingService.Api.Controllers.BorrowingsController (BorrowingService.Api).
2025-11-24 22:07:16.530 +02:00 [INF] Executing OkObjectResult, writing value of type 'System.Collections.Generic.List`1[[BorrowingService.Bll.Dtos.BorrowingDto, BorrowingService.Bll, Version=1.0.0.0, Culture=neutral, PublicKeyToken=null]]'.
2025-11-24 22:07:16.534 +02:00 [INF] Executed action BorrowingService.Api.Controllers.BorrowingsController.GetAll (BorrowingService.Api) in 5.4912ms
2025-11-24 22:07:16.538 +02:00 [INF] Executed endpoint 'BorrowingService.Api.Controllers.BorrowingsController.GetAll (BorrowingService.Api)'
2025-11-24 22:07:16.539 +02:00 [INF] Request starting HTTP/1.1 GET http://localhost:5017/api/borrowings - null null
2025-11-24 22:07:16.541 +02:00 [INF] Request finished HTTP/1.1 GET http://localhost:5017/api/borrowings - 200 null application/json; charset=utf-8 26.5358ms
2025-11-24 22:07:16.547 +02:00 [INF] Executing endpoint 'BorrowingService.Api.Controllers.BorrowingsController.GetAll (BorrowingService.Api)'
2025-11-24 22:07:16.554 +02:00 [INF] Route matched with {action = "GetAll", controller = "Borrowings"}. Executing controller action with signature System.Threading.Tasks.Task`1[Microsoft.AspNetCore.Mvc.IActionResult] GetAll() on controller BorrowingService.Api.Controllers.BorrowingsController (BorrowingService.Api).
2025-11-24 22:07:16.559 +02:00 [INF] Executing OkObjectResult, writing value of type 'System.Collections.Generic.List`1[[BorrowingService.Bll.Dtos.BorrowingDto, BorrowingService.Bll, Version=1.0.0.0, Culture=neutral, PublicKeyToken=null]]'.
2025-11-24 22:07:16.562 +02:00 [INF] Executed action BorrowingService.Api.Controllers.BorrowingsController.GetAll (BorrowingService.Api) in 4.0263ms
2025-11-24 22:07:16.565 +02:00 [INF] Executed endpoint 'BorrowingService.Api.Controllers.BorrowingsController.GetAll (BorrowingService.Api)'
2025-11-24 22:07:16.567 +02:00 [INF] Request finished HTTP/1.1 GET http://localhost:5017/api/borrowings - 200 null application/json; charset=utf-8 27.7878ms
2025-11-24 22:07:56.555 +02:00 [INF] Request starting HTTP/1.1 PUT http://localhost:5017/api/borrowings/return/4 - null 0
2025-11-24 22:07:56.563 +02:00 [INF] CORS policy execution successful.
2025-11-24 22:07:56.565 +02:00 [INF] Executing endpoint 'BorrowingService.Api.Controllers.BorrowingsController.ReturnBook (BorrowingService.Api)'
2025-11-24 22:07:56.572 +02:00 [INF] Route matched with {action = "ReturnBook", controller = "Borrowings"}. Executing controller action with signature System.Threading.Tasks.Task`1[Microsoft.AspNetCore.Mvc.IActionResult] ReturnBook(Int32) on controller BorrowingService.Api.Controllers.BorrowingsController (BorrowingService.Api).
2025-11-24 22:07:56.587 +02:00 [INF] Executing OkObjectResult, writing value of type '<>f__AnonymousType3`1[[System.String, System.Private.CoreLib, Version=9.0.0.0, Culture=neutral, PublicKeyToken=7cec85d7bea7798e]]'.
2025-11-24 22:07:56.592 +02:00 [INF] Executed action BorrowingService.Api.Controllers.BorrowingsController.ReturnBook (BorrowingService.Api) in 17.2262ms
2025-11-24 22:07:56.596 +02:00 [INF] Executed endpoint 'BorrowingService.Api.Controllers.BorrowingsController.ReturnBook (BorrowingService.Api)'
2025-11-24 22:07:56.598 +02:00 [INF] Request finished HTTP/1.1 PUT http://localhost:5017/api/borrowings/return/4 - 200 null application/json; charset=utf-8 43.2078ms
2025-11-24 22:07:56.605 +02:00 [INF] Request starting HTTP/1.1 GET http://localhost:5017/api/borrowings - null null
2025-11-24 22:07:56.611 +02:00 [INF] Executing endpoint 'BorrowingService.Api.Controllers.BorrowingsController.GetAll (BorrowingService.Api)'
2025-11-24 22:07:56.613 +02:00 [INF] Route matched with {action = "GetAll", controller = "Borrowings"}. Executing controller action with signature System.Threading.Tasks.Task`1[Microsoft.AspNetCore.Mvc.IActionResult] GetAll() on controller BorrowingService.Api.Controllers.BorrowingsController (BorrowingService.Api).
2025-11-24 22:07:56.618 +02:00 [INF] Executing OkObjectResult, writing value of type 'System.Collections.Generic.List`1[[BorrowingService.Bll.Dtos.BorrowingDto, BorrowingService.Bll, Version=1.0.0.0, Culture=neutral, PublicKeyToken=null]]'.
2025-11-24 22:07:56.621 +02:00 [INF] Executed action BorrowingService.Api.Controllers.BorrowingsController.GetAll (BorrowingService.Api) in 4.5949ms
2025-11-24 22:07:56.625 +02:00 [INF] Executed endpoint 'BorrowingService.Api.Controllers.BorrowingsController.GetAll (BorrowingService.Api)'
2025-11-24 22:07:56.628 +02:00 [INF] Request finished HTTP/1.1 GET http://localhost:5017/api/borrowings - 200 null application/json; charset=utf-8 22.3631ms
2025-11-24 22:59:31.184 +02:00 [INF] Now listening on: http://localhost:5017
2025-11-24 22:59:31.235 +02:00 [INF] Application started. Press Ctrl+C to shut down.
2025-11-24 22:59:31.238 +02:00 [INF] Hosting environment: Development
2025-11-24 22:59:31.240 +02:00 [INF] Content root path: C:\Users\Admin\Documents\projects\LibrarySystem\BorrowingService\BorrowingService.Api
2025-11-24 22:59:45.055 +02:00 [INF] Request starting HTTP/1.1 GET http://localhost:5017/api/readers - null null
2025-11-24 22:59:45.105 +02:00 [INF] Executing endpoint 'BorrowingService.Api.Controllers.ReadersController.GetAll (BorrowingService.Api)'
2025-11-24 22:59:45.124 +02:00 [INF] Route matched with {action = "GetAll", controller = "Readers"}. Executing controller action with signature System.Threading.Tasks.Task`1[Microsoft.AspNetCore.Mvc.IActionResult] GetAll() on controller BorrowingService.Api.Controllers.ReadersController (BorrowingService.Api).
2025-11-24 22:59:45.547 +02:00 [INF] Executing OkObjectResult, writing value of type 'System.Collections.Generic.List`1[[BorrowingService.Bll.Dtos.ReaderDto, BorrowingService.Bll, Version=1.0.0.0, Culture=neutral, PublicKeyToken=null]]'.
2025-11-24 22:59:45.589 +02:00 [INF] Executed action BorrowingService.Api.Controllers.ReadersController.GetAll (BorrowingService.Api) in 456.5938ms
2025-11-24 22:59:45.593 +02:00 [INF] Request starting HTTP/1.1 GET http://localhost:5017/api/readers - null null
2025-11-24 22:59:45.610 +02:00 [INF] Executed endpoint 'BorrowingService.Api.Controllers.ReadersController.GetAll (BorrowingService.Api)'
2025-11-24 22:59:45.616 +02:00 [INF] Executing endpoint 'BorrowingService.Api.Controllers.ReadersController.GetAll (BorrowingService.Api)'
2025-11-24 22:59:45.620 +02:00 [INF] Route matched with {action = "GetAll", controller = "Readers"}. Executing controller action with signature System.Threading.Tasks.Task`1[Microsoft.AspNetCore.Mvc.IActionResult] GetAll() on controller BorrowingService.Api.Controllers.ReadersController (BorrowingService.Api).
2025-11-24 22:59:45.621 +02:00 [INF] Request finished HTTP/1.1 GET http://localhost:5017/api/readers - 200 null application/json; charset=utf-8 567.7715ms
2025-11-24 22:59:45.633 +02:00 [INF] Executing OkObjectResult, writing value of type 'System.Collections.Generic.List`1[[BorrowingService.Bll.Dtos.ReaderDto, BorrowingService.Bll, Version=1.0.0.0, Culture=neutral, PublicKeyToken=null]]'.
2025-11-24 22:59:45.639 +02:00 [INF] Executed action BorrowingService.Api.Controllers.ReadersController.GetAll (BorrowingService.Api) in 12.6809ms
2025-11-24 22:59:45.642 +02:00 [INF] Executed endpoint 'BorrowingService.Api.Controllers.ReadersController.GetAll (BorrowingService.Api)'
2025-11-24 22:59:45.646 +02:00 [INF] Request finished HTTP/1.1 GET http://localhost:5017/api/readers - 200 null application/json; charset=utf-8 52.4131ms
2025-11-24 22:59:46.867 +02:00 [INF] Request starting HTTP/1.1 GET http://localhost:5017/api/borrowings - null null
2025-11-24 22:59:46.880 +02:00 [INF] Executing endpoint 'BorrowingService.Api.Controllers.BorrowingsController.GetAll (BorrowingService.Api)'
2025-11-24 22:59:46.889 +02:00 [INF] Route matched with {action = "GetAll", controller = "Borrowings"}. Executing controller action with signature System.Threading.Tasks.Task`1[Microsoft.AspNetCore.Mvc.IActionResult] GetAll() on controller BorrowingService.Api.Controllers.BorrowingsController (BorrowingService.Api).
2025-11-24 22:59:46.969 +02:00 [INF] Executed action BorrowingService.Api.Controllers.BorrowingsController.GetAll (BorrowingService.Api) in 73.448ms
2025-11-24 22:59:46.973 +02:00 [INF] Executed endpoint 'BorrowingService.Api.Controllers.BorrowingsController.GetAll (BorrowingService.Api)'
2025-11-24 22:59:46.977 +02:00 [ERR] Unhandled exception occurred
AutoMapper.AutoMapperMappingException: Error mapping types.

Mapping types:
List`1 -> IEnumerable`1
System.Collections.Generic.List`1[[BorrowingService.Domain.Entities.Borrowing, BorrowingService.Domain, Version=1.0.0.0, Culture=neutral, PublicKeyToken=null]] -> System.Collections.Generic.IEnumerable`1[[BorrowingService.Bll.Dtos.BorrowingDto, BorrowingService.Bll, Version=1.0.0.0, Culture=neutral, PublicKeyToken=null]]
 ---> AutoMapper.AutoMapperMappingException: Missing type map configuration or unsupported mapping.

Mapping types:
Borrowing -> BorrowingDto
BorrowingService.Domain.Entities.Borrowing -> BorrowingService.Bll.Dtos.BorrowingDto
   at lambda_method21(Closure, Borrowing, BorrowingDto, ResolutionContext)
   at lambda_method20(Closure, Object, IEnumerable`1, ResolutionContext)
   --- End of inner exception stack trace ---
   at lambda_method20(Closure, Object, IEnumerable`1, ResolutionContext)
   at BorrowingService.Bll.Services.BorrowingAppService.GetAllAsync() in C:\Users\Admin\Documents\projects\LibrarySystem\BorrowingService\BorrowingService.Bll\Services\BorrowingAppService.cs:line 106
   at BorrowingService.Api.Controllers.BorrowingsController.GetAll() in C:\Users\Admin\Documents\projects\LibrarySystem\BorrowingService\BorrowingService.Api\Controllers\BorrowingsController.cs:line 23
   at Microsoft.AspNetCore.Mvc.Infrastructure.ActionMethodExecutor.TaskOfIActionResultExecutor.Execute(ActionContext actionContext, IActionResultTypeMapper mapper, ObjectMethodExecutor executor, Object controller, Object[] arguments)
   at Microsoft.AspNetCore.Mvc.Infrastructure.ControllerActionInvoker.<InvokeActionMethodAsync>g__Awaited|12_0(ControllerActionInvoker invoker, ValueTask`1 actionResultValueTask)
   at Microsoft.AspNetCore.Mvc.Infrastructure.ControllerActionInvoker.<InvokeNextActionFilterAsync>g__Awaited|10_0(ControllerActionInvoker invoker, Task lastTask, State next, Scope scope, Object state, Boolean isCompleted)
   at Microsoft.AspNetCore.Mvc.Infrastructure.ControllerActionInvoker.Rethrow(ActionExecutedContextSealed context)
   at Microsoft.AspNetCore.Mvc.Infrastructure.ControllerActionInvoker.Next(State& next, Scope& scope, Object& state, Boolean& isCompleted)
   at Microsoft.AspNetCore.Mvc.Infrastructure.ControllerActionInvoker.<InvokeInnerFilterAsync>g__Awaited|13_0(ControllerActionInvoker invoker, Task lastTask, State next, Scope scope, Object state, Boolean isCompleted)
   at Microsoft.AspNetCore.Mvc.Infrastructure.ResourceInvoker.<InvokeFilterPipelineAsync>g__Awaited|20_0(ResourceInvoker invoker, Task lastTask, State next, Scope scope, Object state, Boolean isCompleted)
   at Microsoft.AspNetCore.Mvc.Infrastructure.ResourceInvoker.<InvokeAsync>g__Logged|17_1(ResourceInvoker invoker)
   at Microsoft.AspNetCore.Mvc.Infrastructure.ResourceInvoker.<InvokeAsync>g__Logged|17_1(ResourceInvoker invoker)
   at Microsoft.AspNetCore.Routing.EndpointMiddleware.<Invoke>g__AwaitRequestTask|7_0(Endpoint endpoint, Task requestTask, ILogger logger)
   at BorrowingService.Api.Middleware.ErrorHandlingMiddleware.InvokeAsync(HttpContext context) in C:\Users\Admin\Documents\projects\LibrarySystem\BorrowingService\BorrowingService.Api\Middleware\ErrorHandlingMiddleware.cs:line 21
2025-11-24 22:59:47.021 +02:00 [INF] Request finished HTTP/1.1 GET http://localhost:5017/api/borrowings - 500 null application/problem+json 153.8056ms
2025-11-24 22:59:47.026 +02:00 [INF] Request starting HTTP/1.1 GET http://localhost:5017/api/borrowings - null null
2025-11-24 22:59:47.035 +02:00 [INF] Executing endpoint 'BorrowingService.Api.Controllers.BorrowingsController.GetAll (BorrowingService.Api)'
2025-11-24 22:59:47.038 +02:00 [INF] Route matched with {action = "GetAll", controller = "Borrowings"}. Executing controller action with signature System.Threading.Tasks.Task`1[Microsoft.AspNetCore.Mvc.IActionResult] GetAll() on controller BorrowingService.Api.Controllers.BorrowingsController (BorrowingService.Api).
2025-11-24 22:59:47.043 +02:00 [INF] Executed action BorrowingService.Api.Controllers.BorrowingsController.GetAll (BorrowingService.Api) in 2.0115ms
2025-11-24 22:59:47.046 +02:00 [INF] Executed endpoint 'BorrowingService.Api.Controllers.BorrowingsController.GetAll (BorrowingService.Api)'
2025-11-24 22:59:47.048 +02:00 [ERR] Unhandled exception occurred
AutoMapper.AutoMapperMappingException: Error mapping types.

Mapping types:
List`1 -> IEnumerable`1
System.Collections.Generic.List`1[[BorrowingService.Domain.Entities.Borrowing, BorrowingService.Domain, Version=1.0.0.0, Culture=neutral, PublicKeyToken=null]] -> System.Collections.Generic.IEnumerable`1[[BorrowingService.Bll.Dtos.BorrowingDto, BorrowingService.Bll, Version=1.0.0.0, Culture=neutral, PublicKeyToken=null]]
 ---> AutoMapper.AutoMapperMappingException: Missing type map configuration or unsupported mapping.

Mapping types:
Borrowing -> BorrowingDto
BorrowingService.Domain.Entities.Borrowing -> BorrowingService.Bll.Dtos.BorrowingDto
   at lambda_method21(Closure, Borrowing, BorrowingDto, ResolutionContext)
   at lambda_method20(Closure, Object, IEnumerable`1, ResolutionContext)
   --- End of inner exception stack trace ---
   at lambda_method20(Closure, Object, IEnumerable`1, ResolutionContext)
   at BorrowingService.Bll.Services.BorrowingAppService.GetAllAsync() in C:\Users\Admin\Documents\projects\LibrarySystem\BorrowingService\BorrowingService.Bll\Services\BorrowingAppService.cs:line 106
   at BorrowingService.Api.Controllers.BorrowingsController.GetAll() in C:\Users\Admin\Documents\projects\LibrarySystem\BorrowingService\BorrowingService.Api\Controllers\BorrowingsController.cs:line 23
   at Microsoft.AspNetCore.Mvc.Infrastructure.ActionMethodExecutor.TaskOfIActionResultExecutor.Execute(ActionContext actionContext, IActionResultTypeMapper mapper, ObjectMethodExecutor executor, Object controller, Object[] arguments)
   at Microsoft.AspNetCore.Mvc.Infrastructure.ControllerActionInvoker.<InvokeActionMethodAsync>g__Awaited|12_0(ControllerActionInvoker invoker, ValueTask`1 actionResultValueTask)
   at Microsoft.AspNetCore.Mvc.Infrastructure.ControllerActionInvoker.<InvokeNextActionFilterAsync>g__Awaited|10_0(ControllerActionInvoker invoker, Task lastTask, State next, Scope scope, Object state, Boolean isCompleted)
   at Microsoft.AspNetCore.Mvc.Infrastructure.ControllerActionInvoker.Rethrow(ActionExecutedContextSealed context)
   at Microsoft.AspNetCore.Mvc.Infrastructure.ControllerActionInvoker.Next(State& next, Scope& scope, Object& state, Boolean& isCompleted)
   at Microsoft.AspNetCore.Mvc.Infrastructure.ControllerActionInvoker.<InvokeInnerFilterAsync>g__Awaited|13_0(ControllerActionInvoker invoker, Task lastTask, State next, Scope scope, Object state, Boolean isCompleted)
   at Microsoft.AspNetCore.Mvc.Infrastructure.ResourceInvoker.<InvokeFilterPipelineAsync>g__Awaited|20_0(ResourceInvoker invoker, Task lastTask, State next, Scope scope, Object state, Boolean isCompleted)
   at Microsoft.AspNetCore.Mvc.Infrastructure.ResourceInvoker.<InvokeAsync>g__Logged|17_1(ResourceInvoker invoker)
   at Microsoft.AspNetCore.Mvc.Infrastructure.ResourceInvoker.<InvokeAsync>g__Logged|17_1(ResourceInvoker invoker)
   at Microsoft.AspNetCore.Routing.EndpointMiddleware.<Invoke>g__AwaitRequestTask|7_0(Endpoint endpoint, Task requestTask, ILogger logger)
   at BorrowingService.Api.Middleware.ErrorHandlingMiddleware.InvokeAsync(HttpContext context) in C:\Users\Admin\Documents\projects\LibrarySystem\BorrowingService\BorrowingService.Api\Middleware\ErrorHandlingMiddleware.cs:line 21
2025-11-24 22:59:47.058 +02:00 [INF] Request finished HTTP/1.1 GET http://localhost:5017/api/borrowings - 500 null application/problem+json 31.4509ms
2025-11-24 22:59:55.010 +02:00 [INF] Request starting HTTP/1.1 GET http://localhost:5017/api/borrowings - null null
2025-11-24 22:59:55.016 +02:00 [INF] Executing endpoint 'BorrowingService.Api.Controllers.BorrowingsController.GetAll (BorrowingService.Api)'
2025-11-24 22:59:55.019 +02:00 [INF] Route matched with {action = "GetAll", controller = "Borrowings"}. Executing controller action with signature System.Threading.Tasks.Task`1[Microsoft.AspNetCore.Mvc.IActionResult] GetAll() on controller BorrowingService.Api.Controllers.BorrowingsController (BorrowingService.Api).
2025-11-24 22:59:55.026 +02:00 [INF] Executed action BorrowingService.Api.Controllers.BorrowingsController.GetAll (BorrowingService.Api) in 1.9294ms
2025-11-24 22:59:55.029 +02:00 [INF] Executed endpoint 'BorrowingService.Api.Controllers.BorrowingsController.GetAll (BorrowingService.Api)'
2025-11-24 22:59:55.032 +02:00 [ERR] Unhandled exception occurred
AutoMapper.AutoMapperMappingException: Error mapping types.

Mapping types:
List`1 -> IEnumerable`1
System.Collections.Generic.List`1[[BorrowingService.Domain.Entities.Borrowing, BorrowingService.Domain, Version=1.0.0.0, Culture=neutral, PublicKeyToken=null]] -> System.Collections.Generic.IEnumerable`1[[BorrowingService.Bll.Dtos.BorrowingDto, BorrowingService.Bll, Version=1.0.0.0, Culture=neutral, PublicKeyToken=null]]
 ---> AutoMapper.AutoMapperMappingException: Missing type map configuration or unsupported mapping.

Mapping types:
Borrowing -> BorrowingDto
BorrowingService.Domain.Entities.Borrowing -> BorrowingService.Bll.Dtos.BorrowingDto
   at lambda_method21(Closure, Borrowing, BorrowingDto, ResolutionContext)
   at lambda_method20(Closure, Object, IEnumerable`1, ResolutionContext)
   --- End of inner exception stack trace ---
   at lambda_method20(Closure, Object, IEnumerable`1, ResolutionContext)
   at BorrowingService.Bll.Services.BorrowingAppService.GetAllAsync() in C:\Users\Admin\Documents\projects\LibrarySystem\BorrowingService\BorrowingService.Bll\Services\BorrowingAppService.cs:line 106
   at BorrowingService.Api.Controllers.BorrowingsController.GetAll() in C:\Users\Admin\Documents\projects\LibrarySystem\BorrowingService\BorrowingService.Api\Controllers\BorrowingsController.cs:line 23
   at Microsoft.AspNetCore.Mvc.Infrastructure.ActionMethodExecutor.TaskOfIActionResultExecutor.Execute(ActionContext actionContext, IActionResultTypeMapper mapper, ObjectMethodExecutor executor, Object controller, Object[] arguments)
   at Microsoft.AspNetCore.Mvc.Infrastructure.ControllerActionInvoker.<InvokeActionMethodAsync>g__Awaited|12_0(ControllerActionInvoker invoker, ValueTask`1 actionResultValueTask)
   at Microsoft.AspNetCore.Mvc.Infrastructure.ControllerActionInvoker.<InvokeNextActionFilterAsync>g__Awaited|10_0(ControllerActionInvoker invoker, Task lastTask, State next, Scope scope, Object state, Boolean isCompleted)
   at Microsoft.AspNetCore.Mvc.Infrastructure.ControllerActionInvoker.Rethrow(ActionExecutedContextSealed context)
   at Microsoft.AspNetCore.Mvc.Infrastructure.ControllerActionInvoker.Next(State& next, Scope& scope, Object& state, Boolean& isCompleted)
   at Microsoft.AspNetCore.Mvc.Infrastructure.ControllerActionInvoker.<InvokeInnerFilterAsync>g__Awaited|13_0(ControllerActionInvoker invoker, Task lastTask, State next, Scope scope, Object state, Boolean isCompleted)
   at Microsoft.AspNetCore.Mvc.Infrastructure.ResourceInvoker.<InvokeFilterPipelineAsync>g__Awaited|20_0(ResourceInvoker invoker, Task lastTask, State next, Scope scope, Object state, Boolean isCompleted)
   at Microsoft.AspNetCore.Mvc.Infrastructure.ResourceInvoker.<InvokeAsync>g__Logged|17_1(ResourceInvoker invoker)
   at Microsoft.AspNetCore.Mvc.Infrastructure.ResourceInvoker.<InvokeAsync>g__Logged|17_1(ResourceInvoker invoker)
   at Microsoft.AspNetCore.Routing.EndpointMiddleware.<Invoke>g__AwaitRequestTask|7_0(Endpoint endpoint, Task requestTask, ILogger logger)
   at BorrowingService.Api.Middleware.ErrorHandlingMiddleware.InvokeAsync(HttpContext context) in C:\Users\Admin\Documents\projects\LibrarySystem\BorrowingService\BorrowingService.Api\Middleware\ErrorHandlingMiddleware.cs:line 21
2025-11-24 22:59:55.048 +02:00 [INF] Request finished HTTP/1.1 GET http://localhost:5017/api/borrowings - 500 null application/problem+json 38.4493ms
2025-11-24 22:59:55.055 +02:00 [INF] Request starting HTTP/1.1 GET http://localhost:5017/api/borrowings - null null
2025-11-24 22:59:55.063 +02:00 [INF] Executing endpoint 'BorrowingService.Api.Controllers.BorrowingsController.GetAll (BorrowingService.Api)'
2025-11-24 22:59:55.065 +02:00 [INF] Route matched with {action = "GetAll", controller = "Borrowings"}. Executing controller action with signature System.Threading.Tasks.Task`1[Microsoft.AspNetCore.Mvc.IActionResult] GetAll() on controller BorrowingService.Api.Controllers.BorrowingsController (BorrowingService.Api).
2025-11-24 22:59:55.070 +02:00 [INF] Executed action BorrowingService.Api.Controllers.BorrowingsController.GetAll (BorrowingService.Api) in 2.2827ms
2025-11-24 22:59:55.073 +02:00 [INF] Executed endpoint 'BorrowingService.Api.Controllers.BorrowingsController.GetAll (BorrowingService.Api)'
2025-11-24 22:59:55.075 +02:00 [ERR] Unhandled exception occurred
AutoMapper.AutoMapperMappingException: Error mapping types.

Mapping types:
List`1 -> IEnumerable`1
System.Collections.Generic.List`1[[BorrowingService.Domain.Entities.Borrowing, BorrowingService.Domain, Version=1.0.0.0, Culture=neutral, PublicKeyToken=null]] -> System.Collections.Generic.IEnumerable`1[[BorrowingService.Bll.Dtos.BorrowingDto, BorrowingService.Bll, Version=1.0.0.0, Culture=neutral, PublicKeyToken=null]]
 ---> AutoMapper.AutoMapperMappingException: Missing type map configuration or unsupported mapping.

Mapping types:
Borrowing -> BorrowingDto
BorrowingService.Domain.Entities.Borrowing -> BorrowingService.Bll.Dtos.BorrowingDto
   at lambda_method21(Closure, Borrowing, BorrowingDto, ResolutionContext)
   at lambda_method20(Closure, Object, IEnumerable`1, ResolutionContext)
   --- End of inner exception stack trace ---
   at lambda_method20(Closure, Object, IEnumerable`1, ResolutionContext)
   at BorrowingService.Bll.Services.BorrowingAppService.GetAllAsync() in C:\Users\Admin\Documents\projects\LibrarySystem\BorrowingService\BorrowingService.Bll\Services\BorrowingAppService.cs:line 106
   at BorrowingService.Api.Controllers.BorrowingsController.GetAll() in C:\Users\Admin\Documents\projects\LibrarySystem\BorrowingService\BorrowingService.Api\Controllers\BorrowingsController.cs:line 23
   at Microsoft.AspNetCore.Mvc.Infrastructure.ActionMethodExecutor.TaskOfIActionResultExecutor.Execute(ActionContext actionContext, IActionResultTypeMapper mapper, ObjectMethodExecutor executor, Object controller, Object[] arguments)
   at Microsoft.AspNetCore.Mvc.Infrastructure.ControllerActionInvoker.<InvokeActionMethodAsync>g__Awaited|12_0(ControllerActionInvoker invoker, ValueTask`1 actionResultValueTask)
   at Microsoft.AspNetCore.Mvc.Infrastructure.ControllerActionInvoker.<InvokeNextActionFilterAsync>g__Awaited|10_0(ControllerActionInvoker invoker, Task lastTask, State next, Scope scope, Object state, Boolean isCompleted)
   at Microsoft.AspNetCore.Mvc.Infrastructure.ControllerActionInvoker.Rethrow(ActionExecutedContextSealed context)
   at Microsoft.AspNetCore.Mvc.Infrastructure.ControllerActionInvoker.Next(State& next, Scope& scope, Object& state, Boolean& isCompleted)
   at Microsoft.AspNetCore.Mvc.Infrastructure.ControllerActionInvoker.<InvokeInnerFilterAsync>g__Awaited|13_0(ControllerActionInvoker invoker, Task lastTask, State next, Scope scope, Object state, Boolean isCompleted)
   at Microsoft.AspNetCore.Mvc.Infrastructure.ResourceInvoker.<InvokeFilterPipelineAsync>g__Awaited|20_0(ResourceInvoker invoker, Task lastTask, State next, Scope scope, Object state, Boolean isCompleted)
   at Microsoft.AspNetCore.Mvc.Infrastructure.ResourceInvoker.<InvokeAsync>g__Logged|17_1(ResourceInvoker invoker)
   at Microsoft.AspNetCore.Mvc.Infrastructure.ResourceInvoker.<InvokeAsync>g__Logged|17_1(ResourceInvoker invoker)
   at Microsoft.AspNetCore.Routing.EndpointMiddleware.<Invoke>g__AwaitRequestTask|7_0(Endpoint endpoint, Task requestTask, ILogger logger)
   at BorrowingService.Api.Middleware.ErrorHandlingMiddleware.InvokeAsync(HttpContext context) in C:\Users\Admin\Documents\projects\LibrarySystem\BorrowingService\BorrowingService.Api\Middleware\ErrorHandlingMiddleware.cs:line 21
2025-11-24 22:59:55.085 +02:00 [INF] Request finished HTTP/1.1 GET http://localhost:5017/api/borrowings - 500 null application/problem+json 30.0613ms
2025-11-24 23:03:07.452 +02:00 [INF] Now listening on: http://localhost:5017
2025-11-24 23:03:07.516 +02:00 [INF] Application started. Press Ctrl+C to shut down.
2025-11-24 23:03:07.518 +02:00 [INF] Hosting environment: Development
2025-11-24 23:03:07.520 +02:00 [INF] Content root path: C:\Users\Admin\Documents\projects\LibrarySystem\BorrowingService\BorrowingService.Api
2025-11-24 23:03:13.197 +02:00 [INF] Request starting HTTP/1.1 GET http://localhost:5017/api/readers - null null
2025-11-24 23:03:13.252 +02:00 [INF] Executing endpoint 'BorrowingService.Api.Controllers.ReadersController.GetAll (BorrowingService.Api)'
2025-11-24 23:03:13.274 +02:00 [INF] Route matched with {action = "GetAll", controller = "Readers"}. Executing controller action with signature System.Threading.Tasks.Task`1[Microsoft.AspNetCore.Mvc.IActionResult] GetAll() on controller BorrowingService.Api.Controllers.ReadersController (BorrowingService.Api).
2025-11-24 23:03:13.747 +02:00 [INF] Executing OkObjectResult, writing value of type 'System.Collections.Generic.List`1[[BorrowingService.Bll.Dtos.ReaderDto, BorrowingService.Bll, Version=1.0.0.0, Culture=neutral, PublicKeyToken=null]]'.
2025-11-24 23:03:13.793 +02:00 [INF] Executed action BorrowingService.Api.Controllers.ReadersController.GetAll (BorrowingService.Api) in 510.5125ms
2025-11-24 23:03:13.797 +02:00 [INF] Request starting HTTP/1.1 GET http://localhost:5017/api/readers - null null
2025-11-24 23:03:13.822 +02:00 [INF] Executed endpoint 'BorrowingService.Api.Controllers.ReadersController.GetAll (BorrowingService.Api)'
2025-11-24 23:03:13.826 +02:00 [INF] Executing endpoint 'BorrowingService.Api.Controllers.ReadersController.GetAll (BorrowingService.Api)'
2025-11-24 23:03:13.830 +02:00 [INF] Request finished HTTP/1.1 GET http://localhost:5017/api/readers - 200 null application/json; charset=utf-8 635.5973ms
2025-11-24 23:03:13.830 +02:00 [INF] Route matched with {action = "GetAll", controller = "Readers"}. Executing controller action with signature System.Threading.Tasks.Task`1[Microsoft.AspNetCore.Mvc.IActionResult] GetAll() on controller BorrowingService.Api.Controllers.ReadersController (BorrowingService.Api).
2025-11-24 23:03:13.847 +02:00 [INF] Executing OkObjectResult, writing value of type 'System.Collections.Generic.List`1[[BorrowingService.Bll.Dtos.ReaderDto, BorrowingService.Bll, Version=1.0.0.0, Culture=neutral, PublicKeyToken=null]]'.
2025-11-24 23:03:13.852 +02:00 [INF] Executed action BorrowingService.Api.Controllers.ReadersController.GetAll (BorrowingService.Api) in 9.6306ms
2025-11-24 23:03:13.855 +02:00 [INF] Executed endpoint 'BorrowingService.Api.Controllers.ReadersController.GetAll (BorrowingService.Api)'
2025-11-24 23:03:13.858 +02:00 [INF] Request finished HTTP/1.1 GET http://localhost:5017/api/readers - 200 null application/json; charset=utf-8 61.3249ms
2025-11-24 23:03:15.734 +02:00 [INF] Request starting HTTP/1.1 GET http://localhost:5017/api/borrowings - null null
2025-11-24 23:03:15.746 +02:00 [INF] Executing endpoint 'BorrowingService.Api.Controllers.BorrowingsController.GetAll (BorrowingService.Api)'
2025-11-24 23:03:15.752 +02:00 [INF] Route matched with {action = "GetAll", controller = "Borrowings"}. Executing controller action with signature System.Threading.Tasks.Task`1[Microsoft.AspNetCore.Mvc.IActionResult] GetAll() on controller BorrowingService.Api.Controllers.BorrowingsController (BorrowingService.Api).
2025-11-24 23:03:15.828 +02:00 [INF] Executed action BorrowingService.Api.Controllers.BorrowingsController.GetAll (BorrowingService.Api) in 70.1818ms
2025-11-24 23:03:15.832 +02:00 [INF] Executed endpoint 'BorrowingService.Api.Controllers.BorrowingsController.GetAll (BorrowingService.Api)'
2025-11-24 23:03:15.836 +02:00 [ERR] Unhandled exception occurred
AutoMapper.AutoMapperMappingException: Error mapping types.

Mapping types:
List`1 -> IEnumerable`1
System.Collections.Generic.List`1[[BorrowingService.Domain.Entities.Borrowing, BorrowingService.Domain, Version=1.0.0.0, Culture=neutral, PublicKeyToken=null]] -> System.Collections.Generic.IEnumerable`1[[BorrowingService.Bll.Dtos.BorrowingDto, BorrowingService.Bll, Version=1.0.0.0, Culture=neutral, PublicKeyToken=null]]
 ---> AutoMapper.AutoMapperMappingException: Missing type map configuration or unsupported mapping.

Mapping types:
Borrowing -> BorrowingDto
BorrowingService.Domain.Entities.Borrowing -> BorrowingService.Bll.Dtos.BorrowingDto
   at lambda_method21(Closure, Borrowing, BorrowingDto, ResolutionContext)
   at lambda_method20(Closure, Object, IEnumerable`1, ResolutionContext)
   --- End of inner exception stack trace ---
   at lambda_method20(Closure, Object, IEnumerable`1, ResolutionContext)
   at BorrowingService.Bll.Services.BorrowingAppService.GetAllAsync() in C:\Users\Admin\Documents\projects\LibrarySystem\BorrowingService\BorrowingService.Bll\Services\BorrowingAppService.cs:line 107
   at BorrowingService.Api.Controllers.BorrowingsController.GetAll() in C:\Users\Admin\Documents\projects\LibrarySystem\BorrowingService\BorrowingService.Api\Controllers\BorrowingsController.cs:line 23
   at Microsoft.AspNetCore.Mvc.Infrastructure.ActionMethodExecutor.TaskOfIActionResultExecutor.Execute(ActionContext actionContext, IActionResultTypeMapper mapper, ObjectMethodExecutor executor, Object controller, Object[] arguments)
   at Microsoft.AspNetCore.Mvc.Infrastructure.ControllerActionInvoker.<InvokeActionMethodAsync>g__Awaited|12_0(ControllerActionInvoker invoker, ValueTask`1 actionResultValueTask)
   at Microsoft.AspNetCore.Mvc.Infrastructure.ControllerActionInvoker.<InvokeNextActionFilterAsync>g__Awaited|10_0(ControllerActionInvoker invoker, Task lastTask, State next, Scope scope, Object state, Boolean isCompleted)
   at Microsoft.AspNetCore.Mvc.Infrastructure.ControllerActionInvoker.Rethrow(ActionExecutedContextSealed context)
   at Microsoft.AspNetCore.Mvc.Infrastructure.ControllerActionInvoker.Next(State& next, Scope& scope, Object& state, Boolean& isCompleted)
   at Microsoft.AspNetCore.Mvc.Infrastructure.ControllerActionInvoker.<InvokeInnerFilterAsync>g__Awaited|13_0(ControllerActionInvoker invoker, Task lastTask, State next, Scope scope, Object state, Boolean isCompleted)
   at Microsoft.AspNetCore.Mvc.Infrastructure.ResourceInvoker.<InvokeFilterPipelineAsync>g__Awaited|20_0(ResourceInvoker invoker, Task lastTask, State next, Scope scope, Object state, Boolean isCompleted)
   at Microsoft.AspNetCore.Mvc.Infrastructure.ResourceInvoker.<InvokeAsync>g__Logged|17_1(ResourceInvoker invoker)
   at Microsoft.AspNetCore.Mvc.Infrastructure.ResourceInvoker.<InvokeAsync>g__Logged|17_1(ResourceInvoker invoker)
   at Microsoft.AspNetCore.Routing.EndpointMiddleware.<Invoke>g__AwaitRequestTask|7_0(Endpoint endpoint, Task requestTask, ILogger logger)
   at BorrowingService.Api.Middleware.ErrorHandlingMiddleware.InvokeAsync(HttpContext context) in C:\Users\Admin\Documents\projects\LibrarySystem\BorrowingService\BorrowingService.Api\Middleware\ErrorHandlingMiddleware.cs:line 21
2025-11-24 23:03:15.879 +02:00 [INF] Request finished HTTP/1.1 GET http://localhost:5017/api/borrowings - 500 null application/problem+json 144.7084ms
2025-11-24 23:03:15.884 +02:00 [INF] Request starting HTTP/1.1 GET http://localhost:5017/api/borrowings - null null
2025-11-24 23:03:15.894 +02:00 [INF] Executing endpoint 'BorrowingService.Api.Controllers.BorrowingsController.GetAll (BorrowingService.Api)'
2025-11-24 23:03:15.897 +02:00 [INF] Route matched with {action = "GetAll", controller = "Borrowings"}. Executing controller action with signature System.Threading.Tasks.Task`1[Microsoft.AspNetCore.Mvc.IActionResult] GetAll() on controller BorrowingService.Api.Controllers.BorrowingsController (BorrowingService.Api).
2025-11-24 23:03:15.903 +02:00 [INF] Executed action BorrowingService.Api.Controllers.BorrowingsController.GetAll (BorrowingService.Api) in 2.0554ms
2025-11-24 23:03:15.906 +02:00 [INF] Executed endpoint 'BorrowingService.Api.Controllers.BorrowingsController.GetAll (BorrowingService.Api)'
2025-11-24 23:03:15.909 +02:00 [ERR] Unhandled exception occurred
AutoMapper.AutoMapperMappingException: Error mapping types.

Mapping types:
List`1 -> IEnumerable`1
System.Collections.Generic.List`1[[BorrowingService.Domain.Entities.Borrowing, BorrowingService.Domain, Version=1.0.0.0, Culture=neutral, PublicKeyToken=null]] -> System.Collections.Generic.IEnumerable`1[[BorrowingService.Bll.Dtos.BorrowingDto, BorrowingService.Bll, Version=1.0.0.0, Culture=neutral, PublicKeyToken=null]]
 ---> AutoMapper.AutoMapperMappingException: Missing type map configuration or unsupported mapping.

Mapping types:
Borrowing -> BorrowingDto
BorrowingService.Domain.Entities.Borrowing -> BorrowingService.Bll.Dtos.BorrowingDto
   at lambda_method21(Closure, Borrowing, BorrowingDto, ResolutionContext)
   at lambda_method20(Closure, Object, IEnumerable`1, ResolutionContext)
   --- End of inner exception stack trace ---
   at lambda_method20(Closure, Object, IEnumerable`1, ResolutionContext)
   at BorrowingService.Bll.Services.BorrowingAppService.GetAllAsync() in C:\Users\Admin\Documents\projects\LibrarySystem\BorrowingService\BorrowingService.Bll\Services\BorrowingAppService.cs:line 107
   at BorrowingService.Api.Controllers.BorrowingsController.GetAll() in C:\Users\Admin\Documents\projects\LibrarySystem\BorrowingService\BorrowingService.Api\Controllers\BorrowingsController.cs:line 23
   at Microsoft.AspNetCore.Mvc.Infrastructure.ActionMethodExecutor.TaskOfIActionResultExecutor.Execute(ActionContext actionContext, IActionResultTypeMapper mapper, ObjectMethodExecutor executor, Object controller, Object[] arguments)
   at Microsoft.AspNetCore.Mvc.Infrastructure.ControllerActionInvoker.<InvokeActionMethodAsync>g__Awaited|12_0(ControllerActionInvoker invoker, ValueTask`1 actionResultValueTask)
   at Microsoft.AspNetCore.Mvc.Infrastructure.ControllerActionInvoker.<InvokeNextActionFilterAsync>g__Awaited|10_0(ControllerActionInvoker invoker, Task lastTask, State next, Scope scope, Object state, Boolean isCompleted)
   at Microsoft.AspNetCore.Mvc.Infrastructure.ControllerActionInvoker.Rethrow(ActionExecutedContextSealed context)
   at Microsoft.AspNetCore.Mvc.Infrastructure.ControllerActionInvoker.Next(State& next, Scope& scope, Object& state, Boolean& isCompleted)
   at Microsoft.AspNetCore.Mvc.Infrastructure.ControllerActionInvoker.<InvokeInnerFilterAsync>g__Awaited|13_0(ControllerActionInvoker invoker, Task lastTask, State next, Scope scope, Object state, Boolean isCompleted)
   at Microsoft.AspNetCore.Mvc.Infrastructure.ResourceInvoker.<InvokeFilterPipelineAsync>g__Awaited|20_0(ResourceInvoker invoker, Task lastTask, State next, Scope scope, Object state, Boolean isCompleted)
   at Microsoft.AspNetCore.Mvc.Infrastructure.ResourceInvoker.<InvokeAsync>g__Logged|17_1(ResourceInvoker invoker)
   at Microsoft.AspNetCore.Mvc.Infrastructure.ResourceInvoker.<InvokeAsync>g__Logged|17_1(ResourceInvoker invoker)
   at Microsoft.AspNetCore.Routing.EndpointMiddleware.<Invoke>g__AwaitRequestTask|7_0(Endpoint endpoint, Task requestTask, ILogger logger)
   at BorrowingService.Api.Middleware.ErrorHandlingMiddleware.InvokeAsync(HttpContext context) in C:\Users\Admin\Documents\projects\LibrarySystem\BorrowingService\BorrowingService.Api\Middleware\ErrorHandlingMiddleware.cs:line 21
2025-11-24 23:03:15.917 +02:00 [INF] Request finished HTTP/1.1 GET http://localhost:5017/api/borrowings - 500 null application/problem+json 33.405ms
2025-11-24 23:03:19.858 +02:00 [INF] Request starting HTTP/1.1 GET http://localhost:5017/api/borrowings - null null
2025-11-24 23:03:19.864 +02:00 [INF] Executing endpoint 'BorrowingService.Api.Controllers.BorrowingsController.GetAll (BorrowingService.Api)'
2025-11-24 23:03:19.866 +02:00 [INF] Route matched with {action = "GetAll", controller = "Borrowings"}. Executing controller action with signature System.Threading.Tasks.Task`1[Microsoft.AspNetCore.Mvc.IActionResult] GetAll() on controller BorrowingService.Api.Controllers.BorrowingsController (BorrowingService.Api).
2025-11-24 23:03:19.874 +02:00 [INF] Executed action BorrowingService.Api.Controllers.BorrowingsController.GetAll (BorrowingService.Api) in 2.1638ms
2025-11-24 23:03:19.878 +02:00 [INF] Executed endpoint 'BorrowingService.Api.Controllers.BorrowingsController.GetAll (BorrowingService.Api)'
2025-11-24 23:03:19.880 +02:00 [ERR] Unhandled exception occurred
AutoMapper.AutoMapperMappingException: Error mapping types.

Mapping types:
List`1 -> IEnumerable`1
System.Collections.Generic.List`1[[BorrowingService.Domain.Entities.Borrowing, BorrowingService.Domain, Version=1.0.0.0, Culture=neutral, PublicKeyToken=null]] -> System.Collections.Generic.IEnumerable`1[[BorrowingService.Bll.Dtos.BorrowingDto, BorrowingService.Bll, Version=1.0.0.0, Culture=neutral, PublicKeyToken=null]]
 ---> AutoMapper.AutoMapperMappingException: Missing type map configuration or unsupported mapping.

Mapping types:
Borrowing -> BorrowingDto
BorrowingService.Domain.Entities.Borrowing -> BorrowingService.Bll.Dtos.BorrowingDto
   at lambda_method21(Closure, Borrowing, BorrowingDto, ResolutionContext)
   at lambda_method20(Closure, Object, IEnumerable`1, ResolutionContext)
   --- End of inner exception stack trace ---
   at lambda_method20(Closure, Object, IEnumerable`1, ResolutionContext)
   at BorrowingService.Bll.Services.BorrowingAppService.GetAllAsync() in C:\Users\Admin\Documents\projects\LibrarySystem\BorrowingService\BorrowingService.Bll\Services\BorrowingAppService.cs:line 107
   at BorrowingService.Api.Controllers.BorrowingsController.GetAll() in C:\Users\Admin\Documents\projects\LibrarySystem\BorrowingService\BorrowingService.Api\Controllers\BorrowingsController.cs:line 23
   at Microsoft.AspNetCore.Mvc.Infrastructure.ActionMethodExecutor.TaskOfIActionResultExecutor.Execute(ActionContext actionContext, IActionResultTypeMapper mapper, ObjectMethodExecutor executor, Object controller, Object[] arguments)
   at Microsoft.AspNetCore.Mvc.Infrastructure.ControllerActionInvoker.<InvokeActionMethodAsync>g__Awaited|12_0(ControllerActionInvoker invoker, ValueTask`1 actionResultValueTask)
   at Microsoft.AspNetCore.Mvc.Infrastructure.ControllerActionInvoker.<InvokeNextActionFilterAsync>g__Awaited|10_0(ControllerActionInvoker invoker, Task lastTask, State next, Scope scope, Object state, Boolean isCompleted)
   at Microsoft.AspNetCore.Mvc.Infrastructure.ControllerActionInvoker.Rethrow(ActionExecutedContextSealed context)
   at Microsoft.AspNetCore.Mvc.Infrastructure.ControllerActionInvoker.Next(State& next, Scope& scope, Object& state, Boolean& isCompleted)
   at Microsoft.AspNetCore.Mvc.Infrastructure.ControllerActionInvoker.<InvokeInnerFilterAsync>g__Awaited|13_0(ControllerActionInvoker invoker, Task lastTask, State next, Scope scope, Object state, Boolean isCompleted)
   at Microsoft.AspNetCore.Mvc.Infrastructure.ResourceInvoker.<InvokeFilterPipelineAsync>g__Awaited|20_0(ResourceInvoker invoker, Task lastTask, State next, Scope scope, Object state, Boolean isCompleted)
   at Microsoft.AspNetCore.Mvc.Infrastructure.ResourceInvoker.<InvokeAsync>g__Logged|17_1(ResourceInvoker invoker)
   at Microsoft.AspNetCore.Mvc.Infrastructure.ResourceInvoker.<InvokeAsync>g__Logged|17_1(ResourceInvoker invoker)
   at Microsoft.AspNetCore.Routing.EndpointMiddleware.<Invoke>g__AwaitRequestTask|7_0(Endpoint endpoint, Task requestTask, ILogger logger)
   at BorrowingService.Api.Middleware.ErrorHandlingMiddleware.InvokeAsync(HttpContext context) in C:\Users\Admin\Documents\projects\LibrarySystem\BorrowingService\BorrowingService.Api\Middleware\ErrorHandlingMiddleware.cs:line 21
2025-11-24 23:03:19.905 +02:00 [INF] Request finished HTTP/1.1 GET http://localhost:5017/api/borrowings - 500 null application/problem+json 46.8865ms
2025-11-24 23:03:19.912 +02:00 [INF] Request starting HTTP/1.1 GET http://localhost:5017/api/borrowings - null null
2025-11-24 23:03:19.919 +02:00 [INF] Executing endpoint 'BorrowingService.Api.Controllers.BorrowingsController.GetAll (BorrowingService.Api)'
2025-11-24 23:03:19.922 +02:00 [INF] Route matched with {action = "GetAll", controller = "Borrowings"}. Executing controller action with signature System.Threading.Tasks.Task`1[Microsoft.AspNetCore.Mvc.IActionResult] GetAll() on controller BorrowingService.Api.Controllers.BorrowingsController (BorrowingService.Api).
2025-11-24 23:03:19.928 +02:00 [INF] Executed action BorrowingService.Api.Controllers.BorrowingsController.GetAll (BorrowingService.Api) in 1.3035ms
2025-11-24 23:03:19.930 +02:00 [INF] Executed endpoint 'BorrowingService.Api.Controllers.BorrowingsController.GetAll (BorrowingService.Api)'
2025-11-24 23:03:19.932 +02:00 [ERR] Unhandled exception occurred
AutoMapper.AutoMapperMappingException: Error mapping types.

Mapping types:
List`1 -> IEnumerable`1
System.Collections.Generic.List`1[[BorrowingService.Domain.Entities.Borrowing, BorrowingService.Domain, Version=1.0.0.0, Culture=neutral, PublicKeyToken=null]] -> System.Collections.Generic.IEnumerable`1[[BorrowingService.Bll.Dtos.BorrowingDto, BorrowingService.Bll, Version=1.0.0.0, Culture=neutral, PublicKeyToken=null]]
 ---> AutoMapper.AutoMapperMappingException: Missing type map configuration or unsupported mapping.

Mapping types:
Borrowing -> BorrowingDto
BorrowingService.Domain.Entities.Borrowing -> BorrowingService.Bll.Dtos.BorrowingDto
   at lambda_method21(Closure, Borrowing, BorrowingDto, ResolutionContext)
   at lambda_method20(Closure, Object, IEnumerable`1, ResolutionContext)
   --- End of inner exception stack trace ---
   at lambda_method20(Closure, Object, IEnumerable`1, ResolutionContext)
   at BorrowingService.Bll.Services.BorrowingAppService.GetAllAsync() in C:\Users\Admin\Documents\projects\LibrarySystem\BorrowingService\BorrowingService.Bll\Services\BorrowingAppService.cs:line 107
   at BorrowingService.Api.Controllers.BorrowingsController.GetAll() in C:\Users\Admin\Documents\projects\LibrarySystem\BorrowingService\BorrowingService.Api\Controllers\BorrowingsController.cs:line 23
   at Microsoft.AspNetCore.Mvc.Infrastructure.ActionMethodExecutor.TaskOfIActionResultExecutor.Execute(ActionContext actionContext, IActionResultTypeMapper mapper, ObjectMethodExecutor executor, Object controller, Object[] arguments)
   at Microsoft.AspNetCore.Mvc.Infrastructure.ControllerActionInvoker.<InvokeActionMethodAsync>g__Awaited|12_0(ControllerActionInvoker invoker, ValueTask`1 actionResultValueTask)
   at Microsoft.AspNetCore.Mvc.Infrastructure.ControllerActionInvoker.<InvokeNextActionFilterAsync>g__Awaited|10_0(ControllerActionInvoker invoker, Task lastTask, State next, Scope scope, Object state, Boolean isCompleted)
   at Microsoft.AspNetCore.Mvc.Infrastructure.ControllerActionInvoker.Rethrow(ActionExecutedContextSealed context)
   at Microsoft.AspNetCore.Mvc.Infrastructure.ControllerActionInvoker.Next(State& next, Scope& scope, Object& state, Boolean& isCompleted)
   at Microsoft.AspNetCore.Mvc.Infrastructure.ControllerActionInvoker.<InvokeInnerFilterAsync>g__Awaited|13_0(ControllerActionInvoker invoker, Task lastTask, State next, Scope scope, Object state, Boolean isCompleted)
   at Microsoft.AspNetCore.Mvc.Infrastructure.ResourceInvoker.<InvokeFilterPipelineAsync>g__Awaited|20_0(ResourceInvoker invoker, Task lastTask, State next, Scope scope, Object state, Boolean isCompleted)
   at Microsoft.AspNetCore.Mvc.Infrastructure.ResourceInvoker.<InvokeAsync>g__Logged|17_1(ResourceInvoker invoker)
   at Microsoft.AspNetCore.Mvc.Infrastructure.ResourceInvoker.<InvokeAsync>g__Logged|17_1(ResourceInvoker invoker)
   at Microsoft.AspNetCore.Routing.EndpointMiddleware.<Invoke>g__AwaitRequestTask|7_0(Endpoint endpoint, Task requestTask, ILogger logger)
   at BorrowingService.Api.Middleware.ErrorHandlingMiddleware.InvokeAsync(HttpContext context) in C:\Users\Admin\Documents\projects\LibrarySystem\BorrowingService\BorrowingService.Api\Middleware\ErrorHandlingMiddleware.cs:line 21
2025-11-24 23:03:19.943 +02:00 [INF] Request finished HTTP/1.1 GET http://localhost:5017/api/borrowings - 500 null application/problem+json 30.9234ms
2025-11-24 23:07:34.915 +02:00 [INF] Now listening on: http://localhost:5017
2025-11-24 23:07:34.970 +02:00 [INF] Application started. Press Ctrl+C to shut down.
2025-11-24 23:07:34.972 +02:00 [INF] Hosting environment: Development
2025-11-24 23:07:34.974 +02:00 [INF] Content root path: C:\Users\Admin\Documents\projects\LibrarySystem\BorrowingService\BorrowingService.Api
2025-11-24 23:07:41.356 +02:00 [INF] Request starting HTTP/1.1 GET http://localhost:5017/api/readers - null null
2025-11-24 23:07:41.433 +02:00 [INF] Executing endpoint 'BorrowingService.Api.Controllers.ReadersController.GetAll (BorrowingService.Api)'
2025-11-24 23:07:41.461 +02:00 [INF] Route matched with {action = "GetAll", controller = "Readers"}. Executing controller action with signature System.Threading.Tasks.Task`1[Microsoft.AspNetCore.Mvc.IActionResult] GetAll() on controller BorrowingService.Api.Controllers.ReadersController (BorrowingService.Api).
2025-11-24 23:07:42.028 +02:00 [INF] Executing OkObjectResult, writing value of type 'System.Collections.Generic.List`1[[BorrowingService.Bll.Dtos.ReaderDto, BorrowingService.Bll, Version=1.0.0.0, Culture=neutral, PublicKeyToken=null]]'.
2025-11-24 23:07:42.068 +02:00 [INF] Executed action BorrowingService.Api.Controllers.ReadersController.GetAll (BorrowingService.Api) in 599.9468ms
2025-11-24 23:07:42.075 +02:00 [INF] Request starting HTTP/1.1 GET http://localhost:5017/api/readers - null null
2025-11-24 23:07:42.090 +02:00 [INF] Executed endpoint 'BorrowingService.Api.Controllers.ReadersController.GetAll (BorrowingService.Api)'
2025-11-24 23:07:42.095 +02:00 [INF] Executing endpoint 'BorrowingService.Api.Controllers.ReadersController.GetAll (BorrowingService.Api)'
2025-11-24 23:07:42.098 +02:00 [INF] Route matched with {action = "GetAll", controller = "Readers"}. Executing controller action with signature System.Threading.Tasks.Task`1[Microsoft.AspNetCore.Mvc.IActionResult] GetAll() on controller BorrowingService.Api.Controllers.ReadersController (BorrowingService.Api).
2025-11-24 23:07:42.099 +02:00 [INF] Request finished HTTP/1.1 GET http://localhost:5017/api/readers - 200 null application/json; charset=utf-8 745.7424ms
2025-11-24 23:07:42.109 +02:00 [INF] Executing OkObjectResult, writing value of type 'System.Collections.Generic.List`1[[BorrowingService.Bll.Dtos.ReaderDto, BorrowingService.Bll, Version=1.0.0.0, Culture=neutral, PublicKeyToken=null]]'.
2025-11-24 23:07:42.113 +02:00 [INF] Executed action BorrowingService.Api.Controllers.ReadersController.GetAll (BorrowingService.Api) in 9.9193ms
2025-11-24 23:07:42.116 +02:00 [INF] Executed endpoint 'BorrowingService.Api.Controllers.ReadersController.GetAll (BorrowingService.Api)'
2025-11-24 23:07:42.119 +02:00 [INF] Request finished HTTP/1.1 GET http://localhost:5017/api/readers - 200 null application/json; charset=utf-8 44.8186ms
2025-11-24 23:07:42.839 +02:00 [INF] Request starting HTTP/1.1 GET http://localhost:5017/api/borrowings - null null
2025-11-24 23:07:42.849 +02:00 [INF] Executing endpoint 'BorrowingService.Api.Controllers.BorrowingsController.GetAll (BorrowingService.Api)'
2025-11-24 23:07:42.855 +02:00 [INF] Route matched with {action = "GetAll", controller = "Borrowings"}. Executing controller action with signature System.Threading.Tasks.Task`1[Microsoft.AspNetCore.Mvc.IActionResult] GetAll() on controller BorrowingService.Api.Controllers.BorrowingsController (BorrowingService.Api).
2025-11-24 23:07:42.917 +02:00 [INF] Executing OkObjectResult, writing value of type 'System.Collections.Generic.List`1[[BorrowingService.Bll.Dtos.BorrowingDto, BorrowingService.Bll, Version=1.0.0.0, Culture=neutral, PublicKeyToken=null]]'.
2025-11-24 23:07:42.939 +02:00 [INF] Executed action BorrowingService.Api.Controllers.BorrowingsController.GetAll (BorrowingService.Api) in 78.9305ms
2025-11-24 23:07:42.944 +02:00 [INF] Executed endpoint 'BorrowingService.Api.Controllers.BorrowingsController.GetAll (BorrowingService.Api)'
2025-11-24 23:07:42.945 +02:00 [INF] Request starting HTTP/1.1 GET http://localhost:5017/api/borrowings - null null
2025-11-24 23:07:42.948 +02:00 [INF] Request finished HTTP/1.1 GET http://localhost:5017/api/borrowings - 200 null application/json; charset=utf-8 109.0492ms
2025-11-24 23:07:42.955 +02:00 [INF] Executing endpoint 'BorrowingService.Api.Controllers.BorrowingsController.GetAll (BorrowingService.Api)'
2025-11-24 23:07:42.965 +02:00 [INF] Route matched with {action = "GetAll", controller = "Borrowings"}. Executing controller action with signature System.Threading.Tasks.Task`1[Microsoft.AspNetCore.Mvc.IActionResult] GetAll() on controller BorrowingService.Api.Controllers.BorrowingsController (BorrowingService.Api).
2025-11-24 23:07:42.971 +02:00 [INF] Executing OkObjectResult, writing value of type 'System.Collections.Generic.List`1[[BorrowingService.Bll.Dtos.BorrowingDto, BorrowingService.Bll, Version=1.0.0.0, Culture=neutral, PublicKeyToken=null]]'.
2025-11-24 23:07:42.974 +02:00 [INF] Executed action BorrowingService.Api.Controllers.BorrowingsController.GetAll (BorrowingService.Api) in 4.3548ms
2025-11-24 23:07:42.976 +02:00 [INF] Executed endpoint 'BorrowingService.Api.Controllers.BorrowingsController.GetAll (BorrowingService.Api)'
2025-11-24 23:07:42.978 +02:00 [INF] Request finished HTTP/1.1 GET http://localhost:5017/api/borrowings - 200 null application/json; charset=utf-8 33.8471ms
2025-11-24 23:07:59.671 +02:00 [INF] Request starting HTTP/1.1 GET http://localhost:5017/api/borrowings - null null
2025-11-24 23:07:59.680 +02:00 [INF] Executing endpoint 'BorrowingService.Api.Controllers.BorrowingsController.GetAll (BorrowingService.Api)'
2025-11-24 23:07:59.684 +02:00 [INF] Route matched with {action = "GetAll", controller = "Borrowings"}. Executing controller action with signature System.Threading.Tasks.Task`1[Microsoft.AspNetCore.Mvc.IActionResult] GetAll() on controller BorrowingService.Api.Controllers.BorrowingsController (BorrowingService.Api).
2025-11-24 23:07:59.690 +02:00 [INF] Executing OkObjectResult, writing value of type 'System.Collections.Generic.List`1[[BorrowingService.Bll.Dtos.BorrowingDto, BorrowingService.Bll, Version=1.0.0.0, Culture=neutral, PublicKeyToken=null]]'.
2025-11-24 23:07:59.695 +02:00 [INF] Executed action BorrowingService.Api.Controllers.BorrowingsController.GetAll (BorrowingService.Api) in 6.3074ms
2025-11-24 23:07:59.698 +02:00 [INF] Executed endpoint 'BorrowingService.Api.Controllers.BorrowingsController.GetAll (BorrowingService.Api)'
2025-11-24 23:07:59.699 +02:00 [INF] Request starting HTTP/1.1 GET http://localhost:5017/api/borrowings - null null
2025-11-24 23:07:59.701 +02:00 [INF] Request finished HTTP/1.1 GET http://localhost:5017/api/borrowings - 200 null application/json; charset=utf-8 29.7231ms
2025-11-24 23:07:59.706 +02:00 [INF] Executing endpoint 'BorrowingService.Api.Controllers.BorrowingsController.GetAll (BorrowingService.Api)'
2025-11-24 23:07:59.716 +02:00 [INF] Route matched with {action = "GetAll", controller = "Borrowings"}. Executing controller action with signature System.Threading.Tasks.Task`1[Microsoft.AspNetCore.Mvc.IActionResult] GetAll() on controller BorrowingService.Api.Controllers.BorrowingsController (BorrowingService.Api).
2025-11-24 23:07:59.721 +02:00 [INF] Executing OkObjectResult, writing value of type 'System.Collections.Generic.List`1[[BorrowingService.Bll.Dtos.BorrowingDto, BorrowingService.Bll, Version=1.0.0.0, Culture=neutral, PublicKeyToken=null]]'.
2025-11-24 23:07:59.724 +02:00 [INF] Executed action BorrowingService.Api.Controllers.BorrowingsController.GetAll (BorrowingService.Api) in 4.3611ms
2025-11-24 23:07:59.727 +02:00 [INF] Executed endpoint 'BorrowingService.Api.Controllers.BorrowingsController.GetAll (BorrowingService.Api)'
2025-11-24 23:07:59.730 +02:00 [INF] Request finished HTTP/1.1 GET http://localhost:5017/api/borrowings - 200 null application/json; charset=utf-8 30.7675ms
2025-11-24 23:11:23.531 +02:00 [INF] Now listening on: http://localhost:5017
2025-11-24 23:11:23.577 +02:00 [INF] Application started. Press Ctrl+C to shut down.
2025-11-24 23:11:23.579 +02:00 [INF] Hosting environment: Development
2025-11-24 23:11:23.580 +02:00 [INF] Content root path: C:\Users\Admin\Documents\projects\LibrarySystem\BorrowingService\BorrowingService.Api
2025-11-24 23:11:31.700 +02:00 [INF] Request starting HTTP/1.1 GET http://localhost:5017/api/readers - null null
2025-11-24 23:11:31.768 +02:00 [INF] Executing endpoint 'BorrowingService.Api.Controllers.ReadersController.GetAll (BorrowingService.Api)'
2025-11-24 23:11:31.800 +02:00 [INF] Route matched with {action = "GetAll", controller = "Readers"}. Executing controller action with signature System.Threading.Tasks.Task`1[Microsoft.AspNetCore.Mvc.IActionResult] GetAll() on controller BorrowingService.Api.Controllers.ReadersController (BorrowingService.Api).
2025-11-24 23:11:32.366 +02:00 [INF] Executing OkObjectResult, writing value of type 'System.Collections.Generic.List`1[[BorrowingService.Bll.Dtos.ReaderDto, BorrowingService.Bll, Version=1.0.0.0, Culture=neutral, PublicKeyToken=null]]'.
2025-11-24 23:11:32.410 +02:00 [INF] Executed action BorrowingService.Api.Controllers.ReadersController.GetAll (BorrowingService.Api) in 601.2962ms
2025-11-24 23:11:32.414 +02:00 [INF] Request starting HTTP/1.1 GET http://localhost:5017/api/readers - null null
2025-11-24 23:11:32.432 +02:00 [INF] Executed endpoint 'BorrowingService.Api.Controllers.ReadersController.GetAll (BorrowingService.Api)'
2025-11-24 23:11:32.435 +02:00 [INF] Executing endpoint 'BorrowingService.Api.Controllers.ReadersController.GetAll (BorrowingService.Api)'
2025-11-24 23:11:32.437 +02:00 [INF] Route matched with {action = "GetAll", controller = "Readers"}. Executing controller action with signature System.Threading.Tasks.Task`1[Microsoft.AspNetCore.Mvc.IActionResult] GetAll() on controller BorrowingService.Api.Controllers.ReadersController (BorrowingService.Api).
2025-11-24 23:11:32.438 +02:00 [INF] Request finished HTTP/1.1 GET http://localhost:5017/api/readers - 200 null application/json; charset=utf-8 741.2383ms
2025-11-24 23:11:32.447 +02:00 [INF] Executing OkObjectResult, writing value of type 'System.Collections.Generic.List`1[[BorrowingService.Bll.Dtos.ReaderDto, BorrowingService.Bll, Version=1.0.0.0, Culture=neutral, PublicKeyToken=null]]'.
2025-11-24 23:11:32.450 +02:00 [INF] Executed action BorrowingService.Api.Controllers.ReadersController.GetAll (BorrowingService.Api) in 9.3759ms
2025-11-24 23:11:32.454 +02:00 [INF] Executed endpoint 'BorrowingService.Api.Controllers.ReadersController.GetAll (BorrowingService.Api)'
2025-11-24 23:11:32.456 +02:00 [INF] Request finished HTTP/1.1 GET http://localhost:5017/api/readers - 200 null application/json; charset=utf-8 42.4584ms
2025-11-24 23:11:33.242 +02:00 [INF] Request starting HTTP/1.1 GET http://localhost:5017/api/borrowings - null null
2025-11-24 23:11:33.252 +02:00 [INF] Executing endpoint 'BorrowingService.Api.Controllers.BorrowingsController.GetAll (BorrowingService.Api)'
2025-11-24 23:11:33.258 +02:00 [INF] Route matched with {action = "GetAll", controller = "Borrowings"}. Executing controller action with signature System.Threading.Tasks.Task`1[Microsoft.AspNetCore.Mvc.IActionResult] GetAll() on controller BorrowingService.Api.Controllers.BorrowingsController (BorrowingService.Api).
2025-11-24 23:11:33.307 +02:00 [INF] Executed action BorrowingService.Api.Controllers.BorrowingsController.GetAll (BorrowingService.Api) in 42.2289ms
2025-11-24 23:11:33.312 +02:00 [INF] Executed endpoint 'BorrowingService.Api.Controllers.BorrowingsController.GetAll (BorrowingService.Api)'
2025-11-24 23:11:33.316 +02:00 [ERR] Unhandled exception occurred
Npgsql.PostgresException (0x80004005): 42703: column r.name does not exist

POSITION: 147
   at Npgsql.Internal.NpgsqlConnector.ReadMessageLong(Boolean async, DataRowLoadingMode dataRowLoadingMode, Boolean readingNotifications, Boolean isReadingPrependedMessage)
   at System.Runtime.CompilerServices.PoolingAsyncValueTaskMethodBuilder`1.StateMachineBox`1.System.Threading.Tasks.Sources.IValueTaskSource<TResult>.GetResult(Int16 token)
   at Npgsql.NpgsqlDataReader.NextResult(Boolean async, Boolean isConsuming, CancellationToken cancellationToken)
   at Npgsql.NpgsqlDataReader.NextResult(Boolean async, Boolean isConsuming, CancellationToken cancellationToken)
   at Npgsql.NpgsqlCommand.ExecuteReader(Boolean async, CommandBehavior behavior, CancellationToken cancellationToken)
   at Npgsql.NpgsqlCommand.ExecuteReader(Boolean async, CommandBehavior behavior, CancellationToken cancellationToken)
   at Npgsql.NpgsqlCommand.ExecuteDbDataReaderAsync(CommandBehavior behavior, CancellationToken cancellationToken)
   at Dapper.SqlMapper.QueryAsync[T](IDbConnection cnn, Type effectiveType, CommandDefinition command) in /_/Dapper/SqlMapper.Async.cs:line 434
   at BorrowingService.Dal.Repositories.BorrowingRepository.GetAllAsync() in C:\Users\Admin\Documents\projects\LibrarySystem\BorrowingService\BorrowingService.Dal\Repository\BorrowingRepository.cs:line 37
   at BorrowingService.Bll.Services.BorrowingAppService.GetAllAsync() in C:\Users\Admin\Documents\projects\LibrarySystem\BorrowingService\BorrowingService.Bll\Services\BorrowingAppService.cs:line 106
   at BorrowingService.Api.Controllers.BorrowingsController.GetAll() in C:\Users\Admin\Documents\projects\LibrarySystem\BorrowingService\BorrowingService.Api\Controllers\BorrowingsController.cs:line 23
   at Microsoft.AspNetCore.Mvc.Infrastructure.ActionMethodExecutor.TaskOfIActionResultExecutor.Execute(ActionContext actionContext, IActionResultTypeMapper mapper, ObjectMethodExecutor executor, Object controller, Object[] arguments)
   at Microsoft.AspNetCore.Mvc.Infrastructure.ControllerActionInvoker.<InvokeActionMethodAsync>g__Awaited|12_0(ControllerActionInvoker invoker, ValueTask`1 actionResultValueTask)
   at Microsoft.AspNetCore.Mvc.Infrastructure.ControllerActionInvoker.<InvokeNextActionFilterAsync>g__Awaited|10_0(ControllerActionInvoker invoker, Task lastTask, State next, Scope scope, Object state, Boolean isCompleted)
   at Microsoft.AspNetCore.Mvc.Infrastructure.ControllerActionInvoker.Rethrow(ActionExecutedContextSealed context)
   at Microsoft.AspNetCore.Mvc.Infrastructure.ControllerActionInvoker.Next(State& next, Scope& scope, Object& state, Boolean& isCompleted)
   at Microsoft.AspNetCore.Mvc.Infrastructure.ControllerActionInvoker.<InvokeInnerFilterAsync>g__Awaited|13_0(ControllerActionInvoker invoker, Task lastTask, State next, Scope scope, Object state, Boolean isCompleted)
   at Microsoft.AspNetCore.Mvc.Infrastructure.ResourceInvoker.<InvokeFilterPipelineAsync>g__Awaited|20_0(ResourceInvoker invoker, Task lastTask, State next, Scope scope, Object state, Boolean isCompleted)
   at Microsoft.AspNetCore.Mvc.Infrastructure.ResourceInvoker.<InvokeAsync>g__Logged|17_1(ResourceInvoker invoker)
   at Microsoft.AspNetCore.Mvc.Infrastructure.ResourceInvoker.<InvokeAsync>g__Logged|17_1(ResourceInvoker invoker)
   at Microsoft.AspNetCore.Routing.EndpointMiddleware.<Invoke>g__AwaitRequestTask|7_0(Endpoint endpoint, Task requestTask, ILogger logger)
   at BorrowingService.Api.Middleware.ErrorHandlingMiddleware.InvokeAsync(HttpContext context) in C:\Users\Admin\Documents\projects\LibrarySystem\BorrowingService\BorrowingService.Api\Middleware\ErrorHandlingMiddleware.cs:line 21
  Exception data:
    Severity: ERROR
    SqlState: 42703
    MessageText: column r.name does not exist
    Position: 147
    File: parse_relation.c
    Line: 3727
    Routine: errorMissingColumn
2025-11-24 23:11:33.392 +02:00 [INF] Request finished HTTP/1.1 GET http://localhost:5017/api/borrowings - 500 null application/problem+json 149.6041ms
2025-11-24 23:11:33.399 +02:00 [INF] Request starting HTTP/1.1 GET http://localhost:5017/api/borrowings - null null
2025-11-24 23:11:33.407 +02:00 [INF] Executing endpoint 'BorrowingService.Api.Controllers.BorrowingsController.GetAll (BorrowingService.Api)'
2025-11-24 23:11:33.410 +02:00 [INF] Route matched with {action = "GetAll", controller = "Borrowings"}. Executing controller action with signature System.Threading.Tasks.Task`1[Microsoft.AspNetCore.Mvc.IActionResult] GetAll() on controller BorrowingService.Api.Controllers.BorrowingsController (BorrowingService.Api).
2025-11-24 23:11:33.416 +02:00 [INF] Executed action BorrowingService.Api.Controllers.BorrowingsController.GetAll (BorrowingService.Api) in 2.8175ms
2025-11-24 23:11:33.419 +02:00 [INF] Executed endpoint 'BorrowingService.Api.Controllers.BorrowingsController.GetAll (BorrowingService.Api)'
2025-11-24 23:11:33.421 +02:00 [ERR] Unhandled exception occurred
Npgsql.PostgresException (0x80004005): 42703: column r.name does not exist

POSITION: 147
   at Npgsql.Internal.NpgsqlConnector.ReadMessageLong(Boolean async, DataRowLoadingMode dataRowLoadingMode, Boolean readingNotifications, Boolean isReadingPrependedMessage)
   at System.Runtime.CompilerServices.PoolingAsyncValueTaskMethodBuilder`1.StateMachineBox`1.System.Threading.Tasks.Sources.IValueTaskSource<TResult>.GetResult(Int16 token)
   at Npgsql.NpgsqlDataReader.NextResult(Boolean async, Boolean isConsuming, CancellationToken cancellationToken)
   at Npgsql.NpgsqlDataReader.NextResult(Boolean async, Boolean isConsuming, CancellationToken cancellationToken)
   at Npgsql.NpgsqlCommand.ExecuteReader(Boolean async, CommandBehavior behavior, CancellationToken cancellationToken)
   at Npgsql.NpgsqlCommand.ExecuteReader(Boolean async, CommandBehavior behavior, CancellationToken cancellationToken)
   at Npgsql.NpgsqlCommand.ExecuteDbDataReaderAsync(CommandBehavior behavior, CancellationToken cancellationToken)
   at Dapper.SqlMapper.QueryAsync[T](IDbConnection cnn, Type effectiveType, CommandDefinition command) in /_/Dapper/SqlMapper.Async.cs:line 434
   at BorrowingService.Dal.Repositories.BorrowingRepository.GetAllAsync() in C:\Users\Admin\Documents\projects\LibrarySystem\BorrowingService\BorrowingService.Dal\Repository\BorrowingRepository.cs:line 37
   at BorrowingService.Bll.Services.BorrowingAppService.GetAllAsync() in C:\Users\Admin\Documents\projects\LibrarySystem\BorrowingService\BorrowingService.Bll\Services\BorrowingAppService.cs:line 106
   at BorrowingService.Api.Controllers.BorrowingsController.GetAll() in C:\Users\Admin\Documents\projects\LibrarySystem\BorrowingService\BorrowingService.Api\Controllers\BorrowingsController.cs:line 23
   at Microsoft.AspNetCore.Mvc.Infrastructure.ActionMethodExecutor.TaskOfIActionResultExecutor.Execute(ActionContext actionContext, IActionResultTypeMapper mapper, ObjectMethodExecutor executor, Object controller, Object[] arguments)
   at Microsoft.AspNetCore.Mvc.Infrastructure.ControllerActionInvoker.<InvokeActionMethodAsync>g__Awaited|12_0(ControllerActionInvoker invoker, ValueTask`1 actionResultValueTask)
   at Microsoft.AspNetCore.Mvc.Infrastructure.ControllerActionInvoker.<InvokeNextActionFilterAsync>g__Awaited|10_0(ControllerActionInvoker invoker, Task lastTask, State next, Scope scope, Object state, Boolean isCompleted)
   at Microsoft.AspNetCore.Mvc.Infrastructure.ControllerActionInvoker.Rethrow(ActionExecutedContextSealed context)
   at Microsoft.AspNetCore.Mvc.Infrastructure.ControllerActionInvoker.Next(State& next, Scope& scope, Object& state, Boolean& isCompleted)
   at Microsoft.AspNetCore.Mvc.Infrastructure.ControllerActionInvoker.<InvokeInnerFilterAsync>g__Awaited|13_0(ControllerActionInvoker invoker, Task lastTask, State next, Scope scope, Object state, Boolean isCompleted)
   at Microsoft.AspNetCore.Mvc.Infrastructure.ResourceInvoker.<InvokeFilterPipelineAsync>g__Awaited|20_0(ResourceInvoker invoker, Task lastTask, State next, Scope scope, Object state, Boolean isCompleted)
   at Microsoft.AspNetCore.Mvc.Infrastructure.ResourceInvoker.<InvokeAsync>g__Logged|17_1(ResourceInvoker invoker)
   at Microsoft.AspNetCore.Mvc.Infrastructure.ResourceInvoker.<InvokeAsync>g__Logged|17_1(ResourceInvoker invoker)
   at Microsoft.AspNetCore.Routing.EndpointMiddleware.<Invoke>g__AwaitRequestTask|7_0(Endpoint endpoint, Task requestTask, ILogger logger)
   at BorrowingService.Api.Middleware.ErrorHandlingMiddleware.InvokeAsync(HttpContext context) in C:\Users\Admin\Documents\projects\LibrarySystem\BorrowingService\BorrowingService.Api\Middleware\ErrorHandlingMiddleware.cs:line 21
  Exception data:
    Severity: ERROR
    SqlState: 42703
    MessageText: column r.name does not exist
    Position: 147
    File: parse_relation.c
    Line: 3727
    Routine: errorMissingColumn
2025-11-24 23:11:33.437 +02:00 [INF] Request finished HTTP/1.1 GET http://localhost:5017/api/borrowings - 500 null application/problem+json 37.4883ms
2025-11-24 23:13:59.522 +02:00 [INF] Now listening on: http://localhost:5017
2025-11-24 23:13:59.559 +02:00 [INF] Application started. Press Ctrl+C to shut down.
2025-11-24 23:13:59.560 +02:00 [INF] Hosting environment: Development
2025-11-24 23:13:59.562 +02:00 [INF] Content root path: C:\Users\Admin\Documents\projects\LibrarySystem\BorrowingService\BorrowingService.Api
2025-11-24 23:14:07.626 +02:00 [INF] Request starting HTTP/1.1 GET http://localhost:5017/api/readers - null null
2025-11-24 23:14:07.692 +02:00 [INF] Executing endpoint 'BorrowingService.Api.Controllers.ReadersController.GetAll (BorrowingService.Api)'
2025-11-24 23:14:07.715 +02:00 [INF] Route matched with {action = "GetAll", controller = "Readers"}. Executing controller action with signature System.Threading.Tasks.Task`1[Microsoft.AspNetCore.Mvc.IActionResult] GetAll() on controller BorrowingService.Api.Controllers.ReadersController (BorrowingService.Api).
2025-11-24 23:14:08.207 +02:00 [INF] Executing OkObjectResult, writing value of type 'System.Collections.Generic.List`1[[BorrowingService.Bll.Dtos.ReaderDto, BorrowingService.Bll, Version=1.0.0.0, Culture=neutral, PublicKeyToken=null]]'.
2025-11-24 23:14:08.267 +02:00 [INF] Executed action BorrowingService.Api.Controllers.ReadersController.GetAll (BorrowingService.Api) in 544.0769ms
2025-11-24 23:14:08.273 +02:00 [INF] Request starting HTTP/1.1 GET http://localhost:5017/api/readers - null null
2025-11-24 23:14:08.298 +02:00 [INF] Executed endpoint 'BorrowingService.Api.Controllers.ReadersController.GetAll (BorrowingService.Api)'
2025-11-24 23:14:08.303 +02:00 [INF] Executing endpoint 'BorrowingService.Api.Controllers.ReadersController.GetAll (BorrowingService.Api)'
2025-11-24 23:14:08.307 +02:00 [INF] Route matched with {action = "GetAll", controller = "Readers"}. Executing controller action with signature System.Threading.Tasks.Task`1[Microsoft.AspNetCore.Mvc.IActionResult] GetAll() on controller BorrowingService.Api.Controllers.ReadersController (BorrowingService.Api).
2025-11-24 23:14:08.307 +02:00 [INF] Request finished HTTP/1.1 GET http://localhost:5017/api/readers - 200 null application/json; charset=utf-8 682.9066ms
2025-11-24 23:14:08.317 +02:00 [INF] Executing OkObjectResult, writing value of type 'System.Collections.Generic.List`1[[BorrowingService.Bll.Dtos.ReaderDto, BorrowingService.Bll, Version=1.0.0.0, Culture=neutral, PublicKeyToken=null]]'.
2025-11-24 23:14:08.322 +02:00 [INF] Executed action BorrowingService.Api.Controllers.ReadersController.GetAll (BorrowingService.Api) in 10.2601ms
2025-11-24 23:14:08.325 +02:00 [INF] Executed endpoint 'BorrowingService.Api.Controllers.ReadersController.GetAll (BorrowingService.Api)'
2025-11-24 23:14:08.327 +02:00 [INF] Request finished HTTP/1.1 GET http://localhost:5017/api/readers - 200 null application/json; charset=utf-8 54.3353ms
2025-11-24 23:14:10.049 +02:00 [INF] Request starting HTTP/1.1 GET http://localhost:5017/api/borrowings - null null
2025-11-24 23:14:10.056 +02:00 [INF] Executing endpoint 'BorrowingService.Api.Controllers.BorrowingsController.GetAll (BorrowingService.Api)'
2025-11-24 23:14:10.062 +02:00 [INF] Route matched with {action = "GetAll", controller = "Borrowings"}. Executing controller action with signature System.Threading.Tasks.Task`1[Microsoft.AspNetCore.Mvc.IActionResult] GetAll() on controller BorrowingService.Api.Controllers.BorrowingsController (BorrowingService.Api).
2025-11-24 23:14:10.144 +02:00 [INF] Executing OkObjectResult, writing value of type 'System.Collections.Generic.List`1[[BorrowingService.Bll.Dtos.BorrowingDto, BorrowingService.Bll, Version=1.0.0.0, Culture=neutral, PublicKeyToken=null]]'.
2025-11-24 23:14:10.170 +02:00 [INF] Executed action BorrowingService.Api.Controllers.BorrowingsController.GetAll (BorrowingService.Api) in 103.7182ms
2025-11-24 23:14:10.175 +02:00 [INF] Executed endpoint 'BorrowingService.Api.Controllers.BorrowingsController.GetAll (BorrowingService.Api)'
2025-11-24 23:14:10.176 +02:00 [INF] Request starting HTTP/1.1 GET http://localhost:5017/api/borrowings - null null
2025-11-24 23:14:10.178 +02:00 [INF] Request finished HTTP/1.1 GET http://localhost:5017/api/borrowings - 200 null application/json; charset=utf-8 129.1566ms
2025-11-24 23:14:10.183 +02:00 [INF] Executing endpoint 'BorrowingService.Api.Controllers.BorrowingsController.GetAll (BorrowingService.Api)'
2025-11-24 23:14:10.189 +02:00 [INF] Route matched with {action = "GetAll", controller = "Borrowings"}. Executing controller action with signature System.Threading.Tasks.Task`1[Microsoft.AspNetCore.Mvc.IActionResult] GetAll() on controller BorrowingService.Api.Controllers.BorrowingsController (BorrowingService.Api).
2025-11-24 23:14:10.195 +02:00 [INF] Executing OkObjectResult, writing value of type 'System.Collections.Generic.List`1[[BorrowingService.Bll.Dtos.BorrowingDto, BorrowingService.Bll, Version=1.0.0.0, Culture=neutral, PublicKeyToken=null]]'.
2025-11-24 23:14:10.198 +02:00 [INF] Executed action BorrowingService.Api.Controllers.BorrowingsController.GetAll (BorrowingService.Api) in 4.9238ms
2025-11-24 23:14:10.201 +02:00 [INF] Executed endpoint 'BorrowingService.Api.Controllers.BorrowingsController.GetAll (BorrowingService.Api)'
2025-11-24 23:14:10.202 +02:00 [INF] Request finished HTTP/1.1 GET http://localhost:5017/api/borrowings - 200 null application/json; charset=utf-8 26.1331ms
2025-11-24 23:17:36.949 +02:00 [INF] Now listening on: http://localhost:5017
2025-11-24 23:17:36.986 +02:00 [INF] Application started. Press Ctrl+C to shut down.
2025-11-24 23:17:36.989 +02:00 [INF] Hosting environment: Development
2025-11-24 23:17:36.992 +02:00 [INF] Content root path: C:\Users\Admin\Documents\projects\LibrarySystem\BorrowingService\BorrowingService.Api
2025-11-24 23:17:44.522 +02:00 [INF] Request starting HTTP/1.1 GET http://localhost:5017/api/readers - null null
2025-11-24 23:17:44.574 +02:00 [INF] Executing endpoint 'BorrowingService.Api.Controllers.ReadersController.GetAll (BorrowingService.Api)'
2025-11-24 23:17:44.594 +02:00 [INF] Route matched with {action = "GetAll", controller = "Readers"}. Executing controller action with signature System.Threading.Tasks.Task`1[Microsoft.AspNetCore.Mvc.IActionResult] GetAll() on controller BorrowingService.Api.Controllers.ReadersController (BorrowingService.Api).
2025-11-24 23:17:45.023 +02:00 [INF] Executing OkObjectResult, writing value of type 'System.Collections.Generic.List`1[[BorrowingService.Bll.Dtos.ReaderDto, BorrowingService.Bll, Version=1.0.0.0, Culture=neutral, PublicKeyToken=null]]'.
2025-11-24 23:17:45.066 +02:00 [INF] Executed action BorrowingService.Api.Controllers.ReadersController.GetAll (BorrowingService.Api) in 464.0433ms
2025-11-24 23:17:45.070 +02:00 [INF] Request starting HTTP/1.1 GET http://localhost:5017/api/readers - null null
2025-11-24 23:17:45.090 +02:00 [INF] Executed endpoint 'BorrowingService.Api.Controllers.ReadersController.GetAll (BorrowingService.Api)'
2025-11-24 23:17:45.097 +02:00 [INF] Executing endpoint 'BorrowingService.Api.Controllers.ReadersController.GetAll (BorrowingService.Api)'
2025-11-24 23:17:45.103 +02:00 [INF] Request finished HTTP/1.1 GET http://localhost:5017/api/readers - 200 null application/json; charset=utf-8 581.9089ms
2025-11-24 23:17:45.103 +02:00 [INF] Route matched with {action = "GetAll", controller = "Readers"}. Executing controller action with signature System.Threading.Tasks.Task`1[Microsoft.AspNetCore.Mvc.IActionResult] GetAll() on controller BorrowingService.Api.Controllers.ReadersController (BorrowingService.Api).
2025-11-24 23:17:45.124 +02:00 [INF] Executing OkObjectResult, writing value of type 'System.Collections.Generic.List`1[[BorrowingService.Bll.Dtos.ReaderDto, BorrowingService.Bll, Version=1.0.0.0, Culture=neutral, PublicKeyToken=null]]'.
2025-11-24 23:17:45.127 +02:00 [INF] Executed action BorrowingService.Api.Controllers.ReadersController.GetAll (BorrowingService.Api) in 7.5688ms
2025-11-24 23:17:45.130 +02:00 [INF] Executed endpoint 'BorrowingService.Api.Controllers.ReadersController.GetAll (BorrowingService.Api)'
2025-11-24 23:17:45.133 +02:00 [INF] Request finished HTTP/1.1 GET http://localhost:5017/api/readers - 200 null application/json; charset=utf-8 62.8229ms
2025-11-24 23:17:46.376 +02:00 [INF] Request starting HTTP/1.1 GET http://localhost:5017/api/borrowings - null null
2025-11-24 23:17:46.388 +02:00 [INF] Executing endpoint 'BorrowingService.Api.Controllers.BorrowingsController.GetAll (BorrowingService.Api)'
2025-11-24 23:17:46.396 +02:00 [INF] Route matched with {action = "GetAll", controller = "Borrowings"}. Executing controller action with signature System.Threading.Tasks.Task`1[Microsoft.AspNetCore.Mvc.IActionResult] GetAll() on controller BorrowingService.Api.Controllers.BorrowingsController (BorrowingService.Api).
2025-11-24 23:17:46.475 +02:00 [INF] Executing OkObjectResult, writing value of type 'System.Collections.Generic.List`1[[BorrowingService.Bll.Dtos.BorrowingDto, BorrowingService.Bll, Version=1.0.0.0, Culture=neutral, PublicKeyToken=null]]'.
2025-11-24 23:17:46.497 +02:00 [INF] Executed action BorrowingService.Api.Controllers.BorrowingsController.GetAll (BorrowingService.Api) in 95.3112ms
2025-11-24 23:17:46.501 +02:00 [INF] Executed endpoint 'BorrowingService.Api.Controllers.BorrowingsController.GetAll (BorrowingService.Api)'
2025-11-24 23:17:46.502 +02:00 [INF] Request starting HTTP/1.1 GET http://localhost:5017/api/borrowings - null null
2025-11-24 23:17:46.504 +02:00 [INF] Request finished HTTP/1.1 GET http://localhost:5017/api/borrowings - 200 null application/json; charset=utf-8 127.5785ms
2025-11-24 23:17:46.511 +02:00 [INF] Executing endpoint 'BorrowingService.Api.Controllers.BorrowingsController.GetAll (BorrowingService.Api)'
2025-11-24 23:17:46.519 +02:00 [INF] Route matched with {action = "GetAll", controller = "Borrowings"}. Executing controller action with signature System.Threading.Tasks.Task`1[Microsoft.AspNetCore.Mvc.IActionResult] GetAll() on controller BorrowingService.Api.Controllers.BorrowingsController (BorrowingService.Api).
2025-11-24 23:17:46.525 +02:00 [INF] Executing OkObjectResult, writing value of type 'System.Collections.Generic.List`1[[BorrowingService.Bll.Dtos.BorrowingDto, BorrowingService.Bll, Version=1.0.0.0, Culture=neutral, PublicKeyToken=null]]'.
2025-11-24 23:17:46.528 +02:00 [INF] Executed action BorrowingService.Api.Controllers.BorrowingsController.GetAll (BorrowingService.Api) in 4.8752ms
2025-11-24 23:17:46.531 +02:00 [INF] Executed endpoint 'BorrowingService.Api.Controllers.BorrowingsController.GetAll (BorrowingService.Api)'
2025-11-24 23:17:46.533 +02:00 [INF] Request finished HTTP/1.1 GET http://localhost:5017/api/borrowings - 200 null application/json; charset=utf-8 31.0851ms
2025-11-24 23:18:00.659 +02:00 [INF] Request starting HTTP/1.1 GET http://localhost:5017/api/readers - null null
2025-11-24 23:18:00.669 +02:00 [INF] Executing endpoint 'BorrowingService.Api.Controllers.ReadersController.GetAll (BorrowingService.Api)'
2025-11-24 23:18:00.673 +02:00 [INF] Route matched with {action = "GetAll", controller = "Readers"}. Executing controller action with signature System.Threading.Tasks.Task`1[Microsoft.AspNetCore.Mvc.IActionResult] GetAll() on controller BorrowingService.Api.Controllers.ReadersController (BorrowingService.Api).
2025-11-24 23:18:00.680 +02:00 [INF] Executing OkObjectResult, writing value of type 'System.Collections.Generic.List`1[[BorrowingService.Bll.Dtos.ReaderDto, BorrowingService.Bll, Version=1.0.0.0, Culture=neutral, PublicKeyToken=null]]'.
2025-11-24 23:18:00.683 +02:00 [INF] Executed action BorrowingService.Api.Controllers.ReadersController.GetAll (BorrowingService.Api) in 5.7799ms
2025-11-24 23:18:00.686 +02:00 [INF] Executed endpoint 'BorrowingService.Api.Controllers.ReadersController.GetAll (BorrowingService.Api)'
2025-11-24 23:18:00.689 +02:00 [INF] Request finished HTTP/1.1 GET http://localhost:5017/api/readers - 200 null application/json; charset=utf-8 30.3632ms
2025-11-24 23:18:03.548 +02:00 [INF] Request starting HTTP/1.1 POST http://localhost:5017/api/borrowings/issue - application/json 25
2025-11-24 23:18:03.563 +02:00 [INF] CORS policy execution successful.
2025-11-24 23:18:03.565 +02:00 [INF] Executing endpoint 'BorrowingService.Api.Controllers.BorrowingsController.IssueBook (BorrowingService.Api)'
2025-11-24 23:18:03.574 +02:00 [INF] Route matched with {action = "IssueBook", controller = "Borrowings"}. Executing controller action with signature System.Threading.Tasks.Task`1[Microsoft.AspNetCore.Mvc.IActionResult] IssueBook(IssueBookRequest) on controller BorrowingService.Api.Controllers.BorrowingsController (BorrowingService.Api).
2025-11-24 23:18:03.609 +02:00 [INF] Start processing HTTP request GET http://localhost:5180/api/books/1
2025-11-24 23:18:03.613 +02:00 [INF] Sending HTTP request GET http://localhost:5180/api/books/1
2025-11-24 23:18:03.853 +02:00 [INF] Received HTTP response headers after 233.3027ms - 200
2025-11-24 23:18:03.857 +02:00 [INF] End processing HTTP request after 249.4013ms - 200
2025-11-24 23:18:03.930 +02:00 [INF] Executing ConflictObjectResult, writing value of type '<>f__AnonymousType2`1[[System.String, System.Private.CoreLib, Version=9.0.0.0, Culture=neutral, PublicKeyToken=7cec85d7bea7798e]]'.
2025-11-24 23:18:03.948 +02:00 [INF] Executed action BorrowingService.Api.Controllers.BorrowingsController.IssueBook (BorrowingService.Api) in 369.9953ms
2025-11-24 23:18:03.955 +02:00 [INF] Executed endpoint 'BorrowingService.Api.Controllers.BorrowingsController.IssueBook (BorrowingService.Api)'
2025-11-24 23:18:03.959 +02:00 [INF] Request finished HTTP/1.1 POST http://localhost:5017/api/borrowings/issue - 409 null application/json; charset=utf-8 411.4864ms
2025-11-24 23:18:15.416 +02:00 [INF] Request starting HTTP/1.1 GET http://localhost:5017/api/readers - null null
2025-11-24 23:18:15.425 +02:00 [INF] Executing endpoint 'BorrowingService.Api.Controllers.ReadersController.GetAll (BorrowingService.Api)'
2025-11-24 23:18:15.427 +02:00 [INF] Route matched with {action = "GetAll", controller = "Readers"}. Executing controller action with signature System.Threading.Tasks.Task`1[Microsoft.AspNetCore.Mvc.IActionResult] GetAll() on controller BorrowingService.Api.Controllers.ReadersController (BorrowingService.Api).
2025-11-24 23:18:15.430 +02:00 [INF] Executing OkObjectResult, writing value of type 'System.Collections.Generic.List`1[[BorrowingService.Bll.Dtos.ReaderDto, BorrowingService.Bll, Version=1.0.0.0, Culture=neutral, PublicKeyToken=null]]'.
2025-11-24 23:18:15.433 +02:00 [INF] Executed action BorrowingService.Api.Controllers.ReadersController.GetAll (BorrowingService.Api) in 3.6178ms
2025-11-24 23:18:15.436 +02:00 [INF] Executed endpoint 'BorrowingService.Api.Controllers.ReadersController.GetAll (BorrowingService.Api)'
2025-11-24 23:18:15.438 +02:00 [INF] Request starting HTTP/1.1 GET http://localhost:5017/api/readers - null null
2025-11-24 23:18:15.439 +02:00 [INF] Request finished HTTP/1.1 GET http://localhost:5017/api/readers - 200 null application/json; charset=utf-8 23.1292ms
2025-11-24 23:18:15.445 +02:00 [INF] Executing endpoint 'BorrowingService.Api.Controllers.ReadersController.GetAll (BorrowingService.Api)'
2025-11-24 23:18:15.456 +02:00 [INF] Route matched with {action = "GetAll", controller = "Readers"}. Executing controller action with signature System.Threading.Tasks.Task`1[Microsoft.AspNetCore.Mvc.IActionResult] GetAll() on controller BorrowingService.Api.Controllers.ReadersController (BorrowingService.Api).
2025-11-24 23:18:15.460 +02:00 [INF] Executing OkObjectResult, writing value of type 'System.Collections.Generic.List`1[[BorrowingService.Bll.Dtos.ReaderDto, BorrowingService.Bll, Version=1.0.0.0, Culture=neutral, PublicKeyToken=null]]'.
2025-11-24 23:18:15.462 +02:00 [INF] Executed action BorrowingService.Api.Controllers.ReadersController.GetAll (BorrowingService.Api) in 2.686ms
2025-11-24 23:18:15.465 +02:00 [INF] Executed endpoint 'BorrowingService.Api.Controllers.ReadersController.GetAll (BorrowingService.Api)'
2025-11-24 23:18:15.466 +02:00 [INF] Request finished HTTP/1.1 GET http://localhost:5017/api/readers - 200 null application/json; charset=utf-8 28.5617ms
2025-11-24 23:18:16.928 +02:00 [INF] Request starting HTTP/1.1 GET http://localhost:5017/api/borrowings - null null
2025-11-24 23:18:16.938 +02:00 [INF] Executing endpoint 'BorrowingService.Api.Controllers.BorrowingsController.GetAll (BorrowingService.Api)'
2025-11-24 23:18:16.941 +02:00 [INF] Route matched with {action = "GetAll", controller = "Borrowings"}. Executing controller action with signature System.Threading.Tasks.Task`1[Microsoft.AspNetCore.Mvc.IActionResult] GetAll() on controller BorrowingService.Api.Controllers.BorrowingsController (BorrowingService.Api).
2025-11-24 23:18:16.947 +02:00 [INF] Executing OkObjectResult, writing value of type 'System.Collections.Generic.List`1[[BorrowingService.Bll.Dtos.BorrowingDto, BorrowingService.Bll, Version=1.0.0.0, Culture=neutral, PublicKeyToken=null]]'.
2025-11-24 23:18:16.952 +02:00 [INF] Executed action BorrowingService.Api.Controllers.BorrowingsController.GetAll (BorrowingService.Api) in 6.5844ms
2025-11-24 23:18:16.956 +02:00 [INF] Executed endpoint 'BorrowingService.Api.Controllers.BorrowingsController.GetAll (BorrowingService.Api)'
2025-11-24 23:18:16.957 +02:00 [INF] Request starting HTTP/1.1 GET http://localhost:5017/api/borrowings - null null
2025-11-24 23:18:16.959 +02:00 [INF] Request finished HTTP/1.1 GET http://localhost:5017/api/borrowings - 200 null application/json; charset=utf-8 30.6383ms
2025-11-24 23:18:16.965 +02:00 [INF] Executing endpoint 'BorrowingService.Api.Controllers.BorrowingsController.GetAll (BorrowingService.Api)'
2025-11-24 23:18:16.975 +02:00 [INF] Route matched with {action = "GetAll", controller = "Borrowings"}. Executing controller action with signature System.Threading.Tasks.Task`1[Microsoft.AspNetCore.Mvc.IActionResult] GetAll() on controller BorrowingService.Api.Controllers.BorrowingsController (BorrowingService.Api).
2025-11-24 23:18:16.979 +02:00 [INF] Executing OkObjectResult, writing value of type 'System.Collections.Generic.List`1[[BorrowingService.Bll.Dtos.BorrowingDto, BorrowingService.Bll, Version=1.0.0.0, Culture=neutral, PublicKeyToken=null]]'.
2025-11-24 23:18:16.981 +02:00 [INF] Executed action BorrowingService.Api.Controllers.BorrowingsController.GetAll (BorrowingService.Api) in 3.3466ms
2025-11-24 23:18:16.983 +02:00 [INF] Executed endpoint 'BorrowingService.Api.Controllers.BorrowingsController.GetAll (BorrowingService.Api)'
2025-11-24 23:18:16.985 +02:00 [INF] Request finished HTTP/1.1 GET http://localhost:5017/api/borrowings - 200 null application/json; charset=utf-8 27.7216ms
2025-11-24 23:38:50.009 +02:00 [INF] Now listening on: http://localhost:5017
2025-11-24 23:38:50.095 +02:00 [INF] Application started. Press Ctrl+C to shut down.
2025-11-24 23:38:50.104 +02:00 [INF] Hosting environment: Development
2025-11-24 23:38:50.109 +02:00 [INF] Content root path: C:\Users\Admin\Documents\projects\LibrarySystem\BorrowingService\BorrowingService.Api
2025-11-24 23:39:00.968 +02:00 [INF] Request starting HTTP/1.1 GET http://localhost:5017/api/readers - null null
2025-11-24 23:39:01.062 +02:00 [INF] Executing endpoint 'BorrowingService.Api.Controllers.ReadersController.GetAll (BorrowingService.Api)'
2025-11-24 23:39:01.094 +02:00 [INF] Route matched with {action = "GetAll", controller = "Readers"}. Executing controller action with signature System.Threading.Tasks.Task`1[Microsoft.AspNetCore.Mvc.IActionResult] GetAll() on controller BorrowingService.Api.Controllers.ReadersController (BorrowingService.Api).
2025-11-24 23:39:01.764 +02:00 [INF] Executing OkObjectResult, writing value of type 'System.Collections.Generic.List`1[[BorrowingService.Bll.Dtos.ReaderDto, BorrowingService.Bll, Version=1.0.0.0, Culture=neutral, PublicKeyToken=null]]'.
2025-11-24 23:39:01.833 +02:00 [INF] Executed action BorrowingService.Api.Controllers.ReadersController.GetAll (BorrowingService.Api) in 729.7553ms
2025-11-24 23:39:01.840 +02:00 [INF] Request starting HTTP/1.1 GET http://localhost:5017/api/readers - null null
2025-11-24 23:39:01.859 +02:00 [INF] Executed endpoint 'BorrowingService.Api.Controllers.ReadersController.GetAll (BorrowingService.Api)'
2025-11-24 23:39:01.868 +02:00 [INF] Executing endpoint 'BorrowingService.Api.Controllers.ReadersController.GetAll (BorrowingService.Api)'
2025-11-24 23:39:01.872 +02:00 [INF] Route matched with {action = "GetAll", controller = "Readers"}. Executing controller action with signature System.Threading.Tasks.Task`1[Microsoft.AspNetCore.Mvc.IActionResult] GetAll() on controller BorrowingService.Api.Controllers.ReadersController (BorrowingService.Api).
2025-11-24 23:39:01.875 +02:00 [INF] Request finished HTTP/1.1 GET http://localhost:5017/api/readers - 200 null application/json; charset=utf-8 909.8793ms
2025-11-24 23:39:01.892 +02:00 [INF] Executing OkObjectResult, writing value of type 'System.Collections.Generic.List`1[[BorrowingService.Bll.Dtos.ReaderDto, BorrowingService.Bll, Version=1.0.0.0, Culture=neutral, PublicKeyToken=null]]'.
2025-11-24 23:39:01.896 +02:00 [INF] Executed action BorrowingService.Api.Controllers.ReadersController.GetAll (BorrowingService.Api) in 18.6745ms
2025-11-24 23:39:01.899 +02:00 [INF] Executed endpoint 'BorrowingService.Api.Controllers.ReadersController.GetAll (BorrowingService.Api)'
2025-11-24 23:39:01.904 +02:00 [INF] Request finished HTTP/1.1 GET http://localhost:5017/api/readers - 200 null application/json; charset=utf-8 64.3952ms
2025-11-24 23:39:02.824 +02:00 [INF] Request starting HTTP/1.1 GET http://localhost:5017/api/borrowings - null null
2025-11-24 23:39:02.834 +02:00 [INF] Executing endpoint 'BorrowingService.Api.Controllers.BorrowingsController.GetAll (BorrowingService.Api)'
2025-11-24 23:39:02.845 +02:00 [INF] Route matched with {action = "GetAll", controller = "Borrowings"}. Executing controller action with signature System.Threading.Tasks.Task`1[Microsoft.AspNetCore.Mvc.IActionResult] GetAll() on controller BorrowingService.Api.Controllers.BorrowingsController (BorrowingService.Api).
2025-11-24 23:39:02.922 +02:00 [INF] Executing OkObjectResult, writing value of type 'System.Collections.Generic.List`1[[BorrowingService.Bll.Dtos.BorrowingDto, BorrowingService.Bll, Version=1.0.0.0, Culture=neutral, PublicKeyToken=null]]'.
2025-11-24 23:39:02.952 +02:00 [INF] Executed action BorrowingService.Api.Controllers.BorrowingsController.GetAll (BorrowingService.Api) in 103.0932ms
2025-11-24 23:39:02.956 +02:00 [INF] Executed endpoint 'BorrowingService.Api.Controllers.BorrowingsController.GetAll (BorrowingService.Api)'
2025-11-24 23:39:02.957 +02:00 [INF] Request starting HTTP/1.1 GET http://localhost:5017/api/borrowings - null null
2025-11-24 23:39:02.960 +02:00 [INF] Request finished HTTP/1.1 GET http://localhost:5017/api/borrowings - 200 null application/json; charset=utf-8 135.907ms
2025-11-24 23:39:02.966 +02:00 [INF] Executing endpoint 'BorrowingService.Api.Controllers.BorrowingsController.GetAll (BorrowingService.Api)'
2025-11-24 23:39:02.977 +02:00 [INF] Route matched with {action = "GetAll", controller = "Borrowings"}. Executing controller action with signature System.Threading.Tasks.Task`1[Microsoft.AspNetCore.Mvc.IActionResult] GetAll() on controller BorrowingService.Api.Controllers.BorrowingsController (BorrowingService.Api).
2025-11-24 23:39:02.988 +02:00 [INF] Executing OkObjectResult, writing value of type 'System.Collections.Generic.List`1[[BorrowingService.Bll.Dtos.BorrowingDto, BorrowingService.Bll, Version=1.0.0.0, Culture=neutral, PublicKeyToken=null]]'.
2025-11-24 23:39:02.992 +02:00 [INF] Executed action BorrowingService.Api.Controllers.BorrowingsController.GetAll (BorrowingService.Api) in 10.6316ms
2025-11-24 23:39:02.996 +02:00 [INF] Executed endpoint 'BorrowingService.Api.Controllers.BorrowingsController.GetAll (BorrowingService.Api)'
2025-11-24 23:39:02.999 +02:00 [INF] Request finished HTTP/1.1 GET http://localhost:5017/api/borrowings - 200 null application/json; charset=utf-8 41.2061ms
2025-11-24 23:43:00.798 +02:00 [INF] Request starting HTTP/1.1 GET http://localhost:5017/api/borrowings - null null
2025-11-24 23:43:00.805 +02:00 [INF] Executing endpoint 'BorrowingService.Api.Controllers.BorrowingsController.GetAll (BorrowingService.Api)'
2025-11-24 23:43:00.809 +02:00 [INF] Route matched with {action = "GetAll", controller = "Borrowings"}. Executing controller action with signature System.Threading.Tasks.Task`1[Microsoft.AspNetCore.Mvc.IActionResult] GetAll() on controller BorrowingService.Api.Controllers.BorrowingsController (BorrowingService.Api).
2025-11-24 23:43:00.826 +02:00 [INF] Executing OkObjectResult, writing value of type 'System.Collections.Generic.List`1[[BorrowingService.Bll.Dtos.BorrowingDto, BorrowingService.Bll, Version=1.0.0.0, Culture=neutral, PublicKeyToken=null]]'.
2025-11-24 23:43:00.829 +02:00 [INF] Executed action BorrowingService.Api.Controllers.BorrowingsController.GetAll (BorrowingService.Api) in 15.086ms
2025-11-24 23:43:00.833 +02:00 [INF] Executed endpoint 'BorrowingService.Api.Controllers.BorrowingsController.GetAll (BorrowingService.Api)'
2025-11-24 23:43:00.835 +02:00 [INF] Request starting HTTP/1.1 GET http://localhost:5017/api/borrowings - null null
2025-11-24 23:43:00.836 +02:00 [INF] Request finished HTTP/1.1 GET http://localhost:5017/api/borrowings - 200 null application/json; charset=utf-8 37.6253ms
2025-11-24 23:43:00.843 +02:00 [INF] Executing endpoint 'BorrowingService.Api.Controllers.BorrowingsController.GetAll (BorrowingService.Api)'
2025-11-24 23:43:00.851 +02:00 [INF] Route matched with {action = "GetAll", controller = "Borrowings"}. Executing controller action with signature System.Threading.Tasks.Task`1[Microsoft.AspNetCore.Mvc.IActionResult] GetAll() on controller BorrowingService.Api.Controllers.BorrowingsController (BorrowingService.Api).
2025-11-24 23:43:00.861 +02:00 [INF] Executing OkObjectResult, writing value of type 'System.Collections.Generic.List`1[[BorrowingService.Bll.Dtos.BorrowingDto, BorrowingService.Bll, Version=1.0.0.0, Culture=neutral, PublicKeyToken=null]]'.
2025-11-24 23:43:00.863 +02:00 [INF] Executed action BorrowingService.Api.Controllers.BorrowingsController.GetAll (BorrowingService.Api) in 7.8145ms
2025-11-24 23:43:00.867 +02:00 [INF] Executed endpoint 'BorrowingService.Api.Controllers.BorrowingsController.GetAll (BorrowingService.Api)'
2025-11-24 23:43:00.869 +02:00 [INF] Request finished HTTP/1.1 GET http://localhost:5017/api/borrowings - 200 null application/json; charset=utf-8 33.6746ms
2025-11-24 23:43:04.320 +02:00 [INF] Request starting HTTP/1.1 GET http://localhost:5017/api/readers - null null
2025-11-24 23:43:04.329 +02:00 [INF] Executing endpoint 'BorrowingService.Api.Controllers.ReadersController.GetAll (BorrowingService.Api)'
2025-11-24 23:43:04.332 +02:00 [INF] Route matched with {action = "GetAll", controller = "Readers"}. Executing controller action with signature System.Threading.Tasks.Task`1[Microsoft.AspNetCore.Mvc.IActionResult] GetAll() on controller BorrowingService.Api.Controllers.ReadersController (BorrowingService.Api).
2025-11-24 23:43:04.339 +02:00 [INF] Executing OkObjectResult, writing value of type 'System.Collections.Generic.List`1[[BorrowingService.Bll.Dtos.ReaderDto, BorrowingService.Bll, Version=1.0.0.0, Culture=neutral, PublicKeyToken=null]]'.
2025-11-24 23:43:04.342 +02:00 [INF] Executed action BorrowingService.Api.Controllers.ReadersController.GetAll (BorrowingService.Api) in 5.1094ms
2025-11-24 23:43:04.345 +02:00 [INF] Executed endpoint 'BorrowingService.Api.Controllers.ReadersController.GetAll (BorrowingService.Api)'
2025-11-24 23:43:04.348 +02:00 [INF] Request finished HTTP/1.1 GET http://localhost:5017/api/readers - 200 null application/json; charset=utf-8 27.4785ms
2025-11-24 23:43:09.042 +02:00 [INF] Request starting HTTP/1.1 POST http://localhost:5017/api/borrowings/issue - application/json 25
2025-11-24 23:43:09.052 +02:00 [INF] CORS policy execution successful.
2025-11-24 23:43:09.056 +02:00 [INF] Executing endpoint 'BorrowingService.Api.Controllers.BorrowingsController.IssueBook (BorrowingService.Api)'
2025-11-24 23:43:09.069 +02:00 [INF] Route matched with {action = "IssueBook", controller = "Borrowings"}. Executing controller action with signature System.Threading.Tasks.Task`1[Microsoft.AspNetCore.Mvc.IActionResult] IssueBook(IssueBookRequest) on controller BorrowingService.Api.Controllers.BorrowingsController (BorrowingService.Api).
2025-11-24 23:43:09.112 +02:00 [INF] Start processing HTTP request GET http://localhost:5180/api/books/2
2025-11-24 23:43:09.117 +02:00 [INF] Sending HTTP request GET http://localhost:5180/api/books/2
2025-11-24 23:43:09.388 +02:00 [INF] Received HTTP response headers after 263.2322ms - 200
2025-11-24 23:43:09.393 +02:00 [INF] End processing HTTP request after 282.1368ms - 200
2025-11-24 23:43:09.415 +02:00 [INF] Executing ConflictObjectResult, writing value of type '<>f__AnonymousType2`1[[System.String, System.Private.CoreLib, Version=9.0.0.0, Culture=neutral, PublicKeyToken=7cec85d7bea7798e]]'.
2025-11-24 23:43:09.427 +02:00 [INF] Executed action BorrowingService.Api.Controllers.BorrowingsController.IssueBook (BorrowingService.Api) in 355.2031ms
2025-11-24 23:43:09.431 +02:00 [INF] Executed endpoint 'BorrowingService.Api.Controllers.BorrowingsController.IssueBook (BorrowingService.Api)'
2025-11-24 23:43:09.434 +02:00 [INF] Request finished HTTP/1.1 POST http://localhost:5017/api/borrowings/issue - 409 null application/json; charset=utf-8 391.6819ms
2025-11-24 23:43:38.424 +02:00 [INF] Now listening on: http://localhost:5017
2025-11-24 23:43:38.480 +02:00 [INF] Application started. Press Ctrl+C to shut down.
2025-11-24 23:43:38.482 +02:00 [INF] Hosting environment: Development
2025-11-24 23:43:38.483 +02:00 [INF] Content root path: C:\Users\Admin\Documents\projects\LibrarySystem\BorrowingService\BorrowingService.Api
2025-11-24 23:43:43.794 +02:00 [INF] Request starting HTTP/1.1 GET http://localhost:5017/api/readers - null null
2025-11-24 23:43:43.898 +02:00 [INF] Executing endpoint 'BorrowingService.Api.Controllers.ReadersController.GetAll (BorrowingService.Api)'
2025-11-24 23:43:43.931 +02:00 [INF] Route matched with {action = "GetAll", controller = "Readers"}. Executing controller action with signature System.Threading.Tasks.Task`1[Microsoft.AspNetCore.Mvc.IActionResult] GetAll() on controller BorrowingService.Api.Controllers.ReadersController (BorrowingService.Api).
2025-11-24 23:43:44.525 +02:00 [INF] Executing OkObjectResult, writing value of type 'System.Collections.Generic.List`1[[BorrowingService.Bll.Dtos.ReaderDto, BorrowingService.Bll, Version=1.0.0.0, Culture=neutral, PublicKeyToken=null]]'.
2025-11-24 23:43:44.578 +02:00 [INF] Executed action BorrowingService.Api.Controllers.ReadersController.GetAll (BorrowingService.Api) in 636.9313ms
2025-11-24 23:43:44.583 +02:00 [INF] Request starting HTTP/1.1 GET http://localhost:5017/api/readers - null null
2025-11-24 23:43:44.600 +02:00 [INF] Executed endpoint 'BorrowingService.Api.Controllers.ReadersController.GetAll (BorrowingService.Api)'
2025-11-24 23:43:44.607 +02:00 [INF] Executing endpoint 'BorrowingService.Api.Controllers.ReadersController.GetAll (BorrowingService.Api)'
2025-11-24 23:43:44.610 +02:00 [INF] Route matched with {action = "GetAll", controller = "Readers"}. Executing controller action with signature System.Threading.Tasks.Task`1[Microsoft.AspNetCore.Mvc.IActionResult] GetAll() on controller BorrowingService.Api.Controllers.ReadersController (BorrowingService.Api).
2025-11-24 23:43:44.613 +02:00 [INF] Request finished HTTP/1.1 GET http://localhost:5017/api/readers - 200 null application/json; charset=utf-8 821.6853ms
2025-11-24 23:43:44.619 +02:00 [INF] Executing OkObjectResult, writing value of type 'System.Collections.Generic.List`1[[BorrowingService.Bll.Dtos.ReaderDto, BorrowingService.Bll, Version=1.0.0.0, Culture=neutral, PublicKeyToken=null]]'.
2025-11-24 23:43:44.626 +02:00 [INF] Executed action BorrowingService.Api.Controllers.ReadersController.GetAll (BorrowingService.Api) in 10.6927ms
2025-11-24 23:43:44.629 +02:00 [INF] Executed endpoint 'BorrowingService.Api.Controllers.ReadersController.GetAll (BorrowingService.Api)'
2025-11-24 23:43:44.632 +02:00 [INF] Request finished HTTP/1.1 GET http://localhost:5017/api/readers - 200 null application/json; charset=utf-8 49.2879ms
2025-11-24 23:43:50.149 +02:00 [INF] Request starting HTTP/1.1 GET http://localhost:5017/api/readers - null null
2025-11-24 23:43:50.157 +02:00 [INF] Executing endpoint 'BorrowingService.Api.Controllers.ReadersController.GetAll (BorrowingService.Api)'
2025-11-24 23:43:50.159 +02:00 [INF] Route matched with {action = "GetAll", controller = "Readers"}. Executing controller action with signature System.Threading.Tasks.Task`1[Microsoft.AspNetCore.Mvc.IActionResult] GetAll() on controller BorrowingService.Api.Controllers.ReadersController (BorrowingService.Api).
2025-11-24 23:43:50.181 +02:00 [INF] Executing OkObjectResult, writing value of type 'System.Collections.Generic.List`1[[BorrowingService.Bll.Dtos.ReaderDto, BorrowingService.Bll, Version=1.0.0.0, Culture=neutral, PublicKeyToken=null]]'.
2025-11-24 23:43:50.186 +02:00 [INF] Executed action BorrowingService.Api.Controllers.ReadersController.GetAll (BorrowingService.Api) in 22.6804ms
2025-11-24 23:43:50.190 +02:00 [INF] Executed endpoint 'BorrowingService.Api.Controllers.ReadersController.GetAll (BorrowingService.Api)'
2025-11-24 23:43:50.194 +02:00 [INF] Request finished HTTP/1.1 GET http://localhost:5017/api/readers - 200 null application/json; charset=utf-8 45.357ms
2025-11-24 23:43:53.868 +02:00 [INF] Request starting HTTP/1.1 POST http://localhost:5017/api/borrowings/issue - application/json 25
2025-11-24 23:43:53.879 +02:00 [INF] CORS policy execution successful.
2025-11-24 23:43:53.882 +02:00 [INF] Executing endpoint 'BorrowingService.Api.Controllers.BorrowingsController.IssueBook (BorrowingService.Api)'
2025-11-24 23:43:53.896 +02:00 [INF] Route matched with {action = "IssueBook", controller = "Borrowings"}. Executing controller action with signature System.Threading.Tasks.Task`1[Microsoft.AspNetCore.Mvc.IActionResult] IssueBook(IssueBookRequest) on controller BorrowingService.Api.Controllers.BorrowingsController (BorrowingService.Api).
2025-11-24 23:43:53.947 +02:00 [INF] Start processing HTTP request GET http://localhost:5180/api/books/2
2025-11-24 23:43:53.952 +02:00 [INF] Sending HTTP request GET http://localhost:5180/api/books/2
2025-11-24 23:43:54.217 +02:00 [INF] Received HTTP response headers after 257.3106ms - 200
2025-11-24 23:43:54.222 +02:00 [INF] End processing HTTP request after 276.2966ms - 200
2025-11-24 23:43:54.277 +02:00 [INF] Executing ConflictObjectResult, writing value of type '<>f__AnonymousType2`1[[System.String, System.Private.CoreLib, Version=9.0.0.0, Culture=neutral, PublicKeyToken=7cec85d7bea7798e]]'.
2025-11-24 23:43:54.292 +02:00 [INF] Executed action BorrowingService.Api.Controllers.BorrowingsController.IssueBook (BorrowingService.Api) in 391.8815ms
2025-11-24 23:43:54.297 +02:00 [INF] Executed endpoint 'BorrowingService.Api.Controllers.BorrowingsController.IssueBook (BorrowingService.Api)'
2025-11-24 23:43:54.300 +02:00 [INF] Request finished HTTP/1.1 POST http://localhost:5017/api/borrowings/issue - 409 null application/json; charset=utf-8 432.885ms
