2025-11-25 00:01:08.626 +02:00 [INF] Now listening on: http://localhost:5017
2025-11-25 00:01:08.957 +02:00 [INF] Application started. Press Ctrl+C to shut down.
2025-11-25 00:01:09.061 +02:00 [INF] Hosting environment: Development
2025-11-25 00:01:09.225 +02:00 [INF] Content root path: C:\Users\Admin\Documents\projects\LibrarySystem\BorrowingService\BorrowingService.Api
2025-11-25 00:01:17.583 +02:00 [INF] Request starting HTTP/1.1 GET http://localhost:5017/api/readers - null null
2025-11-25 00:01:17.714 +02:00 [INF] Executing endpoint 'BorrowingService.Api.Controllers.ReadersController.GetAll (BorrowingService.Api)'
2025-11-25 00:01:17.759 +02:00 [INF] Route matched with {action = "GetAll", controller = "Readers"}. Executing controller action with signature System.Threading.Tasks.Task`1[Microsoft.AspNetCore.Mvc.IActionResult] GetAll() on controller BorrowingService.Api.Controllers.ReadersController (BorrowingService.Api).
2025-11-25 00:01:18.602 +02:00 [INF] Executing OkObjectResult, writing value of type 'System.Collections.Generic.List`1[[BorrowingService.Bll.Dtos.ReaderDto, BorrowingService.Bll, Version=1.0.0.0, Culture=neutral, PublicKeyToken=null]]'.
2025-11-25 00:01:18.672 +02:00 [INF] Executed action BorrowingService.Api.Controllers.ReadersController.GetAll (BorrowingService.Api) in 895.6366ms
2025-11-25 00:01:18.676 +02:00 [INF] Request starting HTTP/1.1 GET http://localhost:5017/api/readers - null null
2025-11-25 00:01:18.707 +02:00 [INF] Executed endpoint 'BorrowingService.Api.Controllers.ReadersController.GetAll (BorrowingService.Api)'
2025-11-25 00:01:18.713 +02:00 [INF] Executing endpoint 'BorrowingService.Api.Controllers.ReadersController.GetAll (BorrowingService.Api)'
2025-11-25 00:01:18.721 +02:00 [INF] Route matched with {action = "GetAll", controller = "Readers"}. Executing controller action with signature System.Threading.Tasks.Task`1[Microsoft.AspNetCore.Mvc.IActionResult] GetAll() on controller BorrowingService.Api.Controllers.ReadersController (BorrowingService.Api).
2025-11-25 00:01:18.721 +02:00 [INF] Request finished HTTP/1.1 GET http://localhost:5017/api/readers - 200 null application/json; charset=utf-8 1142.6042ms
2025-11-25 00:01:18.752 +02:00 [INF] Executing OkObjectResult, writing value of type 'System.Collections.Generic.List`1[[BorrowingService.Bll.Dtos.ReaderDto, BorrowingService.Bll, Version=1.0.0.0, Culture=neutral, PublicKeyToken=null]]'.
2025-11-25 00:01:18.757 +02:00 [INF] Executed action BorrowingService.Api.Controllers.ReadersController.GetAll (BorrowingService.Api) in 31.2076ms
2025-11-25 00:01:18.763 +02:00 [INF] Executed endpoint 'BorrowingService.Api.Controllers.ReadersController.GetAll (BorrowingService.Api)'
2025-11-25 00:01:18.771 +02:00 [INF] Request finished HTTP/1.1 GET http://localhost:5017/api/readers - 200 null application/json; charset=utf-8 94.9712ms
2025-11-25 00:01:19.862 +02:00 [INF] Request starting HTTP/1.1 GET http://localhost:5017/api/borrowings - null null
2025-11-25 00:01:19.871 +02:00 [INF] Executing endpoint 'BorrowingService.Api.Controllers.BorrowingsController.GetAll (BorrowingService.Api)'
2025-11-25 00:01:19.881 +02:00 [INF] Route matched with {action = "GetAll", controller = "Borrowings"}. Executing controller action with signature System.Threading.Tasks.Task`1[Microsoft.AspNetCore.Mvc.IActionResult] GetAll() on controller BorrowingService.Api.Controllers.BorrowingsController (BorrowingService.Api).
2025-11-25 00:01:19.966 +02:00 [INF] Executing OkObjectResult, writing value of type 'System.Collections.Generic.List`1[[BorrowingService.Bll.Dtos.BorrowingDto, BorrowingService.Bll, Version=1.0.0.0, Culture=neutral, PublicKeyToken=null]]'.
2025-11-25 00:01:19.995 +02:00 [INF] Executed action BorrowingService.Api.Controllers.BorrowingsController.GetAll (BorrowingService.Api) in 109.025ms
2025-11-25 00:01:20.001 +02:00 [INF] Executed endpoint 'BorrowingService.Api.Controllers.BorrowingsController.GetAll (BorrowingService.Api)'
2025-11-25 00:01:20.002 +02:00 [INF] Request starting HTTP/1.1 GET http://localhost:5017/api/borrowings - null null
2025-11-25 00:01:20.004 +02:00 [INF] Request finished HTTP/1.1 GET http://localhost:5017/api/borrowings - 200 null application/json; charset=utf-8 142.0768ms
2025-11-25 00:01:20.010 +02:00 [INF] Executing endpoint 'BorrowingService.Api.Controllers.BorrowingsController.GetAll (BorrowingService.Api)'
2025-11-25 00:01:20.020 +02:00 [INF] Route matched with {action = "GetAll", controller = "Borrowings"}. Executing controller action with signature System.Threading.Tasks.Task`1[Microsoft.AspNetCore.Mvc.IActionResult] GetAll() on controller BorrowingService.Api.Controllers.BorrowingsController (BorrowingService.Api).
2025-11-25 00:01:20.030 +02:00 [INF] Executing OkObjectResult, writing value of type 'System.Collections.Generic.List`1[[BorrowingService.Bll.Dtos.BorrowingDto, BorrowingService.Bll, Version=1.0.0.0, Culture=neutral, PublicKeyToken=null]]'.
2025-11-25 00:01:20.034 +02:00 [INF] Executed action BorrowingService.Api.Controllers.BorrowingsController.GetAll (BorrowingService.Api) in 10.0492ms
2025-11-25 00:01:20.038 +02:00 [INF] Executed endpoint 'BorrowingService.Api.Controllers.BorrowingsController.GetAll (BorrowingService.Api)'
2025-11-25 00:01:20.040 +02:00 [INF] Request finished HTTP/1.1 GET http://localhost:5017/api/borrowings - 200 null application/json; charset=utf-8 38.1707ms
2025-11-25 00:01:25.700 +02:00 [INF] Request starting HTTP/1.1 GET http://localhost:5017/api/readers - null null
2025-11-25 00:01:25.705 +02:00 [INF] Executing endpoint 'BorrowingService.Api.Controllers.ReadersController.GetAll (BorrowingService.Api)'
2025-11-25 00:01:25.708 +02:00 [INF] Route matched with {action = "GetAll", controller = "Readers"}. Executing controller action with signature System.Threading.Tasks.Task`1[Microsoft.AspNetCore.Mvc.IActionResult] GetAll() on controller BorrowingService.Api.Controllers.ReadersController (BorrowingService.Api).
2025-11-25 00:01:25.714 +02:00 [INF] Executing OkObjectResult, writing value of type 'System.Collections.Generic.List`1[[BorrowingService.Bll.Dtos.ReaderDto, BorrowingService.Bll, Version=1.0.0.0, Culture=neutral, PublicKeyToken=null]]'.
2025-11-25 00:01:25.717 +02:00 [INF] Executed action BorrowingService.Api.Controllers.ReadersController.GetAll (BorrowingService.Api) in 5.7118ms
2025-11-25 00:01:25.720 +02:00 [INF] Executed endpoint 'BorrowingService.Api.Controllers.ReadersController.GetAll (BorrowingService.Api)'
2025-11-25 00:01:25.722 +02:00 [INF] Request finished HTTP/1.1 GET http://localhost:5017/api/readers - 200 null application/json; charset=utf-8 21.968ms
2025-11-25 00:01:29.276 +02:00 [INF] Request starting HTTP/1.1 POST http://localhost:5017/api/borrowings/issue - application/json 25
2025-11-25 00:01:29.285 +02:00 [INF] CORS policy execution successful.
2025-11-25 00:01:29.288 +02:00 [INF] Executing endpoint 'BorrowingService.Api.Controllers.BorrowingsController.IssueBook (BorrowingService.Api)'
2025-11-25 00:01:29.298 +02:00 [INF] Route matched with {action = "IssueBook", controller = "Borrowings"}. Executing controller action with signature System.Threading.Tasks.Task`1[Microsoft.AspNetCore.Mvc.IActionResult] IssueBook(IssueBookRequest) on controller BorrowingService.Api.Controllers.BorrowingsController (BorrowingService.Api).
2025-11-25 00:01:29.336 +02:00 [INF] Start processing HTTP request GET http://localhost:5180/api/books/2
2025-11-25 00:01:29.339 +02:00 [INF] Sending HTTP request GET http://localhost:5180/api/books/2
2025-11-25 00:01:29.579 +02:00 [INF] Received HTTP response headers after 234.5498ms - 200
2025-11-25 00:01:29.584 +02:00 [INF] End processing HTTP request after 247.6773ms - 200
2025-11-25 00:01:29.612 +02:00 [INF] Executing ConflictObjectResult, writing value of type '<>f__AnonymousType2`1[[System.String, System.Private.CoreLib, Version=9.0.0.0, Culture=neutral, PublicKeyToken=7cec85d7bea7798e]]'.
2025-11-25 00:01:29.620 +02:00 [INF] Executed action BorrowingService.Api.Controllers.BorrowingsController.IssueBook (BorrowingService.Api) in 318.6178ms
2025-11-25 00:01:29.623 +02:00 [INF] Executed endpoint 'BorrowingService.Api.Controllers.BorrowingsController.IssueBook (BorrowingService.Api)'
2025-11-25 00:01:29.625 +02:00 [INF] Request finished HTTP/1.1 POST http://localhost:5017/api/borrowings/issue - 409 null application/json; charset=utf-8 348.6164ms
2025-11-25 00:02:46.789 +02:00 [INF] Now listening on: http://localhost:5017
2025-11-25 00:02:46.826 +02:00 [INF] Application started. Press Ctrl+C to shut down.
2025-11-25 00:02:46.830 +02:00 [INF] Hosting environment: Development
2025-11-25 00:02:46.831 +02:00 [INF] Content root path: C:\Users\Admin\Documents\projects\LibrarySystem\BorrowingService\BorrowingService.Api
2025-11-25 00:02:54.243 +02:00 [INF] Request starting HTTP/1.1 GET http://localhost:5017/api/readers - null null
2025-11-25 00:02:54.316 +02:00 [INF] Executing endpoint 'BorrowingService.Api.Controllers.ReadersController.GetAll (BorrowingService.Api)'
2025-11-25 00:02:54.343 +02:00 [INF] Route matched with {action = "GetAll", controller = "Readers"}. Executing controller action with signature System.Threading.Tasks.Task`1[Microsoft.AspNetCore.Mvc.IActionResult] GetAll() on controller BorrowingService.Api.Controllers.ReadersController (BorrowingService.Api).
2025-11-25 00:02:54.865 +02:00 [INF] Executing OkObjectResult, writing value of type 'System.Collections.Generic.List`1[[BorrowingService.Bll.Dtos.ReaderDto, BorrowingService.Bll, Version=1.0.0.0, Culture=neutral, PublicKeyToken=null]]'.
2025-11-25 00:02:54.912 +02:00 [INF] Executed action BorrowingService.Api.Controllers.ReadersController.GetAll (BorrowingService.Api) in 561.535ms
2025-11-25 00:02:54.917 +02:00 [INF] Request starting HTTP/1.1 GET http://localhost:5017/api/readers - null null
2025-11-25 00:02:54.929 +02:00 [INF] Executed endpoint 'BorrowingService.Api.Controllers.ReadersController.GetAll (BorrowingService.Api)'
2025-11-25 00:02:54.933 +02:00 [INF] Executing endpoint 'BorrowingService.Api.Controllers.ReadersController.GetAll (BorrowingService.Api)'
2025-11-25 00:02:54.936 +02:00 [INF] Route matched with {action = "GetAll", controller = "Readers"}. Executing controller action with signature System.Threading.Tasks.Task`1[Microsoft.AspNetCore.Mvc.IActionResult] GetAll() on controller BorrowingService.Api.Controllers.ReadersController (BorrowingService.Api).
2025-11-25 00:02:54.939 +02:00 [INF] Request finished HTTP/1.1 GET http://localhost:5017/api/readers - 200 null application/json; charset=utf-8 698.5538ms
2025-11-25 00:02:54.956 +02:00 [INF] Executing OkObjectResult, writing value of type 'System.Collections.Generic.List`1[[BorrowingService.Bll.Dtos.ReaderDto, BorrowingService.Bll, Version=1.0.0.0, Culture=neutral, PublicKeyToken=null]]'.
2025-11-25 00:02:54.960 +02:00 [INF] Executed action BorrowingService.Api.Controllers.ReadersController.GetAll (BorrowingService.Api) in 19.7427ms
2025-11-25 00:02:54.963 +02:00 [INF] Executed endpoint 'BorrowingService.Api.Controllers.ReadersController.GetAll (BorrowingService.Api)'
2025-11-25 00:02:54.968 +02:00 [INF] Request finished HTTP/1.1 GET http://localhost:5017/api/readers - 200 null application/json; charset=utf-8 50.4901ms
2025-11-25 00:02:58.593 +02:00 [INF] Request starting HTTP/1.1 GET http://localhost:5017/api/readers - null null
2025-11-25 00:02:58.599 +02:00 [INF] Executing endpoint 'BorrowingService.Api.Controllers.ReadersController.GetAll (BorrowingService.Api)'
2025-11-25 00:02:58.601 +02:00 [INF] Route matched with {action = "GetAll", controller = "Readers"}. Executing controller action with signature System.Threading.Tasks.Task`1[Microsoft.AspNetCore.Mvc.IActionResult] GetAll() on controller BorrowingService.Api.Controllers.ReadersController (BorrowingService.Api).
2025-11-25 00:02:58.609 +02:00 [INF] Executing OkObjectResult, writing value of type 'System.Collections.Generic.List`1[[BorrowingService.Bll.Dtos.ReaderDto, BorrowingService.Bll, Version=1.0.0.0, Culture=neutral, PublicKeyToken=null]]'.
2025-11-25 00:02:58.611 +02:00 [INF] Executed action BorrowingService.Api.Controllers.ReadersController.GetAll (BorrowingService.Api) in 6.1262ms
2025-11-25 00:02:58.614 +02:00 [INF] Executed endpoint 'BorrowingService.Api.Controllers.ReadersController.GetAll (BorrowingService.Api)'
2025-11-25 00:02:58.616 +02:00 [INF] Request finished HTTP/1.1 GET http://localhost:5017/api/readers - 200 null application/json; charset=utf-8 22.951ms
2025-11-25 00:03:01.837 +02:00 [INF] Request starting HTTP/1.1 POST http://localhost:5017/api/borrowings/issue - application/json 25
2025-11-25 00:03:01.854 +02:00 [INF] CORS policy execution successful.
2025-11-25 00:03:01.857 +02:00 [INF] Executing endpoint 'BorrowingService.Api.Controllers.BorrowingsController.IssueBook (BorrowingService.Api)'
2025-11-25 00:03:01.869 +02:00 [INF] Route matched with {action = "IssueBook", controller = "Borrowings"}. Executing controller action with signature System.Threading.Tasks.Task`1[Microsoft.AspNetCore.Mvc.IActionResult] IssueBook(IssueBookRequest) on controller BorrowingService.Api.Controllers.BorrowingsController (BorrowingService.Api).
2025-11-25 00:03:01.914 +02:00 [INF] Start processing HTTP request GET http://localhost:5180/api/books/2
2025-11-25 00:03:01.919 +02:00 [INF] Sending HTTP request GET http://localhost:5180/api/books/2
2025-11-25 00:03:02.231 +02:00 [INF] Received HTTP response headers after 304.1143ms - 200
2025-11-25 00:03:02.236 +02:00 [INF] End processing HTTP request after 323.0174ms - 200
2025-11-25 00:03:02.295 +02:00 [INF] Executing ConflictObjectResult, writing value of type '<>f__AnonymousType2`1[[System.String, System.Private.CoreLib, Version=9.0.0.0, Culture=neutral, PublicKeyToken=7cec85d7bea7798e]]'.
2025-11-25 00:03:02.306 +02:00 [INF] Executed action BorrowingService.Api.Controllers.BorrowingsController.IssueBook (BorrowingService.Api) in 431.3777ms
2025-11-25 00:03:02.310 +02:00 [INF] Executed endpoint 'BorrowingService.Api.Controllers.BorrowingsController.IssueBook (BorrowingService.Api)'
2025-11-25 00:03:02.313 +02:00 [INF] Request finished HTTP/1.1 POST http://localhost:5017/api/borrowings/issue - 409 null application/json; charset=utf-8 475.9775ms
2025-11-25 00:06:11.452 +02:00 [INF] Now listening on: http://localhost:5017
2025-11-25 00:06:11.527 +02:00 [INF] Application started. Press Ctrl+C to shut down.
2025-11-25 00:06:11.529 +02:00 [INF] Hosting environment: Development
2025-11-25 00:06:11.531 +02:00 [INF] Content root path: C:\Users\Admin\Documents\projects\LibrarySystem\BorrowingService\BorrowingService.Api
2025-11-25 00:06:18.846 +02:00 [INF] Request starting HTTP/1.1 GET http://localhost:5017/api/readers - null null
2025-11-25 00:06:18.933 +02:00 [INF] Executing endpoint 'BorrowingService.Api.Controllers.ReadersController.GetAll (BorrowingService.Api)'
2025-11-25 00:06:18.961 +02:00 [INF] Route matched with {action = "GetAll", controller = "Readers"}. Executing controller action with signature System.Threading.Tasks.Task`1[Microsoft.AspNetCore.Mvc.IActionResult] GetAll() on controller BorrowingService.Api.Controllers.ReadersController (BorrowingService.Api).
2025-11-25 00:06:19.416 +02:00 [INF] Executing OkObjectResult, writing value of type 'System.Collections.Generic.List`1[[BorrowingService.Bll.Dtos.ReaderDto, BorrowingService.Bll, Version=1.0.0.0, Culture=neutral, PublicKeyToken=null]]'.
2025-11-25 00:06:19.457 +02:00 [INF] Executed action BorrowingService.Api.Controllers.ReadersController.GetAll (BorrowingService.Api) in 487.3761ms
2025-11-25 00:06:19.460 +02:00 [INF] Request starting HTTP/1.1 GET http://localhost:5017/api/readers - null null
2025-11-25 00:06:19.471 +02:00 [INF] Executed endpoint 'BorrowingService.Api.Controllers.ReadersController.GetAll (BorrowingService.Api)'
2025-11-25 00:06:19.478 +02:00 [INF] Executing endpoint 'BorrowingService.Api.Controllers.ReadersController.GetAll (BorrowingService.Api)'
2025-11-25 00:06:19.480 +02:00 [INF] Route matched with {action = "GetAll", controller = "Readers"}. Executing controller action with signature System.Threading.Tasks.Task`1[Microsoft.AspNetCore.Mvc.IActionResult] GetAll() on controller BorrowingService.Api.Controllers.ReadersController (BorrowingService.Api).
2025-11-25 00:06:19.482 +02:00 [INF] Request finished HTTP/1.1 GET http://localhost:5017/api/readers - 200 null application/json; charset=utf-8 638.3504ms
2025-11-25 00:06:19.498 +02:00 [INF] Executing OkObjectResult, writing value of type 'System.Collections.Generic.List`1[[BorrowingService.Bll.Dtos.ReaderDto, BorrowingService.Bll, Version=1.0.0.0, Culture=neutral, PublicKeyToken=null]]'.
2025-11-25 00:06:19.501 +02:00 [INF] Executed action BorrowingService.Api.Controllers.ReadersController.GetAll (BorrowingService.Api) in 17.2647ms
2025-11-25 00:06:19.504 +02:00 [INF] Executed endpoint 'BorrowingService.Api.Controllers.ReadersController.GetAll (BorrowingService.Api)'
2025-11-25 00:06:19.507 +02:00 [INF] Request finished HTTP/1.1 GET http://localhost:5017/api/readers - 200 null application/json; charset=utf-8 46.6941ms
2025-11-25 00:06:25.117 +02:00 [INF] Request starting HTTP/1.1 GET http://localhost:5017/api/readers - null null
2025-11-25 00:06:25.128 +02:00 [INF] Executing endpoint 'BorrowingService.Api.Controllers.ReadersController.GetAll (BorrowingService.Api)'
2025-11-25 00:06:25.131 +02:00 [INF] Route matched with {action = "GetAll", controller = "Readers"}. Executing controller action with signature System.Threading.Tasks.Task`1[Microsoft.AspNetCore.Mvc.IActionResult] GetAll() on controller BorrowingService.Api.Controllers.ReadersController (BorrowingService.Api).
2025-11-25 00:06:25.139 +02:00 [INF] Executing OkObjectResult, writing value of type 'System.Collections.Generic.List`1[[BorrowingService.Bll.Dtos.ReaderDto, BorrowingService.Bll, Version=1.0.0.0, Culture=neutral, PublicKeyToken=null]]'.
2025-11-25 00:06:25.142 +02:00 [INF] Executed action BorrowingService.Api.Controllers.ReadersController.GetAll (BorrowingService.Api) in 6.8159ms
2025-11-25 00:06:25.145 +02:00 [INF] Executed endpoint 'BorrowingService.Api.Controllers.ReadersController.GetAll (BorrowingService.Api)'
2025-11-25 00:06:25.147 +02:00 [INF] Request finished HTTP/1.1 GET http://localhost:5017/api/readers - 200 null application/json; charset=utf-8 30.2422ms
2025-11-25 00:06:29.364 +02:00 [INF] Request starting HTTP/1.1 POST http://localhost:5017/api/borrowings/issue - application/json 25
2025-11-25 00:06:29.379 +02:00 [INF] CORS policy execution successful.
2025-11-25 00:06:29.383 +02:00 [INF] Executing endpoint 'BorrowingService.Api.Controllers.BorrowingsController.IssueBook (BorrowingService.Api)'
2025-11-25 00:06:29.395 +02:00 [INF] Route matched with {action = "IssueBook", controller = "Borrowings"}. Executing controller action with signature System.Threading.Tasks.Task`1[Microsoft.AspNetCore.Mvc.IActionResult] IssueBook(IssueBookRequest) on controller BorrowingService.Api.Controllers.BorrowingsController (BorrowingService.Api).
2025-11-25 00:06:29.438 +02:00 [INF] Start processing HTTP request GET http://localhost:5180/api/books/2
2025-11-25 00:06:29.443 +02:00 [INF] Sending HTTP request GET http://localhost:5180/api/books/2
2025-11-25 00:06:29.682 +02:00 [INF] Received HTTP response headers after 231.8182ms - 200
2025-11-25 00:06:29.686 +02:00 [INF] End processing HTTP request after 248.2853ms - 200
2025-11-25 00:06:29.744 +02:00 [INF] Executing ConflictObjectResult, writing value of type '<>f__AnonymousType2`1[[System.String, System.Private.CoreLib, Version=9.0.0.0, Culture=neutral, PublicKeyToken=7cec85d7bea7798e]]'.
2025-11-25 00:06:29.755 +02:00 [INF] Executed action BorrowingService.Api.Controllers.BorrowingsController.IssueBook (BorrowingService.Api) in 354.0722ms
2025-11-25 00:06:29.759 +02:00 [INF] Executed endpoint 'BorrowingService.Api.Controllers.BorrowingsController.IssueBook (BorrowingService.Api)'
2025-11-25 00:06:29.763 +02:00 [INF] Request finished HTTP/1.1 POST http://localhost:5017/api/borrowings/issue - 409 null application/json; charset=utf-8 398.622ms
2025-11-25 00:15:16.529 +02:00 [INF] Now listening on: http://localhost:5017
2025-11-25 00:15:16.588 +02:00 [INF] Application started. Press Ctrl+C to shut down.
2025-11-25 00:15:16.591 +02:00 [INF] Hosting environment: Development
2025-11-25 00:15:16.593 +02:00 [INF] Content root path: C:\Users\Admin\Documents\projects\LibrarySystem\BorrowingService\BorrowingService.Api
2025-11-25 00:15:22.907 +02:00 [INF] Request starting HTTP/1.1 GET http://localhost:5017/api/readers - null null
2025-11-25 00:15:22.980 +02:00 [INF] Executing endpoint 'BorrowingService.Api.Controllers.ReadersController.GetAll (BorrowingService.Api)'
2025-11-25 00:15:23.006 +02:00 [INF] Route matched with {action = "GetAll", controller = "Readers"}. Executing controller action with signature System.Threading.Tasks.Task`1[Microsoft.AspNetCore.Mvc.IActionResult] GetAll() on controller BorrowingService.Api.Controllers.ReadersController (BorrowingService.Api).
2025-11-25 00:15:23.529 +02:00 [INF] Executing OkObjectResult, writing value of type 'System.Collections.Generic.List`1[[BorrowingService.Bll.Dtos.ReaderDto, BorrowingService.Bll, Version=1.0.0.0, Culture=neutral, PublicKeyToken=null]]'.
2025-11-25 00:15:23.579 +02:00 [INF] Executed action BorrowingService.Api.Controllers.ReadersController.GetAll (BorrowingService.Api) in 565.3453ms
2025-11-25 00:15:23.585 +02:00 [INF] Request starting HTTP/1.1 GET http://localhost:5017/api/readers - null null
2025-11-25 00:15:23.598 +02:00 [INF] Executed endpoint 'BorrowingService.Api.Controllers.ReadersController.GetAll (BorrowingService.Api)'
2025-11-25 00:15:23.603 +02:00 [INF] Executing endpoint 'BorrowingService.Api.Controllers.ReadersController.GetAll (BorrowingService.Api)'
2025-11-25 00:15:23.608 +02:00 [INF] Route matched with {action = "GetAll", controller = "Readers"}. Executing controller action with signature System.Threading.Tasks.Task`1[Microsoft.AspNetCore.Mvc.IActionResult] GetAll() on controller BorrowingService.Api.Controllers.ReadersController (BorrowingService.Api).
2025-11-25 00:15:23.611 +02:00 [INF] Request finished HTTP/1.1 GET http://localhost:5017/api/readers - 200 null application/json; charset=utf-8 706.774ms
2025-11-25 00:15:23.629 +02:00 [INF] Executing OkObjectResult, writing value of type 'System.Collections.Generic.List`1[[BorrowingService.Bll.Dtos.ReaderDto, BorrowingService.Bll, Version=1.0.0.0, Culture=neutral, PublicKeyToken=null]]'.
2025-11-25 00:15:23.632 +02:00 [INF] Executed action BorrowingService.Api.Controllers.ReadersController.GetAll (BorrowingService.Api) in 19.2956ms
2025-11-25 00:15:23.635 +02:00 [INF] Executed endpoint 'BorrowingService.Api.Controllers.ReadersController.GetAll (BorrowingService.Api)'
2025-11-25 00:15:23.638 +02:00 [INF] Request finished HTTP/1.1 GET http://localhost:5017/api/readers - 200 null application/json; charset=utf-8 53.2959ms
2025-11-25 00:15:24.862 +02:00 [INF] Request starting HTTP/1.1 GET http://localhost:5017/api/borrowings - null null
2025-11-25 00:15:24.872 +02:00 [INF] Executing endpoint 'BorrowingService.Api.Controllers.BorrowingsController.GetAll (BorrowingService.Api)'
2025-11-25 00:15:24.881 +02:00 [INF] Route matched with {action = "GetAll", controller = "Borrowings"}. Executing controller action with signature System.Threading.Tasks.Task`1[Microsoft.AspNetCore.Mvc.IActionResult] GetAll() on controller BorrowingService.Api.Controllers.BorrowingsController (BorrowingService.Api).
2025-11-25 00:15:24.955 +02:00 [INF] Executing OkObjectResult, writing value of type 'System.Collections.Generic.List`1[[BorrowingService.Bll.Dtos.BorrowingDto, BorrowingService.Bll, Version=1.0.0.0, Culture=neutral, PublicKeyToken=null]]'.
2025-11-25 00:15:24.979 +02:00 [INF] Executed action BorrowingService.Api.Controllers.BorrowingsController.GetAll (BorrowingService.Api) in 93.9367ms
2025-11-25 00:15:24.984 +02:00 [INF] Executed endpoint 'BorrowingService.Api.Controllers.BorrowingsController.GetAll (BorrowingService.Api)'
2025-11-25 00:15:24.985 +02:00 [INF] Request starting HTTP/1.1 GET http://localhost:5017/api/borrowings - null null
2025-11-25 00:15:24.987 +02:00 [INF] Request finished HTTP/1.1 GET http://localhost:5017/api/borrowings - 200 null application/json; charset=utf-8 124.8423ms
2025-11-25 00:15:24.993 +02:00 [INF] Executing endpoint 'BorrowingService.Api.Controllers.BorrowingsController.GetAll (BorrowingService.Api)'
2025-11-25 00:15:25.003 +02:00 [INF] Route matched with {action = "GetAll", controller = "Borrowings"}. Executing controller action with signature System.Threading.Tasks.Task`1[Microsoft.AspNetCore.Mvc.IActionResult] GetAll() on controller BorrowingService.Api.Controllers.BorrowingsController (BorrowingService.Api).
2025-11-25 00:15:25.015 +02:00 [INF] Executing OkObjectResult, writing value of type 'System.Collections.Generic.List`1[[BorrowingService.Bll.Dtos.BorrowingDto, BorrowingService.Bll, Version=1.0.0.0, Culture=neutral, PublicKeyToken=null]]'.
2025-11-25 00:15:25.018 +02:00 [INF] Executed action BorrowingService.Api.Controllers.BorrowingsController.GetAll (BorrowingService.Api) in 10.7927ms
2025-11-25 00:15:25.022 +02:00 [INF] Executed endpoint 'BorrowingService.Api.Controllers.BorrowingsController.GetAll (BorrowingService.Api)'
2025-11-25 00:15:25.025 +02:00 [INF] Request finished HTTP/1.1 GET http://localhost:5017/api/borrowings - 200 null application/json; charset=utf-8 39.6073ms
2025-11-25 00:15:30.188 +02:00 [INF] Request starting HTTP/1.1 GET http://localhost:5017/api/readers - null null
2025-11-25 00:15:30.195 +02:00 [INF] Executing endpoint 'BorrowingService.Api.Controllers.ReadersController.GetAll (BorrowingService.Api)'
2025-11-25 00:15:30.198 +02:00 [INF] Route matched with {action = "GetAll", controller = "Readers"}. Executing controller action with signature System.Threading.Tasks.Task`1[Microsoft.AspNetCore.Mvc.IActionResult] GetAll() on controller BorrowingService.Api.Controllers.ReadersController (BorrowingService.Api).
2025-11-25 00:15:30.204 +02:00 [INF] Executing OkObjectResult, writing value of type 'System.Collections.Generic.List`1[[BorrowingService.Bll.Dtos.ReaderDto, BorrowingService.Bll, Version=1.0.0.0, Culture=neutral, PublicKeyToken=null]]'.
2025-11-25 00:15:30.206 +02:00 [INF] Executed action BorrowingService.Api.Controllers.ReadersController.GetAll (BorrowingService.Api) in 4.8887ms
2025-11-25 00:15:30.209 +02:00 [INF] Executed endpoint 'BorrowingService.Api.Controllers.ReadersController.GetAll (BorrowingService.Api)'
2025-11-25 00:15:30.211 +02:00 [INF] Request finished HTTP/1.1 GET http://localhost:5017/api/readers - 200 null application/json; charset=utf-8 22.9282ms
2025-11-25 00:15:33.868 +02:00 [INF] Request starting HTTP/1.1 POST http://localhost:5017/api/borrowings/issue - application/json 25
2025-11-25 00:15:33.876 +02:00 [INF] CORS policy execution successful.
2025-11-25 00:15:33.878 +02:00 [INF] Executing endpoint 'BorrowingService.Api.Controllers.BorrowingsController.IssueBook (BorrowingService.Api)'
2025-11-25 00:15:33.890 +02:00 [INF] Route matched with {action = "IssueBook", controller = "Borrowings"}. Executing controller action with signature System.Threading.Tasks.Task`1[Microsoft.AspNetCore.Mvc.IActionResult] IssueBook(IssueBookRequest) on controller BorrowingService.Api.Controllers.BorrowingsController (BorrowingService.Api).
2025-11-25 00:15:33.923 +02:00 [INF] Start processing HTTP request GET http://localhost:5180/api/books/2
2025-11-25 00:15:33.926 +02:00 [INF] Sending HTTP request GET http://localhost:5180/api/books/2
2025-11-25 00:15:34.178 +02:00 [INF] Received HTTP response headers after 245.7753ms - 200
2025-11-25 00:15:34.182 +02:00 [INF] End processing HTTP request after 260.0543ms - 200
2025-11-25 00:15:34.253 +02:00 [INF] Executing CreatedAtActionResult, writing value of type '<>f__AnonymousType1`2[[System.String, System.Private.CoreLib, Version=9.0.0.0, Culture=neutral, PublicKeyToken=7cec85d7bea7798e],[System.Int32, System.Private.CoreLib, Version=9.0.0.0, Culture=neutral, PublicKeyToken=7cec85d7bea7798e]]'.
2025-11-25 00:15:34.296 +02:00 [INF] Executed action BorrowingService.Api.Controllers.BorrowingsController.IssueBook (BorrowingService.Api) in 402.0292ms
2025-11-25 00:15:34.299 +02:00 [INF] Executed endpoint 'BorrowingService.Api.Controllers.BorrowingsController.IssueBook (BorrowingService.Api)'
2025-11-25 00:15:34.303 +02:00 [INF] Request finished HTTP/1.1 POST http://localhost:5017/api/borrowings/issue - 201 null application/json; charset=utf-8 434.3244ms
2025-11-25 00:15:52.475 +02:00 [INF] Request starting HTTP/1.1 GET http://localhost:5017/api/borrowings - null null
2025-11-25 00:15:52.484 +02:00 [INF] Executing endpoint 'BorrowingService.Api.Controllers.BorrowingsController.GetAll (BorrowingService.Api)'
2025-11-25 00:15:52.486 +02:00 [INF] Route matched with {action = "GetAll", controller = "Borrowings"}. Executing controller action with signature System.Threading.Tasks.Task`1[Microsoft.AspNetCore.Mvc.IActionResult] GetAll() on controller BorrowingService.Api.Controllers.BorrowingsController (BorrowingService.Api).
2025-11-25 00:15:52.498 +02:00 [INF] Executing OkObjectResult, writing value of type 'System.Collections.Generic.List`1[[BorrowingService.Bll.Dtos.BorrowingDto, BorrowingService.Bll, Version=1.0.0.0, Culture=neutral, PublicKeyToken=null]]'.
2025-11-25 00:15:52.502 +02:00 [INF] Executed action BorrowingService.Api.Controllers.BorrowingsController.GetAll (BorrowingService.Api) in 12.016ms
2025-11-25 00:15:52.507 +02:00 [INF] Executed endpoint 'BorrowingService.Api.Controllers.BorrowingsController.GetAll (BorrowingService.Api)'
2025-11-25 00:15:52.509 +02:00 [INF] Request starting HTTP/1.1 GET http://localhost:5017/api/borrowings - null null
2025-11-25 00:15:52.510 +02:00 [INF] Request finished HTTP/1.1 GET http://localhost:5017/api/borrowings - 200 null application/json; charset=utf-8 34.4605ms
2025-11-25 00:15:52.517 +02:00 [INF] Executing endpoint 'BorrowingService.Api.Controllers.BorrowingsController.GetAll (BorrowingService.Api)'
2025-11-25 00:15:52.524 +02:00 [INF] Route matched with {action = "GetAll", controller = "Borrowings"}. Executing controller action with signature System.Threading.Tasks.Task`1[Microsoft.AspNetCore.Mvc.IActionResult] GetAll() on controller BorrowingService.Api.Controllers.BorrowingsController (BorrowingService.Api).
2025-11-25 00:15:52.541 +02:00 [INF] Executing OkObjectResult, writing value of type 'System.Collections.Generic.List`1[[BorrowingService.Bll.Dtos.BorrowingDto, BorrowingService.Bll, Version=1.0.0.0, Culture=neutral, PublicKeyToken=null]]'.
2025-11-25 00:15:52.544 +02:00 [INF] Executed action BorrowingService.Api.Controllers.BorrowingsController.GetAll (BorrowingService.Api) in 16.9222ms
2025-11-25 00:15:52.548 +02:00 [INF] Executed endpoint 'BorrowingService.Api.Controllers.BorrowingsController.GetAll (BorrowingService.Api)'
2025-11-25 00:15:52.551 +02:00 [INF] Request finished HTTP/1.1 GET http://localhost:5017/api/borrowings - 200 null application/json; charset=utf-8 42.2502ms
2025-11-25 00:15:55.182 +02:00 [INF] Request starting HTTP/1.1 PUT http://localhost:5017/api/borrowings/return/5 - null 0
2025-11-25 00:15:55.192 +02:00 [INF] CORS policy execution successful.
2025-11-25 00:15:55.194 +02:00 [INF] Executing endpoint 'BorrowingService.Api.Controllers.BorrowingsController.ReturnBook (BorrowingService.Api)'
2025-11-25 00:15:55.202 +02:00 [INF] Route matched with {action = "ReturnBook", controller = "Borrowings"}. Executing controller action with signature System.Threading.Tasks.Task`1[Microsoft.AspNetCore.Mvc.IActionResult] ReturnBook(Int32) on controller BorrowingService.Api.Controllers.BorrowingsController (BorrowingService.Api).
2025-11-25 00:15:55.215 +02:00 [INF] Executed action BorrowingService.Api.Controllers.BorrowingsController.ReturnBook (BorrowingService.Api) in 9.0912ms
2025-11-25 00:15:55.218 +02:00 [INF] Executed endpoint 'BorrowingService.Api.Controllers.BorrowingsController.ReturnBook (BorrowingService.Api)'
2025-11-25 00:15:55.221 +02:00 [ERR] Unhandled exception occurred
System.InvalidOperationException: Book not found or availability not updated
   at BorrowingService.Bll.Services.BorrowingAppService.ReturnBookAsync(Int32 borrowingId) in C:\Users\Admin\Documents\projects\LibrarySystem\BorrowingService\BorrowingService.Bll\Services\BorrowingAppService.cs:line 124
   at BorrowingService.Api.Controllers.BorrowingsController.ReturnBook(Int32 id) in C:\Users\Admin\Documents\projects\LibrarySystem\BorrowingService\BorrowingService.Api\Controllers\BorrowingsController.cs:line 52
   at Microsoft.AspNetCore.Mvc.Infrastructure.ActionMethodExecutor.TaskOfIActionResultExecutor.Execute(ActionContext actionContext, IActionResultTypeMapper mapper, ObjectMethodExecutor executor, Object controller, Object[] arguments)
   at Microsoft.AspNetCore.Mvc.Infrastructure.ControllerActionInvoker.<InvokeActionMethodAsync>g__Awaited|12_0(ControllerActionInvoker invoker, ValueTask`1 actionResultValueTask)
   at Microsoft.AspNetCore.Mvc.Infrastructure.ControllerActionInvoker.<InvokeNextActionFilterAsync>g__Awaited|10_0(ControllerActionInvoker invoker, Task lastTask, State next, Scope scope, Object state, Boolean isCompleted)
   at Microsoft.AspNetCore.Mvc.Infrastructure.ControllerActionInvoker.Rethrow(ActionExecutedContextSealed context)
   at Microsoft.AspNetCore.Mvc.Infrastructure.ControllerActionInvoker.Next(State& next, Scope& scope, Object& state, Boolean& isCompleted)
   at Microsoft.AspNetCore.Mvc.Infrastructure.ControllerActionInvoker.<InvokeInnerFilterAsync>g__Awaited|13_0(ControllerActionInvoker invoker, Task lastTask, State next, Scope scope, Object state, Boolean isCompleted)
   at Microsoft.AspNetCore.Mvc.Infrastructure.ResourceInvoker.<InvokeFilterPipelineAsync>g__Awaited|20_0(ResourceInvoker invoker, Task lastTask, State next, Scope scope, Object state, Boolean isCompleted)
   at Microsoft.AspNetCore.Mvc.Infrastructure.ResourceInvoker.<InvokeAsync>g__Logged|17_1(ResourceInvoker invoker)
   at Microsoft.AspNetCore.Mvc.Infrastructure.ResourceInvoker.<InvokeAsync>g__Logged|17_1(ResourceInvoker invoker)
   at Microsoft.AspNetCore.Routing.EndpointMiddleware.<Invoke>g__AwaitRequestTask|7_0(Endpoint endpoint, Task requestTask, ILogger logger)
   at BorrowingService.Api.Middleware.ErrorHandlingMiddleware.InvokeAsync(HttpContext context) in C:\Users\Admin\Documents\projects\LibrarySystem\BorrowingService\BorrowingService.Api\Middleware\ErrorHandlingMiddleware.cs:line 21
2025-11-25 00:15:55.251 +02:00 [INF] Request finished HTTP/1.1 PUT http://localhost:5017/api/borrowings/return/5 - 409 null application/problem+json 69.0222ms
2025-11-25 00:18:36.820 +02:00 [INF] Now listening on: http://localhost:5017
2025-11-25 00:18:36.855 +02:00 [INF] Application started. Press Ctrl+C to shut down.
2025-11-25 00:18:36.859 +02:00 [INF] Hosting environment: Development
2025-11-25 00:18:36.860 +02:00 [INF] Content root path: C:\Users\Admin\Documents\projects\LibrarySystem\BorrowingService\BorrowingService.Api
2025-11-25 00:18:46.164 +02:00 [INF] Request starting HTTP/1.1 GET http://localhost:5017/api/readers - null null
2025-11-25 00:18:46.238 +02:00 [INF] Executing endpoint 'BorrowingService.Api.Controllers.ReadersController.GetAll (BorrowingService.Api)'
2025-11-25 00:18:46.259 +02:00 [INF] Route matched with {action = "GetAll", controller = "Readers"}. Executing controller action with signature System.Threading.Tasks.Task`1[Microsoft.AspNetCore.Mvc.IActionResult] GetAll() on controller BorrowingService.Api.Controllers.ReadersController (BorrowingService.Api).
2025-11-25 00:18:46.824 +02:00 [INF] Executing OkObjectResult, writing value of type 'System.Collections.Generic.List`1[[BorrowingService.Bll.Dtos.ReaderDto, BorrowingService.Bll, Version=1.0.0.0, Culture=neutral, PublicKeyToken=null]]'.
2025-11-25 00:18:46.881 +02:00 [INF] Executed action BorrowingService.Api.Controllers.ReadersController.GetAll (BorrowingService.Api) in 613.7208ms
2025-11-25 00:18:46.888 +02:00 [INF] Request starting HTTP/1.1 GET http://localhost:5017/api/readers - null null
2025-11-25 00:18:46.906 +02:00 [INF] Executed endpoint 'BorrowingService.Api.Controllers.ReadersController.GetAll (BorrowingService.Api)'
2025-11-25 00:18:46.913 +02:00 [INF] Executing endpoint 'BorrowingService.Api.Controllers.ReadersController.GetAll (BorrowingService.Api)'
2025-11-25 00:18:46.917 +02:00 [INF] Route matched with {action = "GetAll", controller = "Readers"}. Executing controller action with signature System.Threading.Tasks.Task`1[Microsoft.AspNetCore.Mvc.IActionResult] GetAll() on controller BorrowingService.Api.Controllers.ReadersController (BorrowingService.Api).
2025-11-25 00:18:46.921 +02:00 [INF] Request finished HTTP/1.1 GET http://localhost:5017/api/readers - 200 null application/json; charset=utf-8 759.779ms
2025-11-25 00:18:46.941 +02:00 [INF] Executing OkObjectResult, writing value of type 'System.Collections.Generic.List`1[[BorrowingService.Bll.Dtos.ReaderDto, BorrowingService.Bll, Version=1.0.0.0, Culture=neutral, PublicKeyToken=null]]'.
2025-11-25 00:18:46.945 +02:00 [INF] Executed action BorrowingService.Api.Controllers.ReadersController.GetAll (BorrowingService.Api) in 23.4092ms
2025-11-25 00:18:46.949 +02:00 [INF] Executed endpoint 'BorrowingService.Api.Controllers.ReadersController.GetAll (BorrowingService.Api)'
2025-11-25 00:18:46.956 +02:00 [INF] Request finished HTTP/1.1 GET http://localhost:5017/api/readers - 200 null application/json; charset=utf-8 67.8269ms
2025-11-25 00:18:48.218 +02:00 [INF] Request starting HTTP/1.1 GET http://localhost:5017/api/borrowings - null null
2025-11-25 00:18:48.231 +02:00 [INF] Executing endpoint 'BorrowingService.Api.Controllers.BorrowingsController.GetAll (BorrowingService.Api)'
2025-11-25 00:18:48.241 +02:00 [INF] Route matched with {action = "GetAll", controller = "Borrowings"}. Executing controller action with signature System.Threading.Tasks.Task`1[Microsoft.AspNetCore.Mvc.IActionResult] GetAll() on controller BorrowingService.Api.Controllers.BorrowingsController (BorrowingService.Api).
2025-11-25 00:18:48.302 +02:00 [INF] Executing OkObjectResult, writing value of type 'System.Collections.Generic.List`1[[BorrowingService.Bll.Dtos.BorrowingDto, BorrowingService.Bll, Version=1.0.0.0, Culture=neutral, PublicKeyToken=null]]'.
2025-11-25 00:18:48.321 +02:00 [INF] Executed action BorrowingService.Api.Controllers.BorrowingsController.GetAll (BorrowingService.Api) in 73.9375ms
2025-11-25 00:18:48.326 +02:00 [INF] Executed endpoint 'BorrowingService.Api.Controllers.BorrowingsController.GetAll (BorrowingService.Api)'
2025-11-25 00:18:48.327 +02:00 [INF] Request starting HTTP/1.1 GET http://localhost:5017/api/borrowings - null null
2025-11-25 00:18:48.330 +02:00 [INF] Request finished HTTP/1.1 GET http://localhost:5017/api/borrowings - 200 null application/json; charset=utf-8 111.8906ms
2025-11-25 00:18:48.337 +02:00 [INF] Executing endpoint 'BorrowingService.Api.Controllers.BorrowingsController.GetAll (BorrowingService.Api)'
2025-11-25 00:18:48.348 +02:00 [INF] Route matched with {action = "GetAll", controller = "Borrowings"}. Executing controller action with signature System.Threading.Tasks.Task`1[Microsoft.AspNetCore.Mvc.IActionResult] GetAll() on controller BorrowingService.Api.Controllers.BorrowingsController (BorrowingService.Api).
2025-11-25 00:18:48.357 +02:00 [INF] Executing OkObjectResult, writing value of type 'System.Collections.Generic.List`1[[BorrowingService.Bll.Dtos.BorrowingDto, BorrowingService.Bll, Version=1.0.0.0, Culture=neutral, PublicKeyToken=null]]'.
2025-11-25 00:18:48.360 +02:00 [INF] Executed action BorrowingService.Api.Controllers.BorrowingsController.GetAll (BorrowingService.Api) in 9.0999ms
2025-11-25 00:18:48.363 +02:00 [INF] Executed endpoint 'BorrowingService.Api.Controllers.BorrowingsController.GetAll (BorrowingService.Api)'
2025-11-25 00:18:48.365 +02:00 [INF] Request finished HTTP/1.1 GET http://localhost:5017/api/borrowings - 200 null application/json; charset=utf-8 37.8709ms
2025-11-25 00:19:04.756 +02:00 [INF] Request starting HTTP/1.1 GET http://localhost:5017/api/readers - null null
2025-11-25 00:19:04.769 +02:00 [INF] Executing endpoint 'BorrowingService.Api.Controllers.ReadersController.GetAll (BorrowingService.Api)'
2025-11-25 00:19:04.774 +02:00 [INF] Route matched with {action = "GetAll", controller = "Readers"}. Executing controller action with signature System.Threading.Tasks.Task`1[Microsoft.AspNetCore.Mvc.IActionResult] GetAll() on controller BorrowingService.Api.Controllers.ReadersController (BorrowingService.Api).
2025-11-25 00:19:04.784 +02:00 [INF] Executing OkObjectResult, writing value of type 'System.Collections.Generic.List`1[[BorrowingService.Bll.Dtos.ReaderDto, BorrowingService.Bll, Version=1.0.0.0, Culture=neutral, PublicKeyToken=null]]'.
2025-11-25 00:19:04.789 +02:00 [INF] Executed action BorrowingService.Api.Controllers.ReadersController.GetAll (BorrowingService.Api) in 8.7751ms
2025-11-25 00:19:04.794 +02:00 [INF] Executed endpoint 'BorrowingService.Api.Controllers.ReadersController.GetAll (BorrowingService.Api)'
2025-11-25 00:19:04.797 +02:00 [INF] Request finished HTTP/1.1 GET http://localhost:5017/api/readers - 200 null application/json; charset=utf-8 40.7689ms
2025-11-25 00:19:08.116 +02:00 [INF] Request starting HTTP/1.1 POST http://localhost:5017/api/borrowings/issue - application/json 25
2025-11-25 00:19:08.132 +02:00 [INF] CORS policy execution successful.
2025-11-25 00:19:08.136 +02:00 [INF] Executing endpoint 'BorrowingService.Api.Controllers.BorrowingsController.IssueBook (BorrowingService.Api)'
2025-11-25 00:19:08.148 +02:00 [INF] Route matched with {action = "IssueBook", controller = "Borrowings"}. Executing controller action with signature System.Threading.Tasks.Task`1[Microsoft.AspNetCore.Mvc.IActionResult] IssueBook(IssueBookRequest) on controller BorrowingService.Api.Controllers.BorrowingsController (BorrowingService.Api).
2025-11-25 00:19:08.183 +02:00 [INF] Start processing HTTP request GET http://localhost:5180/api/books/3
2025-11-25 00:19:08.187 +02:00 [INF] Sending HTTP request GET http://localhost:5180/api/books/3
2025-11-25 00:19:08.476 +02:00 [INF] Received HTTP response headers after 282.5277ms - 200
2025-11-25 00:19:08.480 +02:00 [INF] End processing HTTP request after 298.1694ms - 200
2025-11-25 00:19:08.545 +02:00 [INF] Executing CreatedAtActionResult, writing value of type '<>f__AnonymousType1`2[[System.String, System.Private.CoreLib, Version=9.0.0.0, Culture=neutral, PublicKeyToken=7cec85d7bea7798e],[System.Int32, System.Private.CoreLib, Version=9.0.0.0, Culture=neutral, PublicKeyToken=7cec85d7bea7798e]]'.
2025-11-25 00:19:08.575 +02:00 [INF] Executed action BorrowingService.Api.Controllers.BorrowingsController.IssueBook (BorrowingService.Api) in 422.7971ms
2025-11-25 00:19:08.580 +02:00 [INF] Executed endpoint 'BorrowingService.Api.Controllers.BorrowingsController.IssueBook (BorrowingService.Api)'
2025-11-25 00:19:08.584 +02:00 [INF] Request finished HTTP/1.1 POST http://localhost:5017/api/borrowings/issue - 201 null application/json; charset=utf-8 467.9801ms
2025-11-25 00:19:11.209 +02:00 [INF] Request starting HTTP/1.1 GET http://localhost:5017/api/borrowings - null null
2025-11-25 00:19:11.218 +02:00 [INF] Executing endpoint 'BorrowingService.Api.Controllers.BorrowingsController.GetAll (BorrowingService.Api)'
2025-11-25 00:19:11.222 +02:00 [INF] Route matched with {action = "GetAll", controller = "Borrowings"}. Executing controller action with signature System.Threading.Tasks.Task`1[Microsoft.AspNetCore.Mvc.IActionResult] GetAll() on controller BorrowingService.Api.Controllers.BorrowingsController (BorrowingService.Api).
2025-11-25 00:19:11.236 +02:00 [INF] Executing OkObjectResult, writing value of type 'System.Collections.Generic.List`1[[BorrowingService.Bll.Dtos.BorrowingDto, BorrowingService.Bll, Version=1.0.0.0, Culture=neutral, PublicKeyToken=null]]'.
2025-11-25 00:19:11.241 +02:00 [INF] Executed action BorrowingService.Api.Controllers.BorrowingsController.GetAll (BorrowingService.Api) in 13.1532ms
2025-11-25 00:19:11.245 +02:00 [INF] Executed endpoint 'BorrowingService.Api.Controllers.BorrowingsController.GetAll (BorrowingService.Api)'
2025-11-25 00:19:11.246 +02:00 [INF] Request starting HTTP/1.1 GET http://localhost:5017/api/borrowings - null null
2025-11-25 00:19:11.248 +02:00 [INF] Request finished HTTP/1.1 GET http://localhost:5017/api/borrowings - 200 null application/json; charset=utf-8 39.2435ms
2025-11-25 00:19:11.255 +02:00 [INF] Executing endpoint 'BorrowingService.Api.Controllers.BorrowingsController.GetAll (BorrowingService.Api)'
2025-11-25 00:19:11.264 +02:00 [INF] Route matched with {action = "GetAll", controller = "Borrowings"}. Executing controller action with signature System.Threading.Tasks.Task`1[Microsoft.AspNetCore.Mvc.IActionResult] GetAll() on controller BorrowingService.Api.Controllers.BorrowingsController (BorrowingService.Api).
2025-11-25 00:19:11.281 +02:00 [INF] Executing OkObjectResult, writing value of type 'System.Collections.Generic.List`1[[BorrowingService.Bll.Dtos.BorrowingDto, BorrowingService.Bll, Version=1.0.0.0, Culture=neutral, PublicKeyToken=null]]'.
2025-11-25 00:19:11.284 +02:00 [INF] Executed action BorrowingService.Api.Controllers.BorrowingsController.GetAll (BorrowingService.Api) in 15.9491ms
2025-11-25 00:19:11.287 +02:00 [INF] Executed endpoint 'BorrowingService.Api.Controllers.BorrowingsController.GetAll (BorrowingService.Api)'
2025-11-25 00:19:11.289 +02:00 [INF] Request finished HTTP/1.1 GET http://localhost:5017/api/borrowings - 200 null application/json; charset=utf-8 43.1311ms
2025-11-25 00:19:16.852 +02:00 [INF] Request starting HTTP/1.1 PUT http://localhost:5017/api/borrowings/return/6 - null 0
2025-11-25 00:19:16.860 +02:00 [INF] CORS policy execution successful.
2025-11-25 00:19:16.862 +02:00 [INF] Executing endpoint 'BorrowingService.Api.Controllers.BorrowingsController.ReturnBook (BorrowingService.Api)'
2025-11-25 00:19:16.870 +02:00 [INF] Route matched with {action = "ReturnBook", controller = "Borrowings"}. Executing controller action with signature System.Threading.Tasks.Task`1[Microsoft.AspNetCore.Mvc.IActionResult] ReturnBook(Int32) on controller BorrowingService.Api.Controllers.BorrowingsController (BorrowingService.Api).
2025-11-25 00:19:16.889 +02:00 [INF] Executed action BorrowingService.Api.Controllers.BorrowingsController.ReturnBook (BorrowingService.Api) in 14.7053ms
2025-11-25 00:19:16.892 +02:00 [INF] Executed endpoint 'BorrowingService.Api.Controllers.BorrowingsController.ReturnBook (BorrowingService.Api)'
2025-11-25 00:19:16.895 +02:00 [ERR] Unhandled exception occurred
System.InvalidOperationException: Book not found or availability not updated
   at BorrowingService.Bll.Services.BorrowingAppService.ReturnBookAsync(Int32 borrowingId) in C:\Users\Admin\Documents\projects\LibrarySystem\BorrowingService\BorrowingService.Bll\Services\BorrowingAppService.cs:line 124
   at BorrowingService.Api.Controllers.BorrowingsController.ReturnBook(Int32 id) in C:\Users\Admin\Documents\projects\LibrarySystem\BorrowingService\BorrowingService.Api\Controllers\BorrowingsController.cs:line 52
   at Microsoft.AspNetCore.Mvc.Infrastructure.ActionMethodExecutor.TaskOfIActionResultExecutor.Execute(ActionContext actionContext, IActionResultTypeMapper mapper, ObjectMethodExecutor executor, Object controller, Object[] arguments)
   at Microsoft.AspNetCore.Mvc.Infrastructure.ControllerActionInvoker.<InvokeActionMethodAsync>g__Awaited|12_0(ControllerActionInvoker invoker, ValueTask`1 actionResultValueTask)
   at Microsoft.AspNetCore.Mvc.Infrastructure.ControllerActionInvoker.<InvokeNextActionFilterAsync>g__Awaited|10_0(ControllerActionInvoker invoker, Task lastTask, State next, Scope scope, Object state, Boolean isCompleted)
   at Microsoft.AspNetCore.Mvc.Infrastructure.ControllerActionInvoker.Rethrow(ActionExecutedContextSealed context)
   at Microsoft.AspNetCore.Mvc.Infrastructure.ControllerActionInvoker.Next(State& next, Scope& scope, Object& state, Boolean& isCompleted)
   at Microsoft.AspNetCore.Mvc.Infrastructure.ControllerActionInvoker.<InvokeInnerFilterAsync>g__Awaited|13_0(ControllerActionInvoker invoker, Task lastTask, State next, Scope scope, Object state, Boolean isCompleted)
   at Microsoft.AspNetCore.Mvc.Infrastructure.ResourceInvoker.<InvokeFilterPipelineAsync>g__Awaited|20_0(ResourceInvoker invoker, Task lastTask, State next, Scope scope, Object state, Boolean isCompleted)
   at Microsoft.AspNetCore.Mvc.Infrastructure.ResourceInvoker.<InvokeAsync>g__Logged|17_1(ResourceInvoker invoker)
   at Microsoft.AspNetCore.Mvc.Infrastructure.ResourceInvoker.<InvokeAsync>g__Logged|17_1(ResourceInvoker invoker)
   at Microsoft.AspNetCore.Routing.EndpointMiddleware.<Invoke>g__AwaitRequestTask|7_0(Endpoint endpoint, Task requestTask, ILogger logger)
   at BorrowingService.Api.Middleware.ErrorHandlingMiddleware.InvokeAsync(HttpContext context) in C:\Users\Admin\Documents\projects\LibrarySystem\BorrowingService\BorrowingService.Api\Middleware\ErrorHandlingMiddleware.cs:line 21
2025-11-25 00:19:16.923 +02:00 [INF] Request finished HTTP/1.1 PUT http://localhost:5017/api/borrowings/return/6 - 409 null application/problem+json 71.5ms
2025-11-25 00:25:31.119 +02:00 [INF] Now listening on: http://localhost:5017
2025-11-25 00:25:31.155 +02:00 [INF] Application started. Press Ctrl+C to shut down.
2025-11-25 00:25:31.158 +02:00 [INF] Hosting environment: Development
2025-11-25 00:25:31.159 +02:00 [INF] Content root path: C:\Users\Admin\Documents\projects\LibrarySystem\BorrowingService\BorrowingService.Api
2025-11-25 00:25:37.752 +02:00 [INF] Request starting HTTP/1.1 GET http://localhost:5017/api/readers - null null
2025-11-25 00:25:37.823 +02:00 [INF] Executing endpoint 'BorrowingService.Api.Controllers.ReadersController.GetAll (BorrowingService.Api)'
2025-11-25 00:25:37.845 +02:00 [INF] Route matched with {action = "GetAll", controller = "Readers"}. Executing controller action with signature System.Threading.Tasks.Task`1[Microsoft.AspNetCore.Mvc.IActionResult] GetAll() on controller BorrowingService.Api.Controllers.ReadersController (BorrowingService.Api).
2025-11-25 00:25:38.372 +02:00 [INF] Executing OkObjectResult, writing value of type 'System.Collections.Generic.List`1[[BorrowingService.Bll.Dtos.ReaderDto, BorrowingService.Bll, Version=1.0.0.0, Culture=neutral, PublicKeyToken=null]]'.
2025-11-25 00:25:38.417 +02:00 [INF] Executed action BorrowingService.Api.Controllers.ReadersController.GetAll (BorrowingService.Api) in 564.216ms
2025-11-25 00:25:38.422 +02:00 [INF] Request starting HTTP/1.1 GET http://localhost:5017/api/readers - null null
2025-11-25 00:25:38.433 +02:00 [INF] Executed endpoint 'BorrowingService.Api.Controllers.ReadersController.GetAll (BorrowingService.Api)'
2025-11-25 00:25:38.438 +02:00 [INF] Executing endpoint 'BorrowingService.Api.Controllers.ReadersController.GetAll (BorrowingService.Api)'
2025-11-25 00:25:38.441 +02:00 [INF] Route matched with {action = "GetAll", controller = "Readers"}. Executing controller action with signature System.Threading.Tasks.Task`1[Microsoft.AspNetCore.Mvc.IActionResult] GetAll() on controller BorrowingService.Api.Controllers.ReadersController (BorrowingService.Api).
2025-11-25 00:25:38.443 +02:00 [INF] Request finished HTTP/1.1 GET http://localhost:5017/api/readers - 200 null application/json; charset=utf-8 692.6178ms
2025-11-25 00:25:38.459 +02:00 [INF] Executing OkObjectResult, writing value of type 'System.Collections.Generic.List`1[[BorrowingService.Bll.Dtos.ReaderDto, BorrowingService.Bll, Version=1.0.0.0, Culture=neutral, PublicKeyToken=null]]'.
2025-11-25 00:25:38.462 +02:00 [INF] Executed action BorrowingService.Api.Controllers.ReadersController.GetAll (BorrowingService.Api) in 16.872ms
2025-11-25 00:25:38.465 +02:00 [INF] Executed endpoint 'BorrowingService.Api.Controllers.ReadersController.GetAll (BorrowingService.Api)'
2025-11-25 00:25:38.469 +02:00 [INF] Request finished HTTP/1.1 GET http://localhost:5017/api/readers - 200 null application/json; charset=utf-8 47.068ms
2025-11-25 00:25:39.427 +02:00 [INF] Request starting HTTP/1.1 GET http://localhost:5017/api/borrowings - null null
2025-11-25 00:25:39.436 +02:00 [INF] Executing endpoint 'BorrowingService.Api.Controllers.BorrowingsController.GetAll (BorrowingService.Api)'
2025-11-25 00:25:39.443 +02:00 [INF] Route matched with {action = "GetAll", controller = "Borrowings"}. Executing controller action with signature System.Threading.Tasks.Task`1[Microsoft.AspNetCore.Mvc.IActionResult] GetAll() on controller BorrowingService.Api.Controllers.BorrowingsController (BorrowingService.Api).
2025-11-25 00:25:39.497 +02:00 [INF] Executing OkObjectResult, writing value of type 'System.Collections.Generic.List`1[[BorrowingService.Bll.Dtos.BorrowingDto, BorrowingService.Bll, Version=1.0.0.0, Culture=neutral, PublicKeyToken=null]]'.
2025-11-25 00:25:39.512 +02:00 [INF] Executed action BorrowingService.Api.Controllers.BorrowingsController.GetAll (BorrowingService.Api) in 64.7447ms
2025-11-25 00:25:39.516 +02:00 [INF] Executed endpoint 'BorrowingService.Api.Controllers.BorrowingsController.GetAll (BorrowingService.Api)'
2025-11-25 00:25:39.517 +02:00 [INF] Request starting HTTP/1.1 GET http://localhost:5017/api/borrowings - null null
2025-11-25 00:25:39.519 +02:00 [INF] Request finished HTTP/1.1 GET http://localhost:5017/api/borrowings - 200 null application/json; charset=utf-8 92.0733ms
2025-11-25 00:25:39.525 +02:00 [INF] Executing endpoint 'BorrowingService.Api.Controllers.BorrowingsController.GetAll (BorrowingService.Api)'
2025-11-25 00:25:39.533 +02:00 [INF] Route matched with {action = "GetAll", controller = "Borrowings"}. Executing controller action with signature System.Threading.Tasks.Task`1[Microsoft.AspNetCore.Mvc.IActionResult] GetAll() on controller BorrowingService.Api.Controllers.BorrowingsController (BorrowingService.Api).
2025-11-25 00:25:39.543 +02:00 [INF] Executing OkObjectResult, writing value of type 'System.Collections.Generic.List`1[[BorrowingService.Bll.Dtos.BorrowingDto, BorrowingService.Bll, Version=1.0.0.0, Culture=neutral, PublicKeyToken=null]]'.
2025-11-25 00:25:39.546 +02:00 [INF] Executed action BorrowingService.Api.Controllers.BorrowingsController.GetAll (BorrowingService.Api) in 9.1528ms
2025-11-25 00:25:39.548 +02:00 [INF] Executed endpoint 'BorrowingService.Api.Controllers.BorrowingsController.GetAll (BorrowingService.Api)'
2025-11-25 00:25:39.551 +02:00 [INF] Request finished HTTP/1.1 GET http://localhost:5017/api/borrowings - 200 null application/json; charset=utf-8 33.4284ms
2025-11-25 00:25:54.020 +02:00 [INF] Request starting HTTP/1.1 GET http://localhost:5017/api/readers - null null
2025-11-25 00:25:54.031 +02:00 [INF] Executing endpoint 'BorrowingService.Api.Controllers.ReadersController.GetAll (BorrowingService.Api)'
2025-11-25 00:25:54.035 +02:00 [INF] Route matched with {action = "GetAll", controller = "Readers"}. Executing controller action with signature System.Threading.Tasks.Task`1[Microsoft.AspNetCore.Mvc.IActionResult] GetAll() on controller BorrowingService.Api.Controllers.ReadersController (BorrowingService.Api).
2025-11-25 00:25:54.045 +02:00 [INF] Executing OkObjectResult, writing value of type 'System.Collections.Generic.List`1[[BorrowingService.Bll.Dtos.ReaderDto, BorrowingService.Bll, Version=1.0.0.0, Culture=neutral, PublicKeyToken=null]]'.
2025-11-25 00:25:54.050 +02:00 [INF] Executed action BorrowingService.Api.Controllers.ReadersController.GetAll (BorrowingService.Api) in 8.7434ms
2025-11-25 00:25:54.054 +02:00 [INF] Executed endpoint 'BorrowingService.Api.Controllers.ReadersController.GetAll (BorrowingService.Api)'
2025-11-25 00:25:54.057 +02:00 [INF] Request finished HTTP/1.1 GET http://localhost:5017/api/readers - 200 null application/json; charset=utf-8 37.461ms
2025-11-25 00:25:58.587 +02:00 [INF] Request starting HTTP/1.1 POST http://localhost:5017/api/borrowings/issue - application/json 25
2025-11-25 00:25:58.602 +02:00 [INF] CORS policy execution successful.
2025-11-25 00:25:58.605 +02:00 [INF] Executing endpoint 'BorrowingService.Api.Controllers.BorrowingsController.IssueBook (BorrowingService.Api)'
2025-11-25 00:25:58.616 +02:00 [INF] Route matched with {action = "IssueBook", controller = "Borrowings"}. Executing controller action with signature System.Threading.Tasks.Task`1[Microsoft.AspNetCore.Mvc.IActionResult] IssueBook(IssueBookRequest) on controller BorrowingService.Api.Controllers.BorrowingsController (BorrowingService.Api).
2025-11-25 00:25:58.653 +02:00 [INF] Start processing HTTP request GET http://localhost:5180/api/books/4
2025-11-25 00:25:58.657 +02:00 [INF] Sending HTTP request GET http://localhost:5180/api/books/4
2025-11-25 00:25:58.855 +02:00 [INF] Received HTTP response headers after 192.8433ms - 200
2025-11-25 00:25:58.860 +02:00 [INF] End processing HTTP request after 208.0666ms - 200
2025-11-25 00:25:58.925 +02:00 [INF] Executing CreatedAtActionResult, writing value of type '<>f__AnonymousType1`2[[System.String, System.Private.CoreLib, Version=9.0.0.0, Culture=neutral, PublicKeyToken=7cec85d7bea7798e],[System.Int32, System.Private.CoreLib, Version=9.0.0.0, Culture=neutral, PublicKeyToken=7cec85d7bea7798e]]'.
2025-11-25 00:25:58.957 +02:00 [INF] Executed action BorrowingService.Api.Controllers.BorrowingsController.IssueBook (BorrowingService.Api) in 335.5817ms
2025-11-25 00:25:58.961 +02:00 [INF] Executed endpoint 'BorrowingService.Api.Controllers.BorrowingsController.IssueBook (BorrowingService.Api)'
2025-11-25 00:25:58.965 +02:00 [INF] Request finished HTTP/1.1 POST http://localhost:5017/api/borrowings/issue - 201 null application/json; charset=utf-8 377.354ms
2025-11-25 00:26:01.604 +02:00 [INF] Request starting HTTP/1.1 GET http://localhost:5017/api/borrowings - null null
2025-11-25 00:26:01.612 +02:00 [INF] Executing endpoint 'BorrowingService.Api.Controllers.BorrowingsController.GetAll (BorrowingService.Api)'
2025-11-25 00:26:01.614 +02:00 [INF] Route matched with {action = "GetAll", controller = "Borrowings"}. Executing controller action with signature System.Threading.Tasks.Task`1[Microsoft.AspNetCore.Mvc.IActionResult] GetAll() on controller BorrowingService.Api.Controllers.BorrowingsController (BorrowingService.Api).
2025-11-25 00:26:01.624 +02:00 [INF] Executing OkObjectResult, writing value of type 'System.Collections.Generic.List`1[[BorrowingService.Bll.Dtos.BorrowingDto, BorrowingService.Bll, Version=1.0.0.0, Culture=neutral, PublicKeyToken=null]]'.
2025-11-25 00:26:01.628 +02:00 [INF] Executed action BorrowingService.Api.Controllers.BorrowingsController.GetAll (BorrowingService.Api) in 10.5002ms
2025-11-25 00:26:01.632 +02:00 [INF] Executed endpoint 'BorrowingService.Api.Controllers.BorrowingsController.GetAll (BorrowingService.Api)'
2025-11-25 00:26:01.634 +02:00 [INF] Request starting HTTP/1.1 GET http://localhost:5017/api/borrowings - null null
2025-11-25 00:26:01.635 +02:00 [INF] Request finished HTTP/1.1 GET http://localhost:5017/api/borrowings - 200 null application/json; charset=utf-8 31.1579ms
2025-11-25 00:26:01.641 +02:00 [INF] Executing endpoint 'BorrowingService.Api.Controllers.BorrowingsController.GetAll (BorrowingService.Api)'
2025-11-25 00:26:01.651 +02:00 [INF] Route matched with {action = "GetAll", controller = "Borrowings"}. Executing controller action with signature System.Threading.Tasks.Task`1[Microsoft.AspNetCore.Mvc.IActionResult] GetAll() on controller BorrowingService.Api.Controllers.BorrowingsController (BorrowingService.Api).
2025-11-25 00:26:01.671 +02:00 [INF] Executing OkObjectResult, writing value of type 'System.Collections.Generic.List`1[[BorrowingService.Bll.Dtos.BorrowingDto, BorrowingService.Bll, Version=1.0.0.0, Culture=neutral, PublicKeyToken=null]]'.
2025-11-25 00:26:01.674 +02:00 [INF] Executed action BorrowingService.Api.Controllers.BorrowingsController.GetAll (BorrowingService.Api) in 19.3763ms
2025-11-25 00:26:01.677 +02:00 [INF] Executed endpoint 'BorrowingService.Api.Controllers.BorrowingsController.GetAll (BorrowingService.Api)'
2025-11-25 00:26:01.679 +02:00 [INF] Request finished HTTP/1.1 GET http://localhost:5017/api/borrowings - 200 null application/json; charset=utf-8 44.7574ms
2025-11-25 00:26:09.892 +02:00 [INF] Request starting HTTP/1.1 PUT http://localhost:5017/api/borrowings/return/7 - null 0
2025-11-25 00:26:09.901 +02:00 [INF] CORS policy execution successful.
2025-11-25 00:26:09.904 +02:00 [INF] Executing endpoint 'BorrowingService.Api.Controllers.BorrowingsController.ReturnBook (BorrowingService.Api)'
2025-11-25 00:26:09.913 +02:00 [INF] Route matched with {action = "ReturnBook", controller = "Borrowings"}. Executing controller action with signature System.Threading.Tasks.Task`1[Microsoft.AspNetCore.Mvc.IActionResult] ReturnBook(Int32) on controller BorrowingService.Api.Controllers.BorrowingsController (BorrowingService.Api).
2025-11-25 00:26:09.932 +02:00 [INF] Executed action BorrowingService.Api.Controllers.BorrowingsController.ReturnBook (BorrowingService.Api) in 14.1793ms
2025-11-25 00:26:09.935 +02:00 [INF] Executed endpoint 'BorrowingService.Api.Controllers.BorrowingsController.ReturnBook (BorrowingService.Api)'
2025-11-25 00:26:09.937 +02:00 [ERR] Unhandled exception occurred
System.InvalidOperationException: Book not found or availability not updated
   at BorrowingService.Bll.Services.BorrowingAppService.ReturnBookAsync(Int32 borrowingId) in C:\Users\Admin\Documents\projects\LibrarySystem\BorrowingService\BorrowingService.Bll\Services\BorrowingAppService.cs:line 124
   at BorrowingService.Api.Controllers.BorrowingsController.ReturnBook(Int32 id) in C:\Users\Admin\Documents\projects\LibrarySystem\BorrowingService\BorrowingService.Api\Controllers\BorrowingsController.cs:line 52
   at Microsoft.AspNetCore.Mvc.Infrastructure.ActionMethodExecutor.TaskOfIActionResultExecutor.Execute(ActionContext actionContext, IActionResultTypeMapper mapper, ObjectMethodExecutor executor, Object controller, Object[] arguments)
   at Microsoft.AspNetCore.Mvc.Infrastructure.ControllerActionInvoker.<InvokeActionMethodAsync>g__Awaited|12_0(ControllerActionInvoker invoker, ValueTask`1 actionResultValueTask)
   at Microsoft.AspNetCore.Mvc.Infrastructure.ControllerActionInvoker.<InvokeNextActionFilterAsync>g__Awaited|10_0(ControllerActionInvoker invoker, Task lastTask, State next, Scope scope, Object state, Boolean isCompleted)
   at Microsoft.AspNetCore.Mvc.Infrastructure.ControllerActionInvoker.Rethrow(ActionExecutedContextSealed context)
   at Microsoft.AspNetCore.Mvc.Infrastructure.ControllerActionInvoker.Next(State& next, Scope& scope, Object& state, Boolean& isCompleted)
   at Microsoft.AspNetCore.Mvc.Infrastructure.ControllerActionInvoker.<InvokeInnerFilterAsync>g__Awaited|13_0(ControllerActionInvoker invoker, Task lastTask, State next, Scope scope, Object state, Boolean isCompleted)
   at Microsoft.AspNetCore.Mvc.Infrastructure.ResourceInvoker.<InvokeFilterPipelineAsync>g__Awaited|20_0(ResourceInvoker invoker, Task lastTask, State next, Scope scope, Object state, Boolean isCompleted)
   at Microsoft.AspNetCore.Mvc.Infrastructure.ResourceInvoker.<InvokeAsync>g__Logged|17_1(ResourceInvoker invoker)
   at Microsoft.AspNetCore.Mvc.Infrastructure.ResourceInvoker.<InvokeAsync>g__Logged|17_1(ResourceInvoker invoker)
   at Microsoft.AspNetCore.Routing.EndpointMiddleware.<Invoke>g__AwaitRequestTask|7_0(Endpoint endpoint, Task requestTask, ILogger logger)
   at BorrowingService.Api.Middleware.ErrorHandlingMiddleware.InvokeAsync(HttpContext context) in C:\Users\Admin\Documents\projects\LibrarySystem\BorrowingService\BorrowingService.Api\Middleware\ErrorHandlingMiddleware.cs:line 21
2025-11-25 00:26:09.966 +02:00 [INF] Request finished HTTP/1.1 PUT http://localhost:5017/api/borrowings/return/7 - 409 null application/problem+json 74.295ms
2025-11-25 00:29:30.777 +02:00 [INF] Now listening on: http://localhost:5017
2025-11-25 00:29:30.845 +02:00 [INF] Application started. Press Ctrl+C to shut down.
2025-11-25 00:29:30.848 +02:00 [INF] Hosting environment: Development
2025-11-25 00:29:30.850 +02:00 [INF] Content root path: C:\Users\Admin\Documents\projects\LibrarySystem\BorrowingService\BorrowingService.Api
2025-11-25 00:29:41.357 +02:00 [INF] Request starting HTTP/1.1 GET http://localhost:5017/api/readers - null null
2025-11-25 00:29:41.434 +02:00 [INF] Executing endpoint 'BorrowingService.Api.Controllers.ReadersController.GetAll (BorrowingService.Api)'
2025-11-25 00:29:41.454 +02:00 [INF] Route matched with {action = "GetAll", controller = "Readers"}. Executing controller action with signature System.Threading.Tasks.Task`1[Microsoft.AspNetCore.Mvc.IActionResult] GetAll() on controller BorrowingService.Api.Controllers.ReadersController (BorrowingService.Api).
2025-11-25 00:29:41.956 +02:00 [INF] Executing OkObjectResult, writing value of type 'System.Collections.Generic.List`1[[BorrowingService.Bll.Dtos.ReaderDto, BorrowingService.Bll, Version=1.0.0.0, Culture=neutral, PublicKeyToken=null]]'.
2025-11-25 00:29:42.010 +02:00 [INF] Executed action BorrowingService.Api.Controllers.ReadersController.GetAll (BorrowingService.Api) in 548.6693ms
2025-11-25 00:29:42.014 +02:00 [INF] Request starting HTTP/1.1 GET http://localhost:5017/api/readers - null null
2025-11-25 00:29:42.025 +02:00 [INF] Executed endpoint 'BorrowingService.Api.Controllers.ReadersController.GetAll (BorrowingService.Api)'
2025-11-25 00:29:42.030 +02:00 [INF] Executing endpoint 'BorrowingService.Api.Controllers.ReadersController.GetAll (BorrowingService.Api)'
2025-11-25 00:29:42.033 +02:00 [INF] Route matched with {action = "GetAll", controller = "Readers"}. Executing controller action with signature System.Threading.Tasks.Task`1[Microsoft.AspNetCore.Mvc.IActionResult] GetAll() on controller BorrowingService.Api.Controllers.ReadersController (BorrowingService.Api).
2025-11-25 00:29:42.035 +02:00 [INF] Request finished HTTP/1.1 GET http://localhost:5017/api/readers - 200 null application/json; charset=utf-8 680.1215ms
2025-11-25 00:29:42.052 +02:00 [INF] Executing OkObjectResult, writing value of type 'System.Collections.Generic.List`1[[BorrowingService.Bll.Dtos.ReaderDto, BorrowingService.Bll, Version=1.0.0.0, Culture=neutral, PublicKeyToken=null]]'.
2025-11-25 00:29:42.055 +02:00 [INF] Executed action BorrowingService.Api.Controllers.ReadersController.GetAll (BorrowingService.Api) in 17.4765ms
2025-11-25 00:29:42.059 +02:00 [INF] Executed endpoint 'BorrowingService.Api.Controllers.ReadersController.GetAll (BorrowingService.Api)'
2025-11-25 00:29:42.062 +02:00 [INF] Request finished HTTP/1.1 GET http://localhost:5017/api/readers - 200 null application/json; charset=utf-8 48.6297ms
2025-11-25 00:29:49.709 +02:00 [INF] Request starting HTTP/1.1 GET http://localhost:5017/api/readers - null null
2025-11-25 00:29:49.724 +02:00 [INF] Executing endpoint 'BorrowingService.Api.Controllers.ReadersController.GetAll (BorrowingService.Api)'
2025-11-25 00:29:49.728 +02:00 [INF] Route matched with {action = "GetAll", controller = "Readers"}. Executing controller action with signature System.Threading.Tasks.Task`1[Microsoft.AspNetCore.Mvc.IActionResult] GetAll() on controller BorrowingService.Api.Controllers.ReadersController (BorrowingService.Api).
2025-11-25 00:29:49.739 +02:00 [INF] Executing OkObjectResult, writing value of type 'System.Collections.Generic.List`1[[BorrowingService.Bll.Dtos.ReaderDto, BorrowingService.Bll, Version=1.0.0.0, Culture=neutral, PublicKeyToken=null]]'.
2025-11-25 00:29:49.742 +02:00 [INF] Executed action BorrowingService.Api.Controllers.ReadersController.GetAll (BorrowingService.Api) in 7.8749ms
2025-11-25 00:29:49.746 +02:00 [INF] Executed endpoint 'BorrowingService.Api.Controllers.ReadersController.GetAll (BorrowingService.Api)'
2025-11-25 00:29:49.749 +02:00 [INF] Request finished HTTP/1.1 GET http://localhost:5017/api/readers - 200 null application/json; charset=utf-8 40.5401ms
2025-11-25 00:29:52.678 +02:00 [INF] Request starting HTTP/1.1 POST http://localhost:5017/api/borrowings/issue - application/json 25
2025-11-25 00:29:52.693 +02:00 [INF] CORS policy execution successful.
2025-11-25 00:29:52.696 +02:00 [INF] Executing endpoint 'BorrowingService.Api.Controllers.BorrowingsController.IssueBook (BorrowingService.Api)'
2025-11-25 00:29:52.709 +02:00 [INF] Route matched with {action = "IssueBook", controller = "Borrowings"}. Executing controller action with signature System.Threading.Tasks.Task`1[Microsoft.AspNetCore.Mvc.IActionResult] IssueBook(IssueBookRequest) on controller BorrowingService.Api.Controllers.BorrowingsController (BorrowingService.Api).
2025-11-25 00:29:52.754 +02:00 [INF] Start processing HTTP request GET http://localhost:5180/api/books/1
2025-11-25 00:29:52.760 +02:00 [INF] Sending HTTP request GET http://localhost:5180/api/books/1
2025-11-25 00:29:53.064 +02:00 [INF] Received HTTP response headers after 294.2262ms - 200
2025-11-25 00:29:53.072 +02:00 [INF] End processing HTTP request after 318.3299ms - 200
2025-11-25 00:29:53.178 +02:00 [INF] Executing CreatedAtActionResult, writing value of type '<>f__AnonymousType1`2[[System.String, System.Private.CoreLib, Version=9.0.0.0, Culture=neutral, PublicKeyToken=7cec85d7bea7798e],[System.Int32, System.Private.CoreLib, Version=9.0.0.0, Culture=neutral, PublicKeyToken=7cec85d7bea7798e]]'.
2025-11-25 00:29:53.211 +02:00 [INF] Executed action BorrowingService.Api.Controllers.BorrowingsController.IssueBook (BorrowingService.Api) in 496.0846ms
2025-11-25 00:29:53.216 +02:00 [INF] Executed endpoint 'BorrowingService.Api.Controllers.BorrowingsController.IssueBook (BorrowingService.Api)'
2025-11-25 00:29:53.220 +02:00 [INF] Request finished HTTP/1.1 POST http://localhost:5017/api/borrowings/issue - 201 null application/json; charset=utf-8 541.4042ms
2025-11-25 00:29:55.513 +02:00 [INF] Request starting HTTP/1.1 GET http://localhost:5017/api/borrowings - null null
2025-11-25 00:29:55.522 +02:00 [INF] Executing endpoint 'BorrowingService.Api.Controllers.BorrowingsController.GetAll (BorrowingService.Api)'
2025-11-25 00:29:55.527 +02:00 [INF] Route matched with {action = "GetAll", controller = "Borrowings"}. Executing controller action with signature System.Threading.Tasks.Task`1[Microsoft.AspNetCore.Mvc.IActionResult] GetAll() on controller BorrowingService.Api.Controllers.BorrowingsController (BorrowingService.Api).
2025-11-25 00:29:55.551 +02:00 [INF] Executing OkObjectResult, writing value of type 'System.Collections.Generic.List`1[[BorrowingService.Bll.Dtos.BorrowingDto, BorrowingService.Bll, Version=1.0.0.0, Culture=neutral, PublicKeyToken=null]]'.
2025-11-25 00:29:55.567 +02:00 [INF] Executed action BorrowingService.Api.Controllers.BorrowingsController.GetAll (BorrowingService.Api) in 36.2488ms
2025-11-25 00:29:55.571 +02:00 [INF] Executed endpoint 'BorrowingService.Api.Controllers.BorrowingsController.GetAll (BorrowingService.Api)'
2025-11-25 00:29:55.572 +02:00 [INF] Request starting HTTP/1.1 GET http://localhost:5017/api/borrowings - null null
2025-11-25 00:29:55.574 +02:00 [INF] Request finished HTTP/1.1 GET http://localhost:5017/api/borrowings - 200 null application/json; charset=utf-8 61.2483ms
2025-11-25 00:29:55.580 +02:00 [INF] Executing endpoint 'BorrowingService.Api.Controllers.BorrowingsController.GetAll (BorrowingService.Api)'
2025-11-25 00:29:55.591 +02:00 [INF] Route matched with {action = "GetAll", controller = "Borrowings"}. Executing controller action with signature System.Threading.Tasks.Task`1[Microsoft.AspNetCore.Mvc.IActionResult] GetAll() on controller BorrowingService.Api.Controllers.BorrowingsController (BorrowingService.Api).
2025-11-25 00:29:55.605 +02:00 [INF] Executing OkObjectResult, writing value of type 'System.Collections.Generic.List`1[[BorrowingService.Bll.Dtos.BorrowingDto, BorrowingService.Bll, Version=1.0.0.0, Culture=neutral, PublicKeyToken=null]]'.
2025-11-25 00:29:55.608 +02:00 [INF] Executed action BorrowingService.Api.Controllers.BorrowingsController.GetAll (BorrowingService.Api) in 14.685ms
2025-11-25 00:29:55.611 +02:00 [INF] Executed endpoint 'BorrowingService.Api.Controllers.BorrowingsController.GetAll (BorrowingService.Api)'
2025-11-25 00:29:55.613 +02:00 [INF] Request finished HTTP/1.1 GET http://localhost:5017/api/borrowings - 200 null application/json; charset=utf-8 41.385ms
2025-11-25 00:29:59.193 +02:00 [INF] Request starting HTTP/1.1 PUT http://localhost:5017/api/borrowings/return/8 - null 0
2025-11-25 00:29:59.201 +02:00 [INF] CORS policy execution successful.
2025-11-25 00:29:59.203 +02:00 [INF] Executing endpoint 'BorrowingService.Api.Controllers.BorrowingsController.ReturnBook (BorrowingService.Api)'
2025-11-25 00:29:59.210 +02:00 [INF] Route matched with {action = "ReturnBook", controller = "Borrowings"}. Executing controller action with signature System.Threading.Tasks.Task`1[Microsoft.AspNetCore.Mvc.IActionResult] ReturnBook(Int32) on controller BorrowingService.Api.Controllers.BorrowingsController (BorrowingService.Api).
2025-11-25 00:29:59.252 +02:00 [INF] Executed action BorrowingService.Api.Controllers.BorrowingsController.ReturnBook (BorrowingService.Api) in 37.6899ms
2025-11-25 00:29:59.257 +02:00 [INF] Executed endpoint 'BorrowingService.Api.Controllers.BorrowingsController.ReturnBook (BorrowingService.Api)'
2025-11-25 00:29:59.261 +02:00 [ERR] Unhandled exception occurred
System.InvalidOperationException: Book not found or availability not updated
   at BorrowingService.Bll.Services.BorrowingAppService.ReturnBookAsync(Int32 borrowingId) in C:\Users\Admin\Documents\projects\LibrarySystem\BorrowingService\BorrowingService.Bll\Services\BorrowingAppService.cs:line 136
   at BorrowingService.Api.Controllers.BorrowingsController.ReturnBook(Int32 id) in C:\Users\Admin\Documents\projects\LibrarySystem\BorrowingService\BorrowingService.Api\Controllers\BorrowingsController.cs:line 52
   at Microsoft.AspNetCore.Mvc.Infrastructure.ActionMethodExecutor.TaskOfIActionResultExecutor.Execute(ActionContext actionContext, IActionResultTypeMapper mapper, ObjectMethodExecutor executor, Object controller, Object[] arguments)
   at Microsoft.AspNetCore.Mvc.Infrastructure.ControllerActionInvoker.<InvokeActionMethodAsync>g__Awaited|12_0(ControllerActionInvoker invoker, ValueTask`1 actionResultValueTask)
   at Microsoft.AspNetCore.Mvc.Infrastructure.ControllerActionInvoker.<InvokeNextActionFilterAsync>g__Awaited|10_0(ControllerActionInvoker invoker, Task lastTask, State next, Scope scope, Object state, Boolean isCompleted)
   at Microsoft.AspNetCore.Mvc.Infrastructure.ControllerActionInvoker.Rethrow(ActionExecutedContextSealed context)
   at Microsoft.AspNetCore.Mvc.Infrastructure.ControllerActionInvoker.Next(State& next, Scope& scope, Object& state, Boolean& isCompleted)
   at Microsoft.AspNetCore.Mvc.Infrastructure.ControllerActionInvoker.<InvokeInnerFilterAsync>g__Awaited|13_0(ControllerActionInvoker invoker, Task lastTask, State next, Scope scope, Object state, Boolean isCompleted)
   at Microsoft.AspNetCore.Mvc.Infrastructure.ResourceInvoker.<InvokeFilterPipelineAsync>g__Awaited|20_0(ResourceInvoker invoker, Task lastTask, State next, Scope scope, Object state, Boolean isCompleted)
   at Microsoft.AspNetCore.Mvc.Infrastructure.ResourceInvoker.<InvokeAsync>g__Logged|17_1(ResourceInvoker invoker)
   at Microsoft.AspNetCore.Mvc.Infrastructure.ResourceInvoker.<InvokeAsync>g__Logged|17_1(ResourceInvoker invoker)
   at Microsoft.AspNetCore.Routing.EndpointMiddleware.<Invoke>g__AwaitRequestTask|7_0(Endpoint endpoint, Task requestTask, ILogger logger)
   at BorrowingService.Api.Middleware.ErrorHandlingMiddleware.InvokeAsync(HttpContext context) in C:\Users\Admin\Documents\projects\LibrarySystem\BorrowingService\BorrowingService.Api\Middleware\ErrorHandlingMiddleware.cs:line 21
2025-11-25 00:29:59.294 +02:00 [INF] Request finished HTTP/1.1 PUT http://localhost:5017/api/borrowings/return/8 - 409 null application/problem+json 100.5646ms
2025-11-25 00:33:07.956 +02:00 [INF] Now listening on: http://localhost:5017
2025-11-25 00:33:07.996 +02:00 [INF] Application started. Press Ctrl+C to shut down.
2025-11-25 00:33:07.999 +02:00 [INF] Hosting environment: Development
2025-11-25 00:33:08.000 +02:00 [INF] Content root path: C:\Users\Admin\Documents\projects\LibrarySystem\BorrowingService\BorrowingService.Api
2025-11-25 00:33:14.856 +02:00 [INF] Request starting HTTP/1.1 GET http://localhost:5017/api/readers - null null
2025-11-25 00:33:14.921 +02:00 [INF] Executing endpoint 'BorrowingService.Api.Controllers.ReadersController.GetAll (BorrowingService.Api)'
2025-11-25 00:33:14.941 +02:00 [INF] Route matched with {action = "GetAll", controller = "Readers"}. Executing controller action with signature System.Threading.Tasks.Task`1[Microsoft.AspNetCore.Mvc.IActionResult] GetAll() on controller BorrowingService.Api.Controllers.ReadersController (BorrowingService.Api).
2025-11-25 00:33:15.423 +02:00 [INF] Executing OkObjectResult, writing value of type 'System.Collections.Generic.List`1[[BorrowingService.Bll.Dtos.ReaderDto, BorrowingService.Bll, Version=1.0.0.0, Culture=neutral, PublicKeyToken=null]]'.
2025-11-25 00:33:15.470 +02:00 [INF] Executed action BorrowingService.Api.Controllers.ReadersController.GetAll (BorrowingService.Api) in 521.4506ms
2025-11-25 00:33:15.477 +02:00 [INF] Request starting HTTP/1.1 GET http://localhost:5017/api/readers - null null
2025-11-25 00:33:15.497 +02:00 [INF] Executed endpoint 'BorrowingService.Api.Controllers.ReadersController.GetAll (BorrowingService.Api)'
2025-11-25 00:33:15.502 +02:00 [INF] Executing endpoint 'BorrowingService.Api.Controllers.ReadersController.GetAll (BorrowingService.Api)'
2025-11-25 00:33:15.507 +02:00 [INF] Route matched with {action = "GetAll", controller = "Readers"}. Executing controller action with signature System.Threading.Tasks.Task`1[Microsoft.AspNetCore.Mvc.IActionResult] GetAll() on controller BorrowingService.Api.Controllers.ReadersController (BorrowingService.Api).
2025-11-25 00:33:15.509 +02:00 [INF] Request finished HTTP/1.1 GET http://localhost:5017/api/readers - 200 null application/json; charset=utf-8 655.7804ms
2025-11-25 00:33:15.528 +02:00 [INF] Executing OkObjectResult, writing value of type 'System.Collections.Generic.List`1[[BorrowingService.Bll.Dtos.ReaderDto, BorrowingService.Bll, Version=1.0.0.0, Culture=neutral, PublicKeyToken=null]]'.
2025-11-25 00:33:15.532 +02:00 [INF] Executed action BorrowingService.Api.Controllers.ReadersController.GetAll (BorrowingService.Api) in 19.765ms
2025-11-25 00:33:15.535 +02:00 [INF] Executed endpoint 'BorrowingService.Api.Controllers.ReadersController.GetAll (BorrowingService.Api)'
2025-11-25 00:33:15.540 +02:00 [INF] Request finished HTTP/1.1 GET http://localhost:5017/api/readers - 200 null application/json; charset=utf-8 62.689ms
2025-11-25 00:33:17.452 +02:00 [INF] Request starting HTTP/1.1 GET http://localhost:5017/api/borrowings - null null
2025-11-25 00:33:17.463 +02:00 [INF] Executing endpoint 'BorrowingService.Api.Controllers.BorrowingsController.GetAll (BorrowingService.Api)'
2025-11-25 00:33:17.471 +02:00 [INF] Route matched with {action = "GetAll", controller = "Borrowings"}. Executing controller action with signature System.Threading.Tasks.Task`1[Microsoft.AspNetCore.Mvc.IActionResult] GetAll() on controller BorrowingService.Api.Controllers.BorrowingsController (BorrowingService.Api).
2025-11-25 00:33:17.532 +02:00 [INF] Executing OkObjectResult, writing value of type 'System.Collections.Generic.List`1[[BorrowingService.Bll.Dtos.BorrowingDto, BorrowingService.Bll, Version=1.0.0.0, Culture=neutral, PublicKeyToken=null]]'.
2025-11-25 00:33:17.552 +02:00 [INF] Executed action BorrowingService.Api.Controllers.BorrowingsController.GetAll (BorrowingService.Api) in 76.5265ms
2025-11-25 00:33:17.557 +02:00 [INF] Executed endpoint 'BorrowingService.Api.Controllers.BorrowingsController.GetAll (BorrowingService.Api)'
2025-11-25 00:33:17.559 +02:00 [INF] Request starting HTTP/1.1 GET http://localhost:5017/api/borrowings - null null
2025-11-25 00:33:17.561 +02:00 [INF] Request finished HTTP/1.1 GET http://localhost:5017/api/borrowings - 200 null application/json; charset=utf-8 108.835ms
2025-11-25 00:33:17.568 +02:00 [INF] Executing endpoint 'BorrowingService.Api.Controllers.BorrowingsController.GetAll (BorrowingService.Api)'
2025-11-25 00:33:17.578 +02:00 [INF] Route matched with {action = "GetAll", controller = "Borrowings"}. Executing controller action with signature System.Threading.Tasks.Task`1[Microsoft.AspNetCore.Mvc.IActionResult] GetAll() on controller BorrowingService.Api.Controllers.BorrowingsController (BorrowingService.Api).
2025-11-25 00:33:17.590 +02:00 [INF] Executing OkObjectResult, writing value of type 'System.Collections.Generic.List`1[[BorrowingService.Bll.Dtos.BorrowingDto, BorrowingService.Bll, Version=1.0.0.0, Culture=neutral, PublicKeyToken=null]]'.
2025-11-25 00:33:17.594 +02:00 [INF] Executed action BorrowingService.Api.Controllers.BorrowingsController.GetAll (BorrowingService.Api) in 12.22ms
2025-11-25 00:33:17.596 +02:00 [INF] Executed endpoint 'BorrowingService.Api.Controllers.BorrowingsController.GetAll (BorrowingService.Api)'
2025-11-25 00:33:17.598 +02:00 [INF] Request finished HTTP/1.1 GET http://localhost:5017/api/borrowings - 200 null application/json; charset=utf-8 39.3146ms
2025-11-25 00:33:35.369 +02:00 [INF] Request starting HTTP/1.1 GET http://localhost:5017/api/readers - null null
2025-11-25 00:33:35.382 +02:00 [INF] Executing endpoint 'BorrowingService.Api.Controllers.ReadersController.GetAll (BorrowingService.Api)'
2025-11-25 00:33:35.385 +02:00 [INF] Route matched with {action = "GetAll", controller = "Readers"}. Executing controller action with signature System.Threading.Tasks.Task`1[Microsoft.AspNetCore.Mvc.IActionResult] GetAll() on controller BorrowingService.Api.Controllers.ReadersController (BorrowingService.Api).
2025-11-25 00:33:35.394 +02:00 [INF] Executing OkObjectResult, writing value of type 'System.Collections.Generic.List`1[[BorrowingService.Bll.Dtos.ReaderDto, BorrowingService.Bll, Version=1.0.0.0, Culture=neutral, PublicKeyToken=null]]'.
2025-11-25 00:33:35.398 +02:00 [INF] Executed action BorrowingService.Api.Controllers.ReadersController.GetAll (BorrowingService.Api) in 7.2042ms
2025-11-25 00:33:35.401 +02:00 [INF] Executed endpoint 'BorrowingService.Api.Controllers.ReadersController.GetAll (BorrowingService.Api)'
2025-11-25 00:33:35.404 +02:00 [INF] Request finished HTTP/1.1 GET http://localhost:5017/api/readers - 200 null application/json; charset=utf-8 35.2107ms
2025-11-25 00:33:38.122 +02:00 [INF] Request starting HTTP/1.1 POST http://localhost:5017/api/borrowings/issue - application/json 25
2025-11-25 00:33:38.135 +02:00 [INF] CORS policy execution successful.
2025-11-25 00:33:38.139 +02:00 [INF] Executing endpoint 'BorrowingService.Api.Controllers.BorrowingsController.IssueBook (BorrowingService.Api)'
2025-11-25 00:33:38.152 +02:00 [INF] Route matched with {action = "IssueBook", controller = "Borrowings"}. Executing controller action with signature System.Threading.Tasks.Task`1[Microsoft.AspNetCore.Mvc.IActionResult] IssueBook(IssueBookRequest) on controller BorrowingService.Api.Controllers.BorrowingsController (BorrowingService.Api).
2025-11-25 00:33:38.191 +02:00 [INF] Start processing HTTP request GET http://localhost:5180/api/books/5
2025-11-25 00:33:38.196 +02:00 [INF] Sending HTTP request GET http://localhost:5180/api/books/5
2025-11-25 00:33:38.380 +02:00 [INF] Received HTTP response headers after 176.265ms - 200
2025-11-25 00:33:38.386 +02:00 [INF] End processing HTTP request after 195.1071ms - 200
2025-11-25 00:33:38.438 +02:00 [INF] Executing ConflictObjectResult, writing value of type '<>f__AnonymousType2`1[[System.String, System.Private.CoreLib, Version=9.0.0.0, Culture=neutral, PublicKeyToken=7cec85d7bea7798e]]'.
2025-11-25 00:33:38.449 +02:00 [INF] Executed action BorrowingService.Api.Controllers.BorrowingsController.IssueBook (BorrowingService.Api) in 290.8541ms
2025-11-25 00:33:38.453 +02:00 [INF] Executed endpoint 'BorrowingService.Api.Controllers.BorrowingsController.IssueBook (BorrowingService.Api)'
2025-11-25 00:33:38.457 +02:00 [INF] Request finished HTTP/1.1 POST http://localhost:5017/api/borrowings/issue - 409 null application/json; charset=utf-8 334.9003ms
2025-11-25 00:34:25.781 +02:00 [INF] Request starting HTTP/1.1 GET http://localhost:5017/api/readers - null null
2025-11-25 00:34:25.788 +02:00 [INF] Executing endpoint 'BorrowingService.Api.Controllers.ReadersController.GetAll (BorrowingService.Api)'
2025-11-25 00:34:25.790 +02:00 [INF] Route matched with {action = "GetAll", controller = "Readers"}. Executing controller action with signature System.Threading.Tasks.Task`1[Microsoft.AspNetCore.Mvc.IActionResult] GetAll() on controller BorrowingService.Api.Controllers.ReadersController (BorrowingService.Api).
2025-11-25 00:34:25.795 +02:00 [INF] Executing OkObjectResult, writing value of type 'System.Collections.Generic.List`1[[BorrowingService.Bll.Dtos.ReaderDto, BorrowingService.Bll, Version=1.0.0.0, Culture=neutral, PublicKeyToken=null]]'.
2025-11-25 00:34:25.798 +02:00 [INF] Executed action BorrowingService.Api.Controllers.ReadersController.GetAll (BorrowingService.Api) in 3.9848ms
2025-11-25 00:34:25.800 +02:00 [INF] Executed endpoint 'BorrowingService.Api.Controllers.ReadersController.GetAll (BorrowingService.Api)'
2025-11-25 00:34:25.803 +02:00 [INF] Request finished HTTP/1.1 GET http://localhost:5017/api/readers - 200 null application/json; charset=utf-8 21.5221ms
2025-11-25 00:34:28.769 +02:00 [INF] Request starting HTTP/1.1 POST http://localhost:5017/api/borrowings/issue - application/json 25
2025-11-25 00:34:28.774 +02:00 [INF] CORS policy execution successful.
2025-11-25 00:34:28.775 +02:00 [INF] Executing endpoint 'BorrowingService.Api.Controllers.BorrowingsController.IssueBook (BorrowingService.Api)'
2025-11-25 00:34:28.777 +02:00 [INF] Route matched with {action = "IssueBook", controller = "Borrowings"}. Executing controller action with signature System.Threading.Tasks.Task`1[Microsoft.AspNetCore.Mvc.IActionResult] IssueBook(IssueBookRequest) on controller BorrowingService.Api.Controllers.BorrowingsController (BorrowingService.Api).
2025-11-25 00:34:28.783 +02:00 [INF] Start processing HTTP request GET http://localhost:5180/api/books/5
2025-11-25 00:34:28.785 +02:00 [INF] Sending HTTP request GET http://localhost:5180/api/books/5
2025-11-25 00:34:28.810 +02:00 [INF] Received HTTP response headers after 23.0936ms - 200
2025-11-25 00:34:28.813 +02:00 [INF] End processing HTTP request after 29.8591ms - 200
2025-11-25 00:34:28.857 +02:00 [INF] Executing CreatedAtActionResult, writing value of type '<>f__AnonymousType1`2[[System.String, System.Private.CoreLib, Version=9.0.0.0, Culture=neutral, PublicKeyToken=7cec85d7bea7798e],[System.Int32, System.Private.CoreLib, Version=9.0.0.0, Culture=neutral, PublicKeyToken=7cec85d7bea7798e]]'.
2025-11-25 00:34:28.890 +02:00 [INF] Executed action BorrowingService.Api.Controllers.BorrowingsController.IssueBook (BorrowingService.Api) in 108.0211ms
2025-11-25 00:34:28.893 +02:00 [INF] Executed endpoint 'BorrowingService.Api.Controllers.BorrowingsController.IssueBook (BorrowingService.Api)'
2025-11-25 00:34:28.895 +02:00 [INF] Request finished HTTP/1.1 POST http://localhost:5017/api/borrowings/issue - 201 null application/json; charset=utf-8 126.6394ms
2025-11-25 00:34:36.894 +02:00 [INF] Request starting HTTP/1.1 GET http://localhost:5017/api/borrowings - null null
2025-11-25 00:34:36.904 +02:00 [INF] Executing endpoint 'BorrowingService.Api.Controllers.BorrowingsController.GetAll (BorrowingService.Api)'
2025-11-25 00:34:36.907 +02:00 [INF] Route matched with {action = "GetAll", controller = "Borrowings"}. Executing controller action with signature System.Threading.Tasks.Task`1[Microsoft.AspNetCore.Mvc.IActionResult] GetAll() on controller BorrowingService.Api.Controllers.BorrowingsController (BorrowingService.Api).
2025-11-25 00:34:36.922 +02:00 [INF] Executing OkObjectResult, writing value of type 'System.Collections.Generic.List`1[[BorrowingService.Bll.Dtos.BorrowingDto, BorrowingService.Bll, Version=1.0.0.0, Culture=neutral, PublicKeyToken=null]]'.
2025-11-25 00:34:36.926 +02:00 [INF] Executed action BorrowingService.Api.Controllers.BorrowingsController.GetAll (BorrowingService.Api) in 14.5654ms
2025-11-25 00:34:36.931 +02:00 [INF] Executed endpoint 'BorrowingService.Api.Controllers.BorrowingsController.GetAll (BorrowingService.Api)'
2025-11-25 00:34:36.932 +02:00 [INF] Request starting HTTP/1.1 GET http://localhost:5017/api/borrowings - null null
2025-11-25 00:34:36.934 +02:00 [INF] Request finished HTTP/1.1 GET http://localhost:5017/api/borrowings - 200 null application/json; charset=utf-8 39.824ms
2025-11-25 00:34:36.940 +02:00 [INF] Executing endpoint 'BorrowingService.Api.Controllers.BorrowingsController.GetAll (BorrowingService.Api)'
2025-11-25 00:34:36.947 +02:00 [INF] Route matched with {action = "GetAll", controller = "Borrowings"}. Executing controller action with signature System.Threading.Tasks.Task`1[Microsoft.AspNetCore.Mvc.IActionResult] GetAll() on controller BorrowingService.Api.Controllers.BorrowingsController (BorrowingService.Api).
2025-11-25 00:34:36.959 +02:00 [INF] Executing OkObjectResult, writing value of type 'System.Collections.Generic.List`1[[BorrowingService.Bll.Dtos.BorrowingDto, BorrowingService.Bll, Version=1.0.0.0, Culture=neutral, PublicKeyToken=null]]'.
2025-11-25 00:34:36.961 +02:00 [INF] Executed action BorrowingService.Api.Controllers.BorrowingsController.GetAll (BorrowingService.Api) in 10.0943ms
2025-11-25 00:34:36.965 +02:00 [INF] Executed endpoint 'BorrowingService.Api.Controllers.BorrowingsController.GetAll (BorrowingService.Api)'
2025-11-25 00:34:36.967 +02:00 [INF] Request finished HTTP/1.1 GET http://localhost:5017/api/borrowings - 200 null application/json; charset=utf-8 34.6451ms
2025-11-25 00:34:40.357 +02:00 [INF] Request starting HTTP/1.1 PUT http://localhost:5017/api/borrowings/return/9 - null 0
2025-11-25 00:34:40.365 +02:00 [INF] CORS policy execution successful.
2025-11-25 00:34:40.368 +02:00 [INF] Executing endpoint 'BorrowingService.Api.Controllers.BorrowingsController.ReturnBook (BorrowingService.Api)'
2025-11-25 00:34:40.375 +02:00 [INF] Route matched with {action = "ReturnBook", controller = "Borrowings"}. Executing controller action with signature System.Threading.Tasks.Task`1[Microsoft.AspNetCore.Mvc.IActionResult] ReturnBook(Int32) on controller BorrowingService.Api.Controllers.BorrowingsController (BorrowingService.Api).
2025-11-25 00:34:40.403 +02:00 [INF] Executed action BorrowingService.Api.Controllers.BorrowingsController.ReturnBook (BorrowingService.Api) in 24.0737ms
2025-11-25 00:34:40.407 +02:00 [INF] Executed endpoint 'BorrowingService.Api.Controllers.BorrowingsController.ReturnBook (BorrowingService.Api)'
2025-11-25 00:34:40.412 +02:00 [ERR] Unhandled exception occurred
System.InvalidOperationException: Book not found or availability not updated
   at BorrowingService.Bll.Services.BorrowingAppService.ReturnBookAsync(Int32 borrowingId) in C:\Users\Admin\Documents\projects\LibrarySystem\BorrowingService\BorrowingService.Bll\Services\BorrowingAppService.cs:line 136
   at BorrowingService.Api.Controllers.BorrowingsController.ReturnBook(Int32 id) in C:\Users\Admin\Documents\projects\LibrarySystem\BorrowingService\BorrowingService.Api\Controllers\BorrowingsController.cs:line 52
   at Microsoft.AspNetCore.Mvc.Infrastructure.ActionMethodExecutor.TaskOfIActionResultExecutor.Execute(ActionContext actionContext, IActionResultTypeMapper mapper, ObjectMethodExecutor executor, Object controller, Object[] arguments)
   at Microsoft.AspNetCore.Mvc.Infrastructure.ControllerActionInvoker.<InvokeActionMethodAsync>g__Awaited|12_0(ControllerActionInvoker invoker, ValueTask`1 actionResultValueTask)
   at Microsoft.AspNetCore.Mvc.Infrastructure.ControllerActionInvoker.<InvokeNextActionFilterAsync>g__Awaited|10_0(ControllerActionInvoker invoker, Task lastTask, State next, Scope scope, Object state, Boolean isCompleted)
   at Microsoft.AspNetCore.Mvc.Infrastructure.ControllerActionInvoker.Rethrow(ActionExecutedContextSealed context)
   at Microsoft.AspNetCore.Mvc.Infrastructure.ControllerActionInvoker.Next(State& next, Scope& scope, Object& state, Boolean& isCompleted)
   at Microsoft.AspNetCore.Mvc.Infrastructure.ControllerActionInvoker.<InvokeInnerFilterAsync>g__Awaited|13_0(ControllerActionInvoker invoker, Task lastTask, State next, Scope scope, Object state, Boolean isCompleted)
   at Microsoft.AspNetCore.Mvc.Infrastructure.ResourceInvoker.<InvokeFilterPipelineAsync>g__Awaited|20_0(ResourceInvoker invoker, Task lastTask, State next, Scope scope, Object state, Boolean isCompleted)
   at Microsoft.AspNetCore.Mvc.Infrastructure.ResourceInvoker.<InvokeAsync>g__Logged|17_1(ResourceInvoker invoker)
   at Microsoft.AspNetCore.Mvc.Infrastructure.ResourceInvoker.<InvokeAsync>g__Logged|17_1(ResourceInvoker invoker)
   at Microsoft.AspNetCore.Routing.EndpointMiddleware.<Invoke>g__AwaitRequestTask|7_0(Endpoint endpoint, Task requestTask, ILogger logger)
   at BorrowingService.Api.Middleware.ErrorHandlingMiddleware.InvokeAsync(HttpContext context) in C:\Users\Admin\Documents\projects\LibrarySystem\BorrowingService\BorrowingService.Api\Middleware\ErrorHandlingMiddleware.cs:line 21
2025-11-25 00:34:40.444 +02:00 [INF] Request finished HTTP/1.1 PUT http://localhost:5017/api/borrowings/return/9 - 409 null application/problem+json 87.6651ms
2025-11-25 00:38:42.699 +02:00 [INF] Now listening on: http://localhost:5017
2025-11-25 00:38:42.764 +02:00 [INF] Application started. Press Ctrl+C to shut down.
2025-11-25 00:38:42.766 +02:00 [INF] Hosting environment: Development
2025-11-25 00:38:42.768 +02:00 [INF] Content root path: C:\Users\Admin\Documents\projects\LibrarySystem\BorrowingService\BorrowingService.Api
2025-11-25 00:38:48.358 +02:00 [INF] Request starting HTTP/1.1 GET http://localhost:5017/api/readers - null null
2025-11-25 00:38:48.424 +02:00 [INF] Executing endpoint 'BorrowingService.Api.Controllers.ReadersController.GetAll (BorrowingService.Api)'
2025-11-25 00:38:48.441 +02:00 [INF] Route matched with {action = "GetAll", controller = "Readers"}. Executing controller action with signature System.Threading.Tasks.Task`1[Microsoft.AspNetCore.Mvc.IActionResult] GetAll() on controller BorrowingService.Api.Controllers.ReadersController (BorrowingService.Api).
2025-11-25 00:38:48.862 +02:00 [INF] Executing OkObjectResult, writing value of type 'System.Collections.Generic.List`1[[BorrowingService.Bll.Dtos.ReaderDto, BorrowingService.Bll, Version=1.0.0.0, Culture=neutral, PublicKeyToken=null]]'.
2025-11-25 00:38:48.902 +02:00 [INF] Executed action BorrowingService.Api.Controllers.ReadersController.GetAll (BorrowingService.Api) in 453.3878ms
2025-11-25 00:38:48.907 +02:00 [INF] Request starting HTTP/1.1 GET http://localhost:5017/api/readers - null null
2025-11-25 00:38:48.921 +02:00 [INF] Executed endpoint 'BorrowingService.Api.Controllers.ReadersController.GetAll (BorrowingService.Api)'
2025-11-25 00:38:48.928 +02:00 [INF] Executing endpoint 'BorrowingService.Api.Controllers.ReadersController.GetAll (BorrowingService.Api)'
2025-11-25 00:38:48.932 +02:00 [INF] Route matched with {action = "GetAll", controller = "Readers"}. Executing controller action with signature System.Threading.Tasks.Task`1[Microsoft.AspNetCore.Mvc.IActionResult] GetAll() on controller BorrowingService.Api.Controllers.ReadersController (BorrowingService.Api).
2025-11-25 00:38:48.936 +02:00 [INF] Request finished HTTP/1.1 GET http://localhost:5017/api/readers - 200 null application/json; charset=utf-8 579.929ms
2025-11-25 00:38:48.954 +02:00 [INF] Executing OkObjectResult, writing value of type 'System.Collections.Generic.List`1[[BorrowingService.Bll.Dtos.ReaderDto, BorrowingService.Bll, Version=1.0.0.0, Culture=neutral, PublicKeyToken=null]]'.
2025-11-25 00:38:48.958 +02:00 [INF] Executed action BorrowingService.Api.Controllers.ReadersController.GetAll (BorrowingService.Api) in 21.0305ms
2025-11-25 00:38:48.962 +02:00 [INF] Executed endpoint 'BorrowingService.Api.Controllers.ReadersController.GetAll (BorrowingService.Api)'
2025-11-25 00:38:48.968 +02:00 [INF] Request finished HTTP/1.1 GET http://localhost:5017/api/readers - 200 null application/json; charset=utf-8 61.1266ms
2025-11-25 00:38:49.770 +02:00 [INF] Request starting HTTP/1.1 GET http://localhost:5017/api/borrowings - null null
2025-11-25 00:38:49.777 +02:00 [INF] Executing endpoint 'BorrowingService.Api.Controllers.BorrowingsController.GetAll (BorrowingService.Api)'
2025-11-25 00:38:49.782 +02:00 [INF] Route matched with {action = "GetAll", controller = "Borrowings"}. Executing controller action with signature System.Threading.Tasks.Task`1[Microsoft.AspNetCore.Mvc.IActionResult] GetAll() on controller BorrowingService.Api.Controllers.BorrowingsController (BorrowingService.Api).
2025-11-25 00:38:49.838 +02:00 [INF] Executing OkObjectResult, writing value of type 'System.Collections.Generic.List`1[[BorrowingService.Bll.Dtos.BorrowingDto, BorrowingService.Bll, Version=1.0.0.0, Culture=neutral, PublicKeyToken=null]]'.
2025-11-25 00:38:49.855 +02:00 [INF] Executed action BorrowingService.Api.Controllers.BorrowingsController.GetAll (BorrowingService.Api) in 69.0044ms
2025-11-25 00:38:49.860 +02:00 [INF] Executed endpoint 'BorrowingService.Api.Controllers.BorrowingsController.GetAll (BorrowingService.Api)'
2025-11-25 00:38:49.861 +02:00 [INF] Request starting HTTP/1.1 GET http://localhost:5017/api/borrowings - null null
2025-11-25 00:38:49.863 +02:00 [INF] Request finished HTTP/1.1 GET http://localhost:5017/api/borrowings - 200 null application/json; charset=utf-8 93.1087ms
2025-11-25 00:38:49.869 +02:00 [INF] Executing endpoint 'BorrowingService.Api.Controllers.BorrowingsController.GetAll (BorrowingService.Api)'
2025-11-25 00:38:49.877 +02:00 [INF] Route matched with {action = "GetAll", controller = "Borrowings"}. Executing controller action with signature System.Threading.Tasks.Task`1[Microsoft.AspNetCore.Mvc.IActionResult] GetAll() on controller BorrowingService.Api.Controllers.BorrowingsController (BorrowingService.Api).
2025-11-25 00:38:49.895 +02:00 [INF] Executing OkObjectResult, writing value of type 'System.Collections.Generic.List`1[[BorrowingService.Bll.Dtos.BorrowingDto, BorrowingService.Bll, Version=1.0.0.0, Culture=neutral, PublicKeyToken=null]]'.
2025-11-25 00:38:49.897 +02:00 [INF] Executed action BorrowingService.Api.Controllers.BorrowingsController.GetAll (BorrowingService.Api) in 16.5031ms
2025-11-25 00:38:49.901 +02:00 [INF] Executed endpoint 'BorrowingService.Api.Controllers.BorrowingsController.GetAll (BorrowingService.Api)'
2025-11-25 00:38:49.903 +02:00 [INF] Request finished HTTP/1.1 GET http://localhost:5017/api/borrowings - 200 null application/json; charset=utf-8 42.1043ms
2025-11-25 00:39:11.186 +02:00 [INF] Request starting HTTP/1.1 GET http://localhost:5017/api/readers - null null
2025-11-25 00:39:11.190 +02:00 [INF] Executing endpoint 'BorrowingService.Api.Controllers.ReadersController.GetAll (BorrowingService.Api)'
2025-11-25 00:39:11.193 +02:00 [INF] Route matched with {action = "GetAll", controller = "Readers"}. Executing controller action with signature System.Threading.Tasks.Task`1[Microsoft.AspNetCore.Mvc.IActionResult] GetAll() on controller BorrowingService.Api.Controllers.ReadersController (BorrowingService.Api).
2025-11-25 00:39:11.199 +02:00 [INF] Executing OkObjectResult, writing value of type 'System.Collections.Generic.List`1[[BorrowingService.Bll.Dtos.ReaderDto, BorrowingService.Bll, Version=1.0.0.0, Culture=neutral, PublicKeyToken=null]]'.
2025-11-25 00:39:11.201 +02:00 [INF] Executed action BorrowingService.Api.Controllers.ReadersController.GetAll (BorrowingService.Api) in 5.2034ms
2025-11-25 00:39:11.204 +02:00 [INF] Executed endpoint 'BorrowingService.Api.Controllers.ReadersController.GetAll (BorrowingService.Api)'
2025-11-25 00:39:11.206 +02:00 [INF] Request finished HTTP/1.1 GET http://localhost:5017/api/readers - 200 null application/json; charset=utf-8 20.8618ms
2025-11-25 00:39:14.844 +02:00 [INF] Request starting HTTP/1.1 POST http://localhost:5017/api/borrowings/issue - application/json 25
2025-11-25 00:39:14.861 +02:00 [INF] CORS policy execution successful.
2025-11-25 00:39:14.864 +02:00 [INF] Executing endpoint 'BorrowingService.Api.Controllers.BorrowingsController.IssueBook (BorrowingService.Api)'
2025-11-25 00:39:14.876 +02:00 [INF] Route matched with {action = "IssueBook", controller = "Borrowings"}. Executing controller action with signature System.Threading.Tasks.Task`1[Microsoft.AspNetCore.Mvc.IActionResult] IssueBook(IssueBookRequest) on controller BorrowingService.Api.Controllers.BorrowingsController (BorrowingService.Api).
2025-11-25 00:39:14.916 +02:00 [INF] Start processing HTTP request GET http://localhost:5180/api/books/6
2025-11-25 00:39:14.921 +02:00 [INF] Sending HTTP request GET http://localhost:5180/api/books/6
2025-11-25 00:39:15.092 +02:00 [INF] Received HTTP response headers after 163.4363ms - 200
2025-11-25 00:39:15.097 +02:00 [INF] End processing HTTP request after 181.2808ms - 200
2025-11-25 00:39:15.149 +02:00 [INF] Executing ConflictObjectResult, writing value of type '<>f__AnonymousType2`1[[System.String, System.Private.CoreLib, Version=9.0.0.0, Culture=neutral, PublicKeyToken=7cec85d7bea7798e]]'.
2025-11-25 00:39:15.161 +02:00 [INF] Executed action BorrowingService.Api.Controllers.BorrowingsController.IssueBook (BorrowingService.Api) in 279.9576ms
2025-11-25 00:39:15.165 +02:00 [INF] Executed endpoint 'BorrowingService.Api.Controllers.BorrowingsController.IssueBook (BorrowingService.Api)'
2025-11-25 00:39:15.168 +02:00 [INF] Request finished HTTP/1.1 POST http://localhost:5017/api/borrowings/issue - 409 null application/json; charset=utf-8 324.2546ms
2025-11-25 00:39:16.930 +02:00 [INF] Request starting HTTP/1.1 POST http://localhost:5017/api/borrowings/issue - application/json 25
2025-11-25 00:39:16.937 +02:00 [INF] CORS policy execution successful.
2025-11-25 00:39:16.939 +02:00 [INF] Executing endpoint 'BorrowingService.Api.Controllers.BorrowingsController.IssueBook (BorrowingService.Api)'
2025-11-25 00:39:16.942 +02:00 [INF] Route matched with {action = "IssueBook", controller = "Borrowings"}. Executing controller action with signature System.Threading.Tasks.Task`1[Microsoft.AspNetCore.Mvc.IActionResult] IssueBook(IssueBookRequest) on controller BorrowingService.Api.Controllers.BorrowingsController (BorrowingService.Api).
2025-11-25 00:39:16.946 +02:00 [INF] Start processing HTTP request GET http://localhost:5180/api/books/6
2025-11-25 00:39:16.949 +02:00 [INF] Sending HTTP request GET http://localhost:5180/api/books/6
2025-11-25 00:39:16.979 +02:00 [INF] Received HTTP response headers after 27.0863ms - 200
2025-11-25 00:39:16.983 +02:00 [INF] End processing HTTP request after 36.3663ms - 200
2025-11-25 00:39:17.023 +02:00 [INF] Executing CreatedAtActionResult, writing value of type '<>f__AnonymousType1`2[[System.String, System.Private.CoreLib, Version=9.0.0.0, Culture=neutral, PublicKeyToken=7cec85d7bea7798e],[System.Int32, System.Private.CoreLib, Version=9.0.0.0, Culture=neutral, PublicKeyToken=7cec85d7bea7798e]]'.
2025-11-25 00:39:17.061 +02:00 [INF] Executed action BorrowingService.Api.Controllers.BorrowingsController.IssueBook (BorrowingService.Api) in 115.0467ms
2025-11-25 00:39:17.065 +02:00 [INF] Executed endpoint 'BorrowingService.Api.Controllers.BorrowingsController.IssueBook (BorrowingService.Api)'
2025-11-25 00:39:17.068 +02:00 [INF] Request finished HTTP/1.1 POST http://localhost:5017/api/borrowings/issue - 201 null application/json; charset=utf-8 138.7273ms
2025-11-25 00:39:26.777 +02:00 [INF] Request starting HTTP/1.1 GET http://localhost:5017/api/borrowings - null null
2025-11-25 00:39:26.784 +02:00 [INF] Executing endpoint 'BorrowingService.Api.Controllers.BorrowingsController.GetAll (BorrowingService.Api)'
2025-11-25 00:39:26.786 +02:00 [INF] Route matched with {action = "GetAll", controller = "Borrowings"}. Executing controller action with signature System.Threading.Tasks.Task`1[Microsoft.AspNetCore.Mvc.IActionResult] GetAll() on controller BorrowingService.Api.Controllers.BorrowingsController (BorrowingService.Api).
2025-11-25 00:39:26.798 +02:00 [INF] Executing OkObjectResult, writing value of type 'System.Collections.Generic.List`1[[BorrowingService.Bll.Dtos.BorrowingDto, BorrowingService.Bll, Version=1.0.0.0, Culture=neutral, PublicKeyToken=null]]'.
2025-11-25 00:39:26.803 +02:00 [INF] Executed action BorrowingService.Api.Controllers.BorrowingsController.GetAll (BorrowingService.Api) in 13.6369ms
2025-11-25 00:39:26.807 +02:00 [INF] Executed endpoint 'BorrowingService.Api.Controllers.BorrowingsController.GetAll (BorrowingService.Api)'
2025-11-25 00:39:26.809 +02:00 [INF] Request starting HTTP/1.1 GET http://localhost:5017/api/borrowings - null null
2025-11-25 00:39:26.811 +02:00 [INF] Request finished HTTP/1.1 GET http://localhost:5017/api/borrowings - 200 null application/json; charset=utf-8 33.9908ms
2025-11-25 00:39:26.817 +02:00 [INF] Executing endpoint 'BorrowingService.Api.Controllers.BorrowingsController.GetAll (BorrowingService.Api)'
2025-11-25 00:39:26.827 +02:00 [INF] Route matched with {action = "GetAll", controller = "Borrowings"}. Executing controller action with signature System.Threading.Tasks.Task`1[Microsoft.AspNetCore.Mvc.IActionResult] GetAll() on controller BorrowingService.Api.Controllers.BorrowingsController (BorrowingService.Api).
2025-11-25 00:39:26.840 +02:00 [INF] Executing OkObjectResult, writing value of type 'System.Collections.Generic.List`1[[BorrowingService.Bll.Dtos.BorrowingDto, BorrowingService.Bll, Version=1.0.0.0, Culture=neutral, PublicKeyToken=null]]'.
2025-11-25 00:39:26.843 +02:00 [INF] Executed action BorrowingService.Api.Controllers.BorrowingsController.GetAll (BorrowingService.Api) in 12.3671ms
2025-11-25 00:39:26.846 +02:00 [INF] Executed endpoint 'BorrowingService.Api.Controllers.BorrowingsController.GetAll (BorrowingService.Api)'
2025-11-25 00:39:26.848 +02:00 [INF] Request finished HTTP/1.1 GET http://localhost:5017/api/borrowings - 200 null application/json; charset=utf-8 38.8228ms
2025-11-25 00:39:31.053 +02:00 [INF] Request starting HTTP/1.1 PUT http://localhost:5017/api/borrowings/return/10 - null 0
2025-11-25 00:39:31.060 +02:00 [INF] CORS policy execution successful.
2025-11-25 00:39:31.062 +02:00 [INF] Executing endpoint 'BorrowingService.Api.Controllers.BorrowingsController.ReturnBook (BorrowingService.Api)'
2025-11-25 00:39:31.069 +02:00 [INF] Route matched with {action = "ReturnBook", controller = "Borrowings"}. Executing controller action with signature System.Threading.Tasks.Task`1[Microsoft.AspNetCore.Mvc.IActionResult] ReturnBook(Int32) on controller BorrowingService.Api.Controllers.BorrowingsController (BorrowingService.Api).
2025-11-25 00:39:31.090 +02:00 [INF] Executing OkObjectResult, writing value of type '<>f__AnonymousType3`1[[System.String, System.Private.CoreLib, Version=9.0.0.0, Culture=neutral, PublicKeyToken=7cec85d7bea7798e]]'.
2025-11-25 00:39:31.095 +02:00 [INF] Executed action BorrowingService.Api.Controllers.BorrowingsController.ReturnBook (BorrowingService.Api) in 21.7445ms
2025-11-25 00:39:31.098 +02:00 [INF] Executed endpoint 'BorrowingService.Api.Controllers.BorrowingsController.ReturnBook (BorrowingService.Api)'
2025-11-25 00:39:31.101 +02:00 [INF] Request finished HTTP/1.1 PUT http://localhost:5017/api/borrowings/return/10 - 200 null application/json; charset=utf-8 47.5524ms
2025-11-25 00:39:31.109 +02:00 [INF] Request starting HTTP/1.1 GET http://localhost:5017/api/borrowings - null null
2025-11-25 00:39:31.116 +02:00 [INF] Executing endpoint 'BorrowingService.Api.Controllers.BorrowingsController.GetAll (BorrowingService.Api)'
2025-11-25 00:39:31.119 +02:00 [INF] Route matched with {action = "GetAll", controller = "Borrowings"}. Executing controller action with signature System.Threading.Tasks.Task`1[Microsoft.AspNetCore.Mvc.IActionResult] GetAll() on controller BorrowingService.Api.Controllers.BorrowingsController (BorrowingService.Api).
2025-11-25 00:39:31.133 +02:00 [INF] Executing OkObjectResult, writing value of type 'System.Collections.Generic.List`1[[BorrowingService.Bll.Dtos.BorrowingDto, BorrowingService.Bll, Version=1.0.0.0, Culture=neutral, PublicKeyToken=null]]'.
2025-11-25 00:39:31.136 +02:00 [INF] Executed action BorrowingService.Api.Controllers.BorrowingsController.GetAll (BorrowingService.Api) in 10.9046ms
2025-11-25 00:39:31.139 +02:00 [INF] Executed endpoint 'BorrowingService.Api.Controllers.BorrowingsController.GetAll (BorrowingService.Api)'
2025-11-25 00:39:31.142 +02:00 [INF] Request finished HTTP/1.1 GET http://localhost:5017/api/borrowings - 200 null application/json; charset=utf-8 32.2081ms
2025-11-25 00:39:56.387 +02:00 [INF] Request starting HTTP/1.1 GET http://localhost:5017/api/readers - null null
2025-11-25 00:39:56.399 +02:00 [INF] Executing endpoint 'BorrowingService.Api.Controllers.ReadersController.GetAll (BorrowingService.Api)'
2025-11-25 00:39:56.403 +02:00 [INF] Route matched with {action = "GetAll", controller = "Readers"}. Executing controller action with signature System.Threading.Tasks.Task`1[Microsoft.AspNetCore.Mvc.IActionResult] GetAll() on controller BorrowingService.Api.Controllers.ReadersController (BorrowingService.Api).
2025-11-25 00:39:56.408 +02:00 [INF] Executing OkObjectResult, writing value of type 'System.Collections.Generic.List`1[[BorrowingService.Bll.Dtos.ReaderDto, BorrowingService.Bll, Version=1.0.0.0, Culture=neutral, PublicKeyToken=null]]'.
2025-11-25 00:39:56.411 +02:00 [INF] Executed action BorrowingService.Api.Controllers.ReadersController.GetAll (BorrowingService.Api) in 3.2396ms
2025-11-25 00:39:56.413 +02:00 [INF] Executed endpoint 'BorrowingService.Api.Controllers.ReadersController.GetAll (BorrowingService.Api)'
2025-11-25 00:39:56.416 +02:00 [INF] Request finished HTTP/1.1 GET http://localhost:5017/api/readers - 200 null application/json; charset=utf-8 28.2145ms
2025-11-25 00:40:00.120 +02:00 [INF] Request starting HTTP/1.1 POST http://localhost:5017/api/borrowings/issue - application/json 25
2025-11-25 00:40:00.127 +02:00 [INF] CORS policy execution successful.
2025-11-25 00:40:00.129 +02:00 [INF] Executing endpoint 'BorrowingService.Api.Controllers.BorrowingsController.IssueBook (BorrowingService.Api)'
2025-11-25 00:40:00.132 +02:00 [INF] Route matched with {action = "IssueBook", controller = "Borrowings"}. Executing controller action with signature System.Threading.Tasks.Task`1[Microsoft.AspNetCore.Mvc.IActionResult] IssueBook(IssueBookRequest) on controller BorrowingService.Api.Controllers.BorrowingsController (BorrowingService.Api).
2025-11-25 00:40:00.136 +02:00 [INF] Start processing HTTP request GET http://localhost:5180/api/books/6
2025-11-25 00:40:00.139 +02:00 [INF] Sending HTTP request GET http://localhost:5180/api/books/6
2025-11-25 00:40:00.169 +02:00 [INF] Received HTTP response headers after 27.7653ms - 200
2025-11-25 00:40:00.172 +02:00 [INF] End processing HTTP request after 36.0808ms - 200
2025-11-25 00:40:00.195 +02:00 [INF] Executing CreatedAtActionResult, writing value of type '<>f__AnonymousType1`2[[System.String, System.Private.CoreLib, Version=9.0.0.0, Culture=neutral, PublicKeyToken=7cec85d7bea7798e],[System.Int32, System.Private.CoreLib, Version=9.0.0.0, Culture=neutral, PublicKeyToken=7cec85d7bea7798e]]'.
2025-11-25 00:40:00.199 +02:00 [INF] Executed action BorrowingService.Api.Controllers.BorrowingsController.IssueBook (BorrowingService.Api) in 63.7328ms
2025-11-25 00:40:00.204 +02:00 [INF] Executed endpoint 'BorrowingService.Api.Controllers.BorrowingsController.IssueBook (BorrowingService.Api)'
2025-11-25 00:40:00.207 +02:00 [INF] Request finished HTTP/1.1 POST http://localhost:5017/api/borrowings/issue - 201 null application/json; charset=utf-8 87.3081ms
2025-11-25 00:40:02.492 +02:00 [INF] Request starting HTTP/1.1 GET http://localhost:5017/api/borrowings - null null
2025-11-25 00:40:02.501 +02:00 [INF] Executing endpoint 'BorrowingService.Api.Controllers.BorrowingsController.GetAll (BorrowingService.Api)'
2025-11-25 00:40:02.504 +02:00 [INF] Route matched with {action = "GetAll", controller = "Borrowings"}. Executing controller action with signature System.Threading.Tasks.Task`1[Microsoft.AspNetCore.Mvc.IActionResult] GetAll() on controller BorrowingService.Api.Controllers.BorrowingsController (BorrowingService.Api).
2025-11-25 00:40:02.518 +02:00 [INF] Executing OkObjectResult, writing value of type 'System.Collections.Generic.List`1[[BorrowingService.Bll.Dtos.BorrowingDto, BorrowingService.Bll, Version=1.0.0.0, Culture=neutral, PublicKeyToken=null]]'.
2025-11-25 00:40:02.522 +02:00 [INF] Executed action BorrowingService.Api.Controllers.BorrowingsController.GetAll (BorrowingService.Api) in 12.9561ms
2025-11-25 00:40:02.525 +02:00 [INF] Executed endpoint 'BorrowingService.Api.Controllers.BorrowingsController.GetAll (BorrowingService.Api)'
2025-11-25 00:40:02.526 +02:00 [INF] Request starting HTTP/1.1 GET http://localhost:5017/api/borrowings - null null
2025-11-25 00:40:02.527 +02:00 [INF] Request finished HTTP/1.1 GET http://localhost:5017/api/borrowings - 200 null application/json; charset=utf-8 35.0563ms
2025-11-25 00:40:02.531 +02:00 [INF] Executing endpoint 'BorrowingService.Api.Controllers.BorrowingsController.GetAll (BorrowingService.Api)'
2025-11-25 00:40:02.539 +02:00 [INF] Route matched with {action = "GetAll", controller = "Borrowings"}. Executing controller action with signature System.Threading.Tasks.Task`1[Microsoft.AspNetCore.Mvc.IActionResult] GetAll() on controller BorrowingService.Api.Controllers.BorrowingsController (BorrowingService.Api).
2025-11-25 00:40:02.547 +02:00 [INF] Executing OkObjectResult, writing value of type 'System.Collections.Generic.List`1[[BorrowingService.Bll.Dtos.BorrowingDto, BorrowingService.Bll, Version=1.0.0.0, Culture=neutral, PublicKeyToken=null]]'.
2025-11-25 00:40:02.550 +02:00 [INF] Executed action BorrowingService.Api.Controllers.BorrowingsController.GetAll (BorrowingService.Api) in 8.7913ms
2025-11-25 00:40:02.553 +02:00 [INF] Executed endpoint 'BorrowingService.Api.Controllers.BorrowingsController.GetAll (BorrowingService.Api)'
2025-11-25 00:40:02.556 +02:00 [INF] Request finished HTTP/1.1 GET http://localhost:5017/api/borrowings - 200 null application/json; charset=utf-8 30.0142ms
2025-11-25 00:40:06.412 +02:00 [INF] Request starting HTTP/1.1 PUT http://localhost:5017/api/borrowings/return/11 - null 0
2025-11-25 00:40:06.419 +02:00 [INF] CORS policy execution successful.
2025-11-25 00:40:06.421 +02:00 [INF] Executing endpoint 'BorrowingService.Api.Controllers.BorrowingsController.ReturnBook (BorrowingService.Api)'
2025-11-25 00:40:06.422 +02:00 [INF] Route matched with {action = "ReturnBook", controller = "Borrowings"}. Executing controller action with signature System.Threading.Tasks.Task`1[Microsoft.AspNetCore.Mvc.IActionResult] ReturnBook(Int32) on controller BorrowingService.Api.Controllers.BorrowingsController (BorrowingService.Api).
2025-11-25 00:40:06.444 +02:00 [INF] Executing OkObjectResult, writing value of type '<>f__AnonymousType3`1[[System.String, System.Private.CoreLib, Version=9.0.0.0, Culture=neutral, PublicKeyToken=7cec85d7bea7798e]]'.
2025-11-25 00:40:06.447 +02:00 [INF] Executed action BorrowingService.Api.Controllers.BorrowingsController.ReturnBook (BorrowingService.Api) in 21.015ms
2025-11-25 00:40:06.449 +02:00 [INF] Executed endpoint 'BorrowingService.Api.Controllers.BorrowingsController.ReturnBook (BorrowingService.Api)'
2025-11-25 00:40:06.452 +02:00 [INF] Request finished HTTP/1.1 PUT http://localhost:5017/api/borrowings/return/11 - 200 null application/json; charset=utf-8 39.8722ms
2025-11-25 00:40:06.458 +02:00 [INF] Request starting HTTP/1.1 GET http://localhost:5017/api/borrowings - null null
2025-11-25 00:40:06.463 +02:00 [INF] Executing endpoint 'BorrowingService.Api.Controllers.BorrowingsController.GetAll (BorrowingService.Api)'
2025-11-25 00:40:06.466 +02:00 [INF] Route matched with {action = "GetAll", controller = "Borrowings"}. Executing controller action with signature System.Threading.Tasks.Task`1[Microsoft.AspNetCore.Mvc.IActionResult] GetAll() on controller BorrowingService.Api.Controllers.BorrowingsController (BorrowingService.Api).
2025-11-25 00:40:06.476 +02:00 [INF] Executing OkObjectResult, writing value of type 'System.Collections.Generic.List`1[[BorrowingService.Bll.Dtos.BorrowingDto, BorrowingService.Bll, Version=1.0.0.0, Culture=neutral, PublicKeyToken=null]]'.
2025-11-25 00:40:06.478 +02:00 [INF] Executed action BorrowingService.Api.Controllers.BorrowingsController.GetAll (BorrowingService.Api) in 8.414ms
2025-11-25 00:40:06.481 +02:00 [INF] Executed endpoint 'BorrowingService.Api.Controllers.BorrowingsController.GetAll (BorrowingService.Api)'
2025-11-25 00:40:06.483 +02:00 [INF] Request finished HTTP/1.1 GET http://localhost:5017/api/borrowings - 200 null application/json; charset=utf-8 24.9422ms
2025-11-25 00:47:01.459 +02:00 [INF] Now listening on: http://localhost:5017
2025-11-25 00:47:01.501 +02:00 [INF] Application started. Press Ctrl+C to shut down.
2025-11-25 00:47:01.502 +02:00 [INF] Hosting environment: Development
2025-11-25 00:47:01.504 +02:00 [INF] Content root path: C:\Users\Admin\Documents\projects\LibrarySystem\BorrowingService\BorrowingService.Api
2025-11-25 00:47:08.880 +02:00 [INF] Request starting HTTP/1.1 GET http://localhost:5017/api/readers - null null
2025-11-25 00:47:08.941 +02:00 [INF] Executing endpoint 'BorrowingService.Api.Controllers.ReadersController.GetAll (BorrowingService.Api)'
2025-11-25 00:47:08.967 +02:00 [INF] Route matched with {action = "GetAll", controller = "Readers"}. Executing controller action with signature System.Threading.Tasks.Task`1[Microsoft.AspNetCore.Mvc.IActionResult] GetAll() on controller BorrowingService.Api.Controllers.ReadersController (BorrowingService.Api).
2025-11-25 00:47:09.457 +02:00 [INF] Executing OkObjectResult, writing value of type 'System.Collections.Generic.List`1[[BorrowingService.Bll.Dtos.ReaderDto, BorrowingService.Bll, Version=1.0.0.0, Culture=neutral, PublicKeyToken=null]]'.
2025-11-25 00:47:09.498 +02:00 [INF] Executed action BorrowingService.Api.Controllers.ReadersController.GetAll (BorrowingService.Api) in 522.0031ms
2025-11-25 00:47:09.503 +02:00 [INF] Request starting HTTP/1.1 GET http://localhost:5017/api/readers - null null
2025-11-25 00:47:09.513 +02:00 [INF] Executed endpoint 'BorrowingService.Api.Controllers.ReadersController.GetAll (BorrowingService.Api)'
2025-11-25 00:47:09.517 +02:00 [INF] Executing endpoint 'BorrowingService.Api.Controllers.ReadersController.GetAll (BorrowingService.Api)'
2025-11-25 00:47:09.520 +02:00 [INF] Route matched with {action = "GetAll", controller = "Readers"}. Executing controller action with signature System.Threading.Tasks.Task`1[Microsoft.AspNetCore.Mvc.IActionResult] GetAll() on controller BorrowingService.Api.Controllers.ReadersController (BorrowingService.Api).
2025-11-25 00:47:09.523 +02:00 [INF] Request finished HTTP/1.1 GET http://localhost:5017/api/readers - 200 null application/json; charset=utf-8 644.629ms
2025-11-25 00:47:09.540 +02:00 [INF] Executing OkObjectResult, writing value of type 'System.Collections.Generic.List`1[[BorrowingService.Bll.Dtos.ReaderDto, BorrowingService.Bll, Version=1.0.0.0, Culture=neutral, PublicKeyToken=null]]'.
2025-11-25 00:47:09.544 +02:00 [INF] Executed action BorrowingService.Api.Controllers.ReadersController.GetAll (BorrowingService.Api) in 19.2815ms
2025-11-25 00:47:09.547 +02:00 [INF] Executed endpoint 'BorrowingService.Api.Controllers.ReadersController.GetAll (BorrowingService.Api)'
2025-11-25 00:47:09.551 +02:00 [INF] Request finished HTTP/1.1 GET http://localhost:5017/api/readers - 200 null application/json; charset=utf-8 48.3265ms
2025-11-25 00:47:37.855 +02:00 [INF] Request starting HTTP/1.1 GET http://localhost:5017/api/readers - null null
2025-11-25 00:47:37.869 +02:00 [INF] Executing endpoint 'BorrowingService.Api.Controllers.ReadersController.GetAll (BorrowingService.Api)'
2025-11-25 00:47:37.872 +02:00 [INF] Route matched with {action = "GetAll", controller = "Readers"}. Executing controller action with signature System.Threading.Tasks.Task`1[Microsoft.AspNetCore.Mvc.IActionResult] GetAll() on controller BorrowingService.Api.Controllers.ReadersController (BorrowingService.Api).
2025-11-25 00:47:37.878 +02:00 [INF] Executing OkObjectResult, writing value of type 'System.Collections.Generic.List`1[[BorrowingService.Bll.Dtos.ReaderDto, BorrowingService.Bll, Version=1.0.0.0, Culture=neutral, PublicKeyToken=null]]'.
2025-11-25 00:47:37.882 +02:00 [INF] Executed action BorrowingService.Api.Controllers.ReadersController.GetAll (BorrowingService.Api) in 7.006ms
2025-11-25 00:47:37.886 +02:00 [INF] Executed endpoint 'BorrowingService.Api.Controllers.ReadersController.GetAll (BorrowingService.Api)'
2025-11-25 00:47:37.889 +02:00 [INF] Request finished HTTP/1.1 GET http://localhost:5017/api/readers - 200 null application/json; charset=utf-8 34.0097ms
2025-11-25 00:47:42.934 +02:00 [INF] Request starting HTTP/1.1 POST http://localhost:5017/api/borrowings/issue - application/json 25
2025-11-25 00:47:42.949 +02:00 [INF] CORS policy execution successful.
2025-11-25 00:47:42.953 +02:00 [INF] Executing endpoint 'BorrowingService.Api.Controllers.BorrowingsController.IssueBook (BorrowingService.Api)'
2025-11-25 00:47:42.966 +02:00 [INF] Route matched with {action = "IssueBook", controller = "Borrowings"}. Executing controller action with signature System.Threading.Tasks.Task`1[Microsoft.AspNetCore.Mvc.IActionResult] IssueBook(IssueBookRequest) on controller BorrowingService.Api.Controllers.BorrowingsController (BorrowingService.Api).
2025-11-25 00:47:43.011 +02:00 [INF] Start processing HTTP request GET http://localhost:5180/api/books/7
2025-11-25 00:47:43.016 +02:00 [INF] Sending HTTP request GET http://localhost:5180/api/books/7
2025-11-25 00:47:43.188 +02:00 [INF] Received HTTP response headers after 164.1747ms - 200
2025-11-25 00:47:43.193 +02:00 [INF] End processing HTTP request after 183.3185ms - 200
2025-11-25 00:47:43.278 +02:00 [INF] Executing ConflictObjectResult, writing value of type '<>f__AnonymousType2`1[[System.String, System.Private.CoreLib, Version=9.0.0.0, Culture=neutral, PublicKeyToken=7cec85d7bea7798e]]'.
2025-11-25 00:47:43.291 +02:00 [INF] Executed action BorrowingService.Api.Controllers.BorrowingsController.IssueBook (BorrowingService.Api) in 320.1221ms
2025-11-25 00:47:43.296 +02:00 [INF] Executed endpoint 'BorrowingService.Api.Controllers.BorrowingsController.IssueBook (BorrowingService.Api)'
2025-11-25 00:47:43.299 +02:00 [INF] Request finished HTTP/1.1 POST http://localhost:5017/api/borrowings/issue - 409 null application/json; charset=utf-8 364.5098ms
2025-11-25 13:05:28.366 +02:00 [INF] Now listening on: http://localhost:5017
2025-11-25 13:05:28.421 +02:00 [INF] Application started. Press Ctrl+C to shut down.
2025-11-25 13:05:28.423 +02:00 [INF] Hosting environment: Development
2025-11-25 13:05:28.434 +02:00 [INF] Content root path: C:\Users\Admin\Documents\projects\LibrarySystem\BorrowingService\BorrowingService.Api
2025-11-25 13:06:01.215 +02:00 [INF] Request starting HTTP/1.1 GET http://localhost:5017/api/readers - null null
2025-11-25 13:06:01.265 +02:00 [INF] Executing endpoint 'BorrowingService.Api.Controllers.ReadersController.GetAll (BorrowingService.Api)'
2025-11-25 13:06:01.287 +02:00 [INF] Route matched with {action = "GetAll", controller = "Readers"}. Executing controller action with signature System.Threading.Tasks.Task`1[Microsoft.AspNetCore.Mvc.IActionResult] GetAll() on controller BorrowingService.Api.Controllers.ReadersController (BorrowingService.Api).
2025-11-25 13:06:01.575 +02:00 [INF] Executing OkObjectResult, writing value of type 'System.Collections.Generic.List`1[[BorrowingService.Bll.Dtos.ReaderDto, BorrowingService.Bll, Version=1.0.0.0, Culture=neutral, PublicKeyToken=null]]'.
2025-11-25 13:06:01.603 +02:00 [INF] Executed action BorrowingService.Api.Controllers.ReadersController.GetAll (BorrowingService.Api) in 308.5921ms
2025-11-25 13:06:01.608 +02:00 [INF] Request starting HTTP/1.1 GET http://localhost:5017/api/readers - null null
2025-11-25 13:06:01.616 +02:00 [INF] Executed endpoint 'BorrowingService.Api.Controllers.ReadersController.GetAll (BorrowingService.Api)'
2025-11-25 13:06:01.621 +02:00 [INF] Executing endpoint 'BorrowingService.Api.Controllers.ReadersController.GetAll (BorrowingService.Api)'
2025-11-25 13:06:01.624 +02:00 [INF] Route matched with {action = "GetAll", controller = "Readers"}. Executing controller action with signature System.Threading.Tasks.Task`1[Microsoft.AspNetCore.Mvc.IActionResult] GetAll() on controller BorrowingService.Api.Controllers.ReadersController (BorrowingService.Api).
2025-11-25 13:06:01.626 +02:00 [INF] Request finished HTTP/1.1 GET http://localhost:5017/api/readers - 200 null application/json; charset=utf-8 413.4757ms
2025-11-25 13:06:01.642 +02:00 [INF] Executing OkObjectResult, writing value of type 'System.Collections.Generic.List`1[[BorrowingService.Bll.Dtos.ReaderDto, BorrowingService.Bll, Version=1.0.0.0, Culture=neutral, PublicKeyToken=null]]'.
2025-11-25 13:06:01.645 +02:00 [INF] Executed action BorrowingService.Api.Controllers.ReadersController.GetAll (BorrowingService.Api) in 16.7195ms
2025-11-25 13:06:01.649 +02:00 [INF] Executed endpoint 'BorrowingService.Api.Controllers.ReadersController.GetAll (BorrowingService.Api)'
2025-11-25 13:06:01.652 +02:00 [INF] Request finished HTTP/1.1 GET http://localhost:5017/api/readers - 200 null application/json; charset=utf-8 44.7294ms
2025-11-25 13:06:03.285 +02:00 [INF] Request starting HTTP/1.1 GET http://localhost:5017/api/borrowings - null null
2025-11-25 13:06:03.297 +02:00 [INF] Executing endpoint 'BorrowingService.Api.Controllers.BorrowingsController.GetAll (BorrowingService.Api)'
2025-11-25 13:06:03.308 +02:00 [INF] Route matched with {action = "GetAll", controller = "Borrowings"}. Executing controller action with signature System.Threading.Tasks.Task`1[Microsoft.AspNetCore.Mvc.IActionResult] GetAll() on controller BorrowingService.Api.Controllers.BorrowingsController (BorrowingService.Api).
2025-11-25 13:06:03.327 +02:00 [INF] Executing OkObjectResult, writing value of type 'System.Collections.Generic.List`1[[BorrowingService.Bll.Dtos.BorrowingDto, BorrowingService.Bll, Version=1.0.0.0, Culture=neutral, PublicKeyToken=null]]'.
2025-11-25 13:06:03.345 +02:00 [INF] Executed action BorrowingService.Api.Controllers.BorrowingsController.GetAll (BorrowingService.Api) in 31.7612ms
2025-11-25 13:06:03.348 +02:00 [INF] Executed endpoint 'BorrowingService.Api.Controllers.BorrowingsController.GetAll (BorrowingService.Api)'
2025-11-25 13:06:03.349 +02:00 [INF] Request starting HTTP/1.1 GET http://localhost:5017/api/borrowings - null null
2025-11-25 13:06:03.351 +02:00 [INF] Request finished HTTP/1.1 GET http://localhost:5017/api/borrowings - 200 null application/json; charset=utf-8 65.8591ms
2025-11-25 13:06:03.356 +02:00 [INF] Executing endpoint 'BorrowingService.Api.Controllers.BorrowingsController.GetAll (BorrowingService.Api)'
2025-11-25 13:06:03.363 +02:00 [INF] Route matched with {action = "GetAll", controller = "Borrowings"}. Executing controller action with signature System.Threading.Tasks.Task`1[Microsoft.AspNetCore.Mvc.IActionResult] GetAll() on controller BorrowingService.Api.Controllers.BorrowingsController (BorrowingService.Api).
2025-11-25 13:06:03.367 +02:00 [INF] Executing OkObjectResult, writing value of type 'System.Collections.Generic.List`1[[BorrowingService.Bll.Dtos.BorrowingDto, BorrowingService.Bll, Version=1.0.0.0, Culture=neutral, PublicKeyToken=null]]'.
2025-11-25 13:06:03.370 +02:00 [INF] Executed action BorrowingService.Api.Controllers.BorrowingsController.GetAll (BorrowingService.Api) in 3.6575ms
2025-11-25 13:06:03.372 +02:00 [INF] Executed endpoint 'BorrowingService.Api.Controllers.BorrowingsController.GetAll (BorrowingService.Api)'
2025-11-25 13:06:03.374 +02:00 [INF] Request finished HTTP/1.1 GET http://localhost:5017/api/borrowings - 200 null application/json; charset=utf-8 25.0871ms
2025-11-25 13:06:18.256 +02:00 [INF] Request starting HTTP/1.1 POST http://localhost:5017/api/readers - application/json 53
2025-11-25 13:06:18.266 +02:00 [INF] CORS policy execution successful.
2025-11-25 13:06:18.270 +02:00 [INF] Executing endpoint 'BorrowingService.Api.Controllers.ReadersController.Create (BorrowingService.Api)'
2025-11-25 13:06:18.282 +02:00 [INF] Route matched with {action = "Create", controller = "Readers"}. Executing controller action with signature System.Threading.Tasks.Task`1[Microsoft.AspNetCore.Mvc.IActionResult] Create(BorrowingService.Bll.Dtos.ReaderDto) on controller BorrowingService.Api.Controllers.ReadersController (BorrowingService.Api).
2025-11-25 13:06:18.377 +02:00 [INF] Executed action BorrowingService.Api.Controllers.ReadersController.Create (BorrowingService.Api) in 88.4097ms
2025-11-25 13:06:18.382 +02:00 [INF] Executed endpoint 'BorrowingService.Api.Controllers.ReadersController.Create (BorrowingService.Api)'
2025-11-25 13:06:18.385 +02:00 [ERR] Unhandled exception occurred
Npgsql.PostgresException (0x80004005): 23505: duplicate key value violates unique constraint "readers_email_key"

DETAIL: Detail redacted as it may contain sensitive data. Specify 'Include Error Detail' in the connection string to include this information.
   at Npgsql.Internal.NpgsqlConnector.ReadMessageLong(Boolean async, DataRowLoadingMode dataRowLoadingMode, Boolean readingNotifications, Boolean isReadingPrependedMessage)
   at System.Runtime.CompilerServices.PoolingAsyncValueTaskMethodBuilder`1.StateMachineBox`1.System.Threading.Tasks.Sources.IValueTaskSource<TResult>.GetResult(Int16 token)
   at Npgsql.NpgsqlDataReader.<ReadMessage>g__ReadMessageSequential|49_0(NpgsqlConnector connector, Boolean async)
   at Npgsql.NpgsqlDataReader.NextResult(Boolean async, Boolean isConsuming, CancellationToken cancellationToken)
   at Npgsql.NpgsqlDataReader.NextResult(Boolean async, Boolean isConsuming, CancellationToken cancellationToken)
   at Npgsql.NpgsqlCommand.ExecuteReader(Boolean async, CommandBehavior behavior, CancellationToken cancellationToken)
   at Npgsql.NpgsqlCommand.ExecuteReader(Boolean async, CommandBehavior behavior, CancellationToken cancellationToken)
   at Npgsql.NpgsqlCommand.ExecuteScalar(Boolean async, CancellationToken cancellationToken)
   at Dapper.SqlMapper.ExecuteScalarImplAsync[T](IDbConnection cnn, CommandDefinition command) in /_/Dapper/SqlMapper.Async.cs:line 1241
   at BorrowingService.Dal.Repositories.ReaderRepository.AddAsync(Reader reader) in C:\Users\Admin\Documents\projects\LibrarySystem\BorrowingService\BorrowingService.Dal\Repositories\ReaderRepository.cs:line 32
   at BorrowingService.Bll.Services.ReaderService.AddAsync(ReaderDto dto) in C:\Users\Admin\Documents\projects\LibrarySystem\BorrowingService\BorrowingService.Bll\Services\ReaderService.cs:line 38
   at BorrowingService.Api.Controllers.ReadersController.Create(ReaderDto dto) in C:\Users\Admin\Documents\projects\LibrarySystem\BorrowingService\BorrowingService.Api\Controllers\ReadersController.cs:line 35
   at Microsoft.AspNetCore.Mvc.Infrastructure.ActionMethodExecutor.TaskOfIActionResultExecutor.Execute(ActionContext actionContext, IActionResultTypeMapper mapper, ObjectMethodExecutor executor, Object controller, Object[] arguments)
   at Microsoft.AspNetCore.Mvc.Infrastructure.ControllerActionInvoker.<InvokeActionMethodAsync>g__Awaited|12_0(ControllerActionInvoker invoker, ValueTask`1 actionResultValueTask)
   at Microsoft.AspNetCore.Mvc.Infrastructure.ControllerActionInvoker.<InvokeNextActionFilterAsync>g__Awaited|10_0(ControllerActionInvoker invoker, Task lastTask, State next, Scope scope, Object state, Boolean isCompleted)
   at Microsoft.AspNetCore.Mvc.Infrastructure.ControllerActionInvoker.Rethrow(ActionExecutedContextSealed context)
   at Microsoft.AspNetCore.Mvc.Infrastructure.ControllerActionInvoker.Next(State& next, Scope& scope, Object& state, Boolean& isCompleted)
   at Microsoft.AspNetCore.Mvc.Infrastructure.ControllerActionInvoker.<InvokeInnerFilterAsync>g__Awaited|13_0(ControllerActionInvoker invoker, Task lastTask, State next, Scope scope, Object state, Boolean isCompleted)
   at Microsoft.AspNetCore.Mvc.Infrastructure.ResourceInvoker.<InvokeFilterPipelineAsync>g__Awaited|20_0(ResourceInvoker invoker, Task lastTask, State next, Scope scope, Object state, Boolean isCompleted)
   at Microsoft.AspNetCore.Mvc.Infrastructure.ResourceInvoker.<InvokeAsync>g__Logged|17_1(ResourceInvoker invoker)
   at Microsoft.AspNetCore.Mvc.Infrastructure.ResourceInvoker.<InvokeAsync>g__Logged|17_1(ResourceInvoker invoker)
   at Microsoft.AspNetCore.Routing.EndpointMiddleware.<Invoke>g__AwaitRequestTask|7_0(Endpoint endpoint, Task requestTask, ILogger logger)
   at BorrowingService.Api.Middleware.ErrorHandlingMiddleware.InvokeAsync(HttpContext context) in C:\Users\Admin\Documents\projects\LibrarySystem\BorrowingService\BorrowingService.Api\Middleware\ErrorHandlingMiddleware.cs:line 21
  Exception data:
    Severity: ERROR
    SqlState: 23505
    MessageText: duplicate key value violates unique constraint "readers_email_key"
    Detail: Detail redacted as it may contain sensitive data. Specify 'Include Error Detail' in the connection string to include this information.
    SchemaName: public
    TableName: readers
    ConstraintName: readers_email_key
    File: nbtinsert.c
    Line: 673
    Routine: _bt_check_unique
2025-11-25 13:06:18.461 +02:00 [INF] Request finished HTTP/1.1 POST http://localhost:5017/api/readers - 500 null application/problem+json 205.3601ms
2025-11-25 13:06:27.627 +02:00 [INF] Request starting HTTP/1.1 POST http://localhost:5017/api/readers - application/json 49
2025-11-25 13:06:27.636 +02:00 [INF] CORS policy execution successful.
2025-11-25 13:06:27.639 +02:00 [INF] Executing endpoint 'BorrowingService.Api.Controllers.ReadersController.Create (BorrowingService.Api)'
2025-11-25 13:06:27.641 +02:00 [INF] Route matched with {action = "Create", controller = "Readers"}. Executing controller action with signature System.Threading.Tasks.Task`1[Microsoft.AspNetCore.Mvc.IActionResult] Create(BorrowingService.Bll.Dtos.ReaderDto) on controller BorrowingService.Api.Controllers.ReadersController (BorrowingService.Api).
2025-11-25 13:06:27.659 +02:00 [INF] Executing CreatedAtActionResult, writing value of type 'BorrowingService.Bll.Dtos.ReaderDto'.
2025-11-25 13:06:27.685 +02:00 [INF] Executed action BorrowingService.Api.Controllers.ReadersController.Create (BorrowingService.Api) in 40.8151ms
2025-11-25 13:06:27.689 +02:00 [INF] Executed endpoint 'BorrowingService.Api.Controllers.ReadersController.Create (BorrowingService.Api)'
2025-11-25 13:06:27.693 +02:00 [INF] Request finished HTTP/1.1 POST http://localhost:5017/api/readers - 201 null application/json; charset=utf-8 65.2581ms
2025-11-25 13:06:30.263 +02:00 [INF] Request starting HTTP/1.1 GET http://localhost:5017/api/readers - null null
2025-11-25 13:06:30.277 +02:00 [INF] Executing endpoint 'BorrowingService.Api.Controllers.ReadersController.GetAll (BorrowingService.Api)'
2025-11-25 13:06:30.280 +02:00 [INF] Route matched with {action = "GetAll", controller = "Readers"}. Executing controller action with signature System.Threading.Tasks.Task`1[Microsoft.AspNetCore.Mvc.IActionResult] GetAll() on controller BorrowingService.Api.Controllers.ReadersController (BorrowingService.Api).
2025-11-25 13:06:30.285 +02:00 [INF] Executing OkObjectResult, writing value of type 'System.Collections.Generic.List`1[[BorrowingService.Bll.Dtos.ReaderDto, BorrowingService.Bll, Version=1.0.0.0, Culture=neutral, PublicKeyToken=null]]'.
2025-11-25 13:06:30.290 +02:00 [INF] Executed action BorrowingService.Api.Controllers.ReadersController.GetAll (BorrowingService.Api) in 6.271ms
2025-11-25 13:06:30.294 +02:00 [INF] Executed endpoint 'BorrowingService.Api.Controllers.ReadersController.GetAll (BorrowingService.Api)'
2025-11-25 13:06:30.296 +02:00 [INF] Request starting HTTP/1.1 GET http://localhost:5017/api/readers - null null
2025-11-25 13:06:30.298 +02:00 [INF] Request finished HTTP/1.1 GET http://localhost:5017/api/readers - 200 null application/json; charset=utf-8 34.3294ms
2025-11-25 13:06:30.305 +02:00 [INF] Executing endpoint 'BorrowingService.Api.Controllers.ReadersController.GetAll (BorrowingService.Api)'
2025-11-25 13:06:30.314 +02:00 [INF] Route matched with {action = "GetAll", controller = "Readers"}. Executing controller action with signature System.Threading.Tasks.Task`1[Microsoft.AspNetCore.Mvc.IActionResult] GetAll() on controller BorrowingService.Api.Controllers.ReadersController (BorrowingService.Api).
2025-11-25 13:06:30.321 +02:00 [INF] Executing OkObjectResult, writing value of type 'System.Collections.Generic.List`1[[BorrowingService.Bll.Dtos.ReaderDto, BorrowingService.Bll, Version=1.0.0.0, Culture=neutral, PublicKeyToken=null]]'.
2025-11-25 13:06:30.325 +02:00 [INF] Executed action BorrowingService.Api.Controllers.ReadersController.GetAll (BorrowingService.Api) in 4.6206ms
2025-11-25 13:06:30.329 +02:00 [INF] Executed endpoint 'BorrowingService.Api.Controllers.ReadersController.GetAll (BorrowingService.Api)'
2025-11-25 13:06:30.332 +02:00 [INF] Request finished HTTP/1.1 GET http://localhost:5017/api/readers - 200 null application/json; charset=utf-8 36.3535ms
2025-11-25 13:06:34.669 +02:00 [INF] Request starting HTTP/1.1 GET http://localhost:5017/api/borrowings - null null
2025-11-25 13:06:34.681 +02:00 [INF] Executing endpoint 'BorrowingService.Api.Controllers.BorrowingsController.GetAll (BorrowingService.Api)'
2025-11-25 13:06:34.685 +02:00 [INF] Route matched with {action = "GetAll", controller = "Borrowings"}. Executing controller action with signature System.Threading.Tasks.Task`1[Microsoft.AspNetCore.Mvc.IActionResult] GetAll() on controller BorrowingService.Api.Controllers.BorrowingsController (BorrowingService.Api).
2025-11-25 13:06:34.693 +02:00 [INF] Executing OkObjectResult, writing value of type 'System.Collections.Generic.List`1[[BorrowingService.Bll.Dtos.BorrowingDto, BorrowingService.Bll, Version=1.0.0.0, Culture=neutral, PublicKeyToken=null]]'.
2025-11-25 13:06:34.697 +02:00 [INF] Executed action BorrowingService.Api.Controllers.BorrowingsController.GetAll (BorrowingService.Api) in 6.3052ms
2025-11-25 13:06:34.701 +02:00 [INF] Executed endpoint 'BorrowingService.Api.Controllers.BorrowingsController.GetAll (BorrowingService.Api)'
2025-11-25 13:06:34.703 +02:00 [INF] Request starting HTTP/1.1 GET http://localhost:5017/api/borrowings - null null
2025-11-25 13:06:34.705 +02:00 [INF] Request finished HTTP/1.1 GET http://localhost:5017/api/borrowings - 200 null application/json; charset=utf-8 35.6773ms
2025-11-25 13:06:34.711 +02:00 [INF] Executing endpoint 'BorrowingService.Api.Controllers.BorrowingsController.GetAll (BorrowingService.Api)'
2025-11-25 13:06:34.721 +02:00 [INF] Route matched with {action = "GetAll", controller = "Borrowings"}. Executing controller action with signature System.Threading.Tasks.Task`1[Microsoft.AspNetCore.Mvc.IActionResult] GetAll() on controller BorrowingService.Api.Controllers.BorrowingsController (BorrowingService.Api).
2025-11-25 13:06:34.726 +02:00 [INF] Executing OkObjectResult, writing value of type 'System.Collections.Generic.List`1[[BorrowingService.Bll.Dtos.BorrowingDto, BorrowingService.Bll, Version=1.0.0.0, Culture=neutral, PublicKeyToken=null]]'.
2025-11-25 13:06:34.728 +02:00 [INF] Executed action BorrowingService.Api.Controllers.BorrowingsController.GetAll (BorrowingService.Api) in 3.4225ms
2025-11-25 13:06:34.731 +02:00 [INF] Executed endpoint 'BorrowingService.Api.Controllers.BorrowingsController.GetAll (BorrowingService.Api)'
2025-11-25 13:06:34.732 +02:00 [INF] Request finished HTTP/1.1 GET http://localhost:5017/api/borrowings - 200 null application/json; charset=utf-8 29.8359ms
2025-11-25 13:06:56.914 +02:00 [INF] Request starting HTTP/1.1 GET http://localhost:5017/api/readers - null null
2025-11-25 13:06:56.925 +02:00 [INF] Executing endpoint 'BorrowingService.Api.Controllers.ReadersController.GetAll (BorrowingService.Api)'
2025-11-25 13:06:56.929 +02:00 [INF] Route matched with {action = "GetAll", controller = "Readers"}. Executing controller action with signature System.Threading.Tasks.Task`1[Microsoft.AspNetCore.Mvc.IActionResult] GetAll() on controller BorrowingService.Api.Controllers.ReadersController (BorrowingService.Api).
2025-11-25 13:06:56.933 +02:00 [INF] Executing OkObjectResult, writing value of type 'System.Collections.Generic.List`1[[BorrowingService.Bll.Dtos.ReaderDto, BorrowingService.Bll, Version=1.0.0.0, Culture=neutral, PublicKeyToken=null]]'.
2025-11-25 13:06:56.935 +02:00 [INF] Executed action BorrowingService.Api.Controllers.ReadersController.GetAll (BorrowingService.Api) in 3.4544ms
2025-11-25 13:06:56.938 +02:00 [INF] Executed endpoint 'BorrowingService.Api.Controllers.ReadersController.GetAll (BorrowingService.Api)'
2025-11-25 13:06:56.940 +02:00 [INF] Request finished HTTP/1.1 GET http://localhost:5017/api/readers - 200 null application/json; charset=utf-8 25.945ms
2025-11-25 13:07:00.699 +02:00 [INF] Request starting HTTP/1.1 POST http://localhost:5017/api/borrowings/issue - application/json 25
2025-11-25 13:07:00.712 +02:00 [INF] CORS policy execution successful.
2025-11-25 13:07:00.715 +02:00 [INF] Executing endpoint 'BorrowingService.Api.Controllers.BorrowingsController.IssueBook (BorrowingService.Api)'
2025-11-25 13:07:00.725 +02:00 [INF] Route matched with {action = "IssueBook", controller = "Borrowings"}. Executing controller action with signature System.Threading.Tasks.Task`1[Microsoft.AspNetCore.Mvc.IActionResult] IssueBook(IssueBookRequest) on controller BorrowingService.Api.Controllers.BorrowingsController (BorrowingService.Api).
2025-11-25 13:07:00.750 +02:00 [INF] Executing ConflictObjectResult, writing value of type '<>f__AnonymousType2`1[[System.String, System.Private.CoreLib, Version=9.0.0.0, Culture=neutral, PublicKeyToken=7cec85d7bea7798e]]'.
2025-11-25 13:07:00.756 +02:00 [INF] Executed action BorrowingService.Api.Controllers.BorrowingsController.IssueBook (BorrowingService.Api) in 24.9202ms
2025-11-25 13:07:00.761 +02:00 [INF] Executed endpoint 'BorrowingService.Api.Controllers.BorrowingsController.IssueBook (BorrowingService.Api)'
2025-11-25 13:07:00.764 +02:00 [INF] Request finished HTTP/1.1 POST http://localhost:5017/api/borrowings/issue - 409 null application/json; charset=utf-8 65.1861ms
2025-11-25 13:07:35.048 +02:00 [INF] Request starting HTTP/1.1 GET http://localhost:5017/api/readers - null null
2025-11-25 13:07:35.052 +02:00 [INF] Executing endpoint 'BorrowingService.Api.Controllers.ReadersController.GetAll (BorrowingService.Api)'
2025-11-25 13:07:35.053 +02:00 [INF] Route matched with {action = "GetAll", controller = "Readers"}. Executing controller action with signature System.Threading.Tasks.Task`1[Microsoft.AspNetCore.Mvc.IActionResult] GetAll() on controller BorrowingService.Api.Controllers.ReadersController (BorrowingService.Api).
2025-11-25 13:07:35.056 +02:00 [INF] Executing OkObjectResult, writing value of type 'System.Collections.Generic.List`1[[BorrowingService.Bll.Dtos.ReaderDto, BorrowingService.Bll, Version=1.0.0.0, Culture=neutral, PublicKeyToken=null]]'.
2025-11-25 13:07:35.059 +02:00 [INF] Executed action BorrowingService.Api.Controllers.ReadersController.GetAll (BorrowingService.Api) in 3.5259ms
2025-11-25 13:07:35.061 +02:00 [INF] Executed endpoint 'BorrowingService.Api.Controllers.ReadersController.GetAll (BorrowingService.Api)'
2025-11-25 13:07:35.063 +02:00 [INF] Request finished HTTP/1.1 GET http://localhost:5017/api/readers - 200 null application/json; charset=utf-8 15.3332ms
2025-11-25 13:07:37.908 +02:00 [INF] Request starting HTTP/1.1 POST http://localhost:5017/api/borrowings/issue - application/json 25
2025-11-25 13:07:37.914 +02:00 [INF] CORS policy execution successful.
2025-11-25 13:07:37.916 +02:00 [INF] Executing endpoint 'BorrowingService.Api.Controllers.BorrowingsController.IssueBook (BorrowingService.Api)'
2025-11-25 13:07:37.918 +02:00 [INF] Route matched with {action = "IssueBook", controller = "Borrowings"}. Executing controller action with signature System.Threading.Tasks.Task`1[Microsoft.AspNetCore.Mvc.IActionResult] IssueBook(IssueBookRequest) on controller BorrowingService.Api.Controllers.BorrowingsController (BorrowingService.Api).
2025-11-25 13:07:37.924 +02:00 [INF] Executing ConflictObjectResult, writing value of type '<>f__AnonymousType2`1[[System.String, System.Private.CoreLib, Version=9.0.0.0, Culture=neutral, PublicKeyToken=7cec85d7bea7798e]]'.
2025-11-25 13:07:37.928 +02:00 [INF] Executed action BorrowingService.Api.Controllers.BorrowingsController.IssueBook (BorrowingService.Api) in 6.9275ms
2025-11-25 13:07:37.930 +02:00 [INF] Executed endpoint 'BorrowingService.Api.Controllers.BorrowingsController.IssueBook (BorrowingService.Api)'
2025-11-25 13:07:37.932 +02:00 [INF] Request finished HTTP/1.1 POST http://localhost:5017/api/borrowings/issue - 409 null application/json; charset=utf-8 23.7068ms
2025-11-25 13:09:44.246 +02:00 [INF] Request starting HTTP/1.1 GET http://localhost:5017/api/borrowings - null null
2025-11-25 13:09:44.258 +02:00 [INF] Executing endpoint 'BorrowingService.Api.Controllers.BorrowingsController.GetAll (BorrowingService.Api)'
2025-11-25 13:09:44.262 +02:00 [INF] Route matched with {action = "GetAll", controller = "Borrowings"}. Executing controller action with signature System.Threading.Tasks.Task`1[Microsoft.AspNetCore.Mvc.IActionResult] GetAll() on controller BorrowingService.Api.Controllers.BorrowingsController (BorrowingService.Api).
2025-11-25 13:09:44.269 +02:00 [INF] Executing OkObjectResult, writing value of type 'System.Collections.Generic.List`1[[BorrowingService.Bll.Dtos.BorrowingDto, BorrowingService.Bll, Version=1.0.0.0, Culture=neutral, PublicKeyToken=null]]'.
2025-11-25 13:09:44.273 +02:00 [INF] Executed action BorrowingService.Api.Controllers.BorrowingsController.GetAll (BorrowingService.Api) in 5.2571ms
2025-11-25 13:09:44.277 +02:00 [INF] Executed endpoint 'BorrowingService.Api.Controllers.BorrowingsController.GetAll (BorrowingService.Api)'
2025-11-25 13:09:44.278 +02:00 [INF] Request starting HTTP/1.1 GET http://localhost:5017/api/borrowings - null null
2025-11-25 13:09:44.280 +02:00 [INF] Request finished HTTP/1.1 GET http://localhost:5017/api/borrowings - 200 null application/json; charset=utf-8 34.3093ms
2025-11-25 13:09:44.286 +02:00 [INF] Executing endpoint 'BorrowingService.Api.Controllers.BorrowingsController.GetAll (BorrowingService.Api)'
2025-11-25 13:09:44.297 +02:00 [INF] Route matched with {action = "GetAll", controller = "Borrowings"}. Executing controller action with signature System.Threading.Tasks.Task`1[Microsoft.AspNetCore.Mvc.IActionResult] GetAll() on controller BorrowingService.Api.Controllers.BorrowingsController (BorrowingService.Api).
2025-11-25 13:09:44.302 +02:00 [INF] Executing OkObjectResult, writing value of type 'System.Collections.Generic.List`1[[BorrowingService.Bll.Dtos.BorrowingDto, BorrowingService.Bll, Version=1.0.0.0, Culture=neutral, PublicKeyToken=null]]'.
2025-11-25 13:09:44.305 +02:00 [INF] Executed action BorrowingService.Api.Controllers.BorrowingsController.GetAll (BorrowingService.Api) in 3.7315ms
2025-11-25 13:09:44.308 +02:00 [INF] Executed endpoint 'BorrowingService.Api.Controllers.BorrowingsController.GetAll (BorrowingService.Api)'
2025-11-25 13:09:44.310 +02:00 [INF] Request finished HTTP/1.1 GET http://localhost:5017/api/borrowings - 200 null application/json; charset=utf-8 31.9866ms
2025-11-25 13:24:08.592 +02:00 [INF] Now listening on: http://localhost:5017
2025-11-25 13:24:08.661 +02:00 [INF] Application started. Press Ctrl+C to shut down.
2025-11-25 13:24:08.675 +02:00 [INF] Hosting environment: Development
2025-11-25 13:24:08.681 +02:00 [INF] Content root path: C:\Users\Admin\Documents\projects\LibrarySystem\BorrowingService\BorrowingService.Api
2025-11-25 13:24:16.932 +02:00 [INF] Request starting HTTP/1.1 GET http://localhost:5017/api/readers - null null
2025-11-25 13:24:16.986 +02:00 [INF] Executing endpoint 'BorrowingService.Api.Controllers.ReadersController.GetAll (BorrowingService.Api)'
2025-11-25 13:24:17.010 +02:00 [INF] Route matched with {action = "GetAll", controller = "Readers"}. Executing controller action with signature System.Threading.Tasks.Task`1[Microsoft.AspNetCore.Mvc.IActionResult] GetAll() on controller BorrowingService.Api.Controllers.ReadersController (BorrowingService.Api).
2025-11-25 13:24:17.407 +02:00 [INF] Executing OkObjectResult, writing value of type 'System.Collections.Generic.List`1[[BorrowingService.Bll.Dtos.ReaderDto, BorrowingService.Bll, Version=1.0.0.0, Culture=neutral, PublicKeyToken=null]]'.
2025-11-25 13:24:17.453 +02:00 [INF] Executed action BorrowingService.Api.Controllers.ReadersController.GetAll (BorrowingService.Api) in 433.7944ms
2025-11-25 13:24:17.458 +02:00 [INF] Request starting HTTP/1.1 GET http://localhost:5017/api/readers - null null
2025-11-25 13:24:17.472 +02:00 [INF] Executed endpoint 'BorrowingService.Api.Controllers.ReadersController.GetAll (BorrowingService.Api)'
2025-11-25 13:24:17.478 +02:00 [INF] Executing endpoint 'BorrowingService.Api.Controllers.ReadersController.GetAll (BorrowingService.Api)'
2025-11-25 13:24:17.482 +02:00 [INF] Route matched with {action = "GetAll", controller = "Readers"}. Executing controller action with signature System.Threading.Tasks.Task`1[Microsoft.AspNetCore.Mvc.IActionResult] GetAll() on controller BorrowingService.Api.Controllers.ReadersController (BorrowingService.Api).
2025-11-25 13:24:17.486 +02:00 [INF] Request finished HTTP/1.1 GET http://localhost:5017/api/readers - 200 null application/json; charset=utf-8 556.3096ms
2025-11-25 13:24:17.502 +02:00 [INF] Executing OkObjectResult, writing value of type 'System.Collections.Generic.List`1[[BorrowingService.Bll.Dtos.ReaderDto, BorrowingService.Bll, Version=1.0.0.0, Culture=neutral, PublicKeyToken=null]]'.
2025-11-25 13:24:17.506 +02:00 [INF] Executed action BorrowingService.Api.Controllers.ReadersController.GetAll (BorrowingService.Api) in 18.0365ms
2025-11-25 13:24:17.509 +02:00 [INF] Executed endpoint 'BorrowingService.Api.Controllers.ReadersController.GetAll (BorrowingService.Api)'
2025-11-25 13:24:17.512 +02:00 [INF] Request finished HTTP/1.1 GET http://localhost:5017/api/readers - 200 null application/json; charset=utf-8 56.3935ms
2025-11-25 13:24:18.774 +02:00 [INF] Request starting HTTP/1.1 GET http://localhost:5017/api/borrowings - null null
2025-11-25 13:24:18.788 +02:00 [INF] Executing endpoint 'BorrowingService.Api.Controllers.BorrowingsController.GetAll (BorrowingService.Api)'
2025-11-25 13:24:18.796 +02:00 [INF] Route matched with {action = "GetAll", controller = "Borrowings"}. Executing controller action with signature System.Threading.Tasks.Task`1[Microsoft.AspNetCore.Mvc.IActionResult] GetAll() on controller BorrowingService.Api.Controllers.BorrowingsController (BorrowingService.Api).
2025-11-25 13:24:18.819 +02:00 [INF] Executing OkObjectResult, writing value of type 'System.Collections.Generic.List`1[[BorrowingService.Bll.Dtos.BorrowingDto, BorrowingService.Bll, Version=1.0.0.0, Culture=neutral, PublicKeyToken=null]]'.
2025-11-25 13:24:18.842 +02:00 [INF] Executed action BorrowingService.Api.Controllers.BorrowingsController.GetAll (BorrowingService.Api) in 39.7842ms
2025-11-25 13:24:18.846 +02:00 [INF] Executed endpoint 'BorrowingService.Api.Controllers.BorrowingsController.GetAll (BorrowingService.Api)'
2025-11-25 13:24:18.847 +02:00 [INF] Request starting HTTP/1.1 GET http://localhost:5017/api/borrowings - null null
2025-11-25 13:24:18.850 +02:00 [INF] Request finished HTTP/1.1 GET http://localhost:5017/api/borrowings - 200 null application/json; charset=utf-8 75.5029ms
2025-11-25 13:24:18.857 +02:00 [INF] Executing endpoint 'BorrowingService.Api.Controllers.BorrowingsController.GetAll (BorrowingService.Api)'
2025-11-25 13:24:18.866 +02:00 [INF] Route matched with {action = "GetAll", controller = "Borrowings"}. Executing controller action with signature System.Threading.Tasks.Task`1[Microsoft.AspNetCore.Mvc.IActionResult] GetAll() on controller BorrowingService.Api.Controllers.BorrowingsController (BorrowingService.Api).
2025-11-25 13:24:18.871 +02:00 [INF] Executing OkObjectResult, writing value of type 'System.Collections.Generic.List`1[[BorrowingService.Bll.Dtos.BorrowingDto, BorrowingService.Bll, Version=1.0.0.0, Culture=neutral, PublicKeyToken=null]]'.
2025-11-25 13:24:18.874 +02:00 [INF] Executed action BorrowingService.Api.Controllers.BorrowingsController.GetAll (BorrowingService.Api) in 4.091ms
2025-11-25 13:24:18.877 +02:00 [INF] Executed endpoint 'BorrowingService.Api.Controllers.BorrowingsController.GetAll (BorrowingService.Api)'
2025-11-25 13:24:18.879 +02:00 [INF] Request finished HTTP/1.1 GET http://localhost:5017/api/borrowings - 200 null application/json; charset=utf-8 32.1017ms
2025-11-25 13:24:35.650 +02:00 [INF] Request starting HTTP/1.1 GET http://localhost:5017/api/readers - null null
2025-11-25 13:24:35.663 +02:00 [INF] Executing endpoint 'BorrowingService.Api.Controllers.ReadersController.GetAll (BorrowingService.Api)'
2025-11-25 13:24:35.668 +02:00 [INF] Route matched with {action = "GetAll", controller = "Readers"}. Executing controller action with signature System.Threading.Tasks.Task`1[Microsoft.AspNetCore.Mvc.IActionResult] GetAll() on controller BorrowingService.Api.Controllers.ReadersController (BorrowingService.Api).
2025-11-25 13:24:35.678 +02:00 [INF] Executing OkObjectResult, writing value of type 'System.Collections.Generic.List`1[[BorrowingService.Bll.Dtos.ReaderDto, BorrowingService.Bll, Version=1.0.0.0, Culture=neutral, PublicKeyToken=null]]'.
2025-11-25 13:24:35.684 +02:00 [INF] Executed action BorrowingService.Api.Controllers.ReadersController.GetAll (BorrowingService.Api) in 9.4869ms
2025-11-25 13:24:35.689 +02:00 [INF] Executed endpoint 'BorrowingService.Api.Controllers.ReadersController.GetAll (BorrowingService.Api)'
2025-11-25 13:24:35.693 +02:00 [INF] Request finished HTTP/1.1 GET http://localhost:5017/api/readers - 200 null application/json; charset=utf-8 42.8673ms
2025-11-25 13:24:38.712 +02:00 [INF] Request starting HTTP/1.1 POST http://localhost:5017/api/borrowings/issue - application/json 25
2025-11-25 13:24:38.727 +02:00 [INF] CORS policy execution successful.
2025-11-25 13:24:38.730 +02:00 [INF] Executing endpoint 'BorrowingService.Api.Controllers.BorrowingsController.IssueBook (BorrowingService.Api)'
2025-11-25 13:24:38.742 +02:00 [INF] Route matched with {action = "IssueBook", controller = "Borrowings"}. Executing controller action with signature System.Threading.Tasks.Task`1[Microsoft.AspNetCore.Mvc.IActionResult] IssueBook(IssueBookRequest) on controller BorrowingService.Api.Controllers.BorrowingsController (BorrowingService.Api).
2025-11-25 13:24:38.829 +02:00 [INF] Executing ConflictObjectResult, writing value of type '<>f__AnonymousType2`1[[System.String, System.Private.CoreLib, Version=9.0.0.0, Culture=neutral, PublicKeyToken=7cec85d7bea7798e]]'.
2025-11-25 13:24:38.840 +02:00 [INF] Executed action BorrowingService.Api.Controllers.BorrowingsController.IssueBook (BorrowingService.Api) in 90.3016ms
2025-11-25 13:24:38.845 +02:00 [INF] Executed endpoint 'BorrowingService.Api.Controllers.BorrowingsController.IssueBook (BorrowingService.Api)'
2025-11-25 13:24:38.848 +02:00 [INF] Request finished HTTP/1.1 POST http://localhost:5017/api/borrowings/issue - 409 null application/json; charset=utf-8 136.3524ms
2025-11-25 13:24:58.626 +02:00 [INF] Request starting HTTP/1.1 GET http://localhost:5017/api/readers - null null
2025-11-25 13:24:58.636 +02:00 [INF] Executing endpoint 'BorrowingService.Api.Controllers.ReadersController.GetAll (BorrowingService.Api)'
2025-11-25 13:24:58.640 +02:00 [INF] Route matched with {action = "GetAll", controller = "Readers"}. Executing controller action with signature System.Threading.Tasks.Task`1[Microsoft.AspNetCore.Mvc.IActionResult] GetAll() on controller BorrowingService.Api.Controllers.ReadersController (BorrowingService.Api).
2025-11-25 13:24:58.645 +02:00 [INF] Executing OkObjectResult, writing value of type 'System.Collections.Generic.List`1[[BorrowingService.Bll.Dtos.ReaderDto, BorrowingService.Bll, Version=1.0.0.0, Culture=neutral, PublicKeyToken=null]]'.
2025-11-25 13:24:58.649 +02:00 [INF] Executed action BorrowingService.Api.Controllers.ReadersController.GetAll (BorrowingService.Api) in 4.9616ms
2025-11-25 13:24:58.653 +02:00 [INF] Executed endpoint 'BorrowingService.Api.Controllers.ReadersController.GetAll (BorrowingService.Api)'
2025-11-25 13:24:58.656 +02:00 [INF] Request finished HTTP/1.1 GET http://localhost:5017/api/readers - 200 null application/json; charset=utf-8 30.2803ms
2025-11-25 13:25:01.822 +02:00 [INF] Request starting HTTP/1.1 POST http://localhost:5017/api/borrowings/issue - application/json 25
2025-11-25 13:25:01.838 +02:00 [INF] CORS policy execution successful.
2025-11-25 13:25:01.841 +02:00 [INF] Executing endpoint 'BorrowingService.Api.Controllers.BorrowingsController.IssueBook (BorrowingService.Api)'
2025-11-25 13:25:01.844 +02:00 [INF] Route matched with {action = "IssueBook", controller = "Borrowings"}. Executing controller action with signature System.Threading.Tasks.Task`1[Microsoft.AspNetCore.Mvc.IActionResult] IssueBook(IssueBookRequest) on controller BorrowingService.Api.Controllers.BorrowingsController (BorrowingService.Api).
2025-11-25 13:25:01.851 +02:00 [INF] Executing ConflictObjectResult, writing value of type '<>f__AnonymousType2`1[[System.String, System.Private.CoreLib, Version=9.0.0.0, Culture=neutral, PublicKeyToken=7cec85d7bea7798e]]'.
2025-11-25 13:25:01.856 +02:00 [INF] Executed action BorrowingService.Api.Controllers.BorrowingsController.IssueBook (BorrowingService.Api) in 7.552ms
2025-11-25 13:25:01.860 +02:00 [INF] Executed endpoint 'BorrowingService.Api.Controllers.BorrowingsController.IssueBook (BorrowingService.Api)'
2025-11-25 13:25:01.864 +02:00 [INF] Request finished HTTP/1.1 POST http://localhost:5017/api/borrowings/issue - 409 null application/json; charset=utf-8 41.981ms
2025-11-25 13:25:31.311 +02:00 [INF] Request starting HTTP/1.1 GET http://localhost:5017/api/borrowings - null null
2025-11-25 13:25:31.323 +02:00 [INF] Executing endpoint 'BorrowingService.Api.Controllers.BorrowingsController.GetAll (BorrowingService.Api)'
2025-11-25 13:25:31.327 +02:00 [INF] Route matched with {action = "GetAll", controller = "Borrowings"}. Executing controller action with signature System.Threading.Tasks.Task`1[Microsoft.AspNetCore.Mvc.IActionResult] GetAll() on controller BorrowingService.Api.Controllers.BorrowingsController (BorrowingService.Api).
2025-11-25 13:25:31.335 +02:00 [INF] Executing OkObjectResult, writing value of type 'System.Collections.Generic.List`1[[BorrowingService.Bll.Dtos.BorrowingDto, BorrowingService.Bll, Version=1.0.0.0, Culture=neutral, PublicKeyToken=null]]'.
2025-11-25 13:25:31.341 +02:00 [INF] Executed action BorrowingService.Api.Controllers.BorrowingsController.GetAll (BorrowingService.Api) in 6.5029ms
2025-11-25 13:25:31.345 +02:00 [INF] Executed endpoint 'BorrowingService.Api.Controllers.BorrowingsController.GetAll (BorrowingService.Api)'
2025-11-25 13:25:31.346 +02:00 [INF] Request starting HTTP/1.1 GET http://localhost:5017/api/borrowings - null null
2025-11-25 13:25:31.348 +02:00 [INF] Request finished HTTP/1.1 GET http://localhost:5017/api/borrowings - 200 null application/json; charset=utf-8 37.0596ms
2025-11-25 13:25:31.356 +02:00 [INF] Executing endpoint 'BorrowingService.Api.Controllers.BorrowingsController.GetAll (BorrowingService.Api)'
2025-11-25 13:25:31.365 +02:00 [INF] Route matched with {action = "GetAll", controller = "Borrowings"}. Executing controller action with signature System.Threading.Tasks.Task`1[Microsoft.AspNetCore.Mvc.IActionResult] GetAll() on controller BorrowingService.Api.Controllers.BorrowingsController (BorrowingService.Api).
2025-11-25 13:25:31.370 +02:00 [INF] Executing OkObjectResult, writing value of type 'System.Collections.Generic.List`1[[BorrowingService.Bll.Dtos.BorrowingDto, BorrowingService.Bll, Version=1.0.0.0, Culture=neutral, PublicKeyToken=null]]'.
2025-11-25 13:25:31.374 +02:00 [INF] Executed action BorrowingService.Api.Controllers.BorrowingsController.GetAll (BorrowingService.Api) in 4.4722ms
2025-11-25 13:25:31.376 +02:00 [INF] Executed endpoint 'BorrowingService.Api.Controllers.BorrowingsController.GetAll (BorrowingService.Api)'
2025-11-25 13:25:31.379 +02:00 [INF] Request finished HTTP/1.1 GET http://localhost:5017/api/borrowings - 200 null application/json; charset=utf-8 32.4847ms
2025-11-25 13:39:43.183 +02:00 [INF] Now listening on: http://localhost:5017
2025-11-25 13:39:43.276 +02:00 [INF] Application started. Press Ctrl+C to shut down.
2025-11-25 13:39:43.280 +02:00 [INF] Hosting environment: Development
2025-11-25 13:39:43.281 +02:00 [INF] Content root path: C:\Users\Admin\Documents\projects\LibrarySystem\BorrowingService\BorrowingService.Api
2025-11-25 13:39:50.212 +02:00 [INF] Request starting HTTP/1.1 GET http://localhost:5017/api/readers - null null
2025-11-25 13:39:50.296 +02:00 [INF] Executing endpoint 'BorrowingService.Api.Controllers.ReadersController.GetAll (BorrowingService.Api)'
2025-11-25 13:39:50.332 +02:00 [INF] Route matched with {action = "GetAll", controller = "Readers"}. Executing controller action with signature System.Threading.Tasks.Task`1[Microsoft.AspNetCore.Mvc.IActionResult] GetAll() on controller BorrowingService.Api.Controllers.ReadersController (BorrowingService.Api).
2025-11-25 13:39:50.936 +02:00 [INF] Executing OkObjectResult, writing value of type 'System.Collections.Generic.List`1[[BorrowingService.Bll.Dtos.ReaderDto, BorrowingService.Bll, Version=1.0.0.0, Culture=neutral, PublicKeyToken=null]]'.
2025-11-25 13:39:50.985 +02:00 [INF] Executed action BorrowingService.Api.Controllers.ReadersController.GetAll (BorrowingService.Api) in 643.5177ms
2025-11-25 13:39:50.992 +02:00 [INF] Request starting HTTP/1.1 GET http://localhost:5017/api/readers - null null
2025-11-25 13:39:51.006 +02:00 [INF] Executed endpoint 'BorrowingService.Api.Controllers.ReadersController.GetAll (BorrowingService.Api)'
2025-11-25 13:39:51.013 +02:00 [INF] Executing endpoint 'BorrowingService.Api.Controllers.ReadersController.GetAll (BorrowingService.Api)'
2025-11-25 13:39:51.016 +02:00 [INF] Route matched with {action = "GetAll", controller = "Readers"}. Executing controller action with signature System.Threading.Tasks.Task`1[Microsoft.AspNetCore.Mvc.IActionResult] GetAll() on controller BorrowingService.Api.Controllers.ReadersController (BorrowingService.Api).
2025-11-25 13:39:51.021 +02:00 [INF] Request finished HTTP/1.1 GET http://localhost:5017/api/readers - 200 null application/json; charset=utf-8 812.1171ms
2025-11-25 13:39:51.037 +02:00 [INF] Executing OkObjectResult, writing value of type 'System.Collections.Generic.List`1[[BorrowingService.Bll.Dtos.ReaderDto, BorrowingService.Bll, Version=1.0.0.0, Culture=neutral, PublicKeyToken=null]]'.
2025-11-25 13:39:51.041 +02:00 [INF] Executed action BorrowingService.Api.Controllers.ReadersController.GetAll (BorrowingService.Api) in 19.6599ms
2025-11-25 13:39:51.045 +02:00 [INF] Executed endpoint 'BorrowingService.Api.Controllers.ReadersController.GetAll (BorrowingService.Api)'
2025-11-25 13:39:51.050 +02:00 [INF] Request finished HTTP/1.1 GET http://localhost:5017/api/readers - 200 null application/json; charset=utf-8 60.8214ms
2025-11-25 13:39:52.410 +02:00 [INF] Request starting HTTP/1.1 GET http://localhost:5017/api/borrowings - null null
2025-11-25 13:39:52.419 +02:00 [INF] Executing endpoint 'BorrowingService.Api.Controllers.BorrowingsController.GetAll (BorrowingService.Api)'
2025-11-25 13:39:52.425 +02:00 [INF] Route matched with {action = "GetAll", controller = "Borrowings"}. Executing controller action with signature System.Threading.Tasks.Task`1[Microsoft.AspNetCore.Mvc.IActionResult] GetAll() on controller BorrowingService.Api.Controllers.BorrowingsController (BorrowingService.Api).
2025-11-25 13:39:52.501 +02:00 [INF] Executing OkObjectResult, writing value of type 'System.Collections.Generic.List`1[[BorrowingService.Bll.Dtos.BorrowingDto, BorrowingService.Bll, Version=1.0.0.0, Culture=neutral, PublicKeyToken=null]]'.
2025-11-25 13:39:52.515 +02:00 [INF] Executed action BorrowingService.Api.Controllers.BorrowingsController.GetAll (BorrowingService.Api) in 86.9784ms
2025-11-25 13:39:52.517 +02:00 [INF] Executed endpoint 'BorrowingService.Api.Controllers.BorrowingsController.GetAll (BorrowingService.Api)'
2025-11-25 13:39:52.519 +02:00 [INF] Request starting HTTP/1.1 GET http://localhost:5017/api/borrowings - null null
2025-11-25 13:39:52.520 +02:00 [INF] Request finished HTTP/1.1 GET http://localhost:5017/api/borrowings - 200 null application/json; charset=utf-8 109.7617ms
2025-11-25 13:39:52.524 +02:00 [INF] Executing endpoint 'BorrowingService.Api.Controllers.BorrowingsController.GetAll (BorrowingService.Api)'
2025-11-25 13:39:52.530 +02:00 [INF] Route matched with {action = "GetAll", controller = "Borrowings"}. Executing controller action with signature System.Threading.Tasks.Task`1[Microsoft.AspNetCore.Mvc.IActionResult] GetAll() on controller BorrowingService.Api.Controllers.BorrowingsController (BorrowingService.Api).
2025-11-25 13:39:52.544 +02:00 [INF] Executing OkObjectResult, writing value of type 'System.Collections.Generic.List`1[[BorrowingService.Bll.Dtos.BorrowingDto, BorrowingService.Bll, Version=1.0.0.0, Culture=neutral, PublicKeyToken=null]]'.
2025-11-25 13:39:52.547 +02:00 [INF] Executed action BorrowingService.Api.Controllers.BorrowingsController.GetAll (BorrowingService.Api) in 13.9608ms
2025-11-25 13:39:52.550 +02:00 [INF] Executed endpoint 'BorrowingService.Api.Controllers.BorrowingsController.GetAll (BorrowingService.Api)'
2025-11-25 13:39:52.553 +02:00 [INF] Request finished HTTP/1.1 GET http://localhost:5017/api/borrowings - 200 null application/json; charset=utf-8 33.6273ms
2025-11-25 13:40:04.007 +02:00 [INF] Request starting HTTP/1.1 GET http://localhost:5017/api/readers - null null
2025-11-25 13:40:04.019 +02:00 [INF] Executing endpoint 'BorrowingService.Api.Controllers.ReadersController.GetAll (BorrowingService.Api)'
2025-11-25 13:40:04.024 +02:00 [INF] Route matched with {action = "GetAll", controller = "Readers"}. Executing controller action with signature System.Threading.Tasks.Task`1[Microsoft.AspNetCore.Mvc.IActionResult] GetAll() on controller BorrowingService.Api.Controllers.ReadersController (BorrowingService.Api).
2025-11-25 13:40:04.035 +02:00 [INF] Executing OkObjectResult, writing value of type 'System.Collections.Generic.List`1[[BorrowingService.Bll.Dtos.ReaderDto, BorrowingService.Bll, Version=1.0.0.0, Culture=neutral, PublicKeyToken=null]]'.
2025-11-25 13:40:04.040 +02:00 [INF] Executed action BorrowingService.Api.Controllers.ReadersController.GetAll (BorrowingService.Api) in 9.655ms
2025-11-25 13:40:04.046 +02:00 [INF] Executed endpoint 'BorrowingService.Api.Controllers.ReadersController.GetAll (BorrowingService.Api)'
2025-11-25 13:40:04.051 +02:00 [INF] Request finished HTTP/1.1 GET http://localhost:5017/api/readers - 200 null application/json; charset=utf-8 44.4108ms
2025-11-25 13:40:07.060 +02:00 [INF] Request starting HTTP/1.1 POST http://localhost:5017/api/borrowings/issue - application/json 25
2025-11-25 13:40:07.075 +02:00 [INF] CORS policy execution successful.
2025-11-25 13:40:07.078 +02:00 [INF] Executing endpoint 'BorrowingService.Api.Controllers.BorrowingsController.IssueBook (BorrowingService.Api)'
2025-11-25 13:40:07.090 +02:00 [INF] Route matched with {action = "IssueBook", controller = "Borrowings"}. Executing controller action with signature System.Threading.Tasks.Task`1[Microsoft.AspNetCore.Mvc.IActionResult] IssueBook(IssueBookRequest) on controller BorrowingService.Api.Controllers.BorrowingsController (BorrowingService.Api).
2025-11-25 13:40:07.141 +02:00 [INF] Start processing HTTP request GET http://localhost:5180/api/books/6
2025-11-25 13:40:07.146 +02:00 [INF] Sending HTTP request GET http://localhost:5180/api/books/6
2025-11-25 13:40:07.409 +02:00 [INF] Received HTTP response headers after 255.2214ms - 200
2025-11-25 13:40:07.414 +02:00 [INF] End processing HTTP request after 273.082ms - 200
2025-11-25 13:40:07.461 +02:00 [INF] Executing CreatedAtActionResult, writing value of type '<>f__AnonymousType1`2[[System.String, System.Private.CoreLib, Version=9.0.0.0, Culture=neutral, PublicKeyToken=7cec85d7bea7798e],[System.Int32, System.Private.CoreLib, Version=9.0.0.0, Culture=neutral, PublicKeyToken=7cec85d7bea7798e]]'.
2025-11-25 13:40:07.509 +02:00 [INF] Executed action BorrowingService.Api.Controllers.BorrowingsController.IssueBook (BorrowingService.Api) in 411.3702ms
2025-11-25 13:40:07.514 +02:00 [INF] Executed endpoint 'BorrowingService.Api.Controllers.BorrowingsController.IssueBook (BorrowingService.Api)'
2025-11-25 13:40:07.519 +02:00 [INF] Request finished HTTP/1.1 POST http://localhost:5017/api/borrowings/issue - 201 null application/json; charset=utf-8 459.4521ms
2025-11-25 13:40:11.522 +02:00 [INF] Request starting HTTP/1.1 GET http://localhost:5017/api/borrowings - null null
2025-11-25 13:40:11.531 +02:00 [INF] Executing endpoint 'BorrowingService.Api.Controllers.BorrowingsController.GetAll (BorrowingService.Api)'
2025-11-25 13:40:11.534 +02:00 [INF] Route matched with {action = "GetAll", controller = "Borrowings"}. Executing controller action with signature System.Threading.Tasks.Task`1[Microsoft.AspNetCore.Mvc.IActionResult] GetAll() on controller BorrowingService.Api.Controllers.BorrowingsController (BorrowingService.Api).
2025-11-25 13:40:11.552 +02:00 [INF] Executing OkObjectResult, writing value of type 'System.Collections.Generic.List`1[[BorrowingService.Bll.Dtos.BorrowingDto, BorrowingService.Bll, Version=1.0.0.0, Culture=neutral, PublicKeyToken=null]]'.
2025-11-25 13:40:11.555 +02:00 [INF] Executed action BorrowingService.Api.Controllers.BorrowingsController.GetAll (BorrowingService.Api) in 17.312ms
2025-11-25 13:40:11.559 +02:00 [INF] Executed endpoint 'BorrowingService.Api.Controllers.BorrowingsController.GetAll (BorrowingService.Api)'
2025-11-25 13:40:11.561 +02:00 [INF] Request starting HTTP/1.1 GET http://localhost:5017/api/borrowings - null null
2025-11-25 13:40:11.562 +02:00 [INF] Request finished HTTP/1.1 GET http://localhost:5017/api/borrowings - 200 null application/json; charset=utf-8 40.5041ms
2025-11-25 13:40:11.569 +02:00 [INF] Executing endpoint 'BorrowingService.Api.Controllers.BorrowingsController.GetAll (BorrowingService.Api)'
2025-11-25 13:40:11.578 +02:00 [INF] Route matched with {action = "GetAll", controller = "Borrowings"}. Executing controller action with signature System.Threading.Tasks.Task`1[Microsoft.AspNetCore.Mvc.IActionResult] GetAll() on controller BorrowingService.Api.Controllers.BorrowingsController (BorrowingService.Api).
2025-11-25 13:40:11.599 +02:00 [INF] Executing OkObjectResult, writing value of type 'System.Collections.Generic.List`1[[BorrowingService.Bll.Dtos.BorrowingDto, BorrowingService.Bll, Version=1.0.0.0, Culture=neutral, PublicKeyToken=null]]'.
2025-11-25 13:40:11.603 +02:00 [INF] Executed action BorrowingService.Api.Controllers.BorrowingsController.GetAll (BorrowingService.Api) in 21.2973ms
2025-11-25 13:40:11.605 +02:00 [INF] Executed endpoint 'BorrowingService.Api.Controllers.BorrowingsController.GetAll (BorrowingService.Api)'
2025-11-25 13:40:11.606 +02:00 [INF] Request finished HTTP/1.1 GET http://localhost:5017/api/borrowings - 200 null application/json; charset=utf-8 45.5941ms
2025-11-25 13:40:50.508 +02:00 [INF] Request starting HTTP/1.1 PUT http://localhost:5017/api/borrowings/return/12 - null 0
2025-11-25 13:40:50.516 +02:00 [INF] CORS policy execution successful.
2025-11-25 13:40:50.518 +02:00 [INF] Executing endpoint 'BorrowingService.Api.Controllers.BorrowingsController.ReturnBook (BorrowingService.Api)'
2025-11-25 13:40:50.524 +02:00 [INF] Route matched with {action = "ReturnBook", controller = "Borrowings"}. Executing controller action with signature System.Threading.Tasks.Task`1[Microsoft.AspNetCore.Mvc.IActionResult] ReturnBook(Int32) on controller BorrowingService.Api.Controllers.BorrowingsController (BorrowingService.Api).
2025-11-25 13:40:50.536 +02:00 [INF] Executing OkObjectResult, writing value of type '<>f__AnonymousType3`1[[System.String, System.Private.CoreLib, Version=9.0.0.0, Culture=neutral, PublicKeyToken=7cec85d7bea7798e]]'.
2025-11-25 13:40:50.541 +02:00 [INF] Executed action BorrowingService.Api.Controllers.BorrowingsController.ReturnBook (BorrowingService.Api) in 12.1999ms
2025-11-25 13:40:50.543 +02:00 [INF] Executed endpoint 'BorrowingService.Api.Controllers.BorrowingsController.ReturnBook (BorrowingService.Api)'
2025-11-25 13:40:50.546 +02:00 [INF] Request finished HTTP/1.1 PUT http://localhost:5017/api/borrowings/return/12 - 200 null application/json; charset=utf-8 37.6191ms
2025-11-25 13:40:50.551 +02:00 [INF] Request starting HTTP/1.1 GET http://localhost:5017/api/borrowings - null null
2025-11-25 13:40:50.557 +02:00 [INF] Executing endpoint 'BorrowingService.Api.Controllers.BorrowingsController.GetAll (BorrowingService.Api)'
2025-11-25 13:40:50.560 +02:00 [INF] Route matched with {action = "GetAll", controller = "Borrowings"}. Executing controller action with signature System.Threading.Tasks.Task`1[Microsoft.AspNetCore.Mvc.IActionResult] GetAll() on controller BorrowingService.Api.Controllers.BorrowingsController (BorrowingService.Api).
2025-11-25 13:40:50.572 +02:00 [INF] Executing OkObjectResult, writing value of type 'System.Collections.Generic.List`1[[BorrowingService.Bll.Dtos.BorrowingDto, BorrowingService.Bll, Version=1.0.0.0, Culture=neutral, PublicKeyToken=null]]'.
2025-11-25 13:40:50.574 +02:00 [INF] Executed action BorrowingService.Api.Controllers.BorrowingsController.GetAll (BorrowingService.Api) in 10.1381ms
2025-11-25 13:40:50.577 +02:00 [INF] Executed endpoint 'BorrowingService.Api.Controllers.BorrowingsController.GetAll (BorrowingService.Api)'
2025-11-25 13:40:50.579 +02:00 [INF] Request finished HTTP/1.1 GET http://localhost:5017/api/borrowings - 200 null application/json; charset=utf-8 28.3507ms
2025-11-25 16:22:50.048 +02:00 [INF] Request starting HTTP/1.1 GET http://localhost:5017/api/readers - null null
2025-11-25 16:22:50.056 +02:00 [INF] Executing endpoint 'BorrowingService.Api.Controllers.ReadersController.GetAll (BorrowingService.Api)'
2025-11-25 16:22:50.061 +02:00 [INF] Route matched with {action = "GetAll", controller = "Readers"}. Executing controller action with signature System.Threading.Tasks.Task`1[Microsoft.AspNetCore.Mvc.IActionResult] GetAll() on controller BorrowingService.Api.Controllers.ReadersController (BorrowingService.Api).
2025-11-25 16:22:50.125 +02:00 [INF] Executing OkObjectResult, writing value of type 'System.Collections.Generic.List`1[[BorrowingService.Bll.Dtos.ReaderDto, BorrowingService.Bll, Version=1.0.0.0, Culture=neutral, PublicKeyToken=null]]'.
2025-11-25 16:22:50.127 +02:00 [INF] Executed action BorrowingService.Api.Controllers.ReadersController.GetAll (BorrowingService.Api) in 63.4226ms
2025-11-25 16:22:50.130 +02:00 [INF] Executed endpoint 'BorrowingService.Api.Controllers.ReadersController.GetAll (BorrowingService.Api)'
2025-11-25 16:22:50.132 +02:00 [INF] Request finished HTTP/1.1 GET http://localhost:5017/api/readers - 200 null application/json; charset=utf-8 84.2593ms
2025-11-25 16:22:50.132 +02:00 [INF] Request starting HTTP/1.1 GET http://localhost:5017/api/readers - null null
2025-11-25 16:22:50.140 +02:00 [INF] Executing endpoint 'BorrowingService.Api.Controllers.ReadersController.GetAll (BorrowingService.Api)'
2025-11-25 16:22:50.142 +02:00 [INF] Route matched with {action = "GetAll", controller = "Readers"}. Executing controller action with signature System.Threading.Tasks.Task`1[Microsoft.AspNetCore.Mvc.IActionResult] GetAll() on controller BorrowingService.Api.Controllers.ReadersController (BorrowingService.Api).
2025-11-25 16:22:50.145 +02:00 [INF] Executing OkObjectResult, writing value of type 'System.Collections.Generic.List`1[[BorrowingService.Bll.Dtos.ReaderDto, BorrowingService.Bll, Version=1.0.0.0, Culture=neutral, PublicKeyToken=null]]'.
2025-11-25 16:22:50.147 +02:00 [INF] Executed action BorrowingService.Api.Controllers.ReadersController.GetAll (BorrowingService.Api) in 2.9975ms
2025-11-25 16:22:50.150 +02:00 [INF] Executed endpoint 'BorrowingService.Api.Controllers.ReadersController.GetAll (BorrowingService.Api)'
2025-11-25 16:22:50.152 +02:00 [INF] Request finished HTTP/1.1 GET http://localhost:5017/api/readers - 200 null application/json; charset=utf-8 19.5819ms
2025-11-25 16:23:01.700 +02:00 [INF] Request starting HTTP/1.1 GET http://localhost:5017/api/readers - null null
2025-11-25 16:23:01.713 +02:00 [INF] Executing endpoint 'BorrowingService.Api.Controllers.ReadersController.GetAll (BorrowingService.Api)'
2025-11-25 16:23:01.717 +02:00 [INF] Route matched with {action = "GetAll", controller = "Readers"}. Executing controller action with signature System.Threading.Tasks.Task`1[Microsoft.AspNetCore.Mvc.IActionResult] GetAll() on controller BorrowingService.Api.Controllers.ReadersController (BorrowingService.Api).
2025-11-25 16:23:01.724 +02:00 [INF] Executing OkObjectResult, writing value of type 'System.Collections.Generic.List`1[[BorrowingService.Bll.Dtos.ReaderDto, BorrowingService.Bll, Version=1.0.0.0, Culture=neutral, PublicKeyToken=null]]'.
2025-11-25 16:23:01.728 +02:00 [INF] Executed action BorrowingService.Api.Controllers.ReadersController.GetAll (BorrowingService.Api) in 5.2428ms
2025-11-25 16:23:01.733 +02:00 [INF] Executed endpoint 'BorrowingService.Api.Controllers.ReadersController.GetAll (BorrowingService.Api)'
2025-11-25 16:23:01.737 +02:00 [INF] Request finished HTTP/1.1 GET http://localhost:5017/api/readers - 200 null application/json; charset=utf-8 37.1225ms
2025-11-25 16:23:05.134 +02:00 [INF] Request starting HTTP/1.1 POST http://localhost:5017/api/borrowings/issue - application/json 25
2025-11-25 16:23:05.147 +02:00 [INF] CORS policy execution successful.
2025-11-25 16:23:05.149 +02:00 [INF] Executing endpoint 'BorrowingService.Api.Controllers.BorrowingsController.IssueBook (BorrowingService.Api)'
2025-11-25 16:23:05.153 +02:00 [INF] Route matched with {action = "IssueBook", controller = "Borrowings"}. Executing controller action with signature System.Threading.Tasks.Task`1[Microsoft.AspNetCore.Mvc.IActionResult] IssueBook(IssueBookRequest) on controller BorrowingService.Api.Controllers.BorrowingsController (BorrowingService.Api).
2025-11-25 16:23:05.159 +02:00 [INF] Start processing HTTP request GET http://localhost:5180/api/books/7
2025-11-25 16:23:05.163 +02:00 [INF] Sending HTTP request GET http://localhost:5180/api/books/7
2025-11-25 16:23:05.203 +02:00 [INF] Received HTTP response headers after 36.8544ms - 200
2025-11-25 16:23:05.206 +02:00 [INF] End processing HTTP request after 46.7787ms - 200
2025-11-25 16:23:05.217 +02:00 [INF] Executing CreatedAtActionResult, writing value of type '<>f__AnonymousType1`2[[System.String, System.Private.CoreLib, Version=9.0.0.0, Culture=neutral, PublicKeyToken=7cec85d7bea7798e],[System.Int32, System.Private.CoreLib, Version=9.0.0.0, Culture=neutral, PublicKeyToken=7cec85d7bea7798e]]'.
2025-11-25 16:23:05.220 +02:00 [INF] Executed action BorrowingService.Api.Controllers.BorrowingsController.IssueBook (BorrowingService.Api) in 61.6887ms
2025-11-25 16:23:05.223 +02:00 [INF] Executed endpoint 'BorrowingService.Api.Controllers.BorrowingsController.IssueBook (BorrowingService.Api)'
2025-11-25 16:23:05.225 +02:00 [INF] Request finished HTTP/1.1 POST http://localhost:5017/api/borrowings/issue - 201 null application/json; charset=utf-8 90.8029ms
2025-11-25 16:23:32.442 +02:00 [INF] Request starting HTTP/1.1 GET http://localhost:5017/api/readers - null null
2025-11-25 16:23:32.452 +02:00 [INF] Executing endpoint 'BorrowingService.Api.Controllers.ReadersController.GetAll (BorrowingService.Api)'
2025-11-25 16:23:32.454 +02:00 [INF] Route matched with {action = "GetAll", controller = "Readers"}. Executing controller action with signature System.Threading.Tasks.Task`1[Microsoft.AspNetCore.Mvc.IActionResult] GetAll() on controller BorrowingService.Api.Controllers.ReadersController (BorrowingService.Api).
2025-11-25 16:23:32.458 +02:00 [INF] Executing OkObjectResult, writing value of type 'System.Collections.Generic.List`1[[BorrowingService.Bll.Dtos.ReaderDto, BorrowingService.Bll, Version=1.0.0.0, Culture=neutral, PublicKeyToken=null]]'.
2025-11-25 16:23:32.462 +02:00 [INF] Executed action BorrowingService.Api.Controllers.ReadersController.GetAll (BorrowingService.Api) in 4.2522ms
2025-11-25 16:23:32.468 +02:00 [INF] Executed endpoint 'BorrowingService.Api.Controllers.ReadersController.GetAll (BorrowingService.Api)'
2025-11-25 16:23:32.470 +02:00 [INF] Request finished HTTP/1.1 GET http://localhost:5017/api/readers - 200 null application/json; charset=utf-8 28.5752ms
2025-11-25 16:23:38.117 +02:00 [INF] Request starting HTTP/1.1 POST http://localhost:5017/api/borrowings/issue - application/json 25
2025-11-25 16:23:38.127 +02:00 [INF] CORS policy execution successful.
2025-11-25 16:23:38.129 +02:00 [INF] Executing endpoint 'BorrowingService.Api.Controllers.BorrowingsController.IssueBook (BorrowingService.Api)'
2025-11-25 16:23:38.132 +02:00 [INF] Route matched with {action = "IssueBook", controller = "Borrowings"}. Executing controller action with signature System.Threading.Tasks.Task`1[Microsoft.AspNetCore.Mvc.IActionResult] IssueBook(IssueBookRequest) on controller BorrowingService.Api.Controllers.BorrowingsController (BorrowingService.Api).
2025-11-25 16:23:38.136 +02:00 [INF] Start processing HTTP request GET http://localhost:5180/api/books/8
2025-11-25 16:23:38.139 +02:00 [INF] Sending HTTP request GET http://localhost:5180/api/books/8
2025-11-25 16:23:38.172 +02:00 [INF] Received HTTP response headers after 30.0057ms - 200
2025-11-25 16:23:38.175 +02:00 [INF] End processing HTTP request after 39.1048ms - 200
2025-11-25 16:23:38.188 +02:00 [INF] Executing CreatedAtActionResult, writing value of type '<>f__AnonymousType1`2[[System.String, System.Private.CoreLib, Version=9.0.0.0, Culture=neutral, PublicKeyToken=7cec85d7bea7798e],[System.Int32, System.Private.CoreLib, Version=9.0.0.0, Culture=neutral, PublicKeyToken=7cec85d7bea7798e]]'.
2025-11-25 16:23:38.192 +02:00 [INF] Executed action BorrowingService.Api.Controllers.BorrowingsController.IssueBook (BorrowingService.Api) in 56.6906ms
2025-11-25 16:23:38.196 +02:00 [INF] Executed endpoint 'BorrowingService.Api.Controllers.BorrowingsController.IssueBook (BorrowingService.Api)'
2025-11-25 16:23:38.199 +02:00 [INF] Request finished HTTP/1.1 POST http://localhost:5017/api/borrowings/issue - 201 null application/json; charset=utf-8 82.1976ms
2025-11-25 16:23:40.820 +02:00 [INF] Request starting HTTP/1.1 GET http://localhost:5017/api/borrowings - null null
2025-11-25 16:23:40.834 +02:00 [INF] Executing endpoint 'BorrowingService.Api.Controllers.BorrowingsController.GetAll (BorrowingService.Api)'
2025-11-25 16:23:40.837 +02:00 [INF] Route matched with {action = "GetAll", controller = "Borrowings"}. Executing controller action with signature System.Threading.Tasks.Task`1[Microsoft.AspNetCore.Mvc.IActionResult] GetAll() on controller BorrowingService.Api.Controllers.BorrowingsController (BorrowingService.Api).
2025-11-25 16:23:40.855 +02:00 [INF] Executing OkObjectResult, writing value of type 'System.Collections.Generic.List`1[[BorrowingService.Bll.Dtos.BorrowingDto, BorrowingService.Bll, Version=1.0.0.0, Culture=neutral, PublicKeyToken=null]]'.
2025-11-25 16:23:40.859 +02:00 [INF] Executed action BorrowingService.Api.Controllers.BorrowingsController.GetAll (BorrowingService.Api) in 16.3946ms
2025-11-25 16:23:40.862 +02:00 [INF] Executed endpoint 'BorrowingService.Api.Controllers.BorrowingsController.GetAll (BorrowingService.Api)'
2025-11-25 16:23:40.864 +02:00 [INF] Request starting HTTP/1.1 GET http://localhost:5017/api/borrowings - null null
2025-11-25 16:23:40.865 +02:00 [INF] Request finished HTTP/1.1 GET http://localhost:5017/api/borrowings - 200 null application/json; charset=utf-8 44.1319ms
2025-11-25 16:23:40.869 +02:00 [INF] Executing endpoint 'BorrowingService.Api.Controllers.BorrowingsController.GetAll (BorrowingService.Api)'
2025-11-25 16:23:40.877 +02:00 [INF] Route matched with {action = "GetAll", controller = "Borrowings"}. Executing controller action with signature System.Threading.Tasks.Task`1[Microsoft.AspNetCore.Mvc.IActionResult] GetAll() on controller BorrowingService.Api.Controllers.BorrowingsController (BorrowingService.Api).
2025-11-25 16:23:40.890 +02:00 [INF] Executing OkObjectResult, writing value of type 'System.Collections.Generic.List`1[[BorrowingService.Bll.Dtos.BorrowingDto, BorrowingService.Bll, Version=1.0.0.0, Culture=neutral, PublicKeyToken=null]]'.
2025-11-25 16:23:40.893 +02:00 [INF] Executed action BorrowingService.Api.Controllers.BorrowingsController.GetAll (BorrowingService.Api) in 12.3619ms
2025-11-25 16:23:40.895 +02:00 [INF] Executed endpoint 'BorrowingService.Api.Controllers.BorrowingsController.GetAll (BorrowingService.Api)'
2025-11-25 16:23:40.897 +02:00 [INF] Request finished HTTP/1.1 GET http://localhost:5017/api/borrowings - 200 null application/json; charset=utf-8 33.801ms
2025-11-25 16:24:04.109 +02:00 [INF] Request starting HTTP/1.1 GET http://localhost:5017/api/readers - null null
2025-11-25 16:24:04.118 +02:00 [INF] Executing endpoint 'BorrowingService.Api.Controllers.ReadersController.GetAll (BorrowingService.Api)'
2025-11-25 16:24:04.122 +02:00 [INF] Route matched with {action = "GetAll", controller = "Readers"}. Executing controller action with signature System.Threading.Tasks.Task`1[Microsoft.AspNetCore.Mvc.IActionResult] GetAll() on controller BorrowingService.Api.Controllers.ReadersController (BorrowingService.Api).
2025-11-25 16:24:04.128 +02:00 [INF] Executing OkObjectResult, writing value of type 'System.Collections.Generic.List`1[[BorrowingService.Bll.Dtos.ReaderDto, BorrowingService.Bll, Version=1.0.0.0, Culture=neutral, PublicKeyToken=null]]'.
2025-11-25 16:24:04.132 +02:00 [INF] Executed action BorrowingService.Api.Controllers.ReadersController.GetAll (BorrowingService.Api) in 4.848ms
2025-11-25 16:24:04.135 +02:00 [INF] Executed endpoint 'BorrowingService.Api.Controllers.ReadersController.GetAll (BorrowingService.Api)'
2025-11-25 16:24:04.136 +02:00 [INF] Request starting HTTP/1.1 GET http://localhost:5017/api/readers - null null
2025-11-25 16:24:04.138 +02:00 [INF] Request finished HTTP/1.1 GET http://localhost:5017/api/readers - 200 null application/json; charset=utf-8 29.7646ms
2025-11-25 16:24:04.145 +02:00 [INF] Executing endpoint 'BorrowingService.Api.Controllers.ReadersController.GetAll (BorrowingService.Api)'
2025-11-25 16:24:04.156 +02:00 [INF] Route matched with {action = "GetAll", controller = "Readers"}. Executing controller action with signature System.Threading.Tasks.Task`1[Microsoft.AspNetCore.Mvc.IActionResult] GetAll() on controller BorrowingService.Api.Controllers.ReadersController (BorrowingService.Api).
2025-11-25 16:24:04.164 +02:00 [INF] Executing OkObjectResult, writing value of type 'System.Collections.Generic.List`1[[BorrowingService.Bll.Dtos.ReaderDto, BorrowingService.Bll, Version=1.0.0.0, Culture=neutral, PublicKeyToken=null]]'.
2025-11-25 16:24:04.167 +02:00 [INF] Executed action BorrowingService.Api.Controllers.ReadersController.GetAll (BorrowingService.Api) in 4.808ms
2025-11-25 16:24:04.170 +02:00 [INF] Executed endpoint 'BorrowingService.Api.Controllers.ReadersController.GetAll (BorrowingService.Api)'
2025-11-25 16:24:04.173 +02:00 [INF] Request finished HTTP/1.1 GET http://localhost:5017/api/readers - 200 null application/json; charset=utf-8 37.0586ms
2025-11-25 16:24:08.356 +02:00 [INF] Request starting HTTP/1.1 GET http://localhost:5017/api/borrowings - null null
2025-11-25 16:24:08.368 +02:00 [INF] Executing endpoint 'BorrowingService.Api.Controllers.BorrowingsController.GetAll (BorrowingService.Api)'
2025-11-25 16:24:08.370 +02:00 [INF] Route matched with {action = "GetAll", controller = "Borrowings"}. Executing controller action with signature System.Threading.Tasks.Task`1[Microsoft.AspNetCore.Mvc.IActionResult] GetAll() on controller BorrowingService.Api.Controllers.BorrowingsController (BorrowingService.Api).
2025-11-25 16:24:08.385 +02:00 [INF] Executing OkObjectResult, writing value of type 'System.Collections.Generic.List`1[[BorrowingService.Bll.Dtos.BorrowingDto, BorrowingService.Bll, Version=1.0.0.0, Culture=neutral, PublicKeyToken=null]]'.
2025-11-25 16:24:08.389 +02:00 [INF] Executed action BorrowingService.Api.Controllers.BorrowingsController.GetAll (BorrowingService.Api) in 15.5607ms
2025-11-25 16:24:08.393 +02:00 [INF] Executed endpoint 'BorrowingService.Api.Controllers.BorrowingsController.GetAll (BorrowingService.Api)'
2025-11-25 16:24:08.394 +02:00 [INF] Request starting HTTP/1.1 GET http://localhost:5017/api/borrowings - null null
2025-11-25 16:24:08.395 +02:00 [INF] Request finished HTTP/1.1 GET http://localhost:5017/api/borrowings - 200 null application/json; charset=utf-8 39.611ms
2025-11-25 16:24:08.400 +02:00 [INF] Executing endpoint 'BorrowingService.Api.Controllers.BorrowingsController.GetAll (BorrowingService.Api)'
2025-11-25 16:24:08.411 +02:00 [INF] Route matched with {action = "GetAll", controller = "Borrowings"}. Executing controller action with signature System.Threading.Tasks.Task`1[Microsoft.AspNetCore.Mvc.IActionResult] GetAll() on controller BorrowingService.Api.Controllers.BorrowingsController (BorrowingService.Api).
2025-11-25 16:24:08.423 +02:00 [INF] Executing OkObjectResult, writing value of type 'System.Collections.Generic.List`1[[BorrowingService.Bll.Dtos.BorrowingDto, BorrowingService.Bll, Version=1.0.0.0, Culture=neutral, PublicKeyToken=null]]'.
2025-11-25 16:24:08.426 +02:00 [INF] Executed action BorrowingService.Api.Controllers.BorrowingsController.GetAll (BorrowingService.Api) in 11.2825ms
2025-11-25 16:24:08.429 +02:00 [INF] Executed endpoint 'BorrowingService.Api.Controllers.BorrowingsController.GetAll (BorrowingService.Api)'
2025-11-25 16:24:08.430 +02:00 [INF] Request finished HTTP/1.1 GET http://localhost:5017/api/borrowings - 200 null application/json; charset=utf-8 36.3286ms
2025-11-25 17:42:10.574 +02:00 [INF] Now listening on: http://localhost:5017
2025-11-25 17:42:10.625 +02:00 [INF] Application started. Press Ctrl+C to shut down.
2025-11-25 17:42:10.627 +02:00 [INF] Hosting environment: Development
2025-11-25 17:42:10.628 +02:00 [INF] Content root path: C:\Users\Admin\Documents\projects\LibrarySystem\BorrowingService\BorrowingService.Api
2025-11-25 20:10:59.670 +02:00 [INF] Now listening on: http://localhost:5017
2025-11-25 20:10:59.750 +02:00 [INF] Application started. Press Ctrl+C to shut down.
2025-11-25 20:10:59.754 +02:00 [INF] Hosting environment: Development
2025-11-25 20:10:59.760 +02:00 [INF] Content root path: C:\Users\Admin\Documents\projects\LibrarySystem\BorrowingService\BorrowingService.Api
2025-11-25 20:12:08.496 +02:00 [INF] Now listening on: http://localhost:5017
2025-11-25 20:12:08.556 +02:00 [INF] Application started. Press Ctrl+C to shut down.
2025-11-25 20:12:08.558 +02:00 [INF] Hosting environment: Development
2025-11-25 20:12:08.560 +02:00 [INF] Content root path: C:\Users\Admin\Documents\projects\LibrarySystem\BorrowingService\BorrowingService.Api
2025-11-25 20:14:08.485 +02:00 [INF] Now listening on: http://localhost:5017
2025-11-25 20:14:08.537 +02:00 [INF] Application started. Press Ctrl+C to shut down.
2025-11-25 20:14:08.539 +02:00 [INF] Hosting environment: Development
2025-11-25 20:14:08.541 +02:00 [INF] Content root path: C:\Users\Admin\Documents\projects\LibrarySystem\BorrowingService\BorrowingService.Api
2025-11-25 20:16:22.266 +02:00 [INF] Request starting HTTP/1.1 GET http://localhost:5017/api/readers - null null
2025-11-25 20:16:22.323 +02:00 [INF] Executing endpoint 'BorrowingService.Api.Controllers.ReadersController.GetAll (BorrowingService.Api)'
2025-11-25 20:16:22.353 +02:00 [INF] Route matched with {action = "GetAll", controller = "Readers"}. Executing controller action with signature System.Threading.Tasks.Task`1[Microsoft.AspNetCore.Mvc.IActionResult] GetAll() on controller BorrowingService.Api.Controllers.ReadersController (BorrowingService.Api).
2025-11-25 20:16:22.832 +02:00 [INF] Executing OkObjectResult, writing value of type 'System.Collections.Generic.List`1[[BorrowingService.Bll.Dtos.ReaderDto, BorrowingService.Bll, Version=1.0.0.0, Culture=neutral, PublicKeyToken=null]]'.
2025-11-25 20:16:22.881 +02:00 [INF] Executed action BorrowingService.Api.Controllers.ReadersController.GetAll (BorrowingService.Api) in 517.0995ms
2025-11-25 20:16:22.888 +02:00 [INF] Request starting HTTP/1.1 GET http://localhost:5017/api/readers - null null
2025-11-25 20:16:22.911 +02:00 [INF] Executed endpoint 'BorrowingService.Api.Controllers.ReadersController.GetAll (BorrowingService.Api)'
2025-11-25 20:16:22.917 +02:00 [INF] Executing endpoint 'BorrowingService.Api.Controllers.ReadersController.GetAll (BorrowingService.Api)'
2025-11-25 20:16:22.920 +02:00 [INF] Route matched with {action = "GetAll", controller = "Readers"}. Executing controller action with signature System.Threading.Tasks.Task`1[Microsoft.AspNetCore.Mvc.IActionResult] GetAll() on controller BorrowingService.Api.Controllers.ReadersController (BorrowingService.Api).
2025-11-25 20:16:22.924 +02:00 [INF] Request finished HTTP/1.1 GET http://localhost:5017/api/readers - 200 null application/json; charset=utf-8 661.4563ms
2025-11-25 20:16:22.945 +02:00 [INF] Executing OkObjectResult, writing value of type 'System.Collections.Generic.List`1[[BorrowingService.Bll.Dtos.ReaderDto, BorrowingService.Bll, Version=1.0.0.0, Culture=neutral, PublicKeyToken=null]]'.
2025-11-25 20:16:22.950 +02:00 [INF] Executed action BorrowingService.Api.Controllers.ReadersController.GetAll (BorrowingService.Api) in 25.7294ms
2025-11-25 20:16:22.954 +02:00 [INF] Executed endpoint 'BorrowingService.Api.Controllers.ReadersController.GetAll (BorrowingService.Api)'
2025-11-25 20:16:22.960 +02:00 [INF] Request finished HTTP/1.1 GET http://localhost:5017/api/readers - 200 null application/json; charset=utf-8 71.344ms
2025-11-25 21:08:17.230 +02:00 [INF] Now listening on: http://localhost:5017
2025-11-25 21:08:17.296 +02:00 [INF] Application started. Press Ctrl+C to shut down.
2025-11-25 21:08:17.298 +02:00 [INF] Hosting environment: Development
2025-11-25 21:08:17.299 +02:00 [INF] Content root path: C:\Users\Admin\Documents\projects\LibrarySystem\BorrowingService\BorrowingService.Api
2025-11-25 21:10:07.956 +02:00 [INF] Now listening on: http://localhost:5017
2025-11-25 21:10:08.002 +02:00 [INF] Application started. Press Ctrl+C to shut down.
2025-11-25 21:10:08.004 +02:00 [INF] Hosting environment: Development
2025-11-25 21:10:08.007 +02:00 [INF] Content root path: C:\Users\Admin\Documents\projects\LibrarySystem\BorrowingService\BorrowingService.Api
2025-11-25 21:15:46.149 +02:00 [INF] Now listening on: http://localhost:5017
2025-11-25 21:15:46.189 +02:00 [INF] Application started. Press Ctrl+C to shut down.
2025-11-25 21:15:46.191 +02:00 [INF] Hosting environment: Development
2025-11-25 21:15:46.194 +02:00 [INF] Content root path: C:\Users\Admin\Documents\projects\LibrarySystem\BorrowingService\BorrowingService.Api
2025-11-25 21:25:23.544 +02:00 [INF] Now listening on: http://localhost:5017
2025-11-25 21:25:23.610 +02:00 [INF] Application started. Press Ctrl+C to shut down.
2025-11-25 21:25:23.612 +02:00 [INF] Hosting environment: Development
2025-11-25 21:25:23.619 +02:00 [INF] Content root path: C:\Users\Admin\Documents\projects\LibrarySystem\BorrowingService\BorrowingService.Api
2025-11-25 21:27:19.162 +02:00 [INF] Now listening on: http://localhost:5017
2025-11-25 21:27:19.200 +02:00 [INF] Application started. Press Ctrl+C to shut down.
2025-11-25 21:27:19.202 +02:00 [INF] Hosting environment: Development
2025-11-25 21:27:19.204 +02:00 [INF] Content root path: C:\Users\Admin\Documents\projects\LibrarySystem\BorrowingService\BorrowingService.Api
2025-11-25 21:29:11.780 +02:00 [INF] Now listening on: http://localhost:5017
2025-11-25 21:29:11.819 +02:00 [INF] Application started. Press Ctrl+C to shut down.
2025-11-25 21:29:11.821 +02:00 [INF] Hosting environment: Development
2025-11-25 21:29:11.822 +02:00 [INF] Content root path: C:\Users\Admin\Documents\projects\LibrarySystem\BorrowingService\BorrowingService.Api
2025-11-25 21:31:29.084 +02:00 [INF] Now listening on: http://localhost:5017
2025-11-25 21:31:29.183 +02:00 [INF] Application started. Press Ctrl+C to shut down.
2025-11-25 21:31:29.186 +02:00 [INF] Hosting environment: Development
2025-11-25 21:31:29.190 +02:00 [INF] Content root path: C:\Users\Admin\Documents\projects\LibrarySystem\BorrowingService\BorrowingService.Api
2025-11-25 21:32:30.167 +02:00 [INF] Now listening on: http://localhost:5017
2025-11-25 21:32:30.289 +02:00 [INF] Application started. Press Ctrl+C to shut down.
2025-11-25 21:32:30.293 +02:00 [INF] Hosting environment: Development
2025-11-25 21:32:30.295 +02:00 [INF] Content root path: C:\Users\Admin\Documents\projects\LibrarySystem\BorrowingService\BorrowingService.Api
2025-11-25 21:32:51.445 +02:00 [INF] Request starting HTTP/1.1 GET http://localhost:5017/api/readers - null null
2025-11-25 21:32:51.561 +02:00 [INF] Executing endpoint 'BorrowingService.Api.Controllers.ReadersController.GetAll (BorrowingService.Api)'
2025-11-25 21:32:51.608 +02:00 [INF] Route matched with {action = "GetAll", controller = "Readers"}. Executing controller action with signature System.Threading.Tasks.Task`1[Microsoft.AspNetCore.Mvc.IActionResult] GetAll() on controller BorrowingService.Api.Controllers.ReadersController (BorrowingService.Api).
2025-11-25 21:32:52.573 +02:00 [INF] Executing OkObjectResult, writing value of type 'System.Collections.Generic.List`1[[BorrowingService.Bll.Dtos.ReaderDto, BorrowingService.Bll, Version=1.0.0.0, Culture=neutral, PublicKeyToken=null]]'.
2025-11-25 21:32:52.632 +02:00 [INF] Executed action BorrowingService.Api.Controllers.ReadersController.GetAll (BorrowingService.Api) in 1007.9766ms
2025-11-25 21:32:52.638 +02:00 [INF] Request starting HTTP/1.1 GET http://localhost:5017/api/readers - null null
2025-11-25 21:32:52.673 +02:00 [INF] Executed endpoint 'BorrowingService.Api.Controllers.ReadersController.GetAll (BorrowingService.Api)'
2025-11-25 21:32:52.684 +02:00 [INF] Executing endpoint 'BorrowingService.Api.Controllers.ReadersController.GetAll (BorrowingService.Api)'
2025-11-25 21:32:52.697 +02:00 [INF] Route matched with {action = "GetAll", controller = "Readers"}. Executing controller action with signature System.Threading.Tasks.Task`1[Microsoft.AspNetCore.Mvc.IActionResult] GetAll() on controller BorrowingService.Api.Controllers.ReadersController (BorrowingService.Api).
2025-11-25 21:32:52.704 +02:00 [INF] Request finished HTTP/1.1 GET http://localhost:5017/api/readers - 200 null application/json; charset=utf-8 1262.0677ms
2025-11-25 21:32:52.749 +02:00 [INF] Executing OkObjectResult, writing value of type 'System.Collections.Generic.List`1[[BorrowingService.Bll.Dtos.ReaderDto, BorrowingService.Bll, Version=1.0.0.0, Culture=neutral, PublicKeyToken=null]]'.
2025-11-25 21:32:52.755 +02:00 [INF] Executed action BorrowingService.Api.Controllers.ReadersController.GetAll (BorrowingService.Api) in 49.5961ms
2025-11-25 21:32:52.761 +02:00 [INF] Executed endpoint 'BorrowingService.Api.Controllers.ReadersController.GetAll (BorrowingService.Api)'
2025-11-25 21:32:52.769 +02:00 [INF] Request finished HTTP/1.1 GET http://localhost:5017/api/readers - 200 null application/json; charset=utf-8 133.1282ms
2025-11-25 21:32:54.227 +02:00 [INF] Request starting HTTP/1.1 GET http://localhost:5017/api/borrowings - null null
2025-11-25 21:32:54.240 +02:00 [INF] Executing endpoint 'BorrowingService.Api.Controllers.BorrowingsController.GetAll (BorrowingService.Api)'
2025-11-25 21:32:54.255 +02:00 [INF] Route matched with {action = "GetAll", controller = "Borrowings"}. Executing controller action with signature System.Threading.Tasks.Task`1[Microsoft.AspNetCore.Mvc.IActionResult] GetAll() on controller BorrowingService.Api.Controllers.BorrowingsController (BorrowingService.Api).
2025-11-25 21:32:54.368 +02:00 [INF] Executing OkObjectResult, writing value of type 'System.Collections.Generic.List`1[[BorrowingService.Bll.Dtos.BorrowingDto, BorrowingService.Bll, Version=1.0.0.0, Culture=neutral, PublicKeyToken=null]]'.
2025-11-25 21:32:54.397 +02:00 [INF] Executed action BorrowingService.Api.Controllers.BorrowingsController.GetAll (BorrowingService.Api) in 133.0641ms
2025-11-25 21:32:54.403 +02:00 [INF] Executed endpoint 'BorrowingService.Api.Controllers.BorrowingsController.GetAll (BorrowingService.Api)'
2025-11-25 21:32:54.405 +02:00 [INF] Request starting HTTP/1.1 GET http://localhost:5017/api/borrowings - null null
2025-11-25 21:32:54.408 +02:00 [INF] Request finished HTTP/1.1 GET http://localhost:5017/api/borrowings - 200 null application/json; charset=utf-8 181.2487ms
2025-11-25 21:32:54.418 +02:00 [INF] Executing endpoint 'BorrowingService.Api.Controllers.BorrowingsController.GetAll (BorrowingService.Api)'
2025-11-25 21:32:54.434 +02:00 [INF] Route matched with {action = "GetAll", controller = "Borrowings"}. Executing controller action with signature System.Threading.Tasks.Task`1[Microsoft.AspNetCore.Mvc.IActionResult] GetAll() on controller BorrowingService.Api.Controllers.BorrowingsController (BorrowingService.Api).
2025-11-25 21:32:54.462 +02:00 [INF] Executing OkObjectResult, writing value of type 'System.Collections.Generic.List`1[[BorrowingService.Bll.Dtos.BorrowingDto, BorrowingService.Bll, Version=1.0.0.0, Culture=neutral, PublicKeyToken=null]]'.
2025-11-25 21:32:54.467 +02:00 [INF] Executed action BorrowingService.Api.Controllers.BorrowingsController.GetAll (BorrowingService.Api) in 26.4723ms
2025-11-25 21:32:54.472 +02:00 [INF] Executed endpoint 'BorrowingService.Api.Controllers.BorrowingsController.GetAll (BorrowingService.Api)'
2025-11-25 21:32:54.475 +02:00 [INF] Request finished HTTP/1.1 GET http://localhost:5017/api/borrowings - 200 null application/json; charset=utf-8 70.0992ms
2025-11-25 21:32:59.087 +02:00 [INF] Request starting HTTP/1.1 PUT http://localhost:5017/api/borrowings/return/13 - null 0
2025-11-25 21:32:59.103 +02:00 [INF] CORS policy execution successful.
2025-11-25 21:32:59.108 +02:00 [INF] Executing endpoint 'BorrowingService.Api.Controllers.BorrowingsController.ReturnBook (BorrowingService.Api)'
2025-11-25 21:32:59.126 +02:00 [INF] Route matched with {action = "ReturnBook", controller = "Borrowings"}. Executing controller action with signature System.Threading.Tasks.Task`1[Microsoft.AspNetCore.Mvc.IActionResult] ReturnBook(Int32) on controller BorrowingService.Api.Controllers.BorrowingsController (BorrowingService.Api).
2025-11-25 21:32:59.205 +02:00 [INF] Executing OkObjectResult, writing value of type '<>f__AnonymousType3`1[[System.String, System.Private.CoreLib, Version=9.0.0.0, Culture=neutral, PublicKeyToken=7cec85d7bea7798e]]'.
2025-11-25 21:32:59.224 +02:00 [INF] Executed action BorrowingService.Api.Controllers.BorrowingsController.ReturnBook (BorrowingService.Api) in 89.1295ms
2025-11-25 21:32:59.232 +02:00 [INF] Executed endpoint 'BorrowingService.Api.Controllers.BorrowingsController.ReturnBook (BorrowingService.Api)'
2025-11-25 21:32:59.238 +02:00 [INF] Request finished HTTP/1.1 PUT http://localhost:5017/api/borrowings/return/13 - 200 null application/json; charset=utf-8 151.4961ms
2025-11-25 21:32:59.252 +02:00 [INF] Request starting HTTP/1.1 GET http://localhost:5017/api/borrowings - null null
2025-11-25 21:32:59.272 +02:00 [INF] Executing endpoint 'BorrowingService.Api.Controllers.BorrowingsController.GetAll (BorrowingService.Api)'
2025-11-25 21:32:59.278 +02:00 [INF] Route matched with {action = "GetAll", controller = "Borrowings"}. Executing controller action with signature System.Threading.Tasks.Task`1[Microsoft.AspNetCore.Mvc.IActionResult] GetAll() on controller BorrowingService.Api.Controllers.BorrowingsController (BorrowingService.Api).
2025-11-25 21:32:59.319 +02:00 [INF] Executing OkObjectResult, writing value of type 'System.Collections.Generic.List`1[[BorrowingService.Bll.Dtos.BorrowingDto, BorrowingService.Bll, Version=1.0.0.0, Culture=neutral, PublicKeyToken=null]]'.
2025-11-25 21:32:59.327 +02:00 [INF] Executed action BorrowingService.Api.Controllers.BorrowingsController.GetAll (BorrowingService.Api) in 39.3049ms
2025-11-25 21:32:59.335 +02:00 [INF] Executed endpoint 'BorrowingService.Api.Controllers.BorrowingsController.GetAll (BorrowingService.Api)'
2025-11-25 21:32:59.341 +02:00 [INF] Request finished HTTP/1.1 GET http://localhost:5017/api/borrowings - 200 null application/json; charset=utf-8 88.6472ms
2025-11-25 21:35:02.847 +02:00 [INF] Now listening on: http://localhost:5017
2025-11-25 21:35:02.943 +02:00 [INF] Application started. Press Ctrl+C to shut down.
2025-11-25 21:35:02.956 +02:00 [INF] Hosting environment: Development
2025-11-25 21:35:02.987 +02:00 [INF] Content root path: C:\Users\Admin\Documents\projects\LibrarySystem\BorrowingService\BorrowingService.Api
2025-11-25 21:35:11.966 +02:00 [INF] Request starting HTTP/1.1 GET http://localhost:5017/api/readers - null null
2025-11-25 21:35:12.085 +02:00 [INF] Executing endpoint 'BorrowingService.Api.Controllers.ReadersController.GetAll (BorrowingService.Api)'
2025-11-25 21:35:12.132 +02:00 [INF] Route matched with {action = "GetAll", controller = "Readers"}. Executing controller action with signature System.Threading.Tasks.Task`1[Microsoft.AspNetCore.Mvc.IActionResult] GetAll() on controller BorrowingService.Api.Controllers.ReadersController (BorrowingService.Api).
2025-11-25 21:35:13.054 +02:00 [INF] Executing OkObjectResult, writing value of type 'System.Collections.Generic.List`1[[BorrowingService.Bll.Dtos.ReaderDto, BorrowingService.Bll, Version=1.0.0.0, Culture=neutral, PublicKeyToken=null]]'.
2025-11-25 21:35:13.131 +02:00 [INF] Executed action BorrowingService.Api.Controllers.ReadersController.GetAll (BorrowingService.Api) in 983.6775ms
2025-11-25 21:35:13.138 +02:00 [INF] Request starting HTTP/1.1 GET http://localhost:5017/api/readers - null null
2025-11-25 21:35:13.169 +02:00 [INF] Executed endpoint 'BorrowingService.Api.Controllers.ReadersController.GetAll (BorrowingService.Api)'
2025-11-25 21:35:13.180 +02:00 [INF] Executing endpoint 'BorrowingService.Api.Controllers.ReadersController.GetAll (BorrowingService.Api)'
2025-11-25 21:35:13.186 +02:00 [INF] Route matched with {action = "GetAll", controller = "Readers"}. Executing controller action with signature System.Threading.Tasks.Task`1[Microsoft.AspNetCore.Mvc.IActionResult] GetAll() on controller BorrowingService.Api.Controllers.ReadersController (BorrowingService.Api).
2025-11-25 21:35:13.191 +02:00 [INF] Request finished HTTP/1.1 GET http://localhost:5017/api/readers - 200 null application/json; charset=utf-8 1230.392ms
2025-11-25 21:35:13.228 +02:00 [INF] Executing OkObjectResult, writing value of type 'System.Collections.Generic.List`1[[BorrowingService.Bll.Dtos.ReaderDto, BorrowingService.Bll, Version=1.0.0.0, Culture=neutral, PublicKeyToken=null]]'.
2025-11-25 21:35:13.235 +02:00 [INF] Executed action BorrowingService.Api.Controllers.ReadersController.GetAll (BorrowingService.Api) in 41.547ms
2025-11-25 21:35:13.243 +02:00 [INF] Executed endpoint 'BorrowingService.Api.Controllers.ReadersController.GetAll (BorrowingService.Api)'
2025-11-25 21:35:13.251 +02:00 [INF] Request finished HTTP/1.1 GET http://localhost:5017/api/readers - 200 null application/json; charset=utf-8 115.7933ms
2025-11-25 21:36:28.154 +02:00 [INF] Now listening on: http://localhost:5017
2025-11-25 21:36:28.289 +02:00 [INF] Application started. Press Ctrl+C to shut down.
2025-11-25 21:36:28.292 +02:00 [INF] Hosting environment: Development
2025-11-25 21:36:28.296 +02:00 [INF] Content root path: C:\Users\Admin\Documents\projects\LibrarySystem\BorrowingService\BorrowingService.Api
2025-11-25 21:36:31.842 +02:00 [INF] Request starting HTTP/1.1 GET http://localhost:5017/api/readers - null null
2025-11-25 21:36:31.958 +02:00 [INF] Executing endpoint 'BorrowingService.Api.Controllers.ReadersController.GetAll (BorrowingService.Api)'
2025-11-25 21:36:32.000 +02:00 [INF] Route matched with {action = "GetAll", controller = "Readers"}. Executing controller action with signature System.Threading.Tasks.Task`1[Microsoft.AspNetCore.Mvc.IActionResult] GetAll() on controller BorrowingService.Api.Controllers.ReadersController (BorrowingService.Api).
2025-11-25 21:36:32.907 +02:00 [INF] Executing OkObjectResult, writing value of type 'System.Collections.Generic.List`1[[BorrowingService.Bll.Dtos.ReaderDto, BorrowingService.Bll, Version=1.0.0.0, Culture=neutral, PublicKeyToken=null]]'.
2025-11-25 21:36:32.982 +02:00 [INF] Executed action BorrowingService.Api.Controllers.ReadersController.GetAll (BorrowingService.Api) in 964.8674ms
2025-11-25 21:36:32.992 +02:00 [INF] Request starting HTTP/1.1 GET http://localhost:5017/api/readers - null null
2025-11-25 21:36:33.021 +02:00 [INF] Executed endpoint 'BorrowingService.Api.Controllers.ReadersController.GetAll (BorrowingService.Api)'
2025-11-25 21:36:33.027 +02:00 [INF] Executing endpoint 'BorrowingService.Api.Controllers.ReadersController.GetAll (BorrowingService.Api)'
2025-11-25 21:36:33.035 +02:00 [INF] Route matched with {action = "GetAll", controller = "Readers"}. Executing controller action with signature System.Threading.Tasks.Task`1[Microsoft.AspNetCore.Mvc.IActionResult] GetAll() on controller BorrowingService.Api.Controllers.ReadersController (BorrowingService.Api).
2025-11-25 21:36:33.038 +02:00 [INF] Request finished HTTP/1.1 GET http://localhost:5017/api/readers - 200 null application/json; charset=utf-8 1200.2633ms
2025-11-25 21:36:33.076 +02:00 [INF] Executing OkObjectResult, writing value of type 'System.Collections.Generic.List`1[[BorrowingService.Bll.Dtos.ReaderDto, BorrowingService.Bll, Version=1.0.0.0, Culture=neutral, PublicKeyToken=null]]'.
2025-11-25 21:36:33.082 +02:00 [INF] Executed action BorrowingService.Api.Controllers.ReadersController.GetAll (BorrowingService.Api) in 41.082ms
2025-11-25 21:36:33.088 +02:00 [INF] Executed endpoint 'BorrowingService.Api.Controllers.ReadersController.GetAll (BorrowingService.Api)'
2025-11-25 21:36:33.097 +02:00 [INF] Request finished HTTP/1.1 GET http://localhost:5017/api/readers - 200 null application/json; charset=utf-8 107.5594ms
