2025-11-16 18:57:39.000 +02:00 [INF] Now listening on: http://localhost:5180
2025-11-16 18:57:39.074 +02:00 [INF] Application started. Press Ctrl+C to shut down.
2025-11-16 18:57:39.076 +02:00 [INF] Hosting environment: Development
2025-11-16 18:57:39.077 +02:00 [INF] Content root path: C:\Users\Admin\Documents\projects\LibrarySystem\CatalogService\CatalogService.Api
2025-11-16 19:00:47.182 +02:00 [INF] Now listening on: http://localhost:5180
2025-11-16 19:00:47.258 +02:00 [INF] Application started. Press Ctrl+C to shut down.
2025-11-16 19:00:47.261 +02:00 [INF] Hosting environment: Development
2025-11-16 19:00:47.263 +02:00 [INF] Content root path: C:\Users\Admin\Documents\projects\LibrarySystem\CatalogService\CatalogService.Api
2025-11-16 19:00:57.609 +02:00 [INF] Request starting HTTP/1.1 GET http://localhost:5180/catalog-api/api/books - null null
2025-11-16 19:00:57.609 +02:00 [INF] Request starting HTTP/1.1 GET http://localhost:5180/catalog-api/api/authors - null null
2025-11-16 19:00:57.609 +02:00 [INF] Request starting HTTP/1.1 GET http://localhost:5180/catalog-api/api/genres - null null
2025-11-16 19:00:57.683 +02:00 [INF] Executing ObjectResult, writing value of type 'Microsoft.AspNetCore.Mvc.ProblemDetails'.
2025-11-16 19:00:57.683 +02:00 [INF] Executing ObjectResult, writing value of type 'Microsoft.AspNetCore.Mvc.ProblemDetails'.
2025-11-16 19:00:57.683 +02:00 [INF] Executing ObjectResult, writing value of type 'Microsoft.AspNetCore.Mvc.ProblemDetails'.
2025-11-16 19:00:57.755 +02:00 [INF] Request finished HTTP/1.1 GET http://localhost:5180/catalog-api/api/genres - 404 null application/problem+json; charset=utf-8 150.2513ms
2025-11-16 19:00:57.755 +02:00 [INF] Request finished HTTP/1.1 GET http://localhost:5180/catalog-api/api/authors - 404 null application/problem+json; charset=utf-8 150.2521ms
2025-11-16 19:00:57.755 +02:00 [INF] Request finished HTTP/1.1 GET http://localhost:5180/catalog-api/api/books - 404 null application/problem+json; charset=utf-8 150.0076ms
2025-11-16 19:00:57.769 +02:00 [INF] Request starting HTTP/1.1 GET http://localhost:5180/catalog-api/api/books - null null
2025-11-16 19:00:57.769 +02:00 [INF] Request starting HTTP/1.1 GET http://localhost:5180/catalog-api/api/genres - null null
2025-11-16 19:00:57.769 +02:00 [INF] Request starting HTTP/1.1 GET http://localhost:5180/catalog-api/api/authors - null null
2025-11-16 19:00:57.781 +02:00 [INF] Request reached the end of the middleware pipeline without being handled by application code. Request path: GET http://localhost:5180/catalog-api/api/genres, Response status code: 404
2025-11-16 19:00:57.782 +02:00 [INF] Request reached the end of the middleware pipeline without being handled by application code. Request path: GET http://localhost:5180/catalog-api/api/authors, Response status code: 404
2025-11-16 19:00:57.789 +02:00 [INF] Request reached the end of the middleware pipeline without being handled by application code. Request path: GET http://localhost:5180/catalog-api/api/books, Response status code: 404
2025-11-16 19:00:57.794 +02:00 [INF] Executing ObjectResult, writing value of type 'Microsoft.AspNetCore.Mvc.ProblemDetails'.
2025-11-16 19:00:57.796 +02:00 [INF] Executing ObjectResult, writing value of type 'Microsoft.AspNetCore.Mvc.ProblemDetails'.
2025-11-16 19:00:57.803 +02:00 [INF] Executing ObjectResult, writing value of type 'Microsoft.AspNetCore.Mvc.ProblemDetails'.
2025-11-16 19:00:57.822 +02:00 [INF] Request finished HTTP/1.1 GET http://localhost:5180/catalog-api/api/books - 404 null application/problem+json; charset=utf-8 53.6517ms
2025-11-16 19:00:57.826 +02:00 [INF] Request finished HTTP/1.1 GET http://localhost:5180/catalog-api/api/genres - 404 null application/problem+json; charset=utf-8 57.7741ms
2025-11-16 19:00:57.830 +02:00 [INF] Request finished HTTP/1.1 GET http://localhost:5180/catalog-api/api/authors - 404 null application/problem+json; charset=utf-8 60.6111ms
2025-11-16 19:00:57.838 +02:00 [INF] Request reached the end of the middleware pipeline without being handled by application code. Request path: GET http://localhost:5180/catalog-api/api/books, Response status code: 404
2025-11-16 19:00:57.846 +02:00 [INF] Request reached the end of the middleware pipeline without being handled by application code. Request path: GET http://localhost:5180/catalog-api/api/genres, Response status code: 404
2025-11-16 19:00:57.856 +02:00 [INF] Request reached the end of the middleware pipeline without being handled by application code. Request path: GET http://localhost:5180/catalog-api/api/authors, Response status code: 404
2025-11-16 19:02:40.899 +02:00 [INF] Now listening on: http://localhost:5180
2025-11-16 19:02:40.975 +02:00 [INF] Application started. Press Ctrl+C to shut down.
2025-11-16 19:02:40.978 +02:00 [INF] Hosting environment: Development
2025-11-16 19:02:40.979 +02:00 [INF] Content root path: C:\Users\Admin\Documents\projects\LibrarySystem\CatalogService\CatalogService.Api
2025-11-16 19:02:46.238 +02:00 [INF] Request starting HTTP/1.1 GET http://localhost:5180/api/books - null null
2025-11-16 19:02:46.238 +02:00 [INF] Request starting HTTP/1.1 GET http://localhost:5180/api/authors - null null
2025-11-16 19:02:46.237 +02:00 [INF] Request starting HTTP/1.1 GET http://localhost:5180/api/genres - null null
2025-11-16 19:02:46.290 +02:00 [INF] Executing endpoint 'CatalogService.Api.Controllers.BooksController.GetAll (CatalogService.Api)'
2025-11-16 19:02:46.290 +02:00 [INF] Executing endpoint 'CatalogService.Api.Controllers.AuthorsController.GetAll (CatalogService.Api)'
2025-11-16 19:02:46.290 +02:00 [INF] Executing endpoint 'CatalogService.Api.Controllers.GenresController.GetAll (CatalogService.Api)'
2025-11-16 19:02:46.311 +02:00 [INF] Route matched with {action = "GetAll", controller = "Books"}. Executing controller action with signature System.Threading.Tasks.Task`1[Microsoft.AspNetCore.Mvc.IActionResult] GetAll() on controller CatalogService.Api.Controllers.BooksController (CatalogService.Api).
2025-11-16 19:02:46.311 +02:00 [INF] Route matched with {action = "GetAll", controller = "Genres"}. Executing controller action with signature System.Threading.Tasks.Task`1[Microsoft.AspNetCore.Mvc.IActionResult] GetAll() on controller CatalogService.Api.Controllers.GenresController (CatalogService.Api).
2025-11-16 19:02:46.311 +02:00 [INF] Route matched with {action = "GetAll", controller = "Authors"}. Executing controller action with signature System.Threading.Tasks.Task`1[Microsoft.AspNetCore.Mvc.IActionResult] GetAll() on controller CatalogService.Api.Controllers.AuthorsController (CatalogService.Api).
2025-11-16 19:02:47.306 +02:00 [WRN] No instantiatable types implementing `IEntityTypeConfiguration` were found while while scanning assembly 'CatalogService.Dal, Version=1.0.0.0, Culture=neutral, PublicKeyToken=null'.
2025-11-16 19:02:48.419 +02:00 [ERR] Failed executing DbCommand (50ms) [Parameters=[], CommandType='"Text"', CommandTimeout='30']
SELECT a."Id", a."Name"
FROM "Authors" AS a
2025-11-16 19:02:48.419 +02:00 [ERR] Failed executing DbCommand (50ms) [Parameters=[], CommandType='"Text"', CommandTimeout='30']
SELECT b."Id", b."AuthorId", b."GenreId", b."Title", a."Id", a."Name", g."Id", g."Name"
FROM "Books" AS b
INNER JOIN "Authors" AS a ON b."AuthorId" = a."Id"
INNER JOIN "Genres" AS g ON b."GenreId" = g."Id"
2025-11-16 19:02:48.419 +02:00 [ERR] Failed executing DbCommand (50ms) [Parameters=[], CommandType='"Text"', CommandTimeout='30']
SELECT g."Id", g."Name"
FROM "Genres" AS g
2025-11-16 19:02:48.464 +02:00 [ERR] An exception occurred while iterating over the results of a query for context type 'CatalogService.Dal.CatalogDbContext'.
Npgsql.PostgresException (0x80004005): 42P01: relation "Books" does not exist

POSITION: 95
   at Npgsql.Internal.NpgsqlConnector.ReadMessageLong(Boolean async, DataRowLoadingMode dataRowLoadingMode, Boolean readingNotifications, Boolean isReadingPrependedMessage)
   at System.Runtime.CompilerServices.PoolingAsyncValueTaskMethodBuilder`1.StateMachineBox`1.System.Threading.Tasks.Sources.IValueTaskSource<TResult>.GetResult(Int16 token)
   at Npgsql.NpgsqlDataReader.NextResult(Boolean async, Boolean isConsuming, CancellationToken cancellationToken)
   at Npgsql.NpgsqlDataReader.NextResult(Boolean async, Boolean isConsuming, CancellationToken cancellationToken)
   at Npgsql.NpgsqlCommand.ExecuteReader(Boolean async, CommandBehavior behavior, CancellationToken cancellationToken)
   at Npgsql.NpgsqlCommand.ExecuteReader(Boolean async, CommandBehavior behavior, CancellationToken cancellationToken)
   at Npgsql.NpgsqlCommand.ExecuteDbDataReaderAsync(CommandBehavior behavior, CancellationToken cancellationToken)
   at Microsoft.EntityFrameworkCore.Storage.RelationalCommand.ExecuteReaderAsync(RelationalCommandParameterObject parameterObject, CancellationToken cancellationToken)
   at Microsoft.EntityFrameworkCore.Storage.RelationalCommand.ExecuteReaderAsync(RelationalCommandParameterObject parameterObject, CancellationToken cancellationToken)
   at Microsoft.EntityFrameworkCore.Query.Internal.SingleQueryingEnumerable`1.AsyncEnumerator.InitializeReaderAsync(AsyncEnumerator enumerator, CancellationToken cancellationToken)
   at Npgsql.EntityFrameworkCore.PostgreSQL.Storage.Internal.NpgsqlExecutionStrategy.ExecuteAsync[TState,TResult](TState state, Func`4 operation, Func`4 verifySucceeded, CancellationToken cancellationToken)
   at Microsoft.EntityFrameworkCore.Query.Internal.SingleQueryingEnumerable`1.AsyncEnumerator.MoveNextAsync()
  Exception data:
    Severity: ERROR
    SqlState: 42P01
    MessageText: relation "Books" does not exist
    Position: 95
    File: parse_relation.c
    Line: 1452
    Routine: parserOpenTable
Npgsql.PostgresException (0x80004005): 42P01: relation "Books" does not exist

POSITION: 95
   at Npgsql.Internal.NpgsqlConnector.ReadMessageLong(Boolean async, DataRowLoadingMode dataRowLoadingMode, Boolean readingNotifications, Boolean isReadingPrependedMessage)
   at System.Runtime.CompilerServices.PoolingAsyncValueTaskMethodBuilder`1.StateMachineBox`1.System.Threading.Tasks.Sources.IValueTaskSource<TResult>.GetResult(Int16 token)
   at Npgsql.NpgsqlDataReader.NextResult(Boolean async, Boolean isConsuming, CancellationToken cancellationToken)
   at Npgsql.NpgsqlDataReader.NextResult(Boolean async, Boolean isConsuming, CancellationToken cancellationToken)
   at Npgsql.NpgsqlCommand.ExecuteReader(Boolean async, CommandBehavior behavior, CancellationToken cancellationToken)
   at Npgsql.NpgsqlCommand.ExecuteReader(Boolean async, CommandBehavior behavior, CancellationToken cancellationToken)
   at Npgsql.NpgsqlCommand.ExecuteDbDataReaderAsync(CommandBehavior behavior, CancellationToken cancellationToken)
   at Microsoft.EntityFrameworkCore.Storage.RelationalCommand.ExecuteReaderAsync(RelationalCommandParameterObject parameterObject, CancellationToken cancellationToken)
   at Microsoft.EntityFrameworkCore.Storage.RelationalCommand.ExecuteReaderAsync(RelationalCommandParameterObject parameterObject, CancellationToken cancellationToken)
   at Microsoft.EntityFrameworkCore.Query.Internal.SingleQueryingEnumerable`1.AsyncEnumerator.InitializeReaderAsync(AsyncEnumerator enumerator, CancellationToken cancellationToken)
   at Npgsql.EntityFrameworkCore.PostgreSQL.Storage.Internal.NpgsqlExecutionStrategy.ExecuteAsync[TState,TResult](TState state, Func`4 operation, Func`4 verifySucceeded, CancellationToken cancellationToken)
   at Microsoft.EntityFrameworkCore.Query.Internal.SingleQueryingEnumerable`1.AsyncEnumerator.MoveNextAsync()
  Exception data:
    Severity: ERROR
    SqlState: 42P01
    MessageText: relation "Books" does not exist
    Position: 95
    File: parse_relation.c
    Line: 1452
    Routine: parserOpenTable
2025-11-16 19:02:48.464 +02:00 [ERR] An exception occurred while iterating over the results of a query for context type 'CatalogService.Dal.CatalogDbContext'.
Npgsql.PostgresException (0x80004005): 42P01: relation "Genres" does not exist

POSITION: 31
   at Npgsql.Internal.NpgsqlConnector.ReadMessageLong(Boolean async, DataRowLoadingMode dataRowLoadingMode, Boolean readingNotifications, Boolean isReadingPrependedMessage)
   at System.Runtime.CompilerServices.PoolingAsyncValueTaskMethodBuilder`1.StateMachineBox`1.System.Threading.Tasks.Sources.IValueTaskSource<TResult>.GetResult(Int16 token)
   at Npgsql.NpgsqlDataReader.NextResult(Boolean async, Boolean isConsuming, CancellationToken cancellationToken)
   at Npgsql.NpgsqlDataReader.NextResult(Boolean async, Boolean isConsuming, CancellationToken cancellationToken)
   at Npgsql.NpgsqlCommand.ExecuteReader(Boolean async, CommandBehavior behavior, CancellationToken cancellationToken)
   at Npgsql.NpgsqlCommand.ExecuteReader(Boolean async, CommandBehavior behavior, CancellationToken cancellationToken)
   at Npgsql.NpgsqlCommand.ExecuteDbDataReaderAsync(CommandBehavior behavior, CancellationToken cancellationToken)
   at Microsoft.EntityFrameworkCore.Storage.RelationalCommand.ExecuteReaderAsync(RelationalCommandParameterObject parameterObject, CancellationToken cancellationToken)
   at Microsoft.EntityFrameworkCore.Storage.RelationalCommand.ExecuteReaderAsync(RelationalCommandParameterObject parameterObject, CancellationToken cancellationToken)
   at Microsoft.EntityFrameworkCore.Query.Internal.SingleQueryingEnumerable`1.AsyncEnumerator.InitializeReaderAsync(AsyncEnumerator enumerator, CancellationToken cancellationToken)
   at Npgsql.EntityFrameworkCore.PostgreSQL.Storage.Internal.NpgsqlExecutionStrategy.ExecuteAsync[TState,TResult](TState state, Func`4 operation, Func`4 verifySucceeded, CancellationToken cancellationToken)
   at Microsoft.EntityFrameworkCore.Query.Internal.SingleQueryingEnumerable`1.AsyncEnumerator.MoveNextAsync()
  Exception data:
    Severity: ERROR
    SqlState: 42P01
    MessageText: relation "Genres" does not exist
    Position: 31
    File: parse_relation.c
    Line: 1452
    Routine: parserOpenTable
Npgsql.PostgresException (0x80004005): 42P01: relation "Genres" does not exist

POSITION: 31
   at Npgsql.Internal.NpgsqlConnector.ReadMessageLong(Boolean async, DataRowLoadingMode dataRowLoadingMode, Boolean readingNotifications, Boolean isReadingPrependedMessage)
   at System.Runtime.CompilerServices.PoolingAsyncValueTaskMethodBuilder`1.StateMachineBox`1.System.Threading.Tasks.Sources.IValueTaskSource<TResult>.GetResult(Int16 token)
   at Npgsql.NpgsqlDataReader.NextResult(Boolean async, Boolean isConsuming, CancellationToken cancellationToken)
   at Npgsql.NpgsqlDataReader.NextResult(Boolean async, Boolean isConsuming, CancellationToken cancellationToken)
   at Npgsql.NpgsqlCommand.ExecuteReader(Boolean async, CommandBehavior behavior, CancellationToken cancellationToken)
   at Npgsql.NpgsqlCommand.ExecuteReader(Boolean async, CommandBehavior behavior, CancellationToken cancellationToken)
   at Npgsql.NpgsqlCommand.ExecuteDbDataReaderAsync(CommandBehavior behavior, CancellationToken cancellationToken)
   at Microsoft.EntityFrameworkCore.Storage.RelationalCommand.ExecuteReaderAsync(RelationalCommandParameterObject parameterObject, CancellationToken cancellationToken)
   at Microsoft.EntityFrameworkCore.Storage.RelationalCommand.ExecuteReaderAsync(RelationalCommandParameterObject parameterObject, CancellationToken cancellationToken)
   at Microsoft.EntityFrameworkCore.Query.Internal.SingleQueryingEnumerable`1.AsyncEnumerator.InitializeReaderAsync(AsyncEnumerator enumerator, CancellationToken cancellationToken)
   at Npgsql.EntityFrameworkCore.PostgreSQL.Storage.Internal.NpgsqlExecutionStrategy.ExecuteAsync[TState,TResult](TState state, Func`4 operation, Func`4 verifySucceeded, CancellationToken cancellationToken)
   at Microsoft.EntityFrameworkCore.Query.Internal.SingleQueryingEnumerable`1.AsyncEnumerator.MoveNextAsync()
  Exception data:
    Severity: ERROR
    SqlState: 42P01
    MessageText: relation "Genres" does not exist
    Position: 31
    File: parse_relation.c
    Line: 1452
    Routine: parserOpenTable
2025-11-16 19:02:48.464 +02:00 [ERR] An exception occurred while iterating over the results of a query for context type 'CatalogService.Dal.CatalogDbContext'.
Npgsql.PostgresException (0x80004005): 42P01: relation "Authors" does not exist

POSITION: 31
   at Npgsql.Internal.NpgsqlConnector.ReadMessageLong(Boolean async, DataRowLoadingMode dataRowLoadingMode, Boolean readingNotifications, Boolean isReadingPrependedMessage)
   at System.Runtime.CompilerServices.PoolingAsyncValueTaskMethodBuilder`1.StateMachineBox`1.System.Threading.Tasks.Sources.IValueTaskSource<TResult>.GetResult(Int16 token)
   at Npgsql.NpgsqlDataReader.NextResult(Boolean async, Boolean isConsuming, CancellationToken cancellationToken)
   at Npgsql.NpgsqlDataReader.NextResult(Boolean async, Boolean isConsuming, CancellationToken cancellationToken)
   at Npgsql.NpgsqlCommand.ExecuteReader(Boolean async, CommandBehavior behavior, CancellationToken cancellationToken)
   at Npgsql.NpgsqlCommand.ExecuteReader(Boolean async, CommandBehavior behavior, CancellationToken cancellationToken)
   at Npgsql.NpgsqlCommand.ExecuteDbDataReaderAsync(CommandBehavior behavior, CancellationToken cancellationToken)
   at Microsoft.EntityFrameworkCore.Storage.RelationalCommand.ExecuteReaderAsync(RelationalCommandParameterObject parameterObject, CancellationToken cancellationToken)
   at Microsoft.EntityFrameworkCore.Storage.RelationalCommand.ExecuteReaderAsync(RelationalCommandParameterObject parameterObject, CancellationToken cancellationToken)
   at Microsoft.EntityFrameworkCore.Query.Internal.SingleQueryingEnumerable`1.AsyncEnumerator.InitializeReaderAsync(AsyncEnumerator enumerator, CancellationToken cancellationToken)
   at Npgsql.EntityFrameworkCore.PostgreSQL.Storage.Internal.NpgsqlExecutionStrategy.ExecuteAsync[TState,TResult](TState state, Func`4 operation, Func`4 verifySucceeded, CancellationToken cancellationToken)
   at Microsoft.EntityFrameworkCore.Query.Internal.SingleQueryingEnumerable`1.AsyncEnumerator.MoveNextAsync()
  Exception data:
    Severity: ERROR
    SqlState: 42P01
    MessageText: relation "Authors" does not exist
    Position: 31
    File: parse_relation.c
    Line: 1452
    Routine: parserOpenTable
Npgsql.PostgresException (0x80004005): 42P01: relation "Authors" does not exist

POSITION: 31
   at Npgsql.Internal.NpgsqlConnector.ReadMessageLong(Boolean async, DataRowLoadingMode dataRowLoadingMode, Boolean readingNotifications, Boolean isReadingPrependedMessage)
   at System.Runtime.CompilerServices.PoolingAsyncValueTaskMethodBuilder`1.StateMachineBox`1.System.Threading.Tasks.Sources.IValueTaskSource<TResult>.GetResult(Int16 token)
   at Npgsql.NpgsqlDataReader.NextResult(Boolean async, Boolean isConsuming, CancellationToken cancellationToken)
   at Npgsql.NpgsqlDataReader.NextResult(Boolean async, Boolean isConsuming, CancellationToken cancellationToken)
   at Npgsql.NpgsqlCommand.ExecuteReader(Boolean async, CommandBehavior behavior, CancellationToken cancellationToken)
   at Npgsql.NpgsqlCommand.ExecuteReader(Boolean async, CommandBehavior behavior, CancellationToken cancellationToken)
   at Npgsql.NpgsqlCommand.ExecuteDbDataReaderAsync(CommandBehavior behavior, CancellationToken cancellationToken)
   at Microsoft.EntityFrameworkCore.Storage.RelationalCommand.ExecuteReaderAsync(RelationalCommandParameterObject parameterObject, CancellationToken cancellationToken)
   at Microsoft.EntityFrameworkCore.Storage.RelationalCommand.ExecuteReaderAsync(RelationalCommandParameterObject parameterObject, CancellationToken cancellationToken)
   at Microsoft.EntityFrameworkCore.Query.Internal.SingleQueryingEnumerable`1.AsyncEnumerator.InitializeReaderAsync(AsyncEnumerator enumerator, CancellationToken cancellationToken)
   at Npgsql.EntityFrameworkCore.PostgreSQL.Storage.Internal.NpgsqlExecutionStrategy.ExecuteAsync[TState,TResult](TState state, Func`4 operation, Func`4 verifySucceeded, CancellationToken cancellationToken)
   at Microsoft.EntityFrameworkCore.Query.Internal.SingleQueryingEnumerable`1.AsyncEnumerator.MoveNextAsync()
  Exception data:
    Severity: ERROR
    SqlState: 42P01
    MessageText: relation "Authors" does not exist
    Position: 31
    File: parse_relation.c
    Line: 1452
    Routine: parserOpenTable
2025-11-16 19:02:48.503 +02:00 [INF] Executed action CatalogService.Api.Controllers.BooksController.GetAll (CatalogService.Api) in 2181.2364ms
2025-11-16 19:02:48.505 +02:00 [INF] Executed action CatalogService.Api.Controllers.GenresController.GetAll (CatalogService.Api) in 2184.6935ms
2025-11-16 19:02:48.521 +02:00 [INF] Executed action CatalogService.Api.Controllers.AuthorsController.GetAll (CatalogService.Api) in 2196.315ms
2025-11-16 19:02:48.527 +02:00 [INF] Executed endpoint 'CatalogService.Api.Controllers.BooksController.GetAll (CatalogService.Api)'
2025-11-16 19:02:48.529 +02:00 [INF] Executed endpoint 'CatalogService.Api.Controllers.GenresController.GetAll (CatalogService.Api)'
2025-11-16 19:02:48.531 +02:00 [INF] Executed endpoint 'CatalogService.Api.Controllers.AuthorsController.GetAll (CatalogService.Api)'
2025-11-16 19:02:48.586 +02:00 [ERR] An unhandled exception has occurred while executing the request.
Npgsql.PostgresException (0x80004005): 42P01: relation "Genres" does not exist

POSITION: 31
   at Npgsql.Internal.NpgsqlConnector.ReadMessageLong(Boolean async, DataRowLoadingMode dataRowLoadingMode, Boolean readingNotifications, Boolean isReadingPrependedMessage)
   at System.Runtime.CompilerServices.PoolingAsyncValueTaskMethodBuilder`1.StateMachineBox`1.System.Threading.Tasks.Sources.IValueTaskSource<TResult>.GetResult(Int16 token)
   at Npgsql.NpgsqlDataReader.NextResult(Boolean async, Boolean isConsuming, CancellationToken cancellationToken)
   at Npgsql.NpgsqlDataReader.NextResult(Boolean async, Boolean isConsuming, CancellationToken cancellationToken)
   at Npgsql.NpgsqlCommand.ExecuteReader(Boolean async, CommandBehavior behavior, CancellationToken cancellationToken)
   at Npgsql.NpgsqlCommand.ExecuteReader(Boolean async, CommandBehavior behavior, CancellationToken cancellationToken)
   at Npgsql.NpgsqlCommand.ExecuteDbDataReaderAsync(CommandBehavior behavior, CancellationToken cancellationToken)
   at Microsoft.EntityFrameworkCore.Storage.RelationalCommand.ExecuteReaderAsync(RelationalCommandParameterObject parameterObject, CancellationToken cancellationToken)
   at Microsoft.EntityFrameworkCore.Storage.RelationalCommand.ExecuteReaderAsync(RelationalCommandParameterObject parameterObject, CancellationToken cancellationToken)
   at Microsoft.EntityFrameworkCore.Query.Internal.SingleQueryingEnumerable`1.AsyncEnumerator.InitializeReaderAsync(AsyncEnumerator enumerator, CancellationToken cancellationToken)
   at Npgsql.EntityFrameworkCore.PostgreSQL.Storage.Internal.NpgsqlExecutionStrategy.ExecuteAsync[TState,TResult](TState state, Func`4 operation, Func`4 verifySucceeded, CancellationToken cancellationToken)
   at Microsoft.EntityFrameworkCore.Query.Internal.SingleQueryingEnumerable`1.AsyncEnumerator.MoveNextAsync()
   at Microsoft.EntityFrameworkCore.EntityFrameworkQueryableExtensions.ToListAsync[TSource](IQueryable`1 source, CancellationToken cancellationToken)
   at Microsoft.EntityFrameworkCore.EntityFrameworkQueryableExtensions.ToListAsync[TSource](IQueryable`1 source, CancellationToken cancellationToken)
   at CatalogService.Dal.Repositories.GenericRepository`1.GetAllAsync() in C:\Users\Admin\Documents\projects\LibrarySystem\CatalogService\CatalogService.Dal\Repositories\GenericRepository.cs:line 10
   at CatalogService.Bll.Services.GenreService.GetAllAsync() in C:\Users\Admin\Documents\projects\LibrarySystem\CatalogService\CatalogService.Bll\Services\GenreService.cs:line 21
   at CatalogService.Api.Controllers.GenresController.GetAll() in C:\Users\Admin\Documents\projects\LibrarySystem\CatalogService\CatalogService.Api\Controllers\GenresController.cs:line 16
   at Microsoft.AspNetCore.Mvc.Infrastructure.ActionMethodExecutor.TaskOfIActionResultExecutor.Execute(ActionContext actionContext, IActionResultTypeMapper mapper, ObjectMethodExecutor executor, Object controller, Object[] arguments)
   at Microsoft.AspNetCore.Mvc.Infrastructure.ControllerActionInvoker.<InvokeActionMethodAsync>g__Awaited|12_0(ControllerActionInvoker invoker, ValueTask`1 actionResultValueTask)
   at Microsoft.AspNetCore.Mvc.Infrastructure.ControllerActionInvoker.<InvokeNextActionFilterAsync>g__Awaited|10_0(ControllerActionInvoker invoker, Task lastTask, State next, Scope scope, Object state, Boolean isCompleted)
   at Microsoft.AspNetCore.Mvc.Infrastructure.ControllerActionInvoker.Rethrow(ActionExecutedContextSealed context)
   at Microsoft.AspNetCore.Mvc.Infrastructure.ControllerActionInvoker.Next(State& next, Scope& scope, Object& state, Boolean& isCompleted)
   at Microsoft.AspNetCore.Mvc.Infrastructure.ControllerActionInvoker.<InvokeInnerFilterAsync>g__Awaited|13_0(ControllerActionInvoker invoker, Task lastTask, State next, Scope scope, Object state, Boolean isCompleted)
   at Microsoft.AspNetCore.Mvc.Infrastructure.ResourceInvoker.<InvokeFilterPipelineAsync>g__Awaited|20_0(ResourceInvoker invoker, Task lastTask, State next, Scope scope, Object state, Boolean isCompleted)
   at Microsoft.AspNetCore.Mvc.Infrastructure.ResourceInvoker.<InvokeAsync>g__Logged|17_1(ResourceInvoker invoker)
   at Microsoft.AspNetCore.Mvc.Infrastructure.ResourceInvoker.<InvokeAsync>g__Logged|17_1(ResourceInvoker invoker)
   at Microsoft.AspNetCore.Routing.EndpointMiddleware.<Invoke>g__AwaitRequestTask|7_0(Endpoint endpoint, Task requestTask, ILogger logger)
   at Swashbuckle.AspNetCore.SwaggerUI.SwaggerUIMiddleware.Invoke(HttpContext httpContext)
   at Swashbuckle.AspNetCore.Swagger.SwaggerMiddleware.Invoke(HttpContext httpContext, ISwaggerProvider swaggerProvider)
   at Hellang.Middleware.ProblemDetails.ProblemDetailsMiddleware.Invoke(HttpContext context)
  Exception data:
    Severity: ERROR
    SqlState: 42P01
    MessageText: relation "Genres" does not exist
    Position: 31
    File: parse_relation.c
    Line: 1452
    Routine: parserOpenTable
2025-11-16 19:02:48.586 +02:00 [ERR] An unhandled exception has occurred while executing the request.
Npgsql.PostgresException (0x80004005): 42P01: relation "Books" does not exist

POSITION: 95
   at Npgsql.Internal.NpgsqlConnector.ReadMessageLong(Boolean async, DataRowLoadingMode dataRowLoadingMode, Boolean readingNotifications, Boolean isReadingPrependedMessage)
   at System.Runtime.CompilerServices.PoolingAsyncValueTaskMethodBuilder`1.StateMachineBox`1.System.Threading.Tasks.Sources.IValueTaskSource<TResult>.GetResult(Int16 token)
   at Npgsql.NpgsqlDataReader.NextResult(Boolean async, Boolean isConsuming, CancellationToken cancellationToken)
   at Npgsql.NpgsqlDataReader.NextResult(Boolean async, Boolean isConsuming, CancellationToken cancellationToken)
   at Npgsql.NpgsqlCommand.ExecuteReader(Boolean async, CommandBehavior behavior, CancellationToken cancellationToken)
   at Npgsql.NpgsqlCommand.ExecuteReader(Boolean async, CommandBehavior behavior, CancellationToken cancellationToken)
   at Npgsql.NpgsqlCommand.ExecuteDbDataReaderAsync(CommandBehavior behavior, CancellationToken cancellationToken)
   at Microsoft.EntityFrameworkCore.Storage.RelationalCommand.ExecuteReaderAsync(RelationalCommandParameterObject parameterObject, CancellationToken cancellationToken)
   at Microsoft.EntityFrameworkCore.Storage.RelationalCommand.ExecuteReaderAsync(RelationalCommandParameterObject parameterObject, CancellationToken cancellationToken)
   at Microsoft.EntityFrameworkCore.Query.Internal.SingleQueryingEnumerable`1.AsyncEnumerator.InitializeReaderAsync(AsyncEnumerator enumerator, CancellationToken cancellationToken)
   at Npgsql.EntityFrameworkCore.PostgreSQL.Storage.Internal.NpgsqlExecutionStrategy.ExecuteAsync[TState,TResult](TState state, Func`4 operation, Func`4 verifySucceeded, CancellationToken cancellationToken)
   at Microsoft.EntityFrameworkCore.Query.Internal.SingleQueryingEnumerable`1.AsyncEnumerator.MoveNextAsync()
   at Microsoft.EntityFrameworkCore.EntityFrameworkQueryableExtensions.ToListAsync[TSource](IQueryable`1 source, CancellationToken cancellationToken)
   at Microsoft.EntityFrameworkCore.EntityFrameworkQueryableExtensions.ToListAsync[TSource](IQueryable`1 source, CancellationToken cancellationToken)
   at CatalogService.Bll.Services.BookService.GetAllAsync() in C:\Users\Admin\Documents\projects\LibrarySystem\CatalogService\CatalogService.Bll\Services\BookService.cs:line 24
   at CatalogService.Api.Controllers.BooksController.GetAll() in C:\Users\Admin\Documents\projects\LibrarySystem\CatalogService\CatalogService.Api\Controllers\BooksController.cs:line 16
   at Microsoft.AspNetCore.Mvc.Infrastructure.ActionMethodExecutor.TaskOfIActionResultExecutor.Execute(ActionContext actionContext, IActionResultTypeMapper mapper, ObjectMethodExecutor executor, Object controller, Object[] arguments)
   at Microsoft.AspNetCore.Mvc.Infrastructure.ControllerActionInvoker.<InvokeActionMethodAsync>g__Awaited|12_0(ControllerActionInvoker invoker, ValueTask`1 actionResultValueTask)
   at Microsoft.AspNetCore.Mvc.Infrastructure.ControllerActionInvoker.<InvokeNextActionFilterAsync>g__Awaited|10_0(ControllerActionInvoker invoker, Task lastTask, State next, Scope scope, Object state, Boolean isCompleted)
   at Microsoft.AspNetCore.Mvc.Infrastructure.ControllerActionInvoker.Rethrow(ActionExecutedContextSealed context)
   at Microsoft.AspNetCore.Mvc.Infrastructure.ControllerActionInvoker.Next(State& next, Scope& scope, Object& state, Boolean& isCompleted)
   at Microsoft.AspNetCore.Mvc.Infrastructure.ControllerActionInvoker.<InvokeInnerFilterAsync>g__Awaited|13_0(ControllerActionInvoker invoker, Task lastTask, State next, Scope scope, Object state, Boolean isCompleted)
   at Microsoft.AspNetCore.Mvc.Infrastructure.ResourceInvoker.<InvokeFilterPipelineAsync>g__Awaited|20_0(ResourceInvoker invoker, Task lastTask, State next, Scope scope, Object state, Boolean isCompleted)
   at Microsoft.AspNetCore.Mvc.Infrastructure.ResourceInvoker.<InvokeAsync>g__Logged|17_1(ResourceInvoker invoker)
   at Microsoft.AspNetCore.Mvc.Infrastructure.ResourceInvoker.<InvokeAsync>g__Logged|17_1(ResourceInvoker invoker)
   at Microsoft.AspNetCore.Routing.EndpointMiddleware.<Invoke>g__AwaitRequestTask|7_0(Endpoint endpoint, Task requestTask, ILogger logger)
   at Swashbuckle.AspNetCore.SwaggerUI.SwaggerUIMiddleware.Invoke(HttpContext httpContext)
   at Swashbuckle.AspNetCore.Swagger.SwaggerMiddleware.Invoke(HttpContext httpContext, ISwaggerProvider swaggerProvider)
   at Hellang.Middleware.ProblemDetails.ProblemDetailsMiddleware.Invoke(HttpContext context)
  Exception data:
    Severity: ERROR
    SqlState: 42P01
    MessageText: relation "Books" does not exist
    Position: 95
    File: parse_relation.c
    Line: 1452
    Routine: parserOpenTable
2025-11-16 19:02:48.586 +02:00 [ERR] An unhandled exception has occurred while executing the request.
Npgsql.PostgresException (0x80004005): 42P01: relation "Authors" does not exist

POSITION: 31
   at Npgsql.Internal.NpgsqlConnector.ReadMessageLong(Boolean async, DataRowLoadingMode dataRowLoadingMode, Boolean readingNotifications, Boolean isReadingPrependedMessage)
   at System.Runtime.CompilerServices.PoolingAsyncValueTaskMethodBuilder`1.StateMachineBox`1.System.Threading.Tasks.Sources.IValueTaskSource<TResult>.GetResult(Int16 token)
   at Npgsql.NpgsqlDataReader.NextResult(Boolean async, Boolean isConsuming, CancellationToken cancellationToken)
   at Npgsql.NpgsqlDataReader.NextResult(Boolean async, Boolean isConsuming, CancellationToken cancellationToken)
   at Npgsql.NpgsqlCommand.ExecuteReader(Boolean async, CommandBehavior behavior, CancellationToken cancellationToken)
   at Npgsql.NpgsqlCommand.ExecuteReader(Boolean async, CommandBehavior behavior, CancellationToken cancellationToken)
   at Npgsql.NpgsqlCommand.ExecuteDbDataReaderAsync(CommandBehavior behavior, CancellationToken cancellationToken)
   at Microsoft.EntityFrameworkCore.Storage.RelationalCommand.ExecuteReaderAsync(RelationalCommandParameterObject parameterObject, CancellationToken cancellationToken)
   at Microsoft.EntityFrameworkCore.Storage.RelationalCommand.ExecuteReaderAsync(RelationalCommandParameterObject parameterObject, CancellationToken cancellationToken)
   at Microsoft.EntityFrameworkCore.Query.Internal.SingleQueryingEnumerable`1.AsyncEnumerator.InitializeReaderAsync(AsyncEnumerator enumerator, CancellationToken cancellationToken)
   at Npgsql.EntityFrameworkCore.PostgreSQL.Storage.Internal.NpgsqlExecutionStrategy.ExecuteAsync[TState,TResult](TState state, Func`4 operation, Func`4 verifySucceeded, CancellationToken cancellationToken)
   at Microsoft.EntityFrameworkCore.Query.Internal.SingleQueryingEnumerable`1.AsyncEnumerator.MoveNextAsync()
   at Microsoft.EntityFrameworkCore.EntityFrameworkQueryableExtensions.ToListAsync[TSource](IQueryable`1 source, CancellationToken cancellationToken)
   at Microsoft.EntityFrameworkCore.EntityFrameworkQueryableExtensions.ToListAsync[TSource](IQueryable`1 source, CancellationToken cancellationToken)
   at CatalogService.Dal.Repositories.GenericRepository`1.GetAllAsync() in C:\Users\Admin\Documents\projects\LibrarySystem\CatalogService\CatalogService.Dal\Repositories\GenericRepository.cs:line 10
   at CatalogService.Bll.Services.AuthorService.GetAllAsync() in C:\Users\Admin\Documents\projects\LibrarySystem\CatalogService\CatalogService.Bll\Services\AuthorService.cs:line 21
   at CatalogService.Api.Controllers.AuthorsController.GetAll() in C:\Users\Admin\Documents\projects\LibrarySystem\CatalogService\CatalogService.Api\Controllers\AuthorsController.cs:line 16
   at Microsoft.AspNetCore.Mvc.Infrastructure.ActionMethodExecutor.TaskOfIActionResultExecutor.Execute(ActionContext actionContext, IActionResultTypeMapper mapper, ObjectMethodExecutor executor, Object controller, Object[] arguments)
   at Microsoft.AspNetCore.Mvc.Infrastructure.ControllerActionInvoker.<InvokeActionMethodAsync>g__Awaited|12_0(ControllerActionInvoker invoker, ValueTask`1 actionResultValueTask)
   at Microsoft.AspNetCore.Mvc.Infrastructure.ControllerActionInvoker.<InvokeNextActionFilterAsync>g__Awaited|10_0(ControllerActionInvoker invoker, Task lastTask, State next, Scope scope, Object state, Boolean isCompleted)
   at Microsoft.AspNetCore.Mvc.Infrastructure.ControllerActionInvoker.Rethrow(ActionExecutedContextSealed context)
   at Microsoft.AspNetCore.Mvc.Infrastructure.ControllerActionInvoker.Next(State& next, Scope& scope, Object& state, Boolean& isCompleted)
   at Microsoft.AspNetCore.Mvc.Infrastructure.ControllerActionInvoker.<InvokeInnerFilterAsync>g__Awaited|13_0(ControllerActionInvoker invoker, Task lastTask, State next, Scope scope, Object state, Boolean isCompleted)
   at Microsoft.AspNetCore.Mvc.Infrastructure.ResourceInvoker.<InvokeFilterPipelineAsync>g__Awaited|20_0(ResourceInvoker invoker, Task lastTask, State next, Scope scope, Object state, Boolean isCompleted)
   at Microsoft.AspNetCore.Mvc.Infrastructure.ResourceInvoker.<InvokeAsync>g__Logged|17_1(ResourceInvoker invoker)
   at Microsoft.AspNetCore.Mvc.Infrastructure.ResourceInvoker.<InvokeAsync>g__Logged|17_1(ResourceInvoker invoker)
   at Microsoft.AspNetCore.Routing.EndpointMiddleware.<Invoke>g__AwaitRequestTask|7_0(Endpoint endpoint, Task requestTask, ILogger logger)
   at Swashbuckle.AspNetCore.SwaggerUI.SwaggerUIMiddleware.Invoke(HttpContext httpContext)
   at Swashbuckle.AspNetCore.Swagger.SwaggerMiddleware.Invoke(HttpContext httpContext, ISwaggerProvider swaggerProvider)
   at Hellang.Middleware.ProblemDetails.ProblemDetailsMiddleware.Invoke(HttpContext context)
  Exception data:
    Severity: ERROR
    SqlState: 42P01
    MessageText: relation "Authors" does not exist
    Position: 31
    File: parse_relation.c
    Line: 1452
    Routine: parserOpenTable
2025-11-16 19:02:48.624 +02:00 [INF] Executing ObjectResult, writing value of type 'Microsoft.AspNetCore.Mvc.ProblemDetails'.
2025-11-16 19:02:48.636 +02:00 [INF] Executing ObjectResult, writing value of type 'Microsoft.AspNetCore.Mvc.ProblemDetails'.
2025-11-16 19:02:48.652 +02:00 [INF] Executing ObjectResult, writing value of type 'Microsoft.AspNetCore.Mvc.ProblemDetails'.
2025-11-16 19:02:48.732 +02:00 [INF] Request finished HTTP/1.1 GET http://localhost:5180/api/authors - 500 null application/problem+json; charset=utf-8 2497.282ms
2025-11-16 19:02:48.732 +02:00 [INF] Request finished HTTP/1.1 GET http://localhost:5180/api/books - 500 null application/problem+json; charset=utf-8 2497.2377ms
2025-11-16 19:02:48.732 +02:00 [INF] Request finished HTTP/1.1 GET http://localhost:5180/api/genres - 500 null application/problem+json; charset=utf-8 2497.275ms
2025-11-16 19:02:48.733 +02:00 [INF] Request starting HTTP/1.1 GET http://localhost:5180/api/authors - null null
2025-11-16 19:02:48.735 +02:00 [INF] Request starting HTTP/1.1 GET http://localhost:5180/api/genres - null null
2025-11-16 19:02:48.735 +02:00 [INF] Request starting HTTP/1.1 GET http://localhost:5180/api/books - null null
2025-11-16 19:02:48.758 +02:00 [INF] Executing endpoint 'CatalogService.Api.Controllers.AuthorsController.GetAll (CatalogService.Api)'
2025-11-16 19:02:48.760 +02:00 [INF] Executing endpoint 'CatalogService.Api.Controllers.GenresController.GetAll (CatalogService.Api)'
2025-11-16 19:02:48.765 +02:00 [INF] Executing endpoint 'CatalogService.Api.Controllers.BooksController.GetAll (CatalogService.Api)'
2025-11-16 19:02:48.767 +02:00 [INF] Route matched with {action = "GetAll", controller = "Authors"}. Executing controller action with signature System.Threading.Tasks.Task`1[Microsoft.AspNetCore.Mvc.IActionResult] GetAll() on controller CatalogService.Api.Controllers.AuthorsController (CatalogService.Api).
2025-11-16 19:02:48.770 +02:00 [INF] Route matched with {action = "GetAll", controller = "Genres"}. Executing controller action with signature System.Threading.Tasks.Task`1[Microsoft.AspNetCore.Mvc.IActionResult] GetAll() on controller CatalogService.Api.Controllers.GenresController (CatalogService.Api).
2025-11-16 19:02:48.772 +02:00 [INF] Route matched with {action = "GetAll", controller = "Books"}. Executing controller action with signature System.Threading.Tasks.Task`1[Microsoft.AspNetCore.Mvc.IActionResult] GetAll() on controller CatalogService.Api.Controllers.BooksController (CatalogService.Api).
2025-11-16 19:02:48.905 +02:00 [ERR] Failed executing DbCommand (8ms) [Parameters=[], CommandType='"Text"', CommandTimeout='30']
SELECT g."Id", g."Name"
FROM "Genres" AS g
2025-11-16 19:02:48.905 +02:00 [ERR] Failed executing DbCommand (8ms) [Parameters=[], CommandType='"Text"', CommandTimeout='30']
SELECT a."Id", a."Name"
FROM "Authors" AS a
2025-11-16 19:02:48.905 +02:00 [ERR] Failed executing DbCommand (4ms) [Parameters=[], CommandType='"Text"', CommandTimeout='30']
SELECT b."Id", b."AuthorId", b."GenreId", b."Title", a."Id", a."Name", g."Id", g."Name"
FROM "Books" AS b
INNER JOIN "Authors" AS a ON b."AuthorId" = a."Id"
INNER JOIN "Genres" AS g ON b."GenreId" = g."Id"
2025-11-16 19:02:48.917 +02:00 [ERR] An exception occurred while iterating over the results of a query for context type 'CatalogService.Dal.CatalogDbContext'.
Npgsql.PostgresException (0x80004005): 42P01: relation "Genres" does not exist

POSITION: 31
   at Npgsql.Internal.NpgsqlConnector.ReadMessageLong(Boolean async, DataRowLoadingMode dataRowLoadingMode, Boolean readingNotifications, Boolean isReadingPrependedMessage)
   at System.Runtime.CompilerServices.PoolingAsyncValueTaskMethodBuilder`1.StateMachineBox`1.System.Threading.Tasks.Sources.IValueTaskSource<TResult>.GetResult(Int16 token)
   at Npgsql.NpgsqlDataReader.NextResult(Boolean async, Boolean isConsuming, CancellationToken cancellationToken)
   at Npgsql.NpgsqlDataReader.NextResult(Boolean async, Boolean isConsuming, CancellationToken cancellationToken)
   at Npgsql.NpgsqlCommand.ExecuteReader(Boolean async, CommandBehavior behavior, CancellationToken cancellationToken)
   at Npgsql.NpgsqlCommand.ExecuteReader(Boolean async, CommandBehavior behavior, CancellationToken cancellationToken)
   at Npgsql.NpgsqlCommand.ExecuteDbDataReaderAsync(CommandBehavior behavior, CancellationToken cancellationToken)
   at Microsoft.EntityFrameworkCore.Storage.RelationalCommand.ExecuteReaderAsync(RelationalCommandParameterObject parameterObject, CancellationToken cancellationToken)
   at Microsoft.EntityFrameworkCore.Storage.RelationalCommand.ExecuteReaderAsync(RelationalCommandParameterObject parameterObject, CancellationToken cancellationToken)
   at Microsoft.EntityFrameworkCore.Query.Internal.SingleQueryingEnumerable`1.AsyncEnumerator.InitializeReaderAsync(AsyncEnumerator enumerator, CancellationToken cancellationToken)
   at Npgsql.EntityFrameworkCore.PostgreSQL.Storage.Internal.NpgsqlExecutionStrategy.ExecuteAsync[TState,TResult](TState state, Func`4 operation, Func`4 verifySucceeded, CancellationToken cancellationToken)
   at Microsoft.EntityFrameworkCore.Query.Internal.SingleQueryingEnumerable`1.AsyncEnumerator.MoveNextAsync()
  Exception data:
    Severity: ERROR
    SqlState: 42P01
    MessageText: relation "Genres" does not exist
    Position: 31
    File: parse_relation.c
    Line: 1452
    Routine: parserOpenTable
Npgsql.PostgresException (0x80004005): 42P01: relation "Genres" does not exist

POSITION: 31
   at Npgsql.Internal.NpgsqlConnector.ReadMessageLong(Boolean async, DataRowLoadingMode dataRowLoadingMode, Boolean readingNotifications, Boolean isReadingPrependedMessage)
   at System.Runtime.CompilerServices.PoolingAsyncValueTaskMethodBuilder`1.StateMachineBox`1.System.Threading.Tasks.Sources.IValueTaskSource<TResult>.GetResult(Int16 token)
   at Npgsql.NpgsqlDataReader.NextResult(Boolean async, Boolean isConsuming, CancellationToken cancellationToken)
   at Npgsql.NpgsqlDataReader.NextResult(Boolean async, Boolean isConsuming, CancellationToken cancellationToken)
   at Npgsql.NpgsqlCommand.ExecuteReader(Boolean async, CommandBehavior behavior, CancellationToken cancellationToken)
   at Npgsql.NpgsqlCommand.ExecuteReader(Boolean async, CommandBehavior behavior, CancellationToken cancellationToken)
   at Npgsql.NpgsqlCommand.ExecuteDbDataReaderAsync(CommandBehavior behavior, CancellationToken cancellationToken)
   at Microsoft.EntityFrameworkCore.Storage.RelationalCommand.ExecuteReaderAsync(RelationalCommandParameterObject parameterObject, CancellationToken cancellationToken)
   at Microsoft.EntityFrameworkCore.Storage.RelationalCommand.ExecuteReaderAsync(RelationalCommandParameterObject parameterObject, CancellationToken cancellationToken)
   at Microsoft.EntityFrameworkCore.Query.Internal.SingleQueryingEnumerable`1.AsyncEnumerator.InitializeReaderAsync(AsyncEnumerator enumerator, CancellationToken cancellationToken)
   at Npgsql.EntityFrameworkCore.PostgreSQL.Storage.Internal.NpgsqlExecutionStrategy.ExecuteAsync[TState,TResult](TState state, Func`4 operation, Func`4 verifySucceeded, CancellationToken cancellationToken)
   at Microsoft.EntityFrameworkCore.Query.Internal.SingleQueryingEnumerable`1.AsyncEnumerator.MoveNextAsync()
  Exception data:
    Severity: ERROR
    SqlState: 42P01
    MessageText: relation "Genres" does not exist
    Position: 31
    File: parse_relation.c
    Line: 1452
    Routine: parserOpenTable
2025-11-16 19:02:48.923 +02:00 [ERR] An exception occurred while iterating over the results of a query for context type 'CatalogService.Dal.CatalogDbContext'.
Npgsql.PostgresException (0x80004005): 42P01: relation "Authors" does not exist

POSITION: 31
   at Npgsql.Internal.NpgsqlConnector.ReadMessageLong(Boolean async, DataRowLoadingMode dataRowLoadingMode, Boolean readingNotifications, Boolean isReadingPrependedMessage)
   at System.Runtime.CompilerServices.PoolingAsyncValueTaskMethodBuilder`1.StateMachineBox`1.System.Threading.Tasks.Sources.IValueTaskSource<TResult>.GetResult(Int16 token)
   at Npgsql.NpgsqlDataReader.NextResult(Boolean async, Boolean isConsuming, CancellationToken cancellationToken)
   at Npgsql.NpgsqlDataReader.NextResult(Boolean async, Boolean isConsuming, CancellationToken cancellationToken)
   at Npgsql.NpgsqlCommand.ExecuteReader(Boolean async, CommandBehavior behavior, CancellationToken cancellationToken)
   at Npgsql.NpgsqlCommand.ExecuteReader(Boolean async, CommandBehavior behavior, CancellationToken cancellationToken)
   at Npgsql.NpgsqlCommand.ExecuteDbDataReaderAsync(CommandBehavior behavior, CancellationToken cancellationToken)
   at Microsoft.EntityFrameworkCore.Storage.RelationalCommand.ExecuteReaderAsync(RelationalCommandParameterObject parameterObject, CancellationToken cancellationToken)
   at Microsoft.EntityFrameworkCore.Storage.RelationalCommand.ExecuteReaderAsync(RelationalCommandParameterObject parameterObject, CancellationToken cancellationToken)
   at Microsoft.EntityFrameworkCore.Query.Internal.SingleQueryingEnumerable`1.AsyncEnumerator.InitializeReaderAsync(AsyncEnumerator enumerator, CancellationToken cancellationToken)
   at Npgsql.EntityFrameworkCore.PostgreSQL.Storage.Internal.NpgsqlExecutionStrategy.ExecuteAsync[TState,TResult](TState state, Func`4 operation, Func`4 verifySucceeded, CancellationToken cancellationToken)
   at Microsoft.EntityFrameworkCore.Query.Internal.SingleQueryingEnumerable`1.AsyncEnumerator.MoveNextAsync()
  Exception data:
    Severity: ERROR
    SqlState: 42P01
    MessageText: relation "Authors" does not exist
    Position: 31
    File: parse_relation.c
    Line: 1452
    Routine: parserOpenTable
Npgsql.PostgresException (0x80004005): 42P01: relation "Authors" does not exist

POSITION: 31
   at Npgsql.Internal.NpgsqlConnector.ReadMessageLong(Boolean async, DataRowLoadingMode dataRowLoadingMode, Boolean readingNotifications, Boolean isReadingPrependedMessage)
   at System.Runtime.CompilerServices.PoolingAsyncValueTaskMethodBuilder`1.StateMachineBox`1.System.Threading.Tasks.Sources.IValueTaskSource<TResult>.GetResult(Int16 token)
   at Npgsql.NpgsqlDataReader.NextResult(Boolean async, Boolean isConsuming, CancellationToken cancellationToken)
   at Npgsql.NpgsqlDataReader.NextResult(Boolean async, Boolean isConsuming, CancellationToken cancellationToken)
   at Npgsql.NpgsqlCommand.ExecuteReader(Boolean async, CommandBehavior behavior, CancellationToken cancellationToken)
   at Npgsql.NpgsqlCommand.ExecuteReader(Boolean async, CommandBehavior behavior, CancellationToken cancellationToken)
   at Npgsql.NpgsqlCommand.ExecuteDbDataReaderAsync(CommandBehavior behavior, CancellationToken cancellationToken)
   at Microsoft.EntityFrameworkCore.Storage.RelationalCommand.ExecuteReaderAsync(RelationalCommandParameterObject parameterObject, CancellationToken cancellationToken)
   at Microsoft.EntityFrameworkCore.Storage.RelationalCommand.ExecuteReaderAsync(RelationalCommandParameterObject parameterObject, CancellationToken cancellationToken)
   at Microsoft.EntityFrameworkCore.Query.Internal.SingleQueryingEnumerable`1.AsyncEnumerator.InitializeReaderAsync(AsyncEnumerator enumerator, CancellationToken cancellationToken)
   at Npgsql.EntityFrameworkCore.PostgreSQL.Storage.Internal.NpgsqlExecutionStrategy.ExecuteAsync[TState,TResult](TState state, Func`4 operation, Func`4 verifySucceeded, CancellationToken cancellationToken)
   at Microsoft.EntityFrameworkCore.Query.Internal.SingleQueryingEnumerable`1.AsyncEnumerator.MoveNextAsync()
  Exception data:
    Severity: ERROR
    SqlState: 42P01
    MessageText: relation "Authors" does not exist
    Position: 31
    File: parse_relation.c
    Line: 1452
    Routine: parserOpenTable
2025-11-16 19:02:48.930 +02:00 [ERR] An exception occurred while iterating over the results of a query for context type 'CatalogService.Dal.CatalogDbContext'.
Npgsql.PostgresException (0x80004005): 42P01: relation "Books" does not exist

POSITION: 95
   at Npgsql.Internal.NpgsqlConnector.ReadMessageLong(Boolean async, DataRowLoadingMode dataRowLoadingMode, Boolean readingNotifications, Boolean isReadingPrependedMessage)
   at System.Runtime.CompilerServices.PoolingAsyncValueTaskMethodBuilder`1.StateMachineBox`1.System.Threading.Tasks.Sources.IValueTaskSource<TResult>.GetResult(Int16 token)
   at Npgsql.NpgsqlDataReader.NextResult(Boolean async, Boolean isConsuming, CancellationToken cancellationToken)
   at Npgsql.NpgsqlDataReader.NextResult(Boolean async, Boolean isConsuming, CancellationToken cancellationToken)
   at Npgsql.NpgsqlCommand.ExecuteReader(Boolean async, CommandBehavior behavior, CancellationToken cancellationToken)
   at Npgsql.NpgsqlCommand.ExecuteReader(Boolean async, CommandBehavior behavior, CancellationToken cancellationToken)
   at Npgsql.NpgsqlCommand.ExecuteDbDataReaderAsync(CommandBehavior behavior, CancellationToken cancellationToken)
   at Microsoft.EntityFrameworkCore.Storage.RelationalCommand.ExecuteReaderAsync(RelationalCommandParameterObject parameterObject, CancellationToken cancellationToken)
   at Microsoft.EntityFrameworkCore.Storage.RelationalCommand.ExecuteReaderAsync(RelationalCommandParameterObject parameterObject, CancellationToken cancellationToken)
   at Microsoft.EntityFrameworkCore.Query.Internal.SingleQueryingEnumerable`1.AsyncEnumerator.InitializeReaderAsync(AsyncEnumerator enumerator, CancellationToken cancellationToken)
   at Npgsql.EntityFrameworkCore.PostgreSQL.Storage.Internal.NpgsqlExecutionStrategy.ExecuteAsync[TState,TResult](TState state, Func`4 operation, Func`4 verifySucceeded, CancellationToken cancellationToken)
   at Microsoft.EntityFrameworkCore.Query.Internal.SingleQueryingEnumerable`1.AsyncEnumerator.MoveNextAsync()
  Exception data:
    Severity: ERROR
    SqlState: 42P01
    MessageText: relation "Books" does not exist
    Position: 95
    File: parse_relation.c
    Line: 1452
    Routine: parserOpenTable
Npgsql.PostgresException (0x80004005): 42P01: relation "Books" does not exist

POSITION: 95
   at Npgsql.Internal.NpgsqlConnector.ReadMessageLong(Boolean async, DataRowLoadingMode dataRowLoadingMode, Boolean readingNotifications, Boolean isReadingPrependedMessage)
   at System.Runtime.CompilerServices.PoolingAsyncValueTaskMethodBuilder`1.StateMachineBox`1.System.Threading.Tasks.Sources.IValueTaskSource<TResult>.GetResult(Int16 token)
   at Npgsql.NpgsqlDataReader.NextResult(Boolean async, Boolean isConsuming, CancellationToken cancellationToken)
   at Npgsql.NpgsqlDataReader.NextResult(Boolean async, Boolean isConsuming, CancellationToken cancellationToken)
   at Npgsql.NpgsqlCommand.ExecuteReader(Boolean async, CommandBehavior behavior, CancellationToken cancellationToken)
   at Npgsql.NpgsqlCommand.ExecuteReader(Boolean async, CommandBehavior behavior, CancellationToken cancellationToken)
   at Npgsql.NpgsqlCommand.ExecuteDbDataReaderAsync(CommandBehavior behavior, CancellationToken cancellationToken)
   at Microsoft.EntityFrameworkCore.Storage.RelationalCommand.ExecuteReaderAsync(RelationalCommandParameterObject parameterObject, CancellationToken cancellationToken)
   at Microsoft.EntityFrameworkCore.Storage.RelationalCommand.ExecuteReaderAsync(RelationalCommandParameterObject parameterObject, CancellationToken cancellationToken)
   at Microsoft.EntityFrameworkCore.Query.Internal.SingleQueryingEnumerable`1.AsyncEnumerator.InitializeReaderAsync(AsyncEnumerator enumerator, CancellationToken cancellationToken)
   at Npgsql.EntityFrameworkCore.PostgreSQL.Storage.Internal.NpgsqlExecutionStrategy.ExecuteAsync[TState,TResult](TState state, Func`4 operation, Func`4 verifySucceeded, CancellationToken cancellationToken)
   at Microsoft.EntityFrameworkCore.Query.Internal.SingleQueryingEnumerable`1.AsyncEnumerator.MoveNextAsync()
  Exception data:
    Severity: ERROR
    SqlState: 42P01
    MessageText: relation "Books" does not exist
    Position: 95
    File: parse_relation.c
    Line: 1452
    Routine: parserOpenTable
2025-11-16 19:02:48.949 +02:00 [INF] Executed action CatalogService.Api.Controllers.GenresController.GetAll (CatalogService.Api) in 169.751ms
2025-11-16 19:02:48.965 +02:00 [INF] Executed action CatalogService.Api.Controllers.AuthorsController.GetAll (CatalogService.Api) in 189.9248ms
2025-11-16 19:02:48.984 +02:00 [INF] Executed endpoint 'CatalogService.Api.Controllers.GenresController.GetAll (CatalogService.Api)'
2025-11-16 19:02:48.984 +02:00 [INF] Executed action CatalogService.Api.Controllers.BooksController.GetAll (CatalogService.Api) in 200.9093ms
2025-11-16 19:02:48.987 +02:00 [INF] Executed endpoint 'CatalogService.Api.Controllers.AuthorsController.GetAll (CatalogService.Api)'
2025-11-16 19:02:48.993 +02:00 [INF] Executed endpoint 'CatalogService.Api.Controllers.BooksController.GetAll (CatalogService.Api)'
2025-11-16 19:02:49.001 +02:00 [ERR] An unhandled exception has occurred while executing the request.
Npgsql.PostgresException (0x80004005): 42P01: relation "Genres" does not exist

POSITION: 31
   at Npgsql.Internal.NpgsqlConnector.ReadMessageLong(Boolean async, DataRowLoadingMode dataRowLoadingMode, Boolean readingNotifications, Boolean isReadingPrependedMessage)
   at System.Runtime.CompilerServices.PoolingAsyncValueTaskMethodBuilder`1.StateMachineBox`1.System.Threading.Tasks.Sources.IValueTaskSource<TResult>.GetResult(Int16 token)
   at Npgsql.NpgsqlDataReader.NextResult(Boolean async, Boolean isConsuming, CancellationToken cancellationToken)
   at Npgsql.NpgsqlDataReader.NextResult(Boolean async, Boolean isConsuming, CancellationToken cancellationToken)
   at Npgsql.NpgsqlCommand.ExecuteReader(Boolean async, CommandBehavior behavior, CancellationToken cancellationToken)
   at Npgsql.NpgsqlCommand.ExecuteReader(Boolean async, CommandBehavior behavior, CancellationToken cancellationToken)
   at Npgsql.NpgsqlCommand.ExecuteDbDataReaderAsync(CommandBehavior behavior, CancellationToken cancellationToken)
   at Microsoft.EntityFrameworkCore.Storage.RelationalCommand.ExecuteReaderAsync(RelationalCommandParameterObject parameterObject, CancellationToken cancellationToken)
   at Microsoft.EntityFrameworkCore.Storage.RelationalCommand.ExecuteReaderAsync(RelationalCommandParameterObject parameterObject, CancellationToken cancellationToken)
   at Microsoft.EntityFrameworkCore.Query.Internal.SingleQueryingEnumerable`1.AsyncEnumerator.InitializeReaderAsync(AsyncEnumerator enumerator, CancellationToken cancellationToken)
   at Npgsql.EntityFrameworkCore.PostgreSQL.Storage.Internal.NpgsqlExecutionStrategy.ExecuteAsync[TState,TResult](TState state, Func`4 operation, Func`4 verifySucceeded, CancellationToken cancellationToken)
   at Microsoft.EntityFrameworkCore.Query.Internal.SingleQueryingEnumerable`1.AsyncEnumerator.MoveNextAsync()
   at Microsoft.EntityFrameworkCore.EntityFrameworkQueryableExtensions.ToListAsync[TSource](IQueryable`1 source, CancellationToken cancellationToken)
   at Microsoft.EntityFrameworkCore.EntityFrameworkQueryableExtensions.ToListAsync[TSource](IQueryable`1 source, CancellationToken cancellationToken)
   at CatalogService.Dal.Repositories.GenericRepository`1.GetAllAsync() in C:\Users\Admin\Documents\projects\LibrarySystem\CatalogService\CatalogService.Dal\Repositories\GenericRepository.cs:line 10
   at CatalogService.Bll.Services.GenreService.GetAllAsync() in C:\Users\Admin\Documents\projects\LibrarySystem\CatalogService\CatalogService.Bll\Services\GenreService.cs:line 21
   at CatalogService.Api.Controllers.GenresController.GetAll() in C:\Users\Admin\Documents\projects\LibrarySystem\CatalogService\CatalogService.Api\Controllers\GenresController.cs:line 16
   at Microsoft.AspNetCore.Mvc.Infrastructure.ActionMethodExecutor.TaskOfIActionResultExecutor.Execute(ActionContext actionContext, IActionResultTypeMapper mapper, ObjectMethodExecutor executor, Object controller, Object[] arguments)
   at Microsoft.AspNetCore.Mvc.Infrastructure.ControllerActionInvoker.<InvokeActionMethodAsync>g__Awaited|12_0(ControllerActionInvoker invoker, ValueTask`1 actionResultValueTask)
   at Microsoft.AspNetCore.Mvc.Infrastructure.ControllerActionInvoker.<InvokeNextActionFilterAsync>g__Awaited|10_0(ControllerActionInvoker invoker, Task lastTask, State next, Scope scope, Object state, Boolean isCompleted)
   at Microsoft.AspNetCore.Mvc.Infrastructure.ControllerActionInvoker.Rethrow(ActionExecutedContextSealed context)
   at Microsoft.AspNetCore.Mvc.Infrastructure.ControllerActionInvoker.Next(State& next, Scope& scope, Object& state, Boolean& isCompleted)
   at Microsoft.AspNetCore.Mvc.Infrastructure.ControllerActionInvoker.<InvokeInnerFilterAsync>g__Awaited|13_0(ControllerActionInvoker invoker, Task lastTask, State next, Scope scope, Object state, Boolean isCompleted)
   at Microsoft.AspNetCore.Mvc.Infrastructure.ResourceInvoker.<InvokeFilterPipelineAsync>g__Awaited|20_0(ResourceInvoker invoker, Task lastTask, State next, Scope scope, Object state, Boolean isCompleted)
   at Microsoft.AspNetCore.Mvc.Infrastructure.ResourceInvoker.<InvokeAsync>g__Logged|17_1(ResourceInvoker invoker)
   at Microsoft.AspNetCore.Mvc.Infrastructure.ResourceInvoker.<InvokeAsync>g__Logged|17_1(ResourceInvoker invoker)
   at Microsoft.AspNetCore.Routing.EndpointMiddleware.<Invoke>g__AwaitRequestTask|7_0(Endpoint endpoint, Task requestTask, ILogger logger)
   at Swashbuckle.AspNetCore.SwaggerUI.SwaggerUIMiddleware.Invoke(HttpContext httpContext)
   at Swashbuckle.AspNetCore.Swagger.SwaggerMiddleware.Invoke(HttpContext httpContext, ISwaggerProvider swaggerProvider)
   at Hellang.Middleware.ProblemDetails.ProblemDetailsMiddleware.Invoke(HttpContext context)
  Exception data:
    Severity: ERROR
    SqlState: 42P01
    MessageText: relation "Genres" does not exist
    Position: 31
    File: parse_relation.c
    Line: 1452
    Routine: parserOpenTable
2025-11-16 19:02:49.006 +02:00 [ERR] An unhandled exception has occurred while executing the request.
Npgsql.PostgresException (0x80004005): 42P01: relation "Authors" does not exist

POSITION: 31
   at Npgsql.Internal.NpgsqlConnector.ReadMessageLong(Boolean async, DataRowLoadingMode dataRowLoadingMode, Boolean readingNotifications, Boolean isReadingPrependedMessage)
   at System.Runtime.CompilerServices.PoolingAsyncValueTaskMethodBuilder`1.StateMachineBox`1.System.Threading.Tasks.Sources.IValueTaskSource<TResult>.GetResult(Int16 token)
   at Npgsql.NpgsqlDataReader.NextResult(Boolean async, Boolean isConsuming, CancellationToken cancellationToken)
   at Npgsql.NpgsqlDataReader.NextResult(Boolean async, Boolean isConsuming, CancellationToken cancellationToken)
   at Npgsql.NpgsqlCommand.ExecuteReader(Boolean async, CommandBehavior behavior, CancellationToken cancellationToken)
   at Npgsql.NpgsqlCommand.ExecuteReader(Boolean async, CommandBehavior behavior, CancellationToken cancellationToken)
   at Npgsql.NpgsqlCommand.ExecuteDbDataReaderAsync(CommandBehavior behavior, CancellationToken cancellationToken)
   at Microsoft.EntityFrameworkCore.Storage.RelationalCommand.ExecuteReaderAsync(RelationalCommandParameterObject parameterObject, CancellationToken cancellationToken)
   at Microsoft.EntityFrameworkCore.Storage.RelationalCommand.ExecuteReaderAsync(RelationalCommandParameterObject parameterObject, CancellationToken cancellationToken)
   at Microsoft.EntityFrameworkCore.Query.Internal.SingleQueryingEnumerable`1.AsyncEnumerator.InitializeReaderAsync(AsyncEnumerator enumerator, CancellationToken cancellationToken)
   at Npgsql.EntityFrameworkCore.PostgreSQL.Storage.Internal.NpgsqlExecutionStrategy.ExecuteAsync[TState,TResult](TState state, Func`4 operation, Func`4 verifySucceeded, CancellationToken cancellationToken)
   at Microsoft.EntityFrameworkCore.Query.Internal.SingleQueryingEnumerable`1.AsyncEnumerator.MoveNextAsync()
   at Microsoft.EntityFrameworkCore.EntityFrameworkQueryableExtensions.ToListAsync[TSource](IQueryable`1 source, CancellationToken cancellationToken)
   at Microsoft.EntityFrameworkCore.EntityFrameworkQueryableExtensions.ToListAsync[TSource](IQueryable`1 source, CancellationToken cancellationToken)
   at CatalogService.Dal.Repositories.GenericRepository`1.GetAllAsync() in C:\Users\Admin\Documents\projects\LibrarySystem\CatalogService\CatalogService.Dal\Repositories\GenericRepository.cs:line 10
   at CatalogService.Bll.Services.AuthorService.GetAllAsync() in C:\Users\Admin\Documents\projects\LibrarySystem\CatalogService\CatalogService.Bll\Services\AuthorService.cs:line 21
   at CatalogService.Api.Controllers.AuthorsController.GetAll() in C:\Users\Admin\Documents\projects\LibrarySystem\CatalogService\CatalogService.Api\Controllers\AuthorsController.cs:line 16
   at Microsoft.AspNetCore.Mvc.Infrastructure.ActionMethodExecutor.TaskOfIActionResultExecutor.Execute(ActionContext actionContext, IActionResultTypeMapper mapper, ObjectMethodExecutor executor, Object controller, Object[] arguments)
   at Microsoft.AspNetCore.Mvc.Infrastructure.ControllerActionInvoker.<InvokeActionMethodAsync>g__Awaited|12_0(ControllerActionInvoker invoker, ValueTask`1 actionResultValueTask)
   at Microsoft.AspNetCore.Mvc.Infrastructure.ControllerActionInvoker.<InvokeNextActionFilterAsync>g__Awaited|10_0(ControllerActionInvoker invoker, Task lastTask, State next, Scope scope, Object state, Boolean isCompleted)
   at Microsoft.AspNetCore.Mvc.Infrastructure.ControllerActionInvoker.Rethrow(ActionExecutedContextSealed context)
   at Microsoft.AspNetCore.Mvc.Infrastructure.ControllerActionInvoker.Next(State& next, Scope& scope, Object& state, Boolean& isCompleted)
   at Microsoft.AspNetCore.Mvc.Infrastructure.ControllerActionInvoker.<InvokeInnerFilterAsync>g__Awaited|13_0(ControllerActionInvoker invoker, Task lastTask, State next, Scope scope, Object state, Boolean isCompleted)
   at Microsoft.AspNetCore.Mvc.Infrastructure.ResourceInvoker.<InvokeFilterPipelineAsync>g__Awaited|20_0(ResourceInvoker invoker, Task lastTask, State next, Scope scope, Object state, Boolean isCompleted)
   at Microsoft.AspNetCore.Mvc.Infrastructure.ResourceInvoker.<InvokeAsync>g__Logged|17_1(ResourceInvoker invoker)
   at Microsoft.AspNetCore.Mvc.Infrastructure.ResourceInvoker.<InvokeAsync>g__Logged|17_1(ResourceInvoker invoker)
   at Microsoft.AspNetCore.Routing.EndpointMiddleware.<Invoke>g__AwaitRequestTask|7_0(Endpoint endpoint, Task requestTask, ILogger logger)
   at Swashbuckle.AspNetCore.SwaggerUI.SwaggerUIMiddleware.Invoke(HttpContext httpContext)
   at Swashbuckle.AspNetCore.Swagger.SwaggerMiddleware.Invoke(HttpContext httpContext, ISwaggerProvider swaggerProvider)
   at Hellang.Middleware.ProblemDetails.ProblemDetailsMiddleware.Invoke(HttpContext context)
  Exception data:
    Severity: ERROR
    SqlState: 42P01
    MessageText: relation "Authors" does not exist
    Position: 31
    File: parse_relation.c
    Line: 1452
    Routine: parserOpenTable
2025-11-16 19:02:49.006 +02:00 [ERR] An unhandled exception has occurred while executing the request.
Npgsql.PostgresException (0x80004005): 42P01: relation "Books" does not exist

POSITION: 95
   at Npgsql.Internal.NpgsqlConnector.ReadMessageLong(Boolean async, DataRowLoadingMode dataRowLoadingMode, Boolean readingNotifications, Boolean isReadingPrependedMessage)
   at System.Runtime.CompilerServices.PoolingAsyncValueTaskMethodBuilder`1.StateMachineBox`1.System.Threading.Tasks.Sources.IValueTaskSource<TResult>.GetResult(Int16 token)
   at Npgsql.NpgsqlDataReader.NextResult(Boolean async, Boolean isConsuming, CancellationToken cancellationToken)
   at Npgsql.NpgsqlDataReader.NextResult(Boolean async, Boolean isConsuming, CancellationToken cancellationToken)
   at Npgsql.NpgsqlCommand.ExecuteReader(Boolean async, CommandBehavior behavior, CancellationToken cancellationToken)
   at Npgsql.NpgsqlCommand.ExecuteReader(Boolean async, CommandBehavior behavior, CancellationToken cancellationToken)
   at Npgsql.NpgsqlCommand.ExecuteDbDataReaderAsync(CommandBehavior behavior, CancellationToken cancellationToken)
   at Microsoft.EntityFrameworkCore.Storage.RelationalCommand.ExecuteReaderAsync(RelationalCommandParameterObject parameterObject, CancellationToken cancellationToken)
   at Microsoft.EntityFrameworkCore.Storage.RelationalCommand.ExecuteReaderAsync(RelationalCommandParameterObject parameterObject, CancellationToken cancellationToken)
   at Microsoft.EntityFrameworkCore.Query.Internal.SingleQueryingEnumerable`1.AsyncEnumerator.InitializeReaderAsync(AsyncEnumerator enumerator, CancellationToken cancellationToken)
   at Npgsql.EntityFrameworkCore.PostgreSQL.Storage.Internal.NpgsqlExecutionStrategy.ExecuteAsync[TState,TResult](TState state, Func`4 operation, Func`4 verifySucceeded, CancellationToken cancellationToken)
   at Microsoft.EntityFrameworkCore.Query.Internal.SingleQueryingEnumerable`1.AsyncEnumerator.MoveNextAsync()
   at Microsoft.EntityFrameworkCore.EntityFrameworkQueryableExtensions.ToListAsync[TSource](IQueryable`1 source, CancellationToken cancellationToken)
   at Microsoft.EntityFrameworkCore.EntityFrameworkQueryableExtensions.ToListAsync[TSource](IQueryable`1 source, CancellationToken cancellationToken)
   at CatalogService.Bll.Services.BookService.GetAllAsync() in C:\Users\Admin\Documents\projects\LibrarySystem\CatalogService\CatalogService.Bll\Services\BookService.cs:line 24
   at CatalogService.Api.Controllers.BooksController.GetAll() in C:\Users\Admin\Documents\projects\LibrarySystem\CatalogService\CatalogService.Api\Controllers\BooksController.cs:line 16
   at Microsoft.AspNetCore.Mvc.Infrastructure.ActionMethodExecutor.TaskOfIActionResultExecutor.Execute(ActionContext actionContext, IActionResultTypeMapper mapper, ObjectMethodExecutor executor, Object controller, Object[] arguments)
   at Microsoft.AspNetCore.Mvc.Infrastructure.ControllerActionInvoker.<InvokeActionMethodAsync>g__Awaited|12_0(ControllerActionInvoker invoker, ValueTask`1 actionResultValueTask)
   at Microsoft.AspNetCore.Mvc.Infrastructure.ControllerActionInvoker.<InvokeNextActionFilterAsync>g__Awaited|10_0(ControllerActionInvoker invoker, Task lastTask, State next, Scope scope, Object state, Boolean isCompleted)
   at Microsoft.AspNetCore.Mvc.Infrastructure.ControllerActionInvoker.Rethrow(ActionExecutedContextSealed context)
   at Microsoft.AspNetCore.Mvc.Infrastructure.ControllerActionInvoker.Next(State& next, Scope& scope, Object& state, Boolean& isCompleted)
   at Microsoft.AspNetCore.Mvc.Infrastructure.ControllerActionInvoker.<InvokeInnerFilterAsync>g__Awaited|13_0(ControllerActionInvoker invoker, Task lastTask, State next, Scope scope, Object state, Boolean isCompleted)
   at Microsoft.AspNetCore.Mvc.Infrastructure.ResourceInvoker.<InvokeFilterPipelineAsync>g__Awaited|20_0(ResourceInvoker invoker, Task lastTask, State next, Scope scope, Object state, Boolean isCompleted)
   at Microsoft.AspNetCore.Mvc.Infrastructure.ResourceInvoker.<InvokeAsync>g__Logged|17_1(ResourceInvoker invoker)
   at Microsoft.AspNetCore.Mvc.Infrastructure.ResourceInvoker.<InvokeAsync>g__Logged|17_1(ResourceInvoker invoker)
   at Microsoft.AspNetCore.Routing.EndpointMiddleware.<Invoke>g__AwaitRequestTask|7_0(Endpoint endpoint, Task requestTask, ILogger logger)
   at Swashbuckle.AspNetCore.SwaggerUI.SwaggerUIMiddleware.Invoke(HttpContext httpContext)
   at Swashbuckle.AspNetCore.Swagger.SwaggerMiddleware.Invoke(HttpContext httpContext, ISwaggerProvider swaggerProvider)
   at Hellang.Middleware.ProblemDetails.ProblemDetailsMiddleware.Invoke(HttpContext context)
  Exception data:
    Severity: ERROR
    SqlState: 42P01
    MessageText: relation "Books" does not exist
    Position: 95
    File: parse_relation.c
    Line: 1452
    Routine: parserOpenTable
2025-11-16 19:02:49.033 +02:00 [INF] Executing ObjectResult, writing value of type 'Microsoft.AspNetCore.Mvc.ProblemDetails'.
2025-11-16 19:02:49.065 +02:00 [INF] Executing ObjectResult, writing value of type 'Microsoft.AspNetCore.Mvc.ProblemDetails'.
2025-11-16 19:02:49.086 +02:00 [INF] Executing ObjectResult, writing value of type 'Microsoft.AspNetCore.Mvc.ProblemDetails'.
2025-11-16 19:02:49.087 +02:00 [INF] Request finished HTTP/1.1 GET http://localhost:5180/api/genres - 500 null application/problem+json; charset=utf-8 352.7867ms
2025-11-16 19:02:49.088 +02:00 [INF] Request finished HTTP/1.1 GET http://localhost:5180/api/authors - 500 null application/problem+json; charset=utf-8 354.6847ms
2025-11-16 19:02:49.092 +02:00 [INF] Request finished HTTP/1.1 GET http://localhost:5180/api/books - 500 null application/problem+json; charset=utf-8 357.0088ms
2025-11-16 19:03:08.596 +02:00 [INF] Request starting HTTP/1.1 GET http://localhost:5180/api/books - null null
2025-11-16 19:03:08.596 +02:00 [INF] Request starting HTTP/1.1 GET http://localhost:5180/api/authors - null null
2025-11-16 19:03:08.597 +02:00 [INF] Request starting HTTP/1.1 GET http://localhost:5180/api/genres - null null
2025-11-16 19:03:08.603 +02:00 [INF] Executing endpoint 'CatalogService.Api.Controllers.BooksController.GetAll (CatalogService.Api)'
2025-11-16 19:03:08.607 +02:00 [INF] Executing endpoint 'CatalogService.Api.Controllers.AuthorsController.GetAll (CatalogService.Api)'
2025-11-16 19:03:08.615 +02:00 [INF] Executing endpoint 'CatalogService.Api.Controllers.GenresController.GetAll (CatalogService.Api)'
2025-11-16 19:03:08.618 +02:00 [INF] Route matched with {action = "GetAll", controller = "Books"}. Executing controller action with signature System.Threading.Tasks.Task`1[Microsoft.AspNetCore.Mvc.IActionResult] GetAll() on controller CatalogService.Api.Controllers.BooksController (CatalogService.Api).
2025-11-16 19:03:08.622 +02:00 [INF] Route matched with {action = "GetAll", controller = "Authors"}. Executing controller action with signature System.Threading.Tasks.Task`1[Microsoft.AspNetCore.Mvc.IActionResult] GetAll() on controller CatalogService.Api.Controllers.AuthorsController (CatalogService.Api).
2025-11-16 19:03:08.625 +02:00 [INF] Route matched with {action = "GetAll", controller = "Genres"}. Executing controller action with signature System.Threading.Tasks.Task`1[Microsoft.AspNetCore.Mvc.IActionResult] GetAll() on controller CatalogService.Api.Controllers.GenresController (CatalogService.Api).
2025-11-16 19:03:08.644 +02:00 [ERR] Failed executing DbCommand (2ms) [Parameters=[], CommandType='"Text"', CommandTimeout='30']
SELECT b."Id", b."AuthorId", b."GenreId", b."Title", a."Id", a."Name", g."Id", g."Name"
FROM "Books" AS b
INNER JOIN "Authors" AS a ON b."AuthorId" = a."Id"
INNER JOIN "Genres" AS g ON b."GenreId" = g."Id"
2025-11-16 19:03:08.644 +02:00 [ERR] Failed executing DbCommand (2ms) [Parameters=[], CommandType='"Text"', CommandTimeout='30']
SELECT a."Id", a."Name"
FROM "Authors" AS a
2025-11-16 19:03:08.651 +02:00 [ERR] Failed executing DbCommand (1ms) [Parameters=[], CommandType='"Text"', CommandTimeout='30']
SELECT g."Id", g."Name"
FROM "Genres" AS g
2025-11-16 19:03:08.656 +02:00 [ERR] An exception occurred while iterating over the results of a query for context type 'CatalogService.Dal.CatalogDbContext'.
Npgsql.PostgresException (0x80004005): 42P01: relation "Books" does not exist

POSITION: 95
   at Npgsql.Internal.NpgsqlConnector.ReadMessageLong(Boolean async, DataRowLoadingMode dataRowLoadingMode, Boolean readingNotifications, Boolean isReadingPrependedMessage)
   at System.Runtime.CompilerServices.PoolingAsyncValueTaskMethodBuilder`1.StateMachineBox`1.System.Threading.Tasks.Sources.IValueTaskSource<TResult>.GetResult(Int16 token)
   at Npgsql.NpgsqlDataReader.NextResult(Boolean async, Boolean isConsuming, CancellationToken cancellationToken)
   at Npgsql.NpgsqlDataReader.NextResult(Boolean async, Boolean isConsuming, CancellationToken cancellationToken)
   at Npgsql.NpgsqlCommand.ExecuteReader(Boolean async, CommandBehavior behavior, CancellationToken cancellationToken)
   at Npgsql.NpgsqlCommand.ExecuteReader(Boolean async, CommandBehavior behavior, CancellationToken cancellationToken)
   at Npgsql.NpgsqlCommand.ExecuteDbDataReaderAsync(CommandBehavior behavior, CancellationToken cancellationToken)
   at Microsoft.EntityFrameworkCore.Storage.RelationalCommand.ExecuteReaderAsync(RelationalCommandParameterObject parameterObject, CancellationToken cancellationToken)
   at Microsoft.EntityFrameworkCore.Storage.RelationalCommand.ExecuteReaderAsync(RelationalCommandParameterObject parameterObject, CancellationToken cancellationToken)
   at Microsoft.EntityFrameworkCore.Query.Internal.SingleQueryingEnumerable`1.AsyncEnumerator.InitializeReaderAsync(AsyncEnumerator enumerator, CancellationToken cancellationToken)
   at Npgsql.EntityFrameworkCore.PostgreSQL.Storage.Internal.NpgsqlExecutionStrategy.ExecuteAsync[TState,TResult](TState state, Func`4 operation, Func`4 verifySucceeded, CancellationToken cancellationToken)
   at Microsoft.EntityFrameworkCore.Query.Internal.SingleQueryingEnumerable`1.AsyncEnumerator.MoveNextAsync()
  Exception data:
    Severity: ERROR
    SqlState: 42P01
    MessageText: relation "Books" does not exist
    Position: 95
    File: parse_relation.c
    Line: 1452
    Routine: parserOpenTable
Npgsql.PostgresException (0x80004005): 42P01: relation "Books" does not exist

POSITION: 95
   at Npgsql.Internal.NpgsqlConnector.ReadMessageLong(Boolean async, DataRowLoadingMode dataRowLoadingMode, Boolean readingNotifications, Boolean isReadingPrependedMessage)
   at System.Runtime.CompilerServices.PoolingAsyncValueTaskMethodBuilder`1.StateMachineBox`1.System.Threading.Tasks.Sources.IValueTaskSource<TResult>.GetResult(Int16 token)
   at Npgsql.NpgsqlDataReader.NextResult(Boolean async, Boolean isConsuming, CancellationToken cancellationToken)
   at Npgsql.NpgsqlDataReader.NextResult(Boolean async, Boolean isConsuming, CancellationToken cancellationToken)
   at Npgsql.NpgsqlCommand.ExecuteReader(Boolean async, CommandBehavior behavior, CancellationToken cancellationToken)
   at Npgsql.NpgsqlCommand.ExecuteReader(Boolean async, CommandBehavior behavior, CancellationToken cancellationToken)
   at Npgsql.NpgsqlCommand.ExecuteDbDataReaderAsync(CommandBehavior behavior, CancellationToken cancellationToken)
   at Microsoft.EntityFrameworkCore.Storage.RelationalCommand.ExecuteReaderAsync(RelationalCommandParameterObject parameterObject, CancellationToken cancellationToken)
   at Microsoft.EntityFrameworkCore.Storage.RelationalCommand.ExecuteReaderAsync(RelationalCommandParameterObject parameterObject, CancellationToken cancellationToken)
   at Microsoft.EntityFrameworkCore.Query.Internal.SingleQueryingEnumerable`1.AsyncEnumerator.InitializeReaderAsync(AsyncEnumerator enumerator, CancellationToken cancellationToken)
   at Npgsql.EntityFrameworkCore.PostgreSQL.Storage.Internal.NpgsqlExecutionStrategy.ExecuteAsync[TState,TResult](TState state, Func`4 operation, Func`4 verifySucceeded, CancellationToken cancellationToken)
   at Microsoft.EntityFrameworkCore.Query.Internal.SingleQueryingEnumerable`1.AsyncEnumerator.MoveNextAsync()
  Exception data:
    Severity: ERROR
    SqlState: 42P01
    MessageText: relation "Books" does not exist
    Position: 95
    File: parse_relation.c
    Line: 1452
    Routine: parserOpenTable
2025-11-16 19:03:08.662 +02:00 [ERR] An exception occurred while iterating over the results of a query for context type 'CatalogService.Dal.CatalogDbContext'.
Npgsql.PostgresException (0x80004005): 42P01: relation "Authors" does not exist

POSITION: 31
   at Npgsql.Internal.NpgsqlConnector.ReadMessageLong(Boolean async, DataRowLoadingMode dataRowLoadingMode, Boolean readingNotifications, Boolean isReadingPrependedMessage)
   at System.Runtime.CompilerServices.PoolingAsyncValueTaskMethodBuilder`1.StateMachineBox`1.System.Threading.Tasks.Sources.IValueTaskSource<TResult>.GetResult(Int16 token)
   at Npgsql.NpgsqlDataReader.NextResult(Boolean async, Boolean isConsuming, CancellationToken cancellationToken)
   at Npgsql.NpgsqlDataReader.NextResult(Boolean async, Boolean isConsuming, CancellationToken cancellationToken)
   at Npgsql.NpgsqlCommand.ExecuteReader(Boolean async, CommandBehavior behavior, CancellationToken cancellationToken)
   at Npgsql.NpgsqlCommand.ExecuteReader(Boolean async, CommandBehavior behavior, CancellationToken cancellationToken)
   at Npgsql.NpgsqlCommand.ExecuteDbDataReaderAsync(CommandBehavior behavior, CancellationToken cancellationToken)
   at Microsoft.EntityFrameworkCore.Storage.RelationalCommand.ExecuteReaderAsync(RelationalCommandParameterObject parameterObject, CancellationToken cancellationToken)
   at Microsoft.EntityFrameworkCore.Storage.RelationalCommand.ExecuteReaderAsync(RelationalCommandParameterObject parameterObject, CancellationToken cancellationToken)
   at Microsoft.EntityFrameworkCore.Query.Internal.SingleQueryingEnumerable`1.AsyncEnumerator.InitializeReaderAsync(AsyncEnumerator enumerator, CancellationToken cancellationToken)
   at Npgsql.EntityFrameworkCore.PostgreSQL.Storage.Internal.NpgsqlExecutionStrategy.ExecuteAsync[TState,TResult](TState state, Func`4 operation, Func`4 verifySucceeded, CancellationToken cancellationToken)
   at Microsoft.EntityFrameworkCore.Query.Internal.SingleQueryingEnumerable`1.AsyncEnumerator.MoveNextAsync()
  Exception data:
    Severity: ERROR
    SqlState: 42P01
    MessageText: relation "Authors" does not exist
    Position: 31
    File: parse_relation.c
    Line: 1452
    Routine: parserOpenTable
Npgsql.PostgresException (0x80004005): 42P01: relation "Authors" does not exist

POSITION: 31
   at Npgsql.Internal.NpgsqlConnector.ReadMessageLong(Boolean async, DataRowLoadingMode dataRowLoadingMode, Boolean readingNotifications, Boolean isReadingPrependedMessage)
   at System.Runtime.CompilerServices.PoolingAsyncValueTaskMethodBuilder`1.StateMachineBox`1.System.Threading.Tasks.Sources.IValueTaskSource<TResult>.GetResult(Int16 token)
   at Npgsql.NpgsqlDataReader.NextResult(Boolean async, Boolean isConsuming, CancellationToken cancellationToken)
   at Npgsql.NpgsqlDataReader.NextResult(Boolean async, Boolean isConsuming, CancellationToken cancellationToken)
   at Npgsql.NpgsqlCommand.ExecuteReader(Boolean async, CommandBehavior behavior, CancellationToken cancellationToken)
   at Npgsql.NpgsqlCommand.ExecuteReader(Boolean async, CommandBehavior behavior, CancellationToken cancellationToken)
   at Npgsql.NpgsqlCommand.ExecuteDbDataReaderAsync(CommandBehavior behavior, CancellationToken cancellationToken)
   at Microsoft.EntityFrameworkCore.Storage.RelationalCommand.ExecuteReaderAsync(RelationalCommandParameterObject parameterObject, CancellationToken cancellationToken)
   at Microsoft.EntityFrameworkCore.Storage.RelationalCommand.ExecuteReaderAsync(RelationalCommandParameterObject parameterObject, CancellationToken cancellationToken)
   at Microsoft.EntityFrameworkCore.Query.Internal.SingleQueryingEnumerable`1.AsyncEnumerator.InitializeReaderAsync(AsyncEnumerator enumerator, CancellationToken cancellationToken)
   at Npgsql.EntityFrameworkCore.PostgreSQL.Storage.Internal.NpgsqlExecutionStrategy.ExecuteAsync[TState,TResult](TState state, Func`4 operation, Func`4 verifySucceeded, CancellationToken cancellationToken)
   at Microsoft.EntityFrameworkCore.Query.Internal.SingleQueryingEnumerable`1.AsyncEnumerator.MoveNextAsync()
  Exception data:
    Severity: ERROR
    SqlState: 42P01
    MessageText: relation "Authors" does not exist
    Position: 31
    File: parse_relation.c
    Line: 1452
    Routine: parserOpenTable
2025-11-16 19:03:08.665 +02:00 [ERR] An exception occurred while iterating over the results of a query for context type 'CatalogService.Dal.CatalogDbContext'.
Npgsql.PostgresException (0x80004005): 42P01: relation "Genres" does not exist

POSITION: 31
   at Npgsql.Internal.NpgsqlConnector.ReadMessageLong(Boolean async, DataRowLoadingMode dataRowLoadingMode, Boolean readingNotifications, Boolean isReadingPrependedMessage)
   at System.Runtime.CompilerServices.PoolingAsyncValueTaskMethodBuilder`1.StateMachineBox`1.System.Threading.Tasks.Sources.IValueTaskSource<TResult>.GetResult(Int16 token)
   at Npgsql.NpgsqlDataReader.NextResult(Boolean async, Boolean isConsuming, CancellationToken cancellationToken)
   at Npgsql.NpgsqlDataReader.NextResult(Boolean async, Boolean isConsuming, CancellationToken cancellationToken)
   at Npgsql.NpgsqlCommand.ExecuteReader(Boolean async, CommandBehavior behavior, CancellationToken cancellationToken)
   at Npgsql.NpgsqlCommand.ExecuteReader(Boolean async, CommandBehavior behavior, CancellationToken cancellationToken)
   at Npgsql.NpgsqlCommand.ExecuteDbDataReaderAsync(CommandBehavior behavior, CancellationToken cancellationToken)
   at Microsoft.EntityFrameworkCore.Storage.RelationalCommand.ExecuteReaderAsync(RelationalCommandParameterObject parameterObject, CancellationToken cancellationToken)
   at Microsoft.EntityFrameworkCore.Storage.RelationalCommand.ExecuteReaderAsync(RelationalCommandParameterObject parameterObject, CancellationToken cancellationToken)
   at Microsoft.EntityFrameworkCore.Query.Internal.SingleQueryingEnumerable`1.AsyncEnumerator.InitializeReaderAsync(AsyncEnumerator enumerator, CancellationToken cancellationToken)
   at Npgsql.EntityFrameworkCore.PostgreSQL.Storage.Internal.NpgsqlExecutionStrategy.ExecuteAsync[TState,TResult](TState state, Func`4 operation, Func`4 verifySucceeded, CancellationToken cancellationToken)
   at Microsoft.EntityFrameworkCore.Query.Internal.SingleQueryingEnumerable`1.AsyncEnumerator.MoveNextAsync()
  Exception data:
    Severity: ERROR
    SqlState: 42P01
    MessageText: relation "Genres" does not exist
    Position: 31
    File: parse_relation.c
    Line: 1452
    Routine: parserOpenTable
Npgsql.PostgresException (0x80004005): 42P01: relation "Genres" does not exist

POSITION: 31
   at Npgsql.Internal.NpgsqlConnector.ReadMessageLong(Boolean async, DataRowLoadingMode dataRowLoadingMode, Boolean readingNotifications, Boolean isReadingPrependedMessage)
   at System.Runtime.CompilerServices.PoolingAsyncValueTaskMethodBuilder`1.StateMachineBox`1.System.Threading.Tasks.Sources.IValueTaskSource<TResult>.GetResult(Int16 token)
   at Npgsql.NpgsqlDataReader.NextResult(Boolean async, Boolean isConsuming, CancellationToken cancellationToken)
   at Npgsql.NpgsqlDataReader.NextResult(Boolean async, Boolean isConsuming, CancellationToken cancellationToken)
   at Npgsql.NpgsqlCommand.ExecuteReader(Boolean async, CommandBehavior behavior, CancellationToken cancellationToken)
   at Npgsql.NpgsqlCommand.ExecuteReader(Boolean async, CommandBehavior behavior, CancellationToken cancellationToken)
   at Npgsql.NpgsqlCommand.ExecuteDbDataReaderAsync(CommandBehavior behavior, CancellationToken cancellationToken)
   at Microsoft.EntityFrameworkCore.Storage.RelationalCommand.ExecuteReaderAsync(RelationalCommandParameterObject parameterObject, CancellationToken cancellationToken)
   at Microsoft.EntityFrameworkCore.Storage.RelationalCommand.ExecuteReaderAsync(RelationalCommandParameterObject parameterObject, CancellationToken cancellationToken)
   at Microsoft.EntityFrameworkCore.Query.Internal.SingleQueryingEnumerable`1.AsyncEnumerator.InitializeReaderAsync(AsyncEnumerator enumerator, CancellationToken cancellationToken)
   at Npgsql.EntityFrameworkCore.PostgreSQL.Storage.Internal.NpgsqlExecutionStrategy.ExecuteAsync[TState,TResult](TState state, Func`4 operation, Func`4 verifySucceeded, CancellationToken cancellationToken)
   at Microsoft.EntityFrameworkCore.Query.Internal.SingleQueryingEnumerable`1.AsyncEnumerator.MoveNextAsync()
  Exception data:
    Severity: ERROR
    SqlState: 42P01
    MessageText: relation "Genres" does not exist
    Position: 31
    File: parse_relation.c
    Line: 1452
    Routine: parserOpenTable
2025-11-16 19:03:08.686 +02:00 [INF] Executed action CatalogService.Api.Controllers.BooksController.GetAll (CatalogService.Api) in 53.8761ms
2025-11-16 19:03:08.700 +02:00 [INF] Executed action CatalogService.Api.Controllers.AuthorsController.GetAll (CatalogService.Api) in 61.732ms
2025-11-16 19:03:08.715 +02:00 [INF] Executed endpoint 'CatalogService.Api.Controllers.BooksController.GetAll (CatalogService.Api)'
2025-11-16 19:03:08.715 +02:00 [INF] Executed action CatalogService.Api.Controllers.GenresController.GetAll (CatalogService.Api) in 68.3205ms
2025-11-16 19:03:08.718 +02:00 [INF] Executed endpoint 'CatalogService.Api.Controllers.AuthorsController.GetAll (CatalogService.Api)'
2025-11-16 19:03:08.724 +02:00 [INF] Executed endpoint 'CatalogService.Api.Controllers.GenresController.GetAll (CatalogService.Api)'
2025-11-16 19:03:08.736 +02:00 [ERR] An unhandled exception has occurred while executing the request.
Npgsql.PostgresException (0x80004005): 42P01: relation "Books" does not exist

POSITION: 95
   at Npgsql.Internal.NpgsqlConnector.ReadMessageLong(Boolean async, DataRowLoadingMode dataRowLoadingMode, Boolean readingNotifications, Boolean isReadingPrependedMessage)
   at System.Runtime.CompilerServices.PoolingAsyncValueTaskMethodBuilder`1.StateMachineBox`1.System.Threading.Tasks.Sources.IValueTaskSource<TResult>.GetResult(Int16 token)
   at Npgsql.NpgsqlDataReader.NextResult(Boolean async, Boolean isConsuming, CancellationToken cancellationToken)
   at Npgsql.NpgsqlDataReader.NextResult(Boolean async, Boolean isConsuming, CancellationToken cancellationToken)
   at Npgsql.NpgsqlCommand.ExecuteReader(Boolean async, CommandBehavior behavior, CancellationToken cancellationToken)
   at Npgsql.NpgsqlCommand.ExecuteReader(Boolean async, CommandBehavior behavior, CancellationToken cancellationToken)
   at Npgsql.NpgsqlCommand.ExecuteDbDataReaderAsync(CommandBehavior behavior, CancellationToken cancellationToken)
   at Microsoft.EntityFrameworkCore.Storage.RelationalCommand.ExecuteReaderAsync(RelationalCommandParameterObject parameterObject, CancellationToken cancellationToken)
   at Microsoft.EntityFrameworkCore.Storage.RelationalCommand.ExecuteReaderAsync(RelationalCommandParameterObject parameterObject, CancellationToken cancellationToken)
   at Microsoft.EntityFrameworkCore.Query.Internal.SingleQueryingEnumerable`1.AsyncEnumerator.InitializeReaderAsync(AsyncEnumerator enumerator, CancellationToken cancellationToken)
   at Npgsql.EntityFrameworkCore.PostgreSQL.Storage.Internal.NpgsqlExecutionStrategy.ExecuteAsync[TState,TResult](TState state, Func`4 operation, Func`4 verifySucceeded, CancellationToken cancellationToken)
   at Microsoft.EntityFrameworkCore.Query.Internal.SingleQueryingEnumerable`1.AsyncEnumerator.MoveNextAsync()
   at Microsoft.EntityFrameworkCore.EntityFrameworkQueryableExtensions.ToListAsync[TSource](IQueryable`1 source, CancellationToken cancellationToken)
   at Microsoft.EntityFrameworkCore.EntityFrameworkQueryableExtensions.ToListAsync[TSource](IQueryable`1 source, CancellationToken cancellationToken)
   at CatalogService.Bll.Services.BookService.GetAllAsync() in C:\Users\Admin\Documents\projects\LibrarySystem\CatalogService\CatalogService.Bll\Services\BookService.cs:line 24
   at CatalogService.Api.Controllers.BooksController.GetAll() in C:\Users\Admin\Documents\projects\LibrarySystem\CatalogService\CatalogService.Api\Controllers\BooksController.cs:line 16
   at Microsoft.AspNetCore.Mvc.Infrastructure.ActionMethodExecutor.TaskOfIActionResultExecutor.Execute(ActionContext actionContext, IActionResultTypeMapper mapper, ObjectMethodExecutor executor, Object controller, Object[] arguments)
   at Microsoft.AspNetCore.Mvc.Infrastructure.ControllerActionInvoker.<InvokeActionMethodAsync>g__Awaited|12_0(ControllerActionInvoker invoker, ValueTask`1 actionResultValueTask)
   at Microsoft.AspNetCore.Mvc.Infrastructure.ControllerActionInvoker.<InvokeNextActionFilterAsync>g__Awaited|10_0(ControllerActionInvoker invoker, Task lastTask, State next, Scope scope, Object state, Boolean isCompleted)
   at Microsoft.AspNetCore.Mvc.Infrastructure.ControllerActionInvoker.Rethrow(ActionExecutedContextSealed context)
   at Microsoft.AspNetCore.Mvc.Infrastructure.ControllerActionInvoker.Next(State& next, Scope& scope, Object& state, Boolean& isCompleted)
   at Microsoft.AspNetCore.Mvc.Infrastructure.ControllerActionInvoker.<InvokeInnerFilterAsync>g__Awaited|13_0(ControllerActionInvoker invoker, Task lastTask, State next, Scope scope, Object state, Boolean isCompleted)
   at Microsoft.AspNetCore.Mvc.Infrastructure.ResourceInvoker.<InvokeFilterPipelineAsync>g__Awaited|20_0(ResourceInvoker invoker, Task lastTask, State next, Scope scope, Object state, Boolean isCompleted)
   at Microsoft.AspNetCore.Mvc.Infrastructure.ResourceInvoker.<InvokeAsync>g__Logged|17_1(ResourceInvoker invoker)
   at Microsoft.AspNetCore.Mvc.Infrastructure.ResourceInvoker.<InvokeAsync>g__Logged|17_1(ResourceInvoker invoker)
   at Microsoft.AspNetCore.Routing.EndpointMiddleware.<Invoke>g__AwaitRequestTask|7_0(Endpoint endpoint, Task requestTask, ILogger logger)
   at Swashbuckle.AspNetCore.SwaggerUI.SwaggerUIMiddleware.Invoke(HttpContext httpContext)
   at Swashbuckle.AspNetCore.Swagger.SwaggerMiddleware.Invoke(HttpContext httpContext, ISwaggerProvider swaggerProvider)
   at Hellang.Middleware.ProblemDetails.ProblemDetailsMiddleware.Invoke(HttpContext context)
  Exception data:
    Severity: ERROR
    SqlState: 42P01
    MessageText: relation "Books" does not exist
    Position: 95
    File: parse_relation.c
    Line: 1452
    Routine: parserOpenTable
2025-11-16 19:03:08.738 +02:00 [ERR] An unhandled exception has occurred while executing the request.
Npgsql.PostgresException (0x80004005): 42P01: relation "Authors" does not exist

POSITION: 31
   at Npgsql.Internal.NpgsqlConnector.ReadMessageLong(Boolean async, DataRowLoadingMode dataRowLoadingMode, Boolean readingNotifications, Boolean isReadingPrependedMessage)
   at System.Runtime.CompilerServices.PoolingAsyncValueTaskMethodBuilder`1.StateMachineBox`1.System.Threading.Tasks.Sources.IValueTaskSource<TResult>.GetResult(Int16 token)
   at Npgsql.NpgsqlDataReader.NextResult(Boolean async, Boolean isConsuming, CancellationToken cancellationToken)
   at Npgsql.NpgsqlDataReader.NextResult(Boolean async, Boolean isConsuming, CancellationToken cancellationToken)
   at Npgsql.NpgsqlCommand.ExecuteReader(Boolean async, CommandBehavior behavior, CancellationToken cancellationToken)
   at Npgsql.NpgsqlCommand.ExecuteReader(Boolean async, CommandBehavior behavior, CancellationToken cancellationToken)
   at Npgsql.NpgsqlCommand.ExecuteDbDataReaderAsync(CommandBehavior behavior, CancellationToken cancellationToken)
   at Microsoft.EntityFrameworkCore.Storage.RelationalCommand.ExecuteReaderAsync(RelationalCommandParameterObject parameterObject, CancellationToken cancellationToken)
   at Microsoft.EntityFrameworkCore.Storage.RelationalCommand.ExecuteReaderAsync(RelationalCommandParameterObject parameterObject, CancellationToken cancellationToken)
   at Microsoft.EntityFrameworkCore.Query.Internal.SingleQueryingEnumerable`1.AsyncEnumerator.InitializeReaderAsync(AsyncEnumerator enumerator, CancellationToken cancellationToken)
   at Npgsql.EntityFrameworkCore.PostgreSQL.Storage.Internal.NpgsqlExecutionStrategy.ExecuteAsync[TState,TResult](TState state, Func`4 operation, Func`4 verifySucceeded, CancellationToken cancellationToken)
   at Microsoft.EntityFrameworkCore.Query.Internal.SingleQueryingEnumerable`1.AsyncEnumerator.MoveNextAsync()
   at Microsoft.EntityFrameworkCore.EntityFrameworkQueryableExtensions.ToListAsync[TSource](IQueryable`1 source, CancellationToken cancellationToken)
   at Microsoft.EntityFrameworkCore.EntityFrameworkQueryableExtensions.ToListAsync[TSource](IQueryable`1 source, CancellationToken cancellationToken)
   at CatalogService.Dal.Repositories.GenericRepository`1.GetAllAsync() in C:\Users\Admin\Documents\projects\LibrarySystem\CatalogService\CatalogService.Dal\Repositories\GenericRepository.cs:line 10
   at CatalogService.Bll.Services.AuthorService.GetAllAsync() in C:\Users\Admin\Documents\projects\LibrarySystem\CatalogService\CatalogService.Bll\Services\AuthorService.cs:line 21
   at CatalogService.Api.Controllers.AuthorsController.GetAll() in C:\Users\Admin\Documents\projects\LibrarySystem\CatalogService\CatalogService.Api\Controllers\AuthorsController.cs:line 16
   at Microsoft.AspNetCore.Mvc.Infrastructure.ActionMethodExecutor.TaskOfIActionResultExecutor.Execute(ActionContext actionContext, IActionResultTypeMapper mapper, ObjectMethodExecutor executor, Object controller, Object[] arguments)
   at Microsoft.AspNetCore.Mvc.Infrastructure.ControllerActionInvoker.<InvokeActionMethodAsync>g__Awaited|12_0(ControllerActionInvoker invoker, ValueTask`1 actionResultValueTask)
   at Microsoft.AspNetCore.Mvc.Infrastructure.ControllerActionInvoker.<InvokeNextActionFilterAsync>g__Awaited|10_0(ControllerActionInvoker invoker, Task lastTask, State next, Scope scope, Object state, Boolean isCompleted)
   at Microsoft.AspNetCore.Mvc.Infrastructure.ControllerActionInvoker.Rethrow(ActionExecutedContextSealed context)
   at Microsoft.AspNetCore.Mvc.Infrastructure.ControllerActionInvoker.Next(State& next, Scope& scope, Object& state, Boolean& isCompleted)
   at Microsoft.AspNetCore.Mvc.Infrastructure.ControllerActionInvoker.<InvokeInnerFilterAsync>g__Awaited|13_0(ControllerActionInvoker invoker, Task lastTask, State next, Scope scope, Object state, Boolean isCompleted)
   at Microsoft.AspNetCore.Mvc.Infrastructure.ResourceInvoker.<InvokeFilterPipelineAsync>g__Awaited|20_0(ResourceInvoker invoker, Task lastTask, State next, Scope scope, Object state, Boolean isCompleted)
   at Microsoft.AspNetCore.Mvc.Infrastructure.ResourceInvoker.<InvokeAsync>g__Logged|17_1(ResourceInvoker invoker)
   at Microsoft.AspNetCore.Mvc.Infrastructure.ResourceInvoker.<InvokeAsync>g__Logged|17_1(ResourceInvoker invoker)
   at Microsoft.AspNetCore.Routing.EndpointMiddleware.<Invoke>g__AwaitRequestTask|7_0(Endpoint endpoint, Task requestTask, ILogger logger)
   at Swashbuckle.AspNetCore.SwaggerUI.SwaggerUIMiddleware.Invoke(HttpContext httpContext)
   at Swashbuckle.AspNetCore.Swagger.SwaggerMiddleware.Invoke(HttpContext httpContext, ISwaggerProvider swaggerProvider)
   at Hellang.Middleware.ProblemDetails.ProblemDetailsMiddleware.Invoke(HttpContext context)
  Exception data:
    Severity: ERROR
    SqlState: 42P01
    MessageText: relation "Authors" does not exist
    Position: 31
    File: parse_relation.c
    Line: 1452
    Routine: parserOpenTable
2025-11-16 19:03:08.740 +02:00 [ERR] An unhandled exception has occurred while executing the request.
Npgsql.PostgresException (0x80004005): 42P01: relation "Genres" does not exist

POSITION: 31
   at Npgsql.Internal.NpgsqlConnector.ReadMessageLong(Boolean async, DataRowLoadingMode dataRowLoadingMode, Boolean readingNotifications, Boolean isReadingPrependedMessage)
   at System.Runtime.CompilerServices.PoolingAsyncValueTaskMethodBuilder`1.StateMachineBox`1.System.Threading.Tasks.Sources.IValueTaskSource<TResult>.GetResult(Int16 token)
   at Npgsql.NpgsqlDataReader.NextResult(Boolean async, Boolean isConsuming, CancellationToken cancellationToken)
   at Npgsql.NpgsqlDataReader.NextResult(Boolean async, Boolean isConsuming, CancellationToken cancellationToken)
   at Npgsql.NpgsqlCommand.ExecuteReader(Boolean async, CommandBehavior behavior, CancellationToken cancellationToken)
   at Npgsql.NpgsqlCommand.ExecuteReader(Boolean async, CommandBehavior behavior, CancellationToken cancellationToken)
   at Npgsql.NpgsqlCommand.ExecuteDbDataReaderAsync(CommandBehavior behavior, CancellationToken cancellationToken)
   at Microsoft.EntityFrameworkCore.Storage.RelationalCommand.ExecuteReaderAsync(RelationalCommandParameterObject parameterObject, CancellationToken cancellationToken)
   at Microsoft.EntityFrameworkCore.Storage.RelationalCommand.ExecuteReaderAsync(RelationalCommandParameterObject parameterObject, CancellationToken cancellationToken)
   at Microsoft.EntityFrameworkCore.Query.Internal.SingleQueryingEnumerable`1.AsyncEnumerator.InitializeReaderAsync(AsyncEnumerator enumerator, CancellationToken cancellationToken)
   at Npgsql.EntityFrameworkCore.PostgreSQL.Storage.Internal.NpgsqlExecutionStrategy.ExecuteAsync[TState,TResult](TState state, Func`4 operation, Func`4 verifySucceeded, CancellationToken cancellationToken)
   at Microsoft.EntityFrameworkCore.Query.Internal.SingleQueryingEnumerable`1.AsyncEnumerator.MoveNextAsync()
   at Microsoft.EntityFrameworkCore.EntityFrameworkQueryableExtensions.ToListAsync[TSource](IQueryable`1 source, CancellationToken cancellationToken)
   at Microsoft.EntityFrameworkCore.EntityFrameworkQueryableExtensions.ToListAsync[TSource](IQueryable`1 source, CancellationToken cancellationToken)
   at CatalogService.Dal.Repositories.GenericRepository`1.GetAllAsync() in C:\Users\Admin\Documents\projects\LibrarySystem\CatalogService\CatalogService.Dal\Repositories\GenericRepository.cs:line 10
   at CatalogService.Bll.Services.GenreService.GetAllAsync() in C:\Users\Admin\Documents\projects\LibrarySystem\CatalogService\CatalogService.Bll\Services\GenreService.cs:line 21
   at CatalogService.Api.Controllers.GenresController.GetAll() in C:\Users\Admin\Documents\projects\LibrarySystem\CatalogService\CatalogService.Api\Controllers\GenresController.cs:line 16
   at Microsoft.AspNetCore.Mvc.Infrastructure.ActionMethodExecutor.TaskOfIActionResultExecutor.Execute(ActionContext actionContext, IActionResultTypeMapper mapper, ObjectMethodExecutor executor, Object controller, Object[] arguments)
   at Microsoft.AspNetCore.Mvc.Infrastructure.ControllerActionInvoker.<InvokeActionMethodAsync>g__Awaited|12_0(ControllerActionInvoker invoker, ValueTask`1 actionResultValueTask)
   at Microsoft.AspNetCore.Mvc.Infrastructure.ControllerActionInvoker.<InvokeNextActionFilterAsync>g__Awaited|10_0(ControllerActionInvoker invoker, Task lastTask, State next, Scope scope, Object state, Boolean isCompleted)
   at Microsoft.AspNetCore.Mvc.Infrastructure.ControllerActionInvoker.Rethrow(ActionExecutedContextSealed context)
   at Microsoft.AspNetCore.Mvc.Infrastructure.ControllerActionInvoker.Next(State& next, Scope& scope, Object& state, Boolean& isCompleted)
   at Microsoft.AspNetCore.Mvc.Infrastructure.ControllerActionInvoker.<InvokeInnerFilterAsync>g__Awaited|13_0(ControllerActionInvoker invoker, Task lastTask, State next, Scope scope, Object state, Boolean isCompleted)
   at Microsoft.AspNetCore.Mvc.Infrastructure.ResourceInvoker.<InvokeFilterPipelineAsync>g__Awaited|20_0(ResourceInvoker invoker, Task lastTask, State next, Scope scope, Object state, Boolean isCompleted)
   at Microsoft.AspNetCore.Mvc.Infrastructure.ResourceInvoker.<InvokeAsync>g__Logged|17_1(ResourceInvoker invoker)
   at Microsoft.AspNetCore.Mvc.Infrastructure.ResourceInvoker.<InvokeAsync>g__Logged|17_1(ResourceInvoker invoker)
   at Microsoft.AspNetCore.Routing.EndpointMiddleware.<Invoke>g__AwaitRequestTask|7_0(Endpoint endpoint, Task requestTask, ILogger logger)
   at Swashbuckle.AspNetCore.SwaggerUI.SwaggerUIMiddleware.Invoke(HttpContext httpContext)
   at Swashbuckle.AspNetCore.Swagger.SwaggerMiddleware.Invoke(HttpContext httpContext, ISwaggerProvider swaggerProvider)
   at Hellang.Middleware.ProblemDetails.ProblemDetailsMiddleware.Invoke(HttpContext context)
  Exception data:
    Severity: ERROR
    SqlState: 42P01
    MessageText: relation "Genres" does not exist
    Position: 31
    File: parse_relation.c
    Line: 1452
    Routine: parserOpenTable
2025-11-16 19:03:08.767 +02:00 [INF] Executing ObjectResult, writing value of type 'Microsoft.AspNetCore.Mvc.ProblemDetails'.
2025-11-16 19:03:08.790 +02:00 [INF] Executing ObjectResult, writing value of type 'Microsoft.AspNetCore.Mvc.ProblemDetails'.
2025-11-16 19:03:08.817 +02:00 [INF] Executing ObjectResult, writing value of type 'Microsoft.AspNetCore.Mvc.ProblemDetails'.
2025-11-16 19:03:08.818 +02:00 [INF] Request finished HTTP/1.1 GET http://localhost:5180/api/books - 500 null application/problem+json; charset=utf-8 222.2579ms
2025-11-16 19:03:08.819 +02:00 [INF] Request finished HTTP/1.1 GET http://localhost:5180/api/authors - 500 null application/problem+json; charset=utf-8 222.891ms
2025-11-16 19:03:08.822 +02:00 [INF] Request finished HTTP/1.1 GET http://localhost:5180/api/genres - 500 null application/problem+json; charset=utf-8 225.7378ms
2025-11-16 19:03:08.832 +02:00 [INF] Request starting HTTP/1.1 GET http://localhost:5180/api/books - null null
2025-11-16 19:03:08.833 +02:00 [INF] Request starting HTTP/1.1 GET http://localhost:5180/api/authors - null null
2025-11-16 19:03:08.833 +02:00 [INF] Request starting HTTP/1.1 GET http://localhost:5180/api/genres - null null
2025-11-16 19:03:08.855 +02:00 [INF] Executing endpoint 'CatalogService.Api.Controllers.BooksController.GetAll (CatalogService.Api)'
2025-11-16 19:03:08.863 +02:00 [INF] Executing endpoint 'CatalogService.Api.Controllers.AuthorsController.GetAll (CatalogService.Api)'
2025-11-16 19:03:08.870 +02:00 [INF] Executing endpoint 'CatalogService.Api.Controllers.GenresController.GetAll (CatalogService.Api)'
2025-11-16 19:03:08.873 +02:00 [INF] Route matched with {action = "GetAll", controller = "Books"}. Executing controller action with signature System.Threading.Tasks.Task`1[Microsoft.AspNetCore.Mvc.IActionResult] GetAll() on controller CatalogService.Api.Controllers.BooksController (CatalogService.Api).
2025-11-16 19:03:08.876 +02:00 [INF] Route matched with {action = "GetAll", controller = "Authors"}. Executing controller action with signature System.Threading.Tasks.Task`1[Microsoft.AspNetCore.Mvc.IActionResult] GetAll() on controller CatalogService.Api.Controllers.AuthorsController (CatalogService.Api).
2025-11-16 19:03:08.879 +02:00 [INF] Route matched with {action = "GetAll", controller = "Genres"}. Executing controller action with signature System.Threading.Tasks.Task`1[Microsoft.AspNetCore.Mvc.IActionResult] GetAll() on controller CatalogService.Api.Controllers.GenresController (CatalogService.Api).
2025-11-16 19:03:08.887 +02:00 [ERR] Failed executing DbCommand (1ms) [Parameters=[], CommandType='"Text"', CommandTimeout='30']
SELECT b."Id", b."AuthorId", b."GenreId", b."Title", a."Id", a."Name", g."Id", g."Name"
FROM "Books" AS b
INNER JOIN "Authors" AS a ON b."AuthorId" = a."Id"
INNER JOIN "Genres" AS g ON b."GenreId" = g."Id"
2025-11-16 19:03:08.893 +02:00 [ERR] Failed executing DbCommand (1ms) [Parameters=[], CommandType='"Text"', CommandTimeout='30']
SELECT a."Id", a."Name"
FROM "Authors" AS a
2025-11-16 19:03:08.898 +02:00 [ERR] Failed executing DbCommand (1ms) [Parameters=[], CommandType='"Text"', CommandTimeout='30']
SELECT g."Id", g."Name"
FROM "Genres" AS g
2025-11-16 19:03:08.906 +02:00 [ERR] An exception occurred while iterating over the results of a query for context type 'CatalogService.Dal.CatalogDbContext'.
Npgsql.PostgresException (0x80004005): 42P01: relation "Books" does not exist

POSITION: 95
   at Npgsql.Internal.NpgsqlConnector.ReadMessageLong(Boolean async, DataRowLoadingMode dataRowLoadingMode, Boolean readingNotifications, Boolean isReadingPrependedMessage)
   at System.Runtime.CompilerServices.PoolingAsyncValueTaskMethodBuilder`1.StateMachineBox`1.System.Threading.Tasks.Sources.IValueTaskSource<TResult>.GetResult(Int16 token)
   at Npgsql.NpgsqlDataReader.NextResult(Boolean async, Boolean isConsuming, CancellationToken cancellationToken)
   at Npgsql.NpgsqlDataReader.NextResult(Boolean async, Boolean isConsuming, CancellationToken cancellationToken)
   at Npgsql.NpgsqlCommand.ExecuteReader(Boolean async, CommandBehavior behavior, CancellationToken cancellationToken)
   at Npgsql.NpgsqlCommand.ExecuteReader(Boolean async, CommandBehavior behavior, CancellationToken cancellationToken)
   at Npgsql.NpgsqlCommand.ExecuteDbDataReaderAsync(CommandBehavior behavior, CancellationToken cancellationToken)
   at Microsoft.EntityFrameworkCore.Storage.RelationalCommand.ExecuteReaderAsync(RelationalCommandParameterObject parameterObject, CancellationToken cancellationToken)
   at Microsoft.EntityFrameworkCore.Storage.RelationalCommand.ExecuteReaderAsync(RelationalCommandParameterObject parameterObject, CancellationToken cancellationToken)
   at Microsoft.EntityFrameworkCore.Query.Internal.SingleQueryingEnumerable`1.AsyncEnumerator.InitializeReaderAsync(AsyncEnumerator enumerator, CancellationToken cancellationToken)
   at Npgsql.EntityFrameworkCore.PostgreSQL.Storage.Internal.NpgsqlExecutionStrategy.ExecuteAsync[TState,TResult](TState state, Func`4 operation, Func`4 verifySucceeded, CancellationToken cancellationToken)
   at Microsoft.EntityFrameworkCore.Query.Internal.SingleQueryingEnumerable`1.AsyncEnumerator.MoveNextAsync()
  Exception data:
    Severity: ERROR
    SqlState: 42P01
    MessageText: relation "Books" does not exist
    Position: 95
    File: parse_relation.c
    Line: 1452
    Routine: parserOpenTable
Npgsql.PostgresException (0x80004005): 42P01: relation "Books" does not exist

POSITION: 95
   at Npgsql.Internal.NpgsqlConnector.ReadMessageLong(Boolean async, DataRowLoadingMode dataRowLoadingMode, Boolean readingNotifications, Boolean isReadingPrependedMessage)
   at System.Runtime.CompilerServices.PoolingAsyncValueTaskMethodBuilder`1.StateMachineBox`1.System.Threading.Tasks.Sources.IValueTaskSource<TResult>.GetResult(Int16 token)
   at Npgsql.NpgsqlDataReader.NextResult(Boolean async, Boolean isConsuming, CancellationToken cancellationToken)
   at Npgsql.NpgsqlDataReader.NextResult(Boolean async, Boolean isConsuming, CancellationToken cancellationToken)
   at Npgsql.NpgsqlCommand.ExecuteReader(Boolean async, CommandBehavior behavior, CancellationToken cancellationToken)
   at Npgsql.NpgsqlCommand.ExecuteReader(Boolean async, CommandBehavior behavior, CancellationToken cancellationToken)
   at Npgsql.NpgsqlCommand.ExecuteDbDataReaderAsync(CommandBehavior behavior, CancellationToken cancellationToken)
   at Microsoft.EntityFrameworkCore.Storage.RelationalCommand.ExecuteReaderAsync(RelationalCommandParameterObject parameterObject, CancellationToken cancellationToken)
   at Microsoft.EntityFrameworkCore.Storage.RelationalCommand.ExecuteReaderAsync(RelationalCommandParameterObject parameterObject, CancellationToken cancellationToken)
   at Microsoft.EntityFrameworkCore.Query.Internal.SingleQueryingEnumerable`1.AsyncEnumerator.InitializeReaderAsync(AsyncEnumerator enumerator, CancellationToken cancellationToken)
   at Npgsql.EntityFrameworkCore.PostgreSQL.Storage.Internal.NpgsqlExecutionStrategy.ExecuteAsync[TState,TResult](TState state, Func`4 operation, Func`4 verifySucceeded, CancellationToken cancellationToken)
   at Microsoft.EntityFrameworkCore.Query.Internal.SingleQueryingEnumerable`1.AsyncEnumerator.MoveNextAsync()
  Exception data:
    Severity: ERROR
    SqlState: 42P01
    MessageText: relation "Books" does not exist
    Position: 95
    File: parse_relation.c
    Line: 1452
    Routine: parserOpenTable
2025-11-16 19:03:08.913 +02:00 [ERR] An exception occurred while iterating over the results of a query for context type 'CatalogService.Dal.CatalogDbContext'.
Npgsql.PostgresException (0x80004005): 42P01: relation "Authors" does not exist

POSITION: 31
   at Npgsql.Internal.NpgsqlConnector.ReadMessageLong(Boolean async, DataRowLoadingMode dataRowLoadingMode, Boolean readingNotifications, Boolean isReadingPrependedMessage)
   at System.Runtime.CompilerServices.PoolingAsyncValueTaskMethodBuilder`1.StateMachineBox`1.System.Threading.Tasks.Sources.IValueTaskSource<TResult>.GetResult(Int16 token)
   at Npgsql.NpgsqlDataReader.NextResult(Boolean async, Boolean isConsuming, CancellationToken cancellationToken)
   at Npgsql.NpgsqlDataReader.NextResult(Boolean async, Boolean isConsuming, CancellationToken cancellationToken)
   at Npgsql.NpgsqlCommand.ExecuteReader(Boolean async, CommandBehavior behavior, CancellationToken cancellationToken)
   at Npgsql.NpgsqlCommand.ExecuteReader(Boolean async, CommandBehavior behavior, CancellationToken cancellationToken)
   at Npgsql.NpgsqlCommand.ExecuteDbDataReaderAsync(CommandBehavior behavior, CancellationToken cancellationToken)
   at Microsoft.EntityFrameworkCore.Storage.RelationalCommand.ExecuteReaderAsync(RelationalCommandParameterObject parameterObject, CancellationToken cancellationToken)
   at Microsoft.EntityFrameworkCore.Storage.RelationalCommand.ExecuteReaderAsync(RelationalCommandParameterObject parameterObject, CancellationToken cancellationToken)
   at Microsoft.EntityFrameworkCore.Query.Internal.SingleQueryingEnumerable`1.AsyncEnumerator.InitializeReaderAsync(AsyncEnumerator enumerator, CancellationToken cancellationToken)
   at Npgsql.EntityFrameworkCore.PostgreSQL.Storage.Internal.NpgsqlExecutionStrategy.ExecuteAsync[TState,TResult](TState state, Func`4 operation, Func`4 verifySucceeded, CancellationToken cancellationToken)
   at Microsoft.EntityFrameworkCore.Query.Internal.SingleQueryingEnumerable`1.AsyncEnumerator.MoveNextAsync()
  Exception data:
    Severity: ERROR
    SqlState: 42P01
    MessageText: relation "Authors" does not exist
    Position: 31
    File: parse_relation.c
    Line: 1452
    Routine: parserOpenTable
Npgsql.PostgresException (0x80004005): 42P01: relation "Authors" does not exist

POSITION: 31
   at Npgsql.Internal.NpgsqlConnector.ReadMessageLong(Boolean async, DataRowLoadingMode dataRowLoadingMode, Boolean readingNotifications, Boolean isReadingPrependedMessage)
   at System.Runtime.CompilerServices.PoolingAsyncValueTaskMethodBuilder`1.StateMachineBox`1.System.Threading.Tasks.Sources.IValueTaskSource<TResult>.GetResult(Int16 token)
   at Npgsql.NpgsqlDataReader.NextResult(Boolean async, Boolean isConsuming, CancellationToken cancellationToken)
   at Npgsql.NpgsqlDataReader.NextResult(Boolean async, Boolean isConsuming, CancellationToken cancellationToken)
   at Npgsql.NpgsqlCommand.ExecuteReader(Boolean async, CommandBehavior behavior, CancellationToken cancellationToken)
   at Npgsql.NpgsqlCommand.ExecuteReader(Boolean async, CommandBehavior behavior, CancellationToken cancellationToken)
   at Npgsql.NpgsqlCommand.ExecuteDbDataReaderAsync(CommandBehavior behavior, CancellationToken cancellationToken)
   at Microsoft.EntityFrameworkCore.Storage.RelationalCommand.ExecuteReaderAsync(RelationalCommandParameterObject parameterObject, CancellationToken cancellationToken)
   at Microsoft.EntityFrameworkCore.Storage.RelationalCommand.ExecuteReaderAsync(RelationalCommandParameterObject parameterObject, CancellationToken cancellationToken)
   at Microsoft.EntityFrameworkCore.Query.Internal.SingleQueryingEnumerable`1.AsyncEnumerator.InitializeReaderAsync(AsyncEnumerator enumerator, CancellationToken cancellationToken)
   at Npgsql.EntityFrameworkCore.PostgreSQL.Storage.Internal.NpgsqlExecutionStrategy.ExecuteAsync[TState,TResult](TState state, Func`4 operation, Func`4 verifySucceeded, CancellationToken cancellationToken)
   at Microsoft.EntityFrameworkCore.Query.Internal.SingleQueryingEnumerable`1.AsyncEnumerator.MoveNextAsync()
  Exception data:
    Severity: ERROR
    SqlState: 42P01
    MessageText: relation "Authors" does not exist
    Position: 31
    File: parse_relation.c
    Line: 1452
    Routine: parserOpenTable
2025-11-16 19:03:08.919 +02:00 [ERR] An exception occurred while iterating over the results of a query for context type 'CatalogService.Dal.CatalogDbContext'.
Npgsql.PostgresException (0x80004005): 42P01: relation "Genres" does not exist

POSITION: 31
   at Npgsql.Internal.NpgsqlConnector.ReadMessageLong(Boolean async, DataRowLoadingMode dataRowLoadingMode, Boolean readingNotifications, Boolean isReadingPrependedMessage)
   at System.Runtime.CompilerServices.PoolingAsyncValueTaskMethodBuilder`1.StateMachineBox`1.System.Threading.Tasks.Sources.IValueTaskSource<TResult>.GetResult(Int16 token)
   at Npgsql.NpgsqlDataReader.NextResult(Boolean async, Boolean isConsuming, CancellationToken cancellationToken)
   at Npgsql.NpgsqlDataReader.NextResult(Boolean async, Boolean isConsuming, CancellationToken cancellationToken)
   at Npgsql.NpgsqlCommand.ExecuteReader(Boolean async, CommandBehavior behavior, CancellationToken cancellationToken)
   at Npgsql.NpgsqlCommand.ExecuteReader(Boolean async, CommandBehavior behavior, CancellationToken cancellationToken)
   at Npgsql.NpgsqlCommand.ExecuteDbDataReaderAsync(CommandBehavior behavior, CancellationToken cancellationToken)
   at Microsoft.EntityFrameworkCore.Storage.RelationalCommand.ExecuteReaderAsync(RelationalCommandParameterObject parameterObject, CancellationToken cancellationToken)
   at Microsoft.EntityFrameworkCore.Storage.RelationalCommand.ExecuteReaderAsync(RelationalCommandParameterObject parameterObject, CancellationToken cancellationToken)
   at Microsoft.EntityFrameworkCore.Query.Internal.SingleQueryingEnumerable`1.AsyncEnumerator.InitializeReaderAsync(AsyncEnumerator enumerator, CancellationToken cancellationToken)
   at Npgsql.EntityFrameworkCore.PostgreSQL.Storage.Internal.NpgsqlExecutionStrategy.ExecuteAsync[TState,TResult](TState state, Func`4 operation, Func`4 verifySucceeded, CancellationToken cancellationToken)
   at Microsoft.EntityFrameworkCore.Query.Internal.SingleQueryingEnumerable`1.AsyncEnumerator.MoveNextAsync()
  Exception data:
    Severity: ERROR
    SqlState: 42P01
    MessageText: relation "Genres" does not exist
    Position: 31
    File: parse_relation.c
    Line: 1452
    Routine: parserOpenTable
Npgsql.PostgresException (0x80004005): 42P01: relation "Genres" does not exist

POSITION: 31
   at Npgsql.Internal.NpgsqlConnector.ReadMessageLong(Boolean async, DataRowLoadingMode dataRowLoadingMode, Boolean readingNotifications, Boolean isReadingPrependedMessage)
   at System.Runtime.CompilerServices.PoolingAsyncValueTaskMethodBuilder`1.StateMachineBox`1.System.Threading.Tasks.Sources.IValueTaskSource<TResult>.GetResult(Int16 token)
   at Npgsql.NpgsqlDataReader.NextResult(Boolean async, Boolean isConsuming, CancellationToken cancellationToken)
   at Npgsql.NpgsqlDataReader.NextResult(Boolean async, Boolean isConsuming, CancellationToken cancellationToken)
   at Npgsql.NpgsqlCommand.ExecuteReader(Boolean async, CommandBehavior behavior, CancellationToken cancellationToken)
   at Npgsql.NpgsqlCommand.ExecuteReader(Boolean async, CommandBehavior behavior, CancellationToken cancellationToken)
   at Npgsql.NpgsqlCommand.ExecuteDbDataReaderAsync(CommandBehavior behavior, CancellationToken cancellationToken)
   at Microsoft.EntityFrameworkCore.Storage.RelationalCommand.ExecuteReaderAsync(RelationalCommandParameterObject parameterObject, CancellationToken cancellationToken)
   at Microsoft.EntityFrameworkCore.Storage.RelationalCommand.ExecuteReaderAsync(RelationalCommandParameterObject parameterObject, CancellationToken cancellationToken)
   at Microsoft.EntityFrameworkCore.Query.Internal.SingleQueryingEnumerable`1.AsyncEnumerator.InitializeReaderAsync(AsyncEnumerator enumerator, CancellationToken cancellationToken)
   at Npgsql.EntityFrameworkCore.PostgreSQL.Storage.Internal.NpgsqlExecutionStrategy.ExecuteAsync[TState,TResult](TState state, Func`4 operation, Func`4 verifySucceeded, CancellationToken cancellationToken)
   at Microsoft.EntityFrameworkCore.Query.Internal.SingleQueryingEnumerable`1.AsyncEnumerator.MoveNextAsync()
  Exception data:
    Severity: ERROR
    SqlState: 42P01
    MessageText: relation "Genres" does not exist
    Position: 31
    File: parse_relation.c
    Line: 1452
    Routine: parserOpenTable
2025-11-16 19:03:08.938 +02:00 [INF] Executed action CatalogService.Api.Controllers.BooksController.GetAll (CatalogService.Api) in 53.5893ms
2025-11-16 19:03:08.957 +02:00 [INF] Executed action CatalogService.Api.Controllers.AuthorsController.GetAll (CatalogService.Api) in 66.996ms
2025-11-16 19:03:08.982 +02:00 [INF] Executed endpoint 'CatalogService.Api.Controllers.BooksController.GetAll (CatalogService.Api)'
2025-11-16 19:03:08.982 +02:00 [INF] Executed action CatalogService.Api.Controllers.GenresController.GetAll (CatalogService.Api) in 86.4018ms
2025-11-16 19:03:08.984 +02:00 [INF] Executed endpoint 'CatalogService.Api.Controllers.AuthorsController.GetAll (CatalogService.Api)'
2025-11-16 19:03:08.990 +02:00 [INF] Executed endpoint 'CatalogService.Api.Controllers.GenresController.GetAll (CatalogService.Api)'
2025-11-16 19:03:09.002 +02:00 [ERR] An unhandled exception has occurred while executing the request.
Npgsql.PostgresException (0x80004005): 42P01: relation "Books" does not exist

POSITION: 95
   at Npgsql.Internal.NpgsqlConnector.ReadMessageLong(Boolean async, DataRowLoadingMode dataRowLoadingMode, Boolean readingNotifications, Boolean isReadingPrependedMessage)
   at System.Runtime.CompilerServices.PoolingAsyncValueTaskMethodBuilder`1.StateMachineBox`1.System.Threading.Tasks.Sources.IValueTaskSource<TResult>.GetResult(Int16 token)
   at Npgsql.NpgsqlDataReader.NextResult(Boolean async, Boolean isConsuming, CancellationToken cancellationToken)
   at Npgsql.NpgsqlDataReader.NextResult(Boolean async, Boolean isConsuming, CancellationToken cancellationToken)
   at Npgsql.NpgsqlCommand.ExecuteReader(Boolean async, CommandBehavior behavior, CancellationToken cancellationToken)
   at Npgsql.NpgsqlCommand.ExecuteReader(Boolean async, CommandBehavior behavior, CancellationToken cancellationToken)
   at Npgsql.NpgsqlCommand.ExecuteDbDataReaderAsync(CommandBehavior behavior, CancellationToken cancellationToken)
   at Microsoft.EntityFrameworkCore.Storage.RelationalCommand.ExecuteReaderAsync(RelationalCommandParameterObject parameterObject, CancellationToken cancellationToken)
   at Microsoft.EntityFrameworkCore.Storage.RelationalCommand.ExecuteReaderAsync(RelationalCommandParameterObject parameterObject, CancellationToken cancellationToken)
   at Microsoft.EntityFrameworkCore.Query.Internal.SingleQueryingEnumerable`1.AsyncEnumerator.InitializeReaderAsync(AsyncEnumerator enumerator, CancellationToken cancellationToken)
   at Npgsql.EntityFrameworkCore.PostgreSQL.Storage.Internal.NpgsqlExecutionStrategy.ExecuteAsync[TState,TResult](TState state, Func`4 operation, Func`4 verifySucceeded, CancellationToken cancellationToken)
   at Microsoft.EntityFrameworkCore.Query.Internal.SingleQueryingEnumerable`1.AsyncEnumerator.MoveNextAsync()
   at Microsoft.EntityFrameworkCore.EntityFrameworkQueryableExtensions.ToListAsync[TSource](IQueryable`1 source, CancellationToken cancellationToken)
   at Microsoft.EntityFrameworkCore.EntityFrameworkQueryableExtensions.ToListAsync[TSource](IQueryable`1 source, CancellationToken cancellationToken)
   at CatalogService.Bll.Services.BookService.GetAllAsync() in C:\Users\Admin\Documents\projects\LibrarySystem\CatalogService\CatalogService.Bll\Services\BookService.cs:line 24
   at CatalogService.Api.Controllers.BooksController.GetAll() in C:\Users\Admin\Documents\projects\LibrarySystem\CatalogService\CatalogService.Api\Controllers\BooksController.cs:line 16
   at Microsoft.AspNetCore.Mvc.Infrastructure.ActionMethodExecutor.TaskOfIActionResultExecutor.Execute(ActionContext actionContext, IActionResultTypeMapper mapper, ObjectMethodExecutor executor, Object controller, Object[] arguments)
   at Microsoft.AspNetCore.Mvc.Infrastructure.ControllerActionInvoker.<InvokeActionMethodAsync>g__Awaited|12_0(ControllerActionInvoker invoker, ValueTask`1 actionResultValueTask)
   at Microsoft.AspNetCore.Mvc.Infrastructure.ControllerActionInvoker.<InvokeNextActionFilterAsync>g__Awaited|10_0(ControllerActionInvoker invoker, Task lastTask, State next, Scope scope, Object state, Boolean isCompleted)
   at Microsoft.AspNetCore.Mvc.Infrastructure.ControllerActionInvoker.Rethrow(ActionExecutedContextSealed context)
   at Microsoft.AspNetCore.Mvc.Infrastructure.ControllerActionInvoker.Next(State& next, Scope& scope, Object& state, Boolean& isCompleted)
   at Microsoft.AspNetCore.Mvc.Infrastructure.ControllerActionInvoker.<InvokeInnerFilterAsync>g__Awaited|13_0(ControllerActionInvoker invoker, Task lastTask, State next, Scope scope, Object state, Boolean isCompleted)
   at Microsoft.AspNetCore.Mvc.Infrastructure.ResourceInvoker.<InvokeFilterPipelineAsync>g__Awaited|20_0(ResourceInvoker invoker, Task lastTask, State next, Scope scope, Object state, Boolean isCompleted)
   at Microsoft.AspNetCore.Mvc.Infrastructure.ResourceInvoker.<InvokeAsync>g__Logged|17_1(ResourceInvoker invoker)
   at Microsoft.AspNetCore.Mvc.Infrastructure.ResourceInvoker.<InvokeAsync>g__Logged|17_1(ResourceInvoker invoker)
   at Microsoft.AspNetCore.Routing.EndpointMiddleware.<Invoke>g__AwaitRequestTask|7_0(Endpoint endpoint, Task requestTask, ILogger logger)
   at Swashbuckle.AspNetCore.SwaggerUI.SwaggerUIMiddleware.Invoke(HttpContext httpContext)
   at Swashbuckle.AspNetCore.Swagger.SwaggerMiddleware.Invoke(HttpContext httpContext, ISwaggerProvider swaggerProvider)
   at Hellang.Middleware.ProblemDetails.ProblemDetailsMiddleware.Invoke(HttpContext context)
  Exception data:
    Severity: ERROR
    SqlState: 42P01
    MessageText: relation "Books" does not exist
    Position: 95
    File: parse_relation.c
    Line: 1452
    Routine: parserOpenTable
2025-11-16 19:03:09.007 +02:00 [ERR] An unhandled exception has occurred while executing the request.
Npgsql.PostgresException (0x80004005): 42P01: relation "Authors" does not exist

POSITION: 31
   at Npgsql.Internal.NpgsqlConnector.ReadMessageLong(Boolean async, DataRowLoadingMode dataRowLoadingMode, Boolean readingNotifications, Boolean isReadingPrependedMessage)
   at System.Runtime.CompilerServices.PoolingAsyncValueTaskMethodBuilder`1.StateMachineBox`1.System.Threading.Tasks.Sources.IValueTaskSource<TResult>.GetResult(Int16 token)
   at Npgsql.NpgsqlDataReader.NextResult(Boolean async, Boolean isConsuming, CancellationToken cancellationToken)
   at Npgsql.NpgsqlDataReader.NextResult(Boolean async, Boolean isConsuming, CancellationToken cancellationToken)
   at Npgsql.NpgsqlCommand.ExecuteReader(Boolean async, CommandBehavior behavior, CancellationToken cancellationToken)
   at Npgsql.NpgsqlCommand.ExecuteReader(Boolean async, CommandBehavior behavior, CancellationToken cancellationToken)
   at Npgsql.NpgsqlCommand.ExecuteDbDataReaderAsync(CommandBehavior behavior, CancellationToken cancellationToken)
   at Microsoft.EntityFrameworkCore.Storage.RelationalCommand.ExecuteReaderAsync(RelationalCommandParameterObject parameterObject, CancellationToken cancellationToken)
   at Microsoft.EntityFrameworkCore.Storage.RelationalCommand.ExecuteReaderAsync(RelationalCommandParameterObject parameterObject, CancellationToken cancellationToken)
   at Microsoft.EntityFrameworkCore.Query.Internal.SingleQueryingEnumerable`1.AsyncEnumerator.InitializeReaderAsync(AsyncEnumerator enumerator, CancellationToken cancellationToken)
   at Npgsql.EntityFrameworkCore.PostgreSQL.Storage.Internal.NpgsqlExecutionStrategy.ExecuteAsync[TState,TResult](TState state, Func`4 operation, Func`4 verifySucceeded, CancellationToken cancellationToken)
   at Microsoft.EntityFrameworkCore.Query.Internal.SingleQueryingEnumerable`1.AsyncEnumerator.MoveNextAsync()
   at Microsoft.EntityFrameworkCore.EntityFrameworkQueryableExtensions.ToListAsync[TSource](IQueryable`1 source, CancellationToken cancellationToken)
   at Microsoft.EntityFrameworkCore.EntityFrameworkQueryableExtensions.ToListAsync[TSource](IQueryable`1 source, CancellationToken cancellationToken)
   at CatalogService.Dal.Repositories.GenericRepository`1.GetAllAsync() in C:\Users\Admin\Documents\projects\LibrarySystem\CatalogService\CatalogService.Dal\Repositories\GenericRepository.cs:line 10
   at CatalogService.Bll.Services.AuthorService.GetAllAsync() in C:\Users\Admin\Documents\projects\LibrarySystem\CatalogService\CatalogService.Bll\Services\AuthorService.cs:line 21
   at CatalogService.Api.Controllers.AuthorsController.GetAll() in C:\Users\Admin\Documents\projects\LibrarySystem\CatalogService\CatalogService.Api\Controllers\AuthorsController.cs:line 16
   at Microsoft.AspNetCore.Mvc.Infrastructure.ActionMethodExecutor.TaskOfIActionResultExecutor.Execute(ActionContext actionContext, IActionResultTypeMapper mapper, ObjectMethodExecutor executor, Object controller, Object[] arguments)
   at Microsoft.AspNetCore.Mvc.Infrastructure.ControllerActionInvoker.<InvokeActionMethodAsync>g__Awaited|12_0(ControllerActionInvoker invoker, ValueTask`1 actionResultValueTask)
   at Microsoft.AspNetCore.Mvc.Infrastructure.ControllerActionInvoker.<InvokeNextActionFilterAsync>g__Awaited|10_0(ControllerActionInvoker invoker, Task lastTask, State next, Scope scope, Object state, Boolean isCompleted)
   at Microsoft.AspNetCore.Mvc.Infrastructure.ControllerActionInvoker.Rethrow(ActionExecutedContextSealed context)
   at Microsoft.AspNetCore.Mvc.Infrastructure.ControllerActionInvoker.Next(State& next, Scope& scope, Object& state, Boolean& isCompleted)
   at Microsoft.AspNetCore.Mvc.Infrastructure.ControllerActionInvoker.<InvokeInnerFilterAsync>g__Awaited|13_0(ControllerActionInvoker invoker, Task lastTask, State next, Scope scope, Object state, Boolean isCompleted)
   at Microsoft.AspNetCore.Mvc.Infrastructure.ResourceInvoker.<InvokeFilterPipelineAsync>g__Awaited|20_0(ResourceInvoker invoker, Task lastTask, State next, Scope scope, Object state, Boolean isCompleted)
   at Microsoft.AspNetCore.Mvc.Infrastructure.ResourceInvoker.<InvokeAsync>g__Logged|17_1(ResourceInvoker invoker)
   at Microsoft.AspNetCore.Mvc.Infrastructure.ResourceInvoker.<InvokeAsync>g__Logged|17_1(ResourceInvoker invoker)
   at Microsoft.AspNetCore.Routing.EndpointMiddleware.<Invoke>g__AwaitRequestTask|7_0(Endpoint endpoint, Task requestTask, ILogger logger)
   at Swashbuckle.AspNetCore.SwaggerUI.SwaggerUIMiddleware.Invoke(HttpContext httpContext)
   at Swashbuckle.AspNetCore.Swagger.SwaggerMiddleware.Invoke(HttpContext httpContext, ISwaggerProvider swaggerProvider)
   at Hellang.Middleware.ProblemDetails.ProblemDetailsMiddleware.Invoke(HttpContext context)
  Exception data:
    Severity: ERROR
    SqlState: 42P01
    MessageText: relation "Authors" does not exist
    Position: 31
    File: parse_relation.c
    Line: 1452
    Routine: parserOpenTable
2025-11-16 19:03:09.009 +02:00 [ERR] An unhandled exception has occurred while executing the request.
Npgsql.PostgresException (0x80004005): 42P01: relation "Genres" does not exist

POSITION: 31
   at Npgsql.Internal.NpgsqlConnector.ReadMessageLong(Boolean async, DataRowLoadingMode dataRowLoadingMode, Boolean readingNotifications, Boolean isReadingPrependedMessage)
   at System.Runtime.CompilerServices.PoolingAsyncValueTaskMethodBuilder`1.StateMachineBox`1.System.Threading.Tasks.Sources.IValueTaskSource<TResult>.GetResult(Int16 token)
   at Npgsql.NpgsqlDataReader.NextResult(Boolean async, Boolean isConsuming, CancellationToken cancellationToken)
   at Npgsql.NpgsqlDataReader.NextResult(Boolean async, Boolean isConsuming, CancellationToken cancellationToken)
   at Npgsql.NpgsqlCommand.ExecuteReader(Boolean async, CommandBehavior behavior, CancellationToken cancellationToken)
   at Npgsql.NpgsqlCommand.ExecuteReader(Boolean async, CommandBehavior behavior, CancellationToken cancellationToken)
   at Npgsql.NpgsqlCommand.ExecuteDbDataReaderAsync(CommandBehavior behavior, CancellationToken cancellationToken)
   at Microsoft.EntityFrameworkCore.Storage.RelationalCommand.ExecuteReaderAsync(RelationalCommandParameterObject parameterObject, CancellationToken cancellationToken)
   at Microsoft.EntityFrameworkCore.Storage.RelationalCommand.ExecuteReaderAsync(RelationalCommandParameterObject parameterObject, CancellationToken cancellationToken)
   at Microsoft.EntityFrameworkCore.Query.Internal.SingleQueryingEnumerable`1.AsyncEnumerator.InitializeReaderAsync(AsyncEnumerator enumerator, CancellationToken cancellationToken)
   at Npgsql.EntityFrameworkCore.PostgreSQL.Storage.Internal.NpgsqlExecutionStrategy.ExecuteAsync[TState,TResult](TState state, Func`4 operation, Func`4 verifySucceeded, CancellationToken cancellationToken)
   at Microsoft.EntityFrameworkCore.Query.Internal.SingleQueryingEnumerable`1.AsyncEnumerator.MoveNextAsync()
   at Microsoft.EntityFrameworkCore.EntityFrameworkQueryableExtensions.ToListAsync[TSource](IQueryable`1 source, CancellationToken cancellationToken)
   at Microsoft.EntityFrameworkCore.EntityFrameworkQueryableExtensions.ToListAsync[TSource](IQueryable`1 source, CancellationToken cancellationToken)
   at CatalogService.Dal.Repositories.GenericRepository`1.GetAllAsync() in C:\Users\Admin\Documents\projects\LibrarySystem\CatalogService\CatalogService.Dal\Repositories\GenericRepository.cs:line 10
   at CatalogService.Bll.Services.GenreService.GetAllAsync() in C:\Users\Admin\Documents\projects\LibrarySystem\CatalogService\CatalogService.Bll\Services\GenreService.cs:line 21
   at CatalogService.Api.Controllers.GenresController.GetAll() in C:\Users\Admin\Documents\projects\LibrarySystem\CatalogService\CatalogService.Api\Controllers\GenresController.cs:line 16
   at Microsoft.AspNetCore.Mvc.Infrastructure.ActionMethodExecutor.TaskOfIActionResultExecutor.Execute(ActionContext actionContext, IActionResultTypeMapper mapper, ObjectMethodExecutor executor, Object controller, Object[] arguments)
   at Microsoft.AspNetCore.Mvc.Infrastructure.ControllerActionInvoker.<InvokeActionMethodAsync>g__Awaited|12_0(ControllerActionInvoker invoker, ValueTask`1 actionResultValueTask)
   at Microsoft.AspNetCore.Mvc.Infrastructure.ControllerActionInvoker.<InvokeNextActionFilterAsync>g__Awaited|10_0(ControllerActionInvoker invoker, Task lastTask, State next, Scope scope, Object state, Boolean isCompleted)
   at Microsoft.AspNetCore.Mvc.Infrastructure.ControllerActionInvoker.Rethrow(ActionExecutedContextSealed context)
   at Microsoft.AspNetCore.Mvc.Infrastructure.ControllerActionInvoker.Next(State& next, Scope& scope, Object& state, Boolean& isCompleted)
   at Microsoft.AspNetCore.Mvc.Infrastructure.ControllerActionInvoker.<InvokeInnerFilterAsync>g__Awaited|13_0(ControllerActionInvoker invoker, Task lastTask, State next, Scope scope, Object state, Boolean isCompleted)
   at Microsoft.AspNetCore.Mvc.Infrastructure.ResourceInvoker.<InvokeFilterPipelineAsync>g__Awaited|20_0(ResourceInvoker invoker, Task lastTask, State next, Scope scope, Object state, Boolean isCompleted)
   at Microsoft.AspNetCore.Mvc.Infrastructure.ResourceInvoker.<InvokeAsync>g__Logged|17_1(ResourceInvoker invoker)
   at Microsoft.AspNetCore.Mvc.Infrastructure.ResourceInvoker.<InvokeAsync>g__Logged|17_1(ResourceInvoker invoker)
   at Microsoft.AspNetCore.Routing.EndpointMiddleware.<Invoke>g__AwaitRequestTask|7_0(Endpoint endpoint, Task requestTask, ILogger logger)
   at Swashbuckle.AspNetCore.SwaggerUI.SwaggerUIMiddleware.Invoke(HttpContext httpContext)
   at Swashbuckle.AspNetCore.Swagger.SwaggerMiddleware.Invoke(HttpContext httpContext, ISwaggerProvider swaggerProvider)
   at Hellang.Middleware.ProblemDetails.ProblemDetailsMiddleware.Invoke(HttpContext context)
  Exception data:
    Severity: ERROR
    SqlState: 42P01
    MessageText: relation "Genres" does not exist
    Position: 31
    File: parse_relation.c
    Line: 1452
    Routine: parserOpenTable
2025-11-16 19:03:09.037 +02:00 [INF] Executing ObjectResult, writing value of type 'Microsoft.AspNetCore.Mvc.ProblemDetails'.
2025-11-16 19:03:09.064 +02:00 [INF] Executing ObjectResult, writing value of type 'Microsoft.AspNetCore.Mvc.ProblemDetails'.
2025-11-16 19:03:09.084 +02:00 [INF] Executing ObjectResult, writing value of type 'Microsoft.AspNetCore.Mvc.ProblemDetails'.
2025-11-16 19:03:09.084 +02:00 [INF] Request finished HTTP/1.1 GET http://localhost:5180/api/books - 500 null application/problem+json; charset=utf-8 251.6987ms
2025-11-16 19:03:09.086 +02:00 [INF] Request finished HTTP/1.1 GET http://localhost:5180/api/authors - 500 null application/problem+json; charset=utf-8 253.0196ms
2025-11-16 19:03:09.088 +02:00 [INF] Request finished HTTP/1.1 GET http://localhost:5180/api/genres - 500 null application/problem+json; charset=utf-8 255.5023ms
2025-11-16 19:03:14.254 +02:00 [INF] Request starting HTTP/1.1 GET http://localhost:5180/api/books - null null
2025-11-16 19:03:14.254 +02:00 [INF] Request starting HTTP/1.1 GET http://localhost:5180/api/authors - null null
2025-11-16 19:03:14.254 +02:00 [INF] Request starting HTTP/1.1 GET http://localhost:5180/api/genres - null null
2025-11-16 19:03:14.259 +02:00 [INF] Executing endpoint 'CatalogService.Api.Controllers.BooksController.GetAll (CatalogService.Api)'
2025-11-16 19:03:14.265 +02:00 [INF] Executing endpoint 'CatalogService.Api.Controllers.AuthorsController.GetAll (CatalogService.Api)'
2025-11-16 19:03:14.270 +02:00 [INF] Executing endpoint 'CatalogService.Api.Controllers.GenresController.GetAll (CatalogService.Api)'
2025-11-16 19:03:14.271 +02:00 [INF] Route matched with {action = "GetAll", controller = "Books"}. Executing controller action with signature System.Threading.Tasks.Task`1[Microsoft.AspNetCore.Mvc.IActionResult] GetAll() on controller CatalogService.Api.Controllers.BooksController (CatalogService.Api).
2025-11-16 19:03:14.273 +02:00 [INF] Route matched with {action = "GetAll", controller = "Authors"}. Executing controller action with signature System.Threading.Tasks.Task`1[Microsoft.AspNetCore.Mvc.IActionResult] GetAll() on controller CatalogService.Api.Controllers.AuthorsController (CatalogService.Api).
2025-11-16 19:03:14.276 +02:00 [INF] Route matched with {action = "GetAll", controller = "Genres"}. Executing controller action with signature System.Threading.Tasks.Task`1[Microsoft.AspNetCore.Mvc.IActionResult] GetAll() on controller CatalogService.Api.Controllers.GenresController (CatalogService.Api).
2025-11-16 19:03:14.283 +02:00 [ERR] Failed executing DbCommand (1ms) [Parameters=[], CommandType='"Text"', CommandTimeout='30']
SELECT b."Id", b."AuthorId", b."GenreId", b."Title", a."Id", a."Name", g."Id", g."Name"
FROM "Books" AS b
INNER JOIN "Authors" AS a ON b."AuthorId" = a."Id"
INNER JOIN "Genres" AS g ON b."GenreId" = g."Id"
2025-11-16 19:03:14.289 +02:00 [ERR] Failed executing DbCommand (1ms) [Parameters=[], CommandType='"Text"', CommandTimeout='30']
SELECT a."Id", a."Name"
FROM "Authors" AS a
2025-11-16 19:03:14.294 +02:00 [ERR] Failed executing DbCommand (1ms) [Parameters=[], CommandType='"Text"', CommandTimeout='30']
SELECT g."Id", g."Name"
FROM "Genres" AS g
2025-11-16 19:03:14.298 +02:00 [ERR] An exception occurred while iterating over the results of a query for context type 'CatalogService.Dal.CatalogDbContext'.
Npgsql.PostgresException (0x80004005): 42P01: relation "Books" does not exist

POSITION: 95
   at Npgsql.Internal.NpgsqlConnector.ReadMessageLong(Boolean async, DataRowLoadingMode dataRowLoadingMode, Boolean readingNotifications, Boolean isReadingPrependedMessage)
   at System.Runtime.CompilerServices.PoolingAsyncValueTaskMethodBuilder`1.StateMachineBox`1.System.Threading.Tasks.Sources.IValueTaskSource<TResult>.GetResult(Int16 token)
   at Npgsql.NpgsqlDataReader.NextResult(Boolean async, Boolean isConsuming, CancellationToken cancellationToken)
   at Npgsql.NpgsqlDataReader.NextResult(Boolean async, Boolean isConsuming, CancellationToken cancellationToken)
   at Npgsql.NpgsqlCommand.ExecuteReader(Boolean async, CommandBehavior behavior, CancellationToken cancellationToken)
   at Npgsql.NpgsqlCommand.ExecuteReader(Boolean async, CommandBehavior behavior, CancellationToken cancellationToken)
   at Npgsql.NpgsqlCommand.ExecuteDbDataReaderAsync(CommandBehavior behavior, CancellationToken cancellationToken)
   at Microsoft.EntityFrameworkCore.Storage.RelationalCommand.ExecuteReaderAsync(RelationalCommandParameterObject parameterObject, CancellationToken cancellationToken)
   at Microsoft.EntityFrameworkCore.Storage.RelationalCommand.ExecuteReaderAsync(RelationalCommandParameterObject parameterObject, CancellationToken cancellationToken)
   at Microsoft.EntityFrameworkCore.Query.Internal.SingleQueryingEnumerable`1.AsyncEnumerator.InitializeReaderAsync(AsyncEnumerator enumerator, CancellationToken cancellationToken)
   at Npgsql.EntityFrameworkCore.PostgreSQL.Storage.Internal.NpgsqlExecutionStrategy.ExecuteAsync[TState,TResult](TState state, Func`4 operation, Func`4 verifySucceeded, CancellationToken cancellationToken)
   at Microsoft.EntityFrameworkCore.Query.Internal.SingleQueryingEnumerable`1.AsyncEnumerator.MoveNextAsync()
  Exception data:
    Severity: ERROR
    SqlState: 42P01
    MessageText: relation "Books" does not exist
    Position: 95
    File: parse_relation.c
    Line: 1452
    Routine: parserOpenTable
Npgsql.PostgresException (0x80004005): 42P01: relation "Books" does not exist

POSITION: 95
   at Npgsql.Internal.NpgsqlConnector.ReadMessageLong(Boolean async, DataRowLoadingMode dataRowLoadingMode, Boolean readingNotifications, Boolean isReadingPrependedMessage)
   at System.Runtime.CompilerServices.PoolingAsyncValueTaskMethodBuilder`1.StateMachineBox`1.System.Threading.Tasks.Sources.IValueTaskSource<TResult>.GetResult(Int16 token)
   at Npgsql.NpgsqlDataReader.NextResult(Boolean async, Boolean isConsuming, CancellationToken cancellationToken)
   at Npgsql.NpgsqlDataReader.NextResult(Boolean async, Boolean isConsuming, CancellationToken cancellationToken)
   at Npgsql.NpgsqlCommand.ExecuteReader(Boolean async, CommandBehavior behavior, CancellationToken cancellationToken)
   at Npgsql.NpgsqlCommand.ExecuteReader(Boolean async, CommandBehavior behavior, CancellationToken cancellationToken)
   at Npgsql.NpgsqlCommand.ExecuteDbDataReaderAsync(CommandBehavior behavior, CancellationToken cancellationToken)
   at Microsoft.EntityFrameworkCore.Storage.RelationalCommand.ExecuteReaderAsync(RelationalCommandParameterObject parameterObject, CancellationToken cancellationToken)
   at Microsoft.EntityFrameworkCore.Storage.RelationalCommand.ExecuteReaderAsync(RelationalCommandParameterObject parameterObject, CancellationToken cancellationToken)
   at Microsoft.EntityFrameworkCore.Query.Internal.SingleQueryingEnumerable`1.AsyncEnumerator.InitializeReaderAsync(AsyncEnumerator enumerator, CancellationToken cancellationToken)
   at Npgsql.EntityFrameworkCore.PostgreSQL.Storage.Internal.NpgsqlExecutionStrategy.ExecuteAsync[TState,TResult](TState state, Func`4 operation, Func`4 verifySucceeded, CancellationToken cancellationToken)
   at Microsoft.EntityFrameworkCore.Query.Internal.SingleQueryingEnumerable`1.AsyncEnumerator.MoveNextAsync()
  Exception data:
    Severity: ERROR
    SqlState: 42P01
    MessageText: relation "Books" does not exist
    Position: 95
    File: parse_relation.c
    Line: 1452
    Routine: parserOpenTable
2025-11-16 19:03:14.305 +02:00 [ERR] An exception occurred while iterating over the results of a query for context type 'CatalogService.Dal.CatalogDbContext'.
Npgsql.PostgresException (0x80004005): 42P01: relation "Authors" does not exist

POSITION: 31
   at Npgsql.Internal.NpgsqlConnector.ReadMessageLong(Boolean async, DataRowLoadingMode dataRowLoadingMode, Boolean readingNotifications, Boolean isReadingPrependedMessage)
   at System.Runtime.CompilerServices.PoolingAsyncValueTaskMethodBuilder`1.StateMachineBox`1.System.Threading.Tasks.Sources.IValueTaskSource<TResult>.GetResult(Int16 token)
   at Npgsql.NpgsqlDataReader.NextResult(Boolean async, Boolean isConsuming, CancellationToken cancellationToken)
   at Npgsql.NpgsqlDataReader.NextResult(Boolean async, Boolean isConsuming, CancellationToken cancellationToken)
   at Npgsql.NpgsqlCommand.ExecuteReader(Boolean async, CommandBehavior behavior, CancellationToken cancellationToken)
   at Npgsql.NpgsqlCommand.ExecuteReader(Boolean async, CommandBehavior behavior, CancellationToken cancellationToken)
   at Npgsql.NpgsqlCommand.ExecuteDbDataReaderAsync(CommandBehavior behavior, CancellationToken cancellationToken)
   at Microsoft.EntityFrameworkCore.Storage.RelationalCommand.ExecuteReaderAsync(RelationalCommandParameterObject parameterObject, CancellationToken cancellationToken)
   at Microsoft.EntityFrameworkCore.Storage.RelationalCommand.ExecuteReaderAsync(RelationalCommandParameterObject parameterObject, CancellationToken cancellationToken)
   at Microsoft.EntityFrameworkCore.Query.Internal.SingleQueryingEnumerable`1.AsyncEnumerator.InitializeReaderAsync(AsyncEnumerator enumerator, CancellationToken cancellationToken)
   at Npgsql.EntityFrameworkCore.PostgreSQL.Storage.Internal.NpgsqlExecutionStrategy.ExecuteAsync[TState,TResult](TState state, Func`4 operation, Func`4 verifySucceeded, CancellationToken cancellationToken)
   at Microsoft.EntityFrameworkCore.Query.Internal.SingleQueryingEnumerable`1.AsyncEnumerator.MoveNextAsync()
  Exception data:
    Severity: ERROR
    SqlState: 42P01
    MessageText: relation "Authors" does not exist
    Position: 31
    File: parse_relation.c
    Line: 1452
    Routine: parserOpenTable
Npgsql.PostgresException (0x80004005): 42P01: relation "Authors" does not exist

POSITION: 31
   at Npgsql.Internal.NpgsqlConnector.ReadMessageLong(Boolean async, DataRowLoadingMode dataRowLoadingMode, Boolean readingNotifications, Boolean isReadingPrependedMessage)
   at System.Runtime.CompilerServices.PoolingAsyncValueTaskMethodBuilder`1.StateMachineBox`1.System.Threading.Tasks.Sources.IValueTaskSource<TResult>.GetResult(Int16 token)
   at Npgsql.NpgsqlDataReader.NextResult(Boolean async, Boolean isConsuming, CancellationToken cancellationToken)
   at Npgsql.NpgsqlDataReader.NextResult(Boolean async, Boolean isConsuming, CancellationToken cancellationToken)
   at Npgsql.NpgsqlCommand.ExecuteReader(Boolean async, CommandBehavior behavior, CancellationToken cancellationToken)
   at Npgsql.NpgsqlCommand.ExecuteReader(Boolean async, CommandBehavior behavior, CancellationToken cancellationToken)
   at Npgsql.NpgsqlCommand.ExecuteDbDataReaderAsync(CommandBehavior behavior, CancellationToken cancellationToken)
   at Microsoft.EntityFrameworkCore.Storage.RelationalCommand.ExecuteReaderAsync(RelationalCommandParameterObject parameterObject, CancellationToken cancellationToken)
   at Microsoft.EntityFrameworkCore.Storage.RelationalCommand.ExecuteReaderAsync(RelationalCommandParameterObject parameterObject, CancellationToken cancellationToken)
   at Microsoft.EntityFrameworkCore.Query.Internal.SingleQueryingEnumerable`1.AsyncEnumerator.InitializeReaderAsync(AsyncEnumerator enumerator, CancellationToken cancellationToken)
   at Npgsql.EntityFrameworkCore.PostgreSQL.Storage.Internal.NpgsqlExecutionStrategy.ExecuteAsync[TState,TResult](TState state, Func`4 operation, Func`4 verifySucceeded, CancellationToken cancellationToken)
   at Microsoft.EntityFrameworkCore.Query.Internal.SingleQueryingEnumerable`1.AsyncEnumerator.MoveNextAsync()
  Exception data:
    Severity: ERROR
    SqlState: 42P01
    MessageText: relation "Authors" does not exist
    Position: 31
    File: parse_relation.c
    Line: 1452
    Routine: parserOpenTable
2025-11-16 19:03:14.312 +02:00 [ERR] An exception occurred while iterating over the results of a query for context type 'CatalogService.Dal.CatalogDbContext'.
Npgsql.PostgresException (0x80004005): 42P01: relation "Genres" does not exist

POSITION: 31
   at Npgsql.Internal.NpgsqlConnector.ReadMessageLong(Boolean async, DataRowLoadingMode dataRowLoadingMode, Boolean readingNotifications, Boolean isReadingPrependedMessage)
   at System.Runtime.CompilerServices.PoolingAsyncValueTaskMethodBuilder`1.StateMachineBox`1.System.Threading.Tasks.Sources.IValueTaskSource<TResult>.GetResult(Int16 token)
   at Npgsql.NpgsqlDataReader.NextResult(Boolean async, Boolean isConsuming, CancellationToken cancellationToken)
   at Npgsql.NpgsqlDataReader.NextResult(Boolean async, Boolean isConsuming, CancellationToken cancellationToken)
   at Npgsql.NpgsqlCommand.ExecuteReader(Boolean async, CommandBehavior behavior, CancellationToken cancellationToken)
   at Npgsql.NpgsqlCommand.ExecuteReader(Boolean async, CommandBehavior behavior, CancellationToken cancellationToken)
   at Npgsql.NpgsqlCommand.ExecuteDbDataReaderAsync(CommandBehavior behavior, CancellationToken cancellationToken)
   at Microsoft.EntityFrameworkCore.Storage.RelationalCommand.ExecuteReaderAsync(RelationalCommandParameterObject parameterObject, CancellationToken cancellationToken)
   at Microsoft.EntityFrameworkCore.Storage.RelationalCommand.ExecuteReaderAsync(RelationalCommandParameterObject parameterObject, CancellationToken cancellationToken)
   at Microsoft.EntityFrameworkCore.Query.Internal.SingleQueryingEnumerable`1.AsyncEnumerator.InitializeReaderAsync(AsyncEnumerator enumerator, CancellationToken cancellationToken)
   at Npgsql.EntityFrameworkCore.PostgreSQL.Storage.Internal.NpgsqlExecutionStrategy.ExecuteAsync[TState,TResult](TState state, Func`4 operation, Func`4 verifySucceeded, CancellationToken cancellationToken)
   at Microsoft.EntityFrameworkCore.Query.Internal.SingleQueryingEnumerable`1.AsyncEnumerator.MoveNextAsync()
  Exception data:
    Severity: ERROR
    SqlState: 42P01
    MessageText: relation "Genres" does not exist
    Position: 31
    File: parse_relation.c
    Line: 1452
    Routine: parserOpenTable
Npgsql.PostgresException (0x80004005): 42P01: relation "Genres" does not exist

POSITION: 31
   at Npgsql.Internal.NpgsqlConnector.ReadMessageLong(Boolean async, DataRowLoadingMode dataRowLoadingMode, Boolean readingNotifications, Boolean isReadingPrependedMessage)
   at System.Runtime.CompilerServices.PoolingAsyncValueTaskMethodBuilder`1.StateMachineBox`1.System.Threading.Tasks.Sources.IValueTaskSource<TResult>.GetResult(Int16 token)
   at Npgsql.NpgsqlDataReader.NextResult(Boolean async, Boolean isConsuming, CancellationToken cancellationToken)
   at Npgsql.NpgsqlDataReader.NextResult(Boolean async, Boolean isConsuming, CancellationToken cancellationToken)
   at Npgsql.NpgsqlCommand.ExecuteReader(Boolean async, CommandBehavior behavior, CancellationToken cancellationToken)
   at Npgsql.NpgsqlCommand.ExecuteReader(Boolean async, CommandBehavior behavior, CancellationToken cancellationToken)
   at Npgsql.NpgsqlCommand.ExecuteDbDataReaderAsync(CommandBehavior behavior, CancellationToken cancellationToken)
   at Microsoft.EntityFrameworkCore.Storage.RelationalCommand.ExecuteReaderAsync(RelationalCommandParameterObject parameterObject, CancellationToken cancellationToken)
   at Microsoft.EntityFrameworkCore.Storage.RelationalCommand.ExecuteReaderAsync(RelationalCommandParameterObject parameterObject, CancellationToken cancellationToken)
   at Microsoft.EntityFrameworkCore.Query.Internal.SingleQueryingEnumerable`1.AsyncEnumerator.InitializeReaderAsync(AsyncEnumerator enumerator, CancellationToken cancellationToken)
   at Npgsql.EntityFrameworkCore.PostgreSQL.Storage.Internal.NpgsqlExecutionStrategy.ExecuteAsync[TState,TResult](TState state, Func`4 operation, Func`4 verifySucceeded, CancellationToken cancellationToken)
   at Microsoft.EntityFrameworkCore.Query.Internal.SingleQueryingEnumerable`1.AsyncEnumerator.MoveNextAsync()
  Exception data:
    Severity: ERROR
    SqlState: 42P01
    MessageText: relation "Genres" does not exist
    Position: 31
    File: parse_relation.c
    Line: 1452
    Routine: parserOpenTable
2025-11-16 19:03:14.329 +02:00 [INF] Executed action CatalogService.Api.Controllers.BooksController.GetAll (CatalogService.Api) in 48.5294ms
2025-11-16 19:03:14.347 +02:00 [INF] Executed action CatalogService.Api.Controllers.AuthorsController.GetAll (CatalogService.Api) in 60.925ms
2025-11-16 19:03:14.364 +02:00 [INF] Executed action CatalogService.Api.Controllers.GenresController.GetAll (CatalogService.Api) in 72.7321ms
2025-11-16 19:03:14.365 +02:00 [INF] Executed endpoint 'CatalogService.Api.Controllers.BooksController.GetAll (CatalogService.Api)'
2025-11-16 19:03:14.369 +02:00 [INF] Executed endpoint 'CatalogService.Api.Controllers.AuthorsController.GetAll (CatalogService.Api)'
2025-11-16 19:03:14.373 +02:00 [INF] Executed endpoint 'CatalogService.Api.Controllers.GenresController.GetAll (CatalogService.Api)'
2025-11-16 19:03:14.382 +02:00 [ERR] An unhandled exception has occurred while executing the request.
Npgsql.PostgresException (0x80004005): 42P01: relation "Books" does not exist

POSITION: 95
   at Npgsql.Internal.NpgsqlConnector.ReadMessageLong(Boolean async, DataRowLoadingMode dataRowLoadingMode, Boolean readingNotifications, Boolean isReadingPrependedMessage)
   at System.Runtime.CompilerServices.PoolingAsyncValueTaskMethodBuilder`1.StateMachineBox`1.System.Threading.Tasks.Sources.IValueTaskSource<TResult>.GetResult(Int16 token)
   at Npgsql.NpgsqlDataReader.NextResult(Boolean async, Boolean isConsuming, CancellationToken cancellationToken)
   at Npgsql.NpgsqlDataReader.NextResult(Boolean async, Boolean isConsuming, CancellationToken cancellationToken)
   at Npgsql.NpgsqlCommand.ExecuteReader(Boolean async, CommandBehavior behavior, CancellationToken cancellationToken)
   at Npgsql.NpgsqlCommand.ExecuteReader(Boolean async, CommandBehavior behavior, CancellationToken cancellationToken)
   at Npgsql.NpgsqlCommand.ExecuteDbDataReaderAsync(CommandBehavior behavior, CancellationToken cancellationToken)
   at Microsoft.EntityFrameworkCore.Storage.RelationalCommand.ExecuteReaderAsync(RelationalCommandParameterObject parameterObject, CancellationToken cancellationToken)
   at Microsoft.EntityFrameworkCore.Storage.RelationalCommand.ExecuteReaderAsync(RelationalCommandParameterObject parameterObject, CancellationToken cancellationToken)
   at Microsoft.EntityFrameworkCore.Query.Internal.SingleQueryingEnumerable`1.AsyncEnumerator.InitializeReaderAsync(AsyncEnumerator enumerator, CancellationToken cancellationToken)
   at Npgsql.EntityFrameworkCore.PostgreSQL.Storage.Internal.NpgsqlExecutionStrategy.ExecuteAsync[TState,TResult](TState state, Func`4 operation, Func`4 verifySucceeded, CancellationToken cancellationToken)
   at Microsoft.EntityFrameworkCore.Query.Internal.SingleQueryingEnumerable`1.AsyncEnumerator.MoveNextAsync()
   at Microsoft.EntityFrameworkCore.EntityFrameworkQueryableExtensions.ToListAsync[TSource](IQueryable`1 source, CancellationToken cancellationToken)
   at Microsoft.EntityFrameworkCore.EntityFrameworkQueryableExtensions.ToListAsync[TSource](IQueryable`1 source, CancellationToken cancellationToken)
   at CatalogService.Bll.Services.BookService.GetAllAsync() in C:\Users\Admin\Documents\projects\LibrarySystem\CatalogService\CatalogService.Bll\Services\BookService.cs:line 24
   at CatalogService.Api.Controllers.BooksController.GetAll() in C:\Users\Admin\Documents\projects\LibrarySystem\CatalogService\CatalogService.Api\Controllers\BooksController.cs:line 16
   at Microsoft.AspNetCore.Mvc.Infrastructure.ActionMethodExecutor.TaskOfIActionResultExecutor.Execute(ActionContext actionContext, IActionResultTypeMapper mapper, ObjectMethodExecutor executor, Object controller, Object[] arguments)
   at Microsoft.AspNetCore.Mvc.Infrastructure.ControllerActionInvoker.<InvokeActionMethodAsync>g__Awaited|12_0(ControllerActionInvoker invoker, ValueTask`1 actionResultValueTask)
   at Microsoft.AspNetCore.Mvc.Infrastructure.ControllerActionInvoker.<InvokeNextActionFilterAsync>g__Awaited|10_0(ControllerActionInvoker invoker, Task lastTask, State next, Scope scope, Object state, Boolean isCompleted)
   at Microsoft.AspNetCore.Mvc.Infrastructure.ControllerActionInvoker.Rethrow(ActionExecutedContextSealed context)
   at Microsoft.AspNetCore.Mvc.Infrastructure.ControllerActionInvoker.Next(State& next, Scope& scope, Object& state, Boolean& isCompleted)
   at Microsoft.AspNetCore.Mvc.Infrastructure.ControllerActionInvoker.<InvokeInnerFilterAsync>g__Awaited|13_0(ControllerActionInvoker invoker, Task lastTask, State next, Scope scope, Object state, Boolean isCompleted)
   at Microsoft.AspNetCore.Mvc.Infrastructure.ResourceInvoker.<InvokeFilterPipelineAsync>g__Awaited|20_0(ResourceInvoker invoker, Task lastTask, State next, Scope scope, Object state, Boolean isCompleted)
   at Microsoft.AspNetCore.Mvc.Infrastructure.ResourceInvoker.<InvokeAsync>g__Logged|17_1(ResourceInvoker invoker)
   at Microsoft.AspNetCore.Mvc.Infrastructure.ResourceInvoker.<InvokeAsync>g__Logged|17_1(ResourceInvoker invoker)
   at Microsoft.AspNetCore.Routing.EndpointMiddleware.<Invoke>g__AwaitRequestTask|7_0(Endpoint endpoint, Task requestTask, ILogger logger)
   at Swashbuckle.AspNetCore.SwaggerUI.SwaggerUIMiddleware.Invoke(HttpContext httpContext)
   at Swashbuckle.AspNetCore.Swagger.SwaggerMiddleware.Invoke(HttpContext httpContext, ISwaggerProvider swaggerProvider)
   at Hellang.Middleware.ProblemDetails.ProblemDetailsMiddleware.Invoke(HttpContext context)
  Exception data:
    Severity: ERROR
    SqlState: 42P01
    MessageText: relation "Books" does not exist
    Position: 95
    File: parse_relation.c
    Line: 1452
    Routine: parserOpenTable
2025-11-16 19:03:14.386 +02:00 [ERR] An unhandled exception has occurred while executing the request.
Npgsql.PostgresException (0x80004005): 42P01: relation "Authors" does not exist

POSITION: 31
   at Npgsql.Internal.NpgsqlConnector.ReadMessageLong(Boolean async, DataRowLoadingMode dataRowLoadingMode, Boolean readingNotifications, Boolean isReadingPrependedMessage)
   at System.Runtime.CompilerServices.PoolingAsyncValueTaskMethodBuilder`1.StateMachineBox`1.System.Threading.Tasks.Sources.IValueTaskSource<TResult>.GetResult(Int16 token)
   at Npgsql.NpgsqlDataReader.NextResult(Boolean async, Boolean isConsuming, CancellationToken cancellationToken)
   at Npgsql.NpgsqlDataReader.NextResult(Boolean async, Boolean isConsuming, CancellationToken cancellationToken)
   at Npgsql.NpgsqlCommand.ExecuteReader(Boolean async, CommandBehavior behavior, CancellationToken cancellationToken)
   at Npgsql.NpgsqlCommand.ExecuteReader(Boolean async, CommandBehavior behavior, CancellationToken cancellationToken)
   at Npgsql.NpgsqlCommand.ExecuteDbDataReaderAsync(CommandBehavior behavior, CancellationToken cancellationToken)
   at Microsoft.EntityFrameworkCore.Storage.RelationalCommand.ExecuteReaderAsync(RelationalCommandParameterObject parameterObject, CancellationToken cancellationToken)
   at Microsoft.EntityFrameworkCore.Storage.RelationalCommand.ExecuteReaderAsync(RelationalCommandParameterObject parameterObject, CancellationToken cancellationToken)
   at Microsoft.EntityFrameworkCore.Query.Internal.SingleQueryingEnumerable`1.AsyncEnumerator.InitializeReaderAsync(AsyncEnumerator enumerator, CancellationToken cancellationToken)
   at Npgsql.EntityFrameworkCore.PostgreSQL.Storage.Internal.NpgsqlExecutionStrategy.ExecuteAsync[TState,TResult](TState state, Func`4 operation, Func`4 verifySucceeded, CancellationToken cancellationToken)
   at Microsoft.EntityFrameworkCore.Query.Internal.SingleQueryingEnumerable`1.AsyncEnumerator.MoveNextAsync()
   at Microsoft.EntityFrameworkCore.EntityFrameworkQueryableExtensions.ToListAsync[TSource](IQueryable`1 source, CancellationToken cancellationToken)
   at Microsoft.EntityFrameworkCore.EntityFrameworkQueryableExtensions.ToListAsync[TSource](IQueryable`1 source, CancellationToken cancellationToken)
   at CatalogService.Dal.Repositories.GenericRepository`1.GetAllAsync() in C:\Users\Admin\Documents\projects\LibrarySystem\CatalogService\CatalogService.Dal\Repositories\GenericRepository.cs:line 10
   at CatalogService.Bll.Services.AuthorService.GetAllAsync() in C:\Users\Admin\Documents\projects\LibrarySystem\CatalogService\CatalogService.Bll\Services\AuthorService.cs:line 21
   at CatalogService.Api.Controllers.AuthorsController.GetAll() in C:\Users\Admin\Documents\projects\LibrarySystem\CatalogService\CatalogService.Api\Controllers\AuthorsController.cs:line 16
   at Microsoft.AspNetCore.Mvc.Infrastructure.ActionMethodExecutor.TaskOfIActionResultExecutor.Execute(ActionContext actionContext, IActionResultTypeMapper mapper, ObjectMethodExecutor executor, Object controller, Object[] arguments)
   at Microsoft.AspNetCore.Mvc.Infrastructure.ControllerActionInvoker.<InvokeActionMethodAsync>g__Awaited|12_0(ControllerActionInvoker invoker, ValueTask`1 actionResultValueTask)
   at Microsoft.AspNetCore.Mvc.Infrastructure.ControllerActionInvoker.<InvokeNextActionFilterAsync>g__Awaited|10_0(ControllerActionInvoker invoker, Task lastTask, State next, Scope scope, Object state, Boolean isCompleted)
   at Microsoft.AspNetCore.Mvc.Infrastructure.ControllerActionInvoker.Rethrow(ActionExecutedContextSealed context)
   at Microsoft.AspNetCore.Mvc.Infrastructure.ControllerActionInvoker.Next(State& next, Scope& scope, Object& state, Boolean& isCompleted)
   at Microsoft.AspNetCore.Mvc.Infrastructure.ControllerActionInvoker.<InvokeInnerFilterAsync>g__Awaited|13_0(ControllerActionInvoker invoker, Task lastTask, State next, Scope scope, Object state, Boolean isCompleted)
   at Microsoft.AspNetCore.Mvc.Infrastructure.ResourceInvoker.<InvokeFilterPipelineAsync>g__Awaited|20_0(ResourceInvoker invoker, Task lastTask, State next, Scope scope, Object state, Boolean isCompleted)
   at Microsoft.AspNetCore.Mvc.Infrastructure.ResourceInvoker.<InvokeAsync>g__Logged|17_1(ResourceInvoker invoker)
   at Microsoft.AspNetCore.Mvc.Infrastructure.ResourceInvoker.<InvokeAsync>g__Logged|17_1(ResourceInvoker invoker)
   at Microsoft.AspNetCore.Routing.EndpointMiddleware.<Invoke>g__AwaitRequestTask|7_0(Endpoint endpoint, Task requestTask, ILogger logger)
   at Swashbuckle.AspNetCore.SwaggerUI.SwaggerUIMiddleware.Invoke(HttpContext httpContext)
   at Swashbuckle.AspNetCore.Swagger.SwaggerMiddleware.Invoke(HttpContext httpContext, ISwaggerProvider swaggerProvider)
   at Hellang.Middleware.ProblemDetails.ProblemDetailsMiddleware.Invoke(HttpContext context)
  Exception data:
    Severity: ERROR
    SqlState: 42P01
    MessageText: relation "Authors" does not exist
    Position: 31
    File: parse_relation.c
    Line: 1452
    Routine: parserOpenTable
2025-11-16 19:03:14.388 +02:00 [ERR] An unhandled exception has occurred while executing the request.
Npgsql.PostgresException (0x80004005): 42P01: relation "Genres" does not exist

POSITION: 31
   at Npgsql.Internal.NpgsqlConnector.ReadMessageLong(Boolean async, DataRowLoadingMode dataRowLoadingMode, Boolean readingNotifications, Boolean isReadingPrependedMessage)
   at System.Runtime.CompilerServices.PoolingAsyncValueTaskMethodBuilder`1.StateMachineBox`1.System.Threading.Tasks.Sources.IValueTaskSource<TResult>.GetResult(Int16 token)
   at Npgsql.NpgsqlDataReader.NextResult(Boolean async, Boolean isConsuming, CancellationToken cancellationToken)
   at Npgsql.NpgsqlDataReader.NextResult(Boolean async, Boolean isConsuming, CancellationToken cancellationToken)
   at Npgsql.NpgsqlCommand.ExecuteReader(Boolean async, CommandBehavior behavior, CancellationToken cancellationToken)
   at Npgsql.NpgsqlCommand.ExecuteReader(Boolean async, CommandBehavior behavior, CancellationToken cancellationToken)
   at Npgsql.NpgsqlCommand.ExecuteDbDataReaderAsync(CommandBehavior behavior, CancellationToken cancellationToken)
   at Microsoft.EntityFrameworkCore.Storage.RelationalCommand.ExecuteReaderAsync(RelationalCommandParameterObject parameterObject, CancellationToken cancellationToken)
   at Microsoft.EntityFrameworkCore.Storage.RelationalCommand.ExecuteReaderAsync(RelationalCommandParameterObject parameterObject, CancellationToken cancellationToken)
   at Microsoft.EntityFrameworkCore.Query.Internal.SingleQueryingEnumerable`1.AsyncEnumerator.InitializeReaderAsync(AsyncEnumerator enumerator, CancellationToken cancellationToken)
   at Npgsql.EntityFrameworkCore.PostgreSQL.Storage.Internal.NpgsqlExecutionStrategy.ExecuteAsync[TState,TResult](TState state, Func`4 operation, Func`4 verifySucceeded, CancellationToken cancellationToken)
   at Microsoft.EntityFrameworkCore.Query.Internal.SingleQueryingEnumerable`1.AsyncEnumerator.MoveNextAsync()
   at Microsoft.EntityFrameworkCore.EntityFrameworkQueryableExtensions.ToListAsync[TSource](IQueryable`1 source, CancellationToken cancellationToken)
   at Microsoft.EntityFrameworkCore.EntityFrameworkQueryableExtensions.ToListAsync[TSource](IQueryable`1 source, CancellationToken cancellationToken)
   at CatalogService.Dal.Repositories.GenericRepository`1.GetAllAsync() in C:\Users\Admin\Documents\projects\LibrarySystem\CatalogService\CatalogService.Dal\Repositories\GenericRepository.cs:line 10
   at CatalogService.Bll.Services.GenreService.GetAllAsync() in C:\Users\Admin\Documents\projects\LibrarySystem\CatalogService\CatalogService.Bll\Services\GenreService.cs:line 21
   at CatalogService.Api.Controllers.GenresController.GetAll() in C:\Users\Admin\Documents\projects\LibrarySystem\CatalogService\CatalogService.Api\Controllers\GenresController.cs:line 16
   at Microsoft.AspNetCore.Mvc.Infrastructure.ActionMethodExecutor.TaskOfIActionResultExecutor.Execute(ActionContext actionContext, IActionResultTypeMapper mapper, ObjectMethodExecutor executor, Object controller, Object[] arguments)
   at Microsoft.AspNetCore.Mvc.Infrastructure.ControllerActionInvoker.<InvokeActionMethodAsync>g__Awaited|12_0(ControllerActionInvoker invoker, ValueTask`1 actionResultValueTask)
   at Microsoft.AspNetCore.Mvc.Infrastructure.ControllerActionInvoker.<InvokeNextActionFilterAsync>g__Awaited|10_0(ControllerActionInvoker invoker, Task lastTask, State next, Scope scope, Object state, Boolean isCompleted)
   at Microsoft.AspNetCore.Mvc.Infrastructure.ControllerActionInvoker.Rethrow(ActionExecutedContextSealed context)
   at Microsoft.AspNetCore.Mvc.Infrastructure.ControllerActionInvoker.Next(State& next, Scope& scope, Object& state, Boolean& isCompleted)
   at Microsoft.AspNetCore.Mvc.Infrastructure.ControllerActionInvoker.<InvokeInnerFilterAsync>g__Awaited|13_0(ControllerActionInvoker invoker, Task lastTask, State next, Scope scope, Object state, Boolean isCompleted)
   at Microsoft.AspNetCore.Mvc.Infrastructure.ResourceInvoker.<InvokeFilterPipelineAsync>g__Awaited|20_0(ResourceInvoker invoker, Task lastTask, State next, Scope scope, Object state, Boolean isCompleted)
   at Microsoft.AspNetCore.Mvc.Infrastructure.ResourceInvoker.<InvokeAsync>g__Logged|17_1(ResourceInvoker invoker)
   at Microsoft.AspNetCore.Mvc.Infrastructure.ResourceInvoker.<InvokeAsync>g__Logged|17_1(ResourceInvoker invoker)
   at Microsoft.AspNetCore.Routing.EndpointMiddleware.<Invoke>g__AwaitRequestTask|7_0(Endpoint endpoint, Task requestTask, ILogger logger)
   at Swashbuckle.AspNetCore.SwaggerUI.SwaggerUIMiddleware.Invoke(HttpContext httpContext)
   at Swashbuckle.AspNetCore.Swagger.SwaggerMiddleware.Invoke(HttpContext httpContext, ISwaggerProvider swaggerProvider)
   at Hellang.Middleware.ProblemDetails.ProblemDetailsMiddleware.Invoke(HttpContext context)
  Exception data:
    Severity: ERROR
    SqlState: 42P01
    MessageText: relation "Genres" does not exist
    Position: 31
    File: parse_relation.c
    Line: 1452
    Routine: parserOpenTable
2025-11-16 19:03:14.407 +02:00 [INF] Executing ObjectResult, writing value of type 'Microsoft.AspNetCore.Mvc.ProblemDetails'.
2025-11-16 19:03:14.455 +02:00 [INF] Executing ObjectResult, writing value of type 'Microsoft.AspNetCore.Mvc.ProblemDetails'.
2025-11-16 19:03:14.477 +02:00 [INF] Executing ObjectResult, writing value of type 'Microsoft.AspNetCore.Mvc.ProblemDetails'.
2025-11-16 19:03:14.478 +02:00 [INF] Request finished HTTP/1.1 GET http://localhost:5180/api/books - 500 null application/problem+json; charset=utf-8 223.5484ms
2025-11-16 19:03:14.481 +02:00 [INF] Request finished HTTP/1.1 GET http://localhost:5180/api/authors - 500 null application/problem+json; charset=utf-8 226.3554ms
2025-11-16 19:03:14.484 +02:00 [INF] Request finished HTTP/1.1 GET http://localhost:5180/api/genres - 500 null application/problem+json; charset=utf-8 229.5863ms
2025-11-16 19:03:14.490 +02:00 [INF] Request starting HTTP/1.1 GET http://localhost:5180/api/authors - null null
2025-11-16 19:03:14.490 +02:00 [INF] Request starting HTTP/1.1 GET http://localhost:5180/api/books - null null
2025-11-16 19:03:14.492 +02:00 [INF] Request starting HTTP/1.1 GET http://localhost:5180/api/genres - null null
2025-11-16 19:03:14.508 +02:00 [INF] Executing endpoint 'CatalogService.Api.Controllers.AuthorsController.GetAll (CatalogService.Api)'
2025-11-16 19:03:14.512 +02:00 [INF] Executing endpoint 'CatalogService.Api.Controllers.BooksController.GetAll (CatalogService.Api)'
2025-11-16 19:03:14.518 +02:00 [INF] Executing endpoint 'CatalogService.Api.Controllers.GenresController.GetAll (CatalogService.Api)'
2025-11-16 19:03:14.521 +02:00 [INF] Route matched with {action = "GetAll", controller = "Authors"}. Executing controller action with signature System.Threading.Tasks.Task`1[Microsoft.AspNetCore.Mvc.IActionResult] GetAll() on controller CatalogService.Api.Controllers.AuthorsController (CatalogService.Api).
2025-11-16 19:03:14.523 +02:00 [INF] Route matched with {action = "GetAll", controller = "Books"}. Executing controller action with signature System.Threading.Tasks.Task`1[Microsoft.AspNetCore.Mvc.IActionResult] GetAll() on controller CatalogService.Api.Controllers.BooksController (CatalogService.Api).
2025-11-16 19:03:14.527 +02:00 [INF] Route matched with {action = "GetAll", controller = "Genres"}. Executing controller action with signature System.Threading.Tasks.Task`1[Microsoft.AspNetCore.Mvc.IActionResult] GetAll() on controller CatalogService.Api.Controllers.GenresController (CatalogService.Api).
2025-11-16 19:03:14.533 +02:00 [ERR] Failed executing DbCommand (1ms) [Parameters=[], CommandType='"Text"', CommandTimeout='30']
SELECT a."Id", a."Name"
FROM "Authors" AS a
2025-11-16 19:03:14.538 +02:00 [ERR] Failed executing DbCommand (1ms) [Parameters=[], CommandType='"Text"', CommandTimeout='30']
SELECT b."Id", b."AuthorId", b."GenreId", b."Title", a."Id", a."Name", g."Id", g."Name"
FROM "Books" AS b
INNER JOIN "Authors" AS a ON b."AuthorId" = a."Id"
INNER JOIN "Genres" AS g ON b."GenreId" = g."Id"
2025-11-16 19:03:14.543 +02:00 [ERR] Failed executing DbCommand (1ms) [Parameters=[], CommandType='"Text"', CommandTimeout='30']
SELECT g."Id", g."Name"
FROM "Genres" AS g
2025-11-16 19:03:14.548 +02:00 [ERR] An exception occurred while iterating over the results of a query for context type 'CatalogService.Dal.CatalogDbContext'.
Npgsql.PostgresException (0x80004005): 42P01: relation "Authors" does not exist

POSITION: 31
   at Npgsql.Internal.NpgsqlConnector.ReadMessageLong(Boolean async, DataRowLoadingMode dataRowLoadingMode, Boolean readingNotifications, Boolean isReadingPrependedMessage)
   at System.Runtime.CompilerServices.PoolingAsyncValueTaskMethodBuilder`1.StateMachineBox`1.System.Threading.Tasks.Sources.IValueTaskSource<TResult>.GetResult(Int16 token)
   at Npgsql.NpgsqlDataReader.NextResult(Boolean async, Boolean isConsuming, CancellationToken cancellationToken)
   at Npgsql.NpgsqlDataReader.NextResult(Boolean async, Boolean isConsuming, CancellationToken cancellationToken)
   at Npgsql.NpgsqlCommand.ExecuteReader(Boolean async, CommandBehavior behavior, CancellationToken cancellationToken)
   at Npgsql.NpgsqlCommand.ExecuteReader(Boolean async, CommandBehavior behavior, CancellationToken cancellationToken)
   at Npgsql.NpgsqlCommand.ExecuteDbDataReaderAsync(CommandBehavior behavior, CancellationToken cancellationToken)
   at Microsoft.EntityFrameworkCore.Storage.RelationalCommand.ExecuteReaderAsync(RelationalCommandParameterObject parameterObject, CancellationToken cancellationToken)
   at Microsoft.EntityFrameworkCore.Storage.RelationalCommand.ExecuteReaderAsync(RelationalCommandParameterObject parameterObject, CancellationToken cancellationToken)
   at Microsoft.EntityFrameworkCore.Query.Internal.SingleQueryingEnumerable`1.AsyncEnumerator.InitializeReaderAsync(AsyncEnumerator enumerator, CancellationToken cancellationToken)
   at Npgsql.EntityFrameworkCore.PostgreSQL.Storage.Internal.NpgsqlExecutionStrategy.ExecuteAsync[TState,TResult](TState state, Func`4 operation, Func`4 verifySucceeded, CancellationToken cancellationToken)
   at Microsoft.EntityFrameworkCore.Query.Internal.SingleQueryingEnumerable`1.AsyncEnumerator.MoveNextAsync()
  Exception data:
    Severity: ERROR
    SqlState: 42P01
    MessageText: relation "Authors" does not exist
    Position: 31
    File: parse_relation.c
    Line: 1452
    Routine: parserOpenTable
Npgsql.PostgresException (0x80004005): 42P01: relation "Authors" does not exist

POSITION: 31
   at Npgsql.Internal.NpgsqlConnector.ReadMessageLong(Boolean async, DataRowLoadingMode dataRowLoadingMode, Boolean readingNotifications, Boolean isReadingPrependedMessage)
   at System.Runtime.CompilerServices.PoolingAsyncValueTaskMethodBuilder`1.StateMachineBox`1.System.Threading.Tasks.Sources.IValueTaskSource<TResult>.GetResult(Int16 token)
   at Npgsql.NpgsqlDataReader.NextResult(Boolean async, Boolean isConsuming, CancellationToken cancellationToken)
   at Npgsql.NpgsqlDataReader.NextResult(Boolean async, Boolean isConsuming, CancellationToken cancellationToken)
   at Npgsql.NpgsqlCommand.ExecuteReader(Boolean async, CommandBehavior behavior, CancellationToken cancellationToken)
   at Npgsql.NpgsqlCommand.ExecuteReader(Boolean async, CommandBehavior behavior, CancellationToken cancellationToken)
   at Npgsql.NpgsqlCommand.ExecuteDbDataReaderAsync(CommandBehavior behavior, CancellationToken cancellationToken)
   at Microsoft.EntityFrameworkCore.Storage.RelationalCommand.ExecuteReaderAsync(RelationalCommandParameterObject parameterObject, CancellationToken cancellationToken)
   at Microsoft.EntityFrameworkCore.Storage.RelationalCommand.ExecuteReaderAsync(RelationalCommandParameterObject parameterObject, CancellationToken cancellationToken)
   at Microsoft.EntityFrameworkCore.Query.Internal.SingleQueryingEnumerable`1.AsyncEnumerator.InitializeReaderAsync(AsyncEnumerator enumerator, CancellationToken cancellationToken)
   at Npgsql.EntityFrameworkCore.PostgreSQL.Storage.Internal.NpgsqlExecutionStrategy.ExecuteAsync[TState,TResult](TState state, Func`4 operation, Func`4 verifySucceeded, CancellationToken cancellationToken)
   at Microsoft.EntityFrameworkCore.Query.Internal.SingleQueryingEnumerable`1.AsyncEnumerator.MoveNextAsync()
  Exception data:
    Severity: ERROR
    SqlState: 42P01
    MessageText: relation "Authors" does not exist
    Position: 31
    File: parse_relation.c
    Line: 1452
    Routine: parserOpenTable
2025-11-16 19:03:14.555 +02:00 [ERR] An exception occurred while iterating over the results of a query for context type 'CatalogService.Dal.CatalogDbContext'.
Npgsql.PostgresException (0x80004005): 42P01: relation "Books" does not exist

POSITION: 95
   at Npgsql.Internal.NpgsqlConnector.ReadMessageLong(Boolean async, DataRowLoadingMode dataRowLoadingMode, Boolean readingNotifications, Boolean isReadingPrependedMessage)
   at System.Runtime.CompilerServices.PoolingAsyncValueTaskMethodBuilder`1.StateMachineBox`1.System.Threading.Tasks.Sources.IValueTaskSource<TResult>.GetResult(Int16 token)
   at Npgsql.NpgsqlDataReader.NextResult(Boolean async, Boolean isConsuming, CancellationToken cancellationToken)
   at Npgsql.NpgsqlDataReader.NextResult(Boolean async, Boolean isConsuming, CancellationToken cancellationToken)
   at Npgsql.NpgsqlCommand.ExecuteReader(Boolean async, CommandBehavior behavior, CancellationToken cancellationToken)
   at Npgsql.NpgsqlCommand.ExecuteReader(Boolean async, CommandBehavior behavior, CancellationToken cancellationToken)
   at Npgsql.NpgsqlCommand.ExecuteDbDataReaderAsync(CommandBehavior behavior, CancellationToken cancellationToken)
   at Microsoft.EntityFrameworkCore.Storage.RelationalCommand.ExecuteReaderAsync(RelationalCommandParameterObject parameterObject, CancellationToken cancellationToken)
   at Microsoft.EntityFrameworkCore.Storage.RelationalCommand.ExecuteReaderAsync(RelationalCommandParameterObject parameterObject, CancellationToken cancellationToken)
   at Microsoft.EntityFrameworkCore.Query.Internal.SingleQueryingEnumerable`1.AsyncEnumerator.InitializeReaderAsync(AsyncEnumerator enumerator, CancellationToken cancellationToken)
   at Npgsql.EntityFrameworkCore.PostgreSQL.Storage.Internal.NpgsqlExecutionStrategy.ExecuteAsync[TState,TResult](TState state, Func`4 operation, Func`4 verifySucceeded, CancellationToken cancellationToken)
   at Microsoft.EntityFrameworkCore.Query.Internal.SingleQueryingEnumerable`1.AsyncEnumerator.MoveNextAsync()
  Exception data:
    Severity: ERROR
    SqlState: 42P01
    MessageText: relation "Books" does not exist
    Position: 95
    File: parse_relation.c
    Line: 1452
    Routine: parserOpenTable
Npgsql.PostgresException (0x80004005): 42P01: relation "Books" does not exist

POSITION: 95
   at Npgsql.Internal.NpgsqlConnector.ReadMessageLong(Boolean async, DataRowLoadingMode dataRowLoadingMode, Boolean readingNotifications, Boolean isReadingPrependedMessage)
   at System.Runtime.CompilerServices.PoolingAsyncValueTaskMethodBuilder`1.StateMachineBox`1.System.Threading.Tasks.Sources.IValueTaskSource<TResult>.GetResult(Int16 token)
   at Npgsql.NpgsqlDataReader.NextResult(Boolean async, Boolean isConsuming, CancellationToken cancellationToken)
   at Npgsql.NpgsqlDataReader.NextResult(Boolean async, Boolean isConsuming, CancellationToken cancellationToken)
   at Npgsql.NpgsqlCommand.ExecuteReader(Boolean async, CommandBehavior behavior, CancellationToken cancellationToken)
   at Npgsql.NpgsqlCommand.ExecuteReader(Boolean async, CommandBehavior behavior, CancellationToken cancellationToken)
   at Npgsql.NpgsqlCommand.ExecuteDbDataReaderAsync(CommandBehavior behavior, CancellationToken cancellationToken)
   at Microsoft.EntityFrameworkCore.Storage.RelationalCommand.ExecuteReaderAsync(RelationalCommandParameterObject parameterObject, CancellationToken cancellationToken)
   at Microsoft.EntityFrameworkCore.Storage.RelationalCommand.ExecuteReaderAsync(RelationalCommandParameterObject parameterObject, CancellationToken cancellationToken)
   at Microsoft.EntityFrameworkCore.Query.Internal.SingleQueryingEnumerable`1.AsyncEnumerator.InitializeReaderAsync(AsyncEnumerator enumerator, CancellationToken cancellationToken)
   at Npgsql.EntityFrameworkCore.PostgreSQL.Storage.Internal.NpgsqlExecutionStrategy.ExecuteAsync[TState,TResult](TState state, Func`4 operation, Func`4 verifySucceeded, CancellationToken cancellationToken)
   at Microsoft.EntityFrameworkCore.Query.Internal.SingleQueryingEnumerable`1.AsyncEnumerator.MoveNextAsync()
  Exception data:
    Severity: ERROR
    SqlState: 42P01
    MessageText: relation "Books" does not exist
    Position: 95
    File: parse_relation.c
    Line: 1452
    Routine: parserOpenTable
2025-11-16 19:03:14.560 +02:00 [ERR] An exception occurred while iterating over the results of a query for context type 'CatalogService.Dal.CatalogDbContext'.
Npgsql.PostgresException (0x80004005): 42P01: relation "Genres" does not exist

POSITION: 31
   at Npgsql.Internal.NpgsqlConnector.ReadMessageLong(Boolean async, DataRowLoadingMode dataRowLoadingMode, Boolean readingNotifications, Boolean isReadingPrependedMessage)
   at System.Runtime.CompilerServices.PoolingAsyncValueTaskMethodBuilder`1.StateMachineBox`1.System.Threading.Tasks.Sources.IValueTaskSource<TResult>.GetResult(Int16 token)
   at Npgsql.NpgsqlDataReader.NextResult(Boolean async, Boolean isConsuming, CancellationToken cancellationToken)
   at Npgsql.NpgsqlDataReader.NextResult(Boolean async, Boolean isConsuming, CancellationToken cancellationToken)
   at Npgsql.NpgsqlCommand.ExecuteReader(Boolean async, CommandBehavior behavior, CancellationToken cancellationToken)
   at Npgsql.NpgsqlCommand.ExecuteReader(Boolean async, CommandBehavior behavior, CancellationToken cancellationToken)
   at Npgsql.NpgsqlCommand.ExecuteDbDataReaderAsync(CommandBehavior behavior, CancellationToken cancellationToken)
   at Microsoft.EntityFrameworkCore.Storage.RelationalCommand.ExecuteReaderAsync(RelationalCommandParameterObject parameterObject, CancellationToken cancellationToken)
   at Microsoft.EntityFrameworkCore.Storage.RelationalCommand.ExecuteReaderAsync(RelationalCommandParameterObject parameterObject, CancellationToken cancellationToken)
   at Microsoft.EntityFrameworkCore.Query.Internal.SingleQueryingEnumerable`1.AsyncEnumerator.InitializeReaderAsync(AsyncEnumerator enumerator, CancellationToken cancellationToken)
   at Npgsql.EntityFrameworkCore.PostgreSQL.Storage.Internal.NpgsqlExecutionStrategy.ExecuteAsync[TState,TResult](TState state, Func`4 operation, Func`4 verifySucceeded, CancellationToken cancellationToken)
   at Microsoft.EntityFrameworkCore.Query.Internal.SingleQueryingEnumerable`1.AsyncEnumerator.MoveNextAsync()
  Exception data:
    Severity: ERROR
    SqlState: 42P01
    MessageText: relation "Genres" does not exist
    Position: 31
    File: parse_relation.c
    Line: 1452
    Routine: parserOpenTable
Npgsql.PostgresException (0x80004005): 42P01: relation "Genres" does not exist

POSITION: 31
   at Npgsql.Internal.NpgsqlConnector.ReadMessageLong(Boolean async, DataRowLoadingMode dataRowLoadingMode, Boolean readingNotifications, Boolean isReadingPrependedMessage)
   at System.Runtime.CompilerServices.PoolingAsyncValueTaskMethodBuilder`1.StateMachineBox`1.System.Threading.Tasks.Sources.IValueTaskSource<TResult>.GetResult(Int16 token)
   at Npgsql.NpgsqlDataReader.NextResult(Boolean async, Boolean isConsuming, CancellationToken cancellationToken)
   at Npgsql.NpgsqlDataReader.NextResult(Boolean async, Boolean isConsuming, CancellationToken cancellationToken)
   at Npgsql.NpgsqlCommand.ExecuteReader(Boolean async, CommandBehavior behavior, CancellationToken cancellationToken)
   at Npgsql.NpgsqlCommand.ExecuteReader(Boolean async, CommandBehavior behavior, CancellationToken cancellationToken)
   at Npgsql.NpgsqlCommand.ExecuteDbDataReaderAsync(CommandBehavior behavior, CancellationToken cancellationToken)
   at Microsoft.EntityFrameworkCore.Storage.RelationalCommand.ExecuteReaderAsync(RelationalCommandParameterObject parameterObject, CancellationToken cancellationToken)
   at Microsoft.EntityFrameworkCore.Storage.RelationalCommand.ExecuteReaderAsync(RelationalCommandParameterObject parameterObject, CancellationToken cancellationToken)
   at Microsoft.EntityFrameworkCore.Query.Internal.SingleQueryingEnumerable`1.AsyncEnumerator.InitializeReaderAsync(AsyncEnumerator enumerator, CancellationToken cancellationToken)
   at Npgsql.EntityFrameworkCore.PostgreSQL.Storage.Internal.NpgsqlExecutionStrategy.ExecuteAsync[TState,TResult](TState state, Func`4 operation, Func`4 verifySucceeded, CancellationToken cancellationToken)
   at Microsoft.EntityFrameworkCore.Query.Internal.SingleQueryingEnumerable`1.AsyncEnumerator.MoveNextAsync()
  Exception data:
    Severity: ERROR
    SqlState: 42P01
    MessageText: relation "Genres" does not exist
    Position: 31
    File: parse_relation.c
    Line: 1452
    Routine: parserOpenTable
2025-11-16 19:03:14.576 +02:00 [INF] Executed action CatalogService.Api.Controllers.AuthorsController.GetAll (CatalogService.Api) in 45.1923ms
2025-11-16 19:03:14.591 +02:00 [INF] Executed action CatalogService.Api.Controllers.BooksController.GetAll (CatalogService.Api) in 55.4672ms
2025-11-16 19:03:14.605 +02:00 [INF] Executed action CatalogService.Api.Controllers.GenresController.GetAll (CatalogService.Api) in 64.8173ms
2025-11-16 19:03:14.606 +02:00 [INF] Executed endpoint 'CatalogService.Api.Controllers.AuthorsController.GetAll (CatalogService.Api)'
2025-11-16 19:03:14.609 +02:00 [INF] Executed endpoint 'CatalogService.Api.Controllers.BooksController.GetAll (CatalogService.Api)'
2025-11-16 19:03:14.613 +02:00 [INF] Executed endpoint 'CatalogService.Api.Controllers.GenresController.GetAll (CatalogService.Api)'
2025-11-16 19:03:14.622 +02:00 [ERR] An unhandled exception has occurred while executing the request.
Npgsql.PostgresException (0x80004005): 42P01: relation "Authors" does not exist

POSITION: 31
   at Npgsql.Internal.NpgsqlConnector.ReadMessageLong(Boolean async, DataRowLoadingMode dataRowLoadingMode, Boolean readingNotifications, Boolean isReadingPrependedMessage)
   at System.Runtime.CompilerServices.PoolingAsyncValueTaskMethodBuilder`1.StateMachineBox`1.System.Threading.Tasks.Sources.IValueTaskSource<TResult>.GetResult(Int16 token)
   at Npgsql.NpgsqlDataReader.NextResult(Boolean async, Boolean isConsuming, CancellationToken cancellationToken)
   at Npgsql.NpgsqlDataReader.NextResult(Boolean async, Boolean isConsuming, CancellationToken cancellationToken)
   at Npgsql.NpgsqlCommand.ExecuteReader(Boolean async, CommandBehavior behavior, CancellationToken cancellationToken)
   at Npgsql.NpgsqlCommand.ExecuteReader(Boolean async, CommandBehavior behavior, CancellationToken cancellationToken)
   at Npgsql.NpgsqlCommand.ExecuteDbDataReaderAsync(CommandBehavior behavior, CancellationToken cancellationToken)
   at Microsoft.EntityFrameworkCore.Storage.RelationalCommand.ExecuteReaderAsync(RelationalCommandParameterObject parameterObject, CancellationToken cancellationToken)
   at Microsoft.EntityFrameworkCore.Storage.RelationalCommand.ExecuteReaderAsync(RelationalCommandParameterObject parameterObject, CancellationToken cancellationToken)
   at Microsoft.EntityFrameworkCore.Query.Internal.SingleQueryingEnumerable`1.AsyncEnumerator.InitializeReaderAsync(AsyncEnumerator enumerator, CancellationToken cancellationToken)
   at Npgsql.EntityFrameworkCore.PostgreSQL.Storage.Internal.NpgsqlExecutionStrategy.ExecuteAsync[TState,TResult](TState state, Func`4 operation, Func`4 verifySucceeded, CancellationToken cancellationToken)
   at Microsoft.EntityFrameworkCore.Query.Internal.SingleQueryingEnumerable`1.AsyncEnumerator.MoveNextAsync()
   at Microsoft.EntityFrameworkCore.EntityFrameworkQueryableExtensions.ToListAsync[TSource](IQueryable`1 source, CancellationToken cancellationToken)
   at Microsoft.EntityFrameworkCore.EntityFrameworkQueryableExtensions.ToListAsync[TSource](IQueryable`1 source, CancellationToken cancellationToken)
   at CatalogService.Dal.Repositories.GenericRepository`1.GetAllAsync() in C:\Users\Admin\Documents\projects\LibrarySystem\CatalogService\CatalogService.Dal\Repositories\GenericRepository.cs:line 10
   at CatalogService.Bll.Services.AuthorService.GetAllAsync() in C:\Users\Admin\Documents\projects\LibrarySystem\CatalogService\CatalogService.Bll\Services\AuthorService.cs:line 21
   at CatalogService.Api.Controllers.AuthorsController.GetAll() in C:\Users\Admin\Documents\projects\LibrarySystem\CatalogService\CatalogService.Api\Controllers\AuthorsController.cs:line 16
   at Microsoft.AspNetCore.Mvc.Infrastructure.ActionMethodExecutor.TaskOfIActionResultExecutor.Execute(ActionContext actionContext, IActionResultTypeMapper mapper, ObjectMethodExecutor executor, Object controller, Object[] arguments)
   at Microsoft.AspNetCore.Mvc.Infrastructure.ControllerActionInvoker.<InvokeActionMethodAsync>g__Awaited|12_0(ControllerActionInvoker invoker, ValueTask`1 actionResultValueTask)
   at Microsoft.AspNetCore.Mvc.Infrastructure.ControllerActionInvoker.<InvokeNextActionFilterAsync>g__Awaited|10_0(ControllerActionInvoker invoker, Task lastTask, State next, Scope scope, Object state, Boolean isCompleted)
   at Microsoft.AspNetCore.Mvc.Infrastructure.ControllerActionInvoker.Rethrow(ActionExecutedContextSealed context)
   at Microsoft.AspNetCore.Mvc.Infrastructure.ControllerActionInvoker.Next(State& next, Scope& scope, Object& state, Boolean& isCompleted)
   at Microsoft.AspNetCore.Mvc.Infrastructure.ControllerActionInvoker.<InvokeInnerFilterAsync>g__Awaited|13_0(ControllerActionInvoker invoker, Task lastTask, State next, Scope scope, Object state, Boolean isCompleted)
   at Microsoft.AspNetCore.Mvc.Infrastructure.ResourceInvoker.<InvokeFilterPipelineAsync>g__Awaited|20_0(ResourceInvoker invoker, Task lastTask, State next, Scope scope, Object state, Boolean isCompleted)
   at Microsoft.AspNetCore.Mvc.Infrastructure.ResourceInvoker.<InvokeAsync>g__Logged|17_1(ResourceInvoker invoker)
   at Microsoft.AspNetCore.Mvc.Infrastructure.ResourceInvoker.<InvokeAsync>g__Logged|17_1(ResourceInvoker invoker)
   at Microsoft.AspNetCore.Routing.EndpointMiddleware.<Invoke>g__AwaitRequestTask|7_0(Endpoint endpoint, Task requestTask, ILogger logger)
   at Swashbuckle.AspNetCore.SwaggerUI.SwaggerUIMiddleware.Invoke(HttpContext httpContext)
   at Swashbuckle.AspNetCore.Swagger.SwaggerMiddleware.Invoke(HttpContext httpContext, ISwaggerProvider swaggerProvider)
   at Hellang.Middleware.ProblemDetails.ProblemDetailsMiddleware.Invoke(HttpContext context)
  Exception data:
    Severity: ERROR
    SqlState: 42P01
    MessageText: relation "Authors" does not exist
    Position: 31
    File: parse_relation.c
    Line: 1452
    Routine: parserOpenTable
2025-11-16 19:03:14.627 +02:00 [ERR] An unhandled exception has occurred while executing the request.
Npgsql.PostgresException (0x80004005): 42P01: relation "Books" does not exist

POSITION: 95
   at Npgsql.Internal.NpgsqlConnector.ReadMessageLong(Boolean async, DataRowLoadingMode dataRowLoadingMode, Boolean readingNotifications, Boolean isReadingPrependedMessage)
   at System.Runtime.CompilerServices.PoolingAsyncValueTaskMethodBuilder`1.StateMachineBox`1.System.Threading.Tasks.Sources.IValueTaskSource<TResult>.GetResult(Int16 token)
   at Npgsql.NpgsqlDataReader.NextResult(Boolean async, Boolean isConsuming, CancellationToken cancellationToken)
   at Npgsql.NpgsqlDataReader.NextResult(Boolean async, Boolean isConsuming, CancellationToken cancellationToken)
   at Npgsql.NpgsqlCommand.ExecuteReader(Boolean async, CommandBehavior behavior, CancellationToken cancellationToken)
   at Npgsql.NpgsqlCommand.ExecuteReader(Boolean async, CommandBehavior behavior, CancellationToken cancellationToken)
   at Npgsql.NpgsqlCommand.ExecuteDbDataReaderAsync(CommandBehavior behavior, CancellationToken cancellationToken)
   at Microsoft.EntityFrameworkCore.Storage.RelationalCommand.ExecuteReaderAsync(RelationalCommandParameterObject parameterObject, CancellationToken cancellationToken)
   at Microsoft.EntityFrameworkCore.Storage.RelationalCommand.ExecuteReaderAsync(RelationalCommandParameterObject parameterObject, CancellationToken cancellationToken)
   at Microsoft.EntityFrameworkCore.Query.Internal.SingleQueryingEnumerable`1.AsyncEnumerator.InitializeReaderAsync(AsyncEnumerator enumerator, CancellationToken cancellationToken)
   at Npgsql.EntityFrameworkCore.PostgreSQL.Storage.Internal.NpgsqlExecutionStrategy.ExecuteAsync[TState,TResult](TState state, Func`4 operation, Func`4 verifySucceeded, CancellationToken cancellationToken)
   at Microsoft.EntityFrameworkCore.Query.Internal.SingleQueryingEnumerable`1.AsyncEnumerator.MoveNextAsync()
   at Microsoft.EntityFrameworkCore.EntityFrameworkQueryableExtensions.ToListAsync[TSource](IQueryable`1 source, CancellationToken cancellationToken)
   at Microsoft.EntityFrameworkCore.EntityFrameworkQueryableExtensions.ToListAsync[TSource](IQueryable`1 source, CancellationToken cancellationToken)
   at CatalogService.Bll.Services.BookService.GetAllAsync() in C:\Users\Admin\Documents\projects\LibrarySystem\CatalogService\CatalogService.Bll\Services\BookService.cs:line 24
   at CatalogService.Api.Controllers.BooksController.GetAll() in C:\Users\Admin\Documents\projects\LibrarySystem\CatalogService\CatalogService.Api\Controllers\BooksController.cs:line 16
   at Microsoft.AspNetCore.Mvc.Infrastructure.ActionMethodExecutor.TaskOfIActionResultExecutor.Execute(ActionContext actionContext, IActionResultTypeMapper mapper, ObjectMethodExecutor executor, Object controller, Object[] arguments)
   at Microsoft.AspNetCore.Mvc.Infrastructure.ControllerActionInvoker.<InvokeActionMethodAsync>g__Awaited|12_0(ControllerActionInvoker invoker, ValueTask`1 actionResultValueTask)
   at Microsoft.AspNetCore.Mvc.Infrastructure.ControllerActionInvoker.<InvokeNextActionFilterAsync>g__Awaited|10_0(ControllerActionInvoker invoker, Task lastTask, State next, Scope scope, Object state, Boolean isCompleted)
   at Microsoft.AspNetCore.Mvc.Infrastructure.ControllerActionInvoker.Rethrow(ActionExecutedContextSealed context)
   at Microsoft.AspNetCore.Mvc.Infrastructure.ControllerActionInvoker.Next(State& next, Scope& scope, Object& state, Boolean& isCompleted)
   at Microsoft.AspNetCore.Mvc.Infrastructure.ControllerActionInvoker.<InvokeInnerFilterAsync>g__Awaited|13_0(ControllerActionInvoker invoker, Task lastTask, State next, Scope scope, Object state, Boolean isCompleted)
   at Microsoft.AspNetCore.Mvc.Infrastructure.ResourceInvoker.<InvokeFilterPipelineAsync>g__Awaited|20_0(ResourceInvoker invoker, Task lastTask, State next, Scope scope, Object state, Boolean isCompleted)
   at Microsoft.AspNetCore.Mvc.Infrastructure.ResourceInvoker.<InvokeAsync>g__Logged|17_1(ResourceInvoker invoker)
   at Microsoft.AspNetCore.Mvc.Infrastructure.ResourceInvoker.<InvokeAsync>g__Logged|17_1(ResourceInvoker invoker)
   at Microsoft.AspNetCore.Routing.EndpointMiddleware.<Invoke>g__AwaitRequestTask|7_0(Endpoint endpoint, Task requestTask, ILogger logger)
   at Swashbuckle.AspNetCore.SwaggerUI.SwaggerUIMiddleware.Invoke(HttpContext httpContext)
   at Swashbuckle.AspNetCore.Swagger.SwaggerMiddleware.Invoke(HttpContext httpContext, ISwaggerProvider swaggerProvider)
   at Hellang.Middleware.ProblemDetails.ProblemDetailsMiddleware.Invoke(HttpContext context)
  Exception data:
    Severity: ERROR
    SqlState: 42P01
    MessageText: relation "Books" does not exist
    Position: 95
    File: parse_relation.c
    Line: 1452
    Routine: parserOpenTable
2025-11-16 19:03:14.629 +02:00 [ERR] An unhandled exception has occurred while executing the request.
Npgsql.PostgresException (0x80004005): 42P01: relation "Genres" does not exist

POSITION: 31
   at Npgsql.Internal.NpgsqlConnector.ReadMessageLong(Boolean async, DataRowLoadingMode dataRowLoadingMode, Boolean readingNotifications, Boolean isReadingPrependedMessage)
   at System.Runtime.CompilerServices.PoolingAsyncValueTaskMethodBuilder`1.StateMachineBox`1.System.Threading.Tasks.Sources.IValueTaskSource<TResult>.GetResult(Int16 token)
   at Npgsql.NpgsqlDataReader.NextResult(Boolean async, Boolean isConsuming, CancellationToken cancellationToken)
   at Npgsql.NpgsqlDataReader.NextResult(Boolean async, Boolean isConsuming, CancellationToken cancellationToken)
   at Npgsql.NpgsqlCommand.ExecuteReader(Boolean async, CommandBehavior behavior, CancellationToken cancellationToken)
   at Npgsql.NpgsqlCommand.ExecuteReader(Boolean async, CommandBehavior behavior, CancellationToken cancellationToken)
   at Npgsql.NpgsqlCommand.ExecuteDbDataReaderAsync(CommandBehavior behavior, CancellationToken cancellationToken)
   at Microsoft.EntityFrameworkCore.Storage.RelationalCommand.ExecuteReaderAsync(RelationalCommandParameterObject parameterObject, CancellationToken cancellationToken)
   at Microsoft.EntityFrameworkCore.Storage.RelationalCommand.ExecuteReaderAsync(RelationalCommandParameterObject parameterObject, CancellationToken cancellationToken)
   at Microsoft.EntityFrameworkCore.Query.Internal.SingleQueryingEnumerable`1.AsyncEnumerator.InitializeReaderAsync(AsyncEnumerator enumerator, CancellationToken cancellationToken)
   at Npgsql.EntityFrameworkCore.PostgreSQL.Storage.Internal.NpgsqlExecutionStrategy.ExecuteAsync[TState,TResult](TState state, Func`4 operation, Func`4 verifySucceeded, CancellationToken cancellationToken)
   at Microsoft.EntityFrameworkCore.Query.Internal.SingleQueryingEnumerable`1.AsyncEnumerator.MoveNextAsync()
   at Microsoft.EntityFrameworkCore.EntityFrameworkQueryableExtensions.ToListAsync[TSource](IQueryable`1 source, CancellationToken cancellationToken)
   at Microsoft.EntityFrameworkCore.EntityFrameworkQueryableExtensions.ToListAsync[TSource](IQueryable`1 source, CancellationToken cancellationToken)
   at CatalogService.Dal.Repositories.GenericRepository`1.GetAllAsync() in C:\Users\Admin\Documents\projects\LibrarySystem\CatalogService\CatalogService.Dal\Repositories\GenericRepository.cs:line 10
   at CatalogService.Bll.Services.GenreService.GetAllAsync() in C:\Users\Admin\Documents\projects\LibrarySystem\CatalogService\CatalogService.Bll\Services\GenreService.cs:line 21
   at CatalogService.Api.Controllers.GenresController.GetAll() in C:\Users\Admin\Documents\projects\LibrarySystem\CatalogService\CatalogService.Api\Controllers\GenresController.cs:line 16
   at Microsoft.AspNetCore.Mvc.Infrastructure.ActionMethodExecutor.TaskOfIActionResultExecutor.Execute(ActionContext actionContext, IActionResultTypeMapper mapper, ObjectMethodExecutor executor, Object controller, Object[] arguments)
   at Microsoft.AspNetCore.Mvc.Infrastructure.ControllerActionInvoker.<InvokeActionMethodAsync>g__Awaited|12_0(ControllerActionInvoker invoker, ValueTask`1 actionResultValueTask)
   at Microsoft.AspNetCore.Mvc.Infrastructure.ControllerActionInvoker.<InvokeNextActionFilterAsync>g__Awaited|10_0(ControllerActionInvoker invoker, Task lastTask, State next, Scope scope, Object state, Boolean isCompleted)
   at Microsoft.AspNetCore.Mvc.Infrastructure.ControllerActionInvoker.Rethrow(ActionExecutedContextSealed context)
   at Microsoft.AspNetCore.Mvc.Infrastructure.ControllerActionInvoker.Next(State& next, Scope& scope, Object& state, Boolean& isCompleted)
   at Microsoft.AspNetCore.Mvc.Infrastructure.ControllerActionInvoker.<InvokeInnerFilterAsync>g__Awaited|13_0(ControllerActionInvoker invoker, Task lastTask, State next, Scope scope, Object state, Boolean isCompleted)
   at Microsoft.AspNetCore.Mvc.Infrastructure.ResourceInvoker.<InvokeFilterPipelineAsync>g__Awaited|20_0(ResourceInvoker invoker, Task lastTask, State next, Scope scope, Object state, Boolean isCompleted)
   at Microsoft.AspNetCore.Mvc.Infrastructure.ResourceInvoker.<InvokeAsync>g__Logged|17_1(ResourceInvoker invoker)
   at Microsoft.AspNetCore.Mvc.Infrastructure.ResourceInvoker.<InvokeAsync>g__Logged|17_1(ResourceInvoker invoker)
   at Microsoft.AspNetCore.Routing.EndpointMiddleware.<Invoke>g__AwaitRequestTask|7_0(Endpoint endpoint, Task requestTask, ILogger logger)
   at Swashbuckle.AspNetCore.SwaggerUI.SwaggerUIMiddleware.Invoke(HttpContext httpContext)
   at Swashbuckle.AspNetCore.Swagger.SwaggerMiddleware.Invoke(HttpContext httpContext, ISwaggerProvider swaggerProvider)
   at Hellang.Middleware.ProblemDetails.ProblemDetailsMiddleware.Invoke(HttpContext context)
  Exception data:
    Severity: ERROR
    SqlState: 42P01
    MessageText: relation "Genres" does not exist
    Position: 31
    File: parse_relation.c
    Line: 1452
    Routine: parserOpenTable
2025-11-16 19:03:14.648 +02:00 [INF] Executing ObjectResult, writing value of type 'Microsoft.AspNetCore.Mvc.ProblemDetails'.
2025-11-16 19:03:14.666 +02:00 [INF] Executing ObjectResult, writing value of type 'Microsoft.AspNetCore.Mvc.ProblemDetails'.
2025-11-16 19:03:14.686 +02:00 [INF] Executing ObjectResult, writing value of type 'Microsoft.AspNetCore.Mvc.ProblemDetails'.
2025-11-16 19:03:14.686 +02:00 [INF] Request finished HTTP/1.1 GET http://localhost:5180/api/authors - 500 null application/problem+json; charset=utf-8 196.2878ms
2025-11-16 19:03:14.689 +02:00 [INF] Request finished HTTP/1.1 GET http://localhost:5180/api/books - 500 null application/problem+json; charset=utf-8 199.1583ms
2025-11-16 19:03:14.693 +02:00 [INF] Request finished HTTP/1.1 GET http://localhost:5180/api/genres - 500 null application/problem+json; charset=utf-8 200.6065ms
2025-11-16 19:03:21.021 +02:00 [INF] Request starting HTTP/1.1 GET http://localhost:5180/api/books - null null
2025-11-16 19:03:21.021 +02:00 [INF] Request starting HTTP/1.1 GET http://localhost:5180/api/authors - null null
2025-11-16 19:03:21.021 +02:00 [INF] Request starting HTTP/1.1 GET http://localhost:5180/api/genres - null null
2025-11-16 19:03:21.026 +02:00 [INF] Executing endpoint 'CatalogService.Api.Controllers.BooksController.GetAll (CatalogService.Api)'
2025-11-16 19:03:21.031 +02:00 [INF] Executing endpoint 'CatalogService.Api.Controllers.AuthorsController.GetAll (CatalogService.Api)'
2025-11-16 19:03:21.036 +02:00 [INF] Executing endpoint 'CatalogService.Api.Controllers.GenresController.GetAll (CatalogService.Api)'
2025-11-16 19:03:21.038 +02:00 [INF] Route matched with {action = "GetAll", controller = "Books"}. Executing controller action with signature System.Threading.Tasks.Task`1[Microsoft.AspNetCore.Mvc.IActionResult] GetAll() on controller CatalogService.Api.Controllers.BooksController (CatalogService.Api).
2025-11-16 19:03:21.040 +02:00 [INF] Route matched with {action = "GetAll", controller = "Authors"}. Executing controller action with signature System.Threading.Tasks.Task`1[Microsoft.AspNetCore.Mvc.IActionResult] GetAll() on controller CatalogService.Api.Controllers.AuthorsController (CatalogService.Api).
2025-11-16 19:03:21.042 +02:00 [INF] Route matched with {action = "GetAll", controller = "Genres"}. Executing controller action with signature System.Threading.Tasks.Task`1[Microsoft.AspNetCore.Mvc.IActionResult] GetAll() on controller CatalogService.Api.Controllers.GenresController (CatalogService.Api).
2025-11-16 19:03:21.048 +02:00 [ERR] Failed executing DbCommand (1ms) [Parameters=[], CommandType='"Text"', CommandTimeout='30']
SELECT b."Id", b."AuthorId", b."GenreId", b."Title", a."Id", a."Name", g."Id", g."Name"
FROM "Books" AS b
INNER JOIN "Authors" AS a ON b."AuthorId" = a."Id"
INNER JOIN "Genres" AS g ON b."GenreId" = g."Id"
2025-11-16 19:03:21.053 +02:00 [ERR] Failed executing DbCommand (1ms) [Parameters=[], CommandType='"Text"', CommandTimeout='30']
SELECT a."Id", a."Name"
FROM "Authors" AS a
2025-11-16 19:03:21.057 +02:00 [ERR] Failed executing DbCommand (1ms) [Parameters=[], CommandType='"Text"', CommandTimeout='30']
SELECT g."Id", g."Name"
FROM "Genres" AS g
2025-11-16 19:03:21.063 +02:00 [ERR] An exception occurred while iterating over the results of a query for context type 'CatalogService.Dal.CatalogDbContext'.
Npgsql.PostgresException (0x80004005): 42P01: relation "Books" does not exist

POSITION: 95
   at Npgsql.Internal.NpgsqlConnector.ReadMessageLong(Boolean async, DataRowLoadingMode dataRowLoadingMode, Boolean readingNotifications, Boolean isReadingPrependedMessage)
   at System.Runtime.CompilerServices.PoolingAsyncValueTaskMethodBuilder`1.StateMachineBox`1.System.Threading.Tasks.Sources.IValueTaskSource<TResult>.GetResult(Int16 token)
   at Npgsql.NpgsqlDataReader.NextResult(Boolean async, Boolean isConsuming, CancellationToken cancellationToken)
   at Npgsql.NpgsqlDataReader.NextResult(Boolean async, Boolean isConsuming, CancellationToken cancellationToken)
   at Npgsql.NpgsqlCommand.ExecuteReader(Boolean async, CommandBehavior behavior, CancellationToken cancellationToken)
   at Npgsql.NpgsqlCommand.ExecuteReader(Boolean async, CommandBehavior behavior, CancellationToken cancellationToken)
   at Npgsql.NpgsqlCommand.ExecuteDbDataReaderAsync(CommandBehavior behavior, CancellationToken cancellationToken)
   at Microsoft.EntityFrameworkCore.Storage.RelationalCommand.ExecuteReaderAsync(RelationalCommandParameterObject parameterObject, CancellationToken cancellationToken)
   at Microsoft.EntityFrameworkCore.Storage.RelationalCommand.ExecuteReaderAsync(RelationalCommandParameterObject parameterObject, CancellationToken cancellationToken)
   at Microsoft.EntityFrameworkCore.Query.Internal.SingleQueryingEnumerable`1.AsyncEnumerator.InitializeReaderAsync(AsyncEnumerator enumerator, CancellationToken cancellationToken)
   at Npgsql.EntityFrameworkCore.PostgreSQL.Storage.Internal.NpgsqlExecutionStrategy.ExecuteAsync[TState,TResult](TState state, Func`4 operation, Func`4 verifySucceeded, CancellationToken cancellationToken)
   at Microsoft.EntityFrameworkCore.Query.Internal.SingleQueryingEnumerable`1.AsyncEnumerator.MoveNextAsync()
  Exception data:
    Severity: ERROR
    SqlState: 42P01
    MessageText: relation "Books" does not exist
    Position: 95
    File: parse_relation.c
    Line: 1452
    Routine: parserOpenTable
Npgsql.PostgresException (0x80004005): 42P01: relation "Books" does not exist

POSITION: 95
   at Npgsql.Internal.NpgsqlConnector.ReadMessageLong(Boolean async, DataRowLoadingMode dataRowLoadingMode, Boolean readingNotifications, Boolean isReadingPrependedMessage)
   at System.Runtime.CompilerServices.PoolingAsyncValueTaskMethodBuilder`1.StateMachineBox`1.System.Threading.Tasks.Sources.IValueTaskSource<TResult>.GetResult(Int16 token)
   at Npgsql.NpgsqlDataReader.NextResult(Boolean async, Boolean isConsuming, CancellationToken cancellationToken)
   at Npgsql.NpgsqlDataReader.NextResult(Boolean async, Boolean isConsuming, CancellationToken cancellationToken)
   at Npgsql.NpgsqlCommand.ExecuteReader(Boolean async, CommandBehavior behavior, CancellationToken cancellationToken)
   at Npgsql.NpgsqlCommand.ExecuteReader(Boolean async, CommandBehavior behavior, CancellationToken cancellationToken)
   at Npgsql.NpgsqlCommand.ExecuteDbDataReaderAsync(CommandBehavior behavior, CancellationToken cancellationToken)
   at Microsoft.EntityFrameworkCore.Storage.RelationalCommand.ExecuteReaderAsync(RelationalCommandParameterObject parameterObject, CancellationToken cancellationToken)
   at Microsoft.EntityFrameworkCore.Storage.RelationalCommand.ExecuteReaderAsync(RelationalCommandParameterObject parameterObject, CancellationToken cancellationToken)
   at Microsoft.EntityFrameworkCore.Query.Internal.SingleQueryingEnumerable`1.AsyncEnumerator.InitializeReaderAsync(AsyncEnumerator enumerator, CancellationToken cancellationToken)
   at Npgsql.EntityFrameworkCore.PostgreSQL.Storage.Internal.NpgsqlExecutionStrategy.ExecuteAsync[TState,TResult](TState state, Func`4 operation, Func`4 verifySucceeded, CancellationToken cancellationToken)
   at Microsoft.EntityFrameworkCore.Query.Internal.SingleQueryingEnumerable`1.AsyncEnumerator.MoveNextAsync()
  Exception data:
    Severity: ERROR
    SqlState: 42P01
    MessageText: relation "Books" does not exist
    Position: 95
    File: parse_relation.c
    Line: 1452
    Routine: parserOpenTable
2025-11-16 19:03:21.073 +02:00 [ERR] An exception occurred while iterating over the results of a query for context type 'CatalogService.Dal.CatalogDbContext'.
Npgsql.PostgresException (0x80004005): 42P01: relation "Authors" does not exist

POSITION: 31
   at Npgsql.Internal.NpgsqlConnector.ReadMessageLong(Boolean async, DataRowLoadingMode dataRowLoadingMode, Boolean readingNotifications, Boolean isReadingPrependedMessage)
   at System.Runtime.CompilerServices.PoolingAsyncValueTaskMethodBuilder`1.StateMachineBox`1.System.Threading.Tasks.Sources.IValueTaskSource<TResult>.GetResult(Int16 token)
   at Npgsql.NpgsqlDataReader.NextResult(Boolean async, Boolean isConsuming, CancellationToken cancellationToken)
   at Npgsql.NpgsqlDataReader.NextResult(Boolean async, Boolean isConsuming, CancellationToken cancellationToken)
   at Npgsql.NpgsqlCommand.ExecuteReader(Boolean async, CommandBehavior behavior, CancellationToken cancellationToken)
   at Npgsql.NpgsqlCommand.ExecuteReader(Boolean async, CommandBehavior behavior, CancellationToken cancellationToken)
   at Npgsql.NpgsqlCommand.ExecuteDbDataReaderAsync(CommandBehavior behavior, CancellationToken cancellationToken)
   at Microsoft.EntityFrameworkCore.Storage.RelationalCommand.ExecuteReaderAsync(RelationalCommandParameterObject parameterObject, CancellationToken cancellationToken)
   at Microsoft.EntityFrameworkCore.Storage.RelationalCommand.ExecuteReaderAsync(RelationalCommandParameterObject parameterObject, CancellationToken cancellationToken)
   at Microsoft.EntityFrameworkCore.Query.Internal.SingleQueryingEnumerable`1.AsyncEnumerator.InitializeReaderAsync(AsyncEnumerator enumerator, CancellationToken cancellationToken)
   at Npgsql.EntityFrameworkCore.PostgreSQL.Storage.Internal.NpgsqlExecutionStrategy.ExecuteAsync[TState,TResult](TState state, Func`4 operation, Func`4 verifySucceeded, CancellationToken cancellationToken)
   at Microsoft.EntityFrameworkCore.Query.Internal.SingleQueryingEnumerable`1.AsyncEnumerator.MoveNextAsync()
  Exception data:
    Severity: ERROR
    SqlState: 42P01
    MessageText: relation "Authors" does not exist
    Position: 31
    File: parse_relation.c
    Line: 1452
    Routine: parserOpenTable
Npgsql.PostgresException (0x80004005): 42P01: relation "Authors" does not exist

POSITION: 31
   at Npgsql.Internal.NpgsqlConnector.ReadMessageLong(Boolean async, DataRowLoadingMode dataRowLoadingMode, Boolean readingNotifications, Boolean isReadingPrependedMessage)
   at System.Runtime.CompilerServices.PoolingAsyncValueTaskMethodBuilder`1.StateMachineBox`1.System.Threading.Tasks.Sources.IValueTaskSource<TResult>.GetResult(Int16 token)
   at Npgsql.NpgsqlDataReader.NextResult(Boolean async, Boolean isConsuming, CancellationToken cancellationToken)
   at Npgsql.NpgsqlDataReader.NextResult(Boolean async, Boolean isConsuming, CancellationToken cancellationToken)
   at Npgsql.NpgsqlCommand.ExecuteReader(Boolean async, CommandBehavior behavior, CancellationToken cancellationToken)
   at Npgsql.NpgsqlCommand.ExecuteReader(Boolean async, CommandBehavior behavior, CancellationToken cancellationToken)
   at Npgsql.NpgsqlCommand.ExecuteDbDataReaderAsync(CommandBehavior behavior, CancellationToken cancellationToken)
   at Microsoft.EntityFrameworkCore.Storage.RelationalCommand.ExecuteReaderAsync(RelationalCommandParameterObject parameterObject, CancellationToken cancellationToken)
   at Microsoft.EntityFrameworkCore.Storage.RelationalCommand.ExecuteReaderAsync(RelationalCommandParameterObject parameterObject, CancellationToken cancellationToken)
   at Microsoft.EntityFrameworkCore.Query.Internal.SingleQueryingEnumerable`1.AsyncEnumerator.InitializeReaderAsync(AsyncEnumerator enumerator, CancellationToken cancellationToken)
   at Npgsql.EntityFrameworkCore.PostgreSQL.Storage.Internal.NpgsqlExecutionStrategy.ExecuteAsync[TState,TResult](TState state, Func`4 operation, Func`4 verifySucceeded, CancellationToken cancellationToken)
   at Microsoft.EntityFrameworkCore.Query.Internal.SingleQueryingEnumerable`1.AsyncEnumerator.MoveNextAsync()
  Exception data:
    Severity: ERROR
    SqlState: 42P01
    MessageText: relation "Authors" does not exist
    Position: 31
    File: parse_relation.c
    Line: 1452
    Routine: parserOpenTable
2025-11-16 19:03:21.077 +02:00 [ERR] An exception occurred while iterating over the results of a query for context type 'CatalogService.Dal.CatalogDbContext'.
Npgsql.PostgresException (0x80004005): 42P01: relation "Genres" does not exist

POSITION: 31
   at Npgsql.Internal.NpgsqlConnector.ReadMessageLong(Boolean async, DataRowLoadingMode dataRowLoadingMode, Boolean readingNotifications, Boolean isReadingPrependedMessage)
   at System.Runtime.CompilerServices.PoolingAsyncValueTaskMethodBuilder`1.StateMachineBox`1.System.Threading.Tasks.Sources.IValueTaskSource<TResult>.GetResult(Int16 token)
   at Npgsql.NpgsqlDataReader.NextResult(Boolean async, Boolean isConsuming, CancellationToken cancellationToken)
   at Npgsql.NpgsqlDataReader.NextResult(Boolean async, Boolean isConsuming, CancellationToken cancellationToken)
   at Npgsql.NpgsqlCommand.ExecuteReader(Boolean async, CommandBehavior behavior, CancellationToken cancellationToken)
   at Npgsql.NpgsqlCommand.ExecuteReader(Boolean async, CommandBehavior behavior, CancellationToken cancellationToken)
   at Npgsql.NpgsqlCommand.ExecuteDbDataReaderAsync(CommandBehavior behavior, CancellationToken cancellationToken)
   at Microsoft.EntityFrameworkCore.Storage.RelationalCommand.ExecuteReaderAsync(RelationalCommandParameterObject parameterObject, CancellationToken cancellationToken)
   at Microsoft.EntityFrameworkCore.Storage.RelationalCommand.ExecuteReaderAsync(RelationalCommandParameterObject parameterObject, CancellationToken cancellationToken)
   at Microsoft.EntityFrameworkCore.Query.Internal.SingleQueryingEnumerable`1.AsyncEnumerator.InitializeReaderAsync(AsyncEnumerator enumerator, CancellationToken cancellationToken)
   at Npgsql.EntityFrameworkCore.PostgreSQL.Storage.Internal.NpgsqlExecutionStrategy.ExecuteAsync[TState,TResult](TState state, Func`4 operation, Func`4 verifySucceeded, CancellationToken cancellationToken)
   at Microsoft.EntityFrameworkCore.Query.Internal.SingleQueryingEnumerable`1.AsyncEnumerator.MoveNextAsync()
  Exception data:
    Severity: ERROR
    SqlState: 42P01
    MessageText: relation "Genres" does not exist
    Position: 31
    File: parse_relation.c
    Line: 1452
    Routine: parserOpenTable
Npgsql.PostgresException (0x80004005): 42P01: relation "Genres" does not exist

POSITION: 31
   at Npgsql.Internal.NpgsqlConnector.ReadMessageLong(Boolean async, DataRowLoadingMode dataRowLoadingMode, Boolean readingNotifications, Boolean isReadingPrependedMessage)
   at System.Runtime.CompilerServices.PoolingAsyncValueTaskMethodBuilder`1.StateMachineBox`1.System.Threading.Tasks.Sources.IValueTaskSource<TResult>.GetResult(Int16 token)
   at Npgsql.NpgsqlDataReader.NextResult(Boolean async, Boolean isConsuming, CancellationToken cancellationToken)
   at Npgsql.NpgsqlDataReader.NextResult(Boolean async, Boolean isConsuming, CancellationToken cancellationToken)
   at Npgsql.NpgsqlCommand.ExecuteReader(Boolean async, CommandBehavior behavior, CancellationToken cancellationToken)
   at Npgsql.NpgsqlCommand.ExecuteReader(Boolean async, CommandBehavior behavior, CancellationToken cancellationToken)
   at Npgsql.NpgsqlCommand.ExecuteDbDataReaderAsync(CommandBehavior behavior, CancellationToken cancellationToken)
   at Microsoft.EntityFrameworkCore.Storage.RelationalCommand.ExecuteReaderAsync(RelationalCommandParameterObject parameterObject, CancellationToken cancellationToken)
   at Microsoft.EntityFrameworkCore.Storage.RelationalCommand.ExecuteReaderAsync(RelationalCommandParameterObject parameterObject, CancellationToken cancellationToken)
   at Microsoft.EntityFrameworkCore.Query.Internal.SingleQueryingEnumerable`1.AsyncEnumerator.InitializeReaderAsync(AsyncEnumerator enumerator, CancellationToken cancellationToken)
   at Npgsql.EntityFrameworkCore.PostgreSQL.Storage.Internal.NpgsqlExecutionStrategy.ExecuteAsync[TState,TResult](TState state, Func`4 operation, Func`4 verifySucceeded, CancellationToken cancellationToken)
   at Microsoft.EntityFrameworkCore.Query.Internal.SingleQueryingEnumerable`1.AsyncEnumerator.MoveNextAsync()
  Exception data:
    Severity: ERROR
    SqlState: 42P01
    MessageText: relation "Genres" does not exist
    Position: 31
    File: parse_relation.c
    Line: 1452
    Routine: parserOpenTable
2025-11-16 19:03:21.086 +02:00 [INF] Executed action CatalogService.Api.Controllers.BooksController.GetAll (CatalogService.Api) in 40.0095ms
2025-11-16 19:03:21.099 +02:00 [INF] Executed action CatalogService.Api.Controllers.AuthorsController.GetAll (CatalogService.Api) in 48.138ms
2025-11-16 19:03:21.113 +02:00 [INF] Executed action CatalogService.Api.Controllers.GenresController.GetAll (CatalogService.Api) in 57.3144ms
2025-11-16 19:03:21.113 +02:00 [INF] Executed endpoint 'CatalogService.Api.Controllers.BooksController.GetAll (CatalogService.Api)'
2025-11-16 19:03:21.116 +02:00 [INF] Executed endpoint 'CatalogService.Api.Controllers.AuthorsController.GetAll (CatalogService.Api)'
2025-11-16 19:03:21.120 +02:00 [INF] Executed endpoint 'CatalogService.Api.Controllers.GenresController.GetAll (CatalogService.Api)'
2025-11-16 19:03:21.132 +02:00 [ERR] An unhandled exception has occurred while executing the request.
Npgsql.PostgresException (0x80004005): 42P01: relation "Books" does not exist

POSITION: 95
   at Npgsql.Internal.NpgsqlConnector.ReadMessageLong(Boolean async, DataRowLoadingMode dataRowLoadingMode, Boolean readingNotifications, Boolean isReadingPrependedMessage)
   at System.Runtime.CompilerServices.PoolingAsyncValueTaskMethodBuilder`1.StateMachineBox`1.System.Threading.Tasks.Sources.IValueTaskSource<TResult>.GetResult(Int16 token)
   at Npgsql.NpgsqlDataReader.NextResult(Boolean async, Boolean isConsuming, CancellationToken cancellationToken)
   at Npgsql.NpgsqlDataReader.NextResult(Boolean async, Boolean isConsuming, CancellationToken cancellationToken)
   at Npgsql.NpgsqlCommand.ExecuteReader(Boolean async, CommandBehavior behavior, CancellationToken cancellationToken)
   at Npgsql.NpgsqlCommand.ExecuteReader(Boolean async, CommandBehavior behavior, CancellationToken cancellationToken)
   at Npgsql.NpgsqlCommand.ExecuteDbDataReaderAsync(CommandBehavior behavior, CancellationToken cancellationToken)
   at Microsoft.EntityFrameworkCore.Storage.RelationalCommand.ExecuteReaderAsync(RelationalCommandParameterObject parameterObject, CancellationToken cancellationToken)
   at Microsoft.EntityFrameworkCore.Storage.RelationalCommand.ExecuteReaderAsync(RelationalCommandParameterObject parameterObject, CancellationToken cancellationToken)
   at Microsoft.EntityFrameworkCore.Query.Internal.SingleQueryingEnumerable`1.AsyncEnumerator.InitializeReaderAsync(AsyncEnumerator enumerator, CancellationToken cancellationToken)
   at Npgsql.EntityFrameworkCore.PostgreSQL.Storage.Internal.NpgsqlExecutionStrategy.ExecuteAsync[TState,TResult](TState state, Func`4 operation, Func`4 verifySucceeded, CancellationToken cancellationToken)
   at Microsoft.EntityFrameworkCore.Query.Internal.SingleQueryingEnumerable`1.AsyncEnumerator.MoveNextAsync()
   at Microsoft.EntityFrameworkCore.EntityFrameworkQueryableExtensions.ToListAsync[TSource](IQueryable`1 source, CancellationToken cancellationToken)
   at Microsoft.EntityFrameworkCore.EntityFrameworkQueryableExtensions.ToListAsync[TSource](IQueryable`1 source, CancellationToken cancellationToken)
   at CatalogService.Bll.Services.BookService.GetAllAsync() in C:\Users\Admin\Documents\projects\LibrarySystem\CatalogService\CatalogService.Bll\Services\BookService.cs:line 24
   at CatalogService.Api.Controllers.BooksController.GetAll() in C:\Users\Admin\Documents\projects\LibrarySystem\CatalogService\CatalogService.Api\Controllers\BooksController.cs:line 16
   at Microsoft.AspNetCore.Mvc.Infrastructure.ActionMethodExecutor.TaskOfIActionResultExecutor.Execute(ActionContext actionContext, IActionResultTypeMapper mapper, ObjectMethodExecutor executor, Object controller, Object[] arguments)
   at Microsoft.AspNetCore.Mvc.Infrastructure.ControllerActionInvoker.<InvokeActionMethodAsync>g__Awaited|12_0(ControllerActionInvoker invoker, ValueTask`1 actionResultValueTask)
   at Microsoft.AspNetCore.Mvc.Infrastructure.ControllerActionInvoker.<InvokeNextActionFilterAsync>g__Awaited|10_0(ControllerActionInvoker invoker, Task lastTask, State next, Scope scope, Object state, Boolean isCompleted)
   at Microsoft.AspNetCore.Mvc.Infrastructure.ControllerActionInvoker.Rethrow(ActionExecutedContextSealed context)
   at Microsoft.AspNetCore.Mvc.Infrastructure.ControllerActionInvoker.Next(State& next, Scope& scope, Object& state, Boolean& isCompleted)
   at Microsoft.AspNetCore.Mvc.Infrastructure.ControllerActionInvoker.<InvokeInnerFilterAsync>g__Awaited|13_0(ControllerActionInvoker invoker, Task lastTask, State next, Scope scope, Object state, Boolean isCompleted)
   at Microsoft.AspNetCore.Mvc.Infrastructure.ResourceInvoker.<InvokeFilterPipelineAsync>g__Awaited|20_0(ResourceInvoker invoker, Task lastTask, State next, Scope scope, Object state, Boolean isCompleted)
   at Microsoft.AspNetCore.Mvc.Infrastructure.ResourceInvoker.<InvokeAsync>g__Logged|17_1(ResourceInvoker invoker)
   at Microsoft.AspNetCore.Mvc.Infrastructure.ResourceInvoker.<InvokeAsync>g__Logged|17_1(ResourceInvoker invoker)
   at Microsoft.AspNetCore.Routing.EndpointMiddleware.<Invoke>g__AwaitRequestTask|7_0(Endpoint endpoint, Task requestTask, ILogger logger)
   at Swashbuckle.AspNetCore.SwaggerUI.SwaggerUIMiddleware.Invoke(HttpContext httpContext)
   at Swashbuckle.AspNetCore.Swagger.SwaggerMiddleware.Invoke(HttpContext httpContext, ISwaggerProvider swaggerProvider)
   at Hellang.Middleware.ProblemDetails.ProblemDetailsMiddleware.Invoke(HttpContext context)
  Exception data:
    Severity: ERROR
    SqlState: 42P01
    MessageText: relation "Books" does not exist
    Position: 95
    File: parse_relation.c
    Line: 1452
    Routine: parserOpenTable
2025-11-16 19:03:21.133 +02:00 [ERR] An unhandled exception has occurred while executing the request.
Npgsql.PostgresException (0x80004005): 42P01: relation "Authors" does not exist

POSITION: 31
   at Npgsql.Internal.NpgsqlConnector.ReadMessageLong(Boolean async, DataRowLoadingMode dataRowLoadingMode, Boolean readingNotifications, Boolean isReadingPrependedMessage)
   at System.Runtime.CompilerServices.PoolingAsyncValueTaskMethodBuilder`1.StateMachineBox`1.System.Threading.Tasks.Sources.IValueTaskSource<TResult>.GetResult(Int16 token)
   at Npgsql.NpgsqlDataReader.NextResult(Boolean async, Boolean isConsuming, CancellationToken cancellationToken)
   at Npgsql.NpgsqlDataReader.NextResult(Boolean async, Boolean isConsuming, CancellationToken cancellationToken)
   at Npgsql.NpgsqlCommand.ExecuteReader(Boolean async, CommandBehavior behavior, CancellationToken cancellationToken)
   at Npgsql.NpgsqlCommand.ExecuteReader(Boolean async, CommandBehavior behavior, CancellationToken cancellationToken)
   at Npgsql.NpgsqlCommand.ExecuteDbDataReaderAsync(CommandBehavior behavior, CancellationToken cancellationToken)
   at Microsoft.EntityFrameworkCore.Storage.RelationalCommand.ExecuteReaderAsync(RelationalCommandParameterObject parameterObject, CancellationToken cancellationToken)
   at Microsoft.EntityFrameworkCore.Storage.RelationalCommand.ExecuteReaderAsync(RelationalCommandParameterObject parameterObject, CancellationToken cancellationToken)
   at Microsoft.EntityFrameworkCore.Query.Internal.SingleQueryingEnumerable`1.AsyncEnumerator.InitializeReaderAsync(AsyncEnumerator enumerator, CancellationToken cancellationToken)
   at Npgsql.EntityFrameworkCore.PostgreSQL.Storage.Internal.NpgsqlExecutionStrategy.ExecuteAsync[TState,TResult](TState state, Func`4 operation, Func`4 verifySucceeded, CancellationToken cancellationToken)
   at Microsoft.EntityFrameworkCore.Query.Internal.SingleQueryingEnumerable`1.AsyncEnumerator.MoveNextAsync()
   at Microsoft.EntityFrameworkCore.EntityFrameworkQueryableExtensions.ToListAsync[TSource](IQueryable`1 source, CancellationToken cancellationToken)
   at Microsoft.EntityFrameworkCore.EntityFrameworkQueryableExtensions.ToListAsync[TSource](IQueryable`1 source, CancellationToken cancellationToken)
   at CatalogService.Dal.Repositories.GenericRepository`1.GetAllAsync() in C:\Users\Admin\Documents\projects\LibrarySystem\CatalogService\CatalogService.Dal\Repositories\GenericRepository.cs:line 10
   at CatalogService.Bll.Services.AuthorService.GetAllAsync() in C:\Users\Admin\Documents\projects\LibrarySystem\CatalogService\CatalogService.Bll\Services\AuthorService.cs:line 21
   at CatalogService.Api.Controllers.AuthorsController.GetAll() in C:\Users\Admin\Documents\projects\LibrarySystem\CatalogService\CatalogService.Api\Controllers\AuthorsController.cs:line 16
   at Microsoft.AspNetCore.Mvc.Infrastructure.ActionMethodExecutor.TaskOfIActionResultExecutor.Execute(ActionContext actionContext, IActionResultTypeMapper mapper, ObjectMethodExecutor executor, Object controller, Object[] arguments)
   at Microsoft.AspNetCore.Mvc.Infrastructure.ControllerActionInvoker.<InvokeActionMethodAsync>g__Awaited|12_0(ControllerActionInvoker invoker, ValueTask`1 actionResultValueTask)
   at Microsoft.AspNetCore.Mvc.Infrastructure.ControllerActionInvoker.<InvokeNextActionFilterAsync>g__Awaited|10_0(ControllerActionInvoker invoker, Task lastTask, State next, Scope scope, Object state, Boolean isCompleted)
   at Microsoft.AspNetCore.Mvc.Infrastructure.ControllerActionInvoker.Rethrow(ActionExecutedContextSealed context)
   at Microsoft.AspNetCore.Mvc.Infrastructure.ControllerActionInvoker.Next(State& next, Scope& scope, Object& state, Boolean& isCompleted)
   at Microsoft.AspNetCore.Mvc.Infrastructure.ControllerActionInvoker.<InvokeInnerFilterAsync>g__Awaited|13_0(ControllerActionInvoker invoker, Task lastTask, State next, Scope scope, Object state, Boolean isCompleted)
   at Microsoft.AspNetCore.Mvc.Infrastructure.ResourceInvoker.<InvokeFilterPipelineAsync>g__Awaited|20_0(ResourceInvoker invoker, Task lastTask, State next, Scope scope, Object state, Boolean isCompleted)
   at Microsoft.AspNetCore.Mvc.Infrastructure.ResourceInvoker.<InvokeAsync>g__Logged|17_1(ResourceInvoker invoker)
   at Microsoft.AspNetCore.Mvc.Infrastructure.ResourceInvoker.<InvokeAsync>g__Logged|17_1(ResourceInvoker invoker)
   at Microsoft.AspNetCore.Routing.EndpointMiddleware.<Invoke>g__AwaitRequestTask|7_0(Endpoint endpoint, Task requestTask, ILogger logger)
   at Swashbuckle.AspNetCore.SwaggerUI.SwaggerUIMiddleware.Invoke(HttpContext httpContext)
   at Swashbuckle.AspNetCore.Swagger.SwaggerMiddleware.Invoke(HttpContext httpContext, ISwaggerProvider swaggerProvider)
   at Hellang.Middleware.ProblemDetails.ProblemDetailsMiddleware.Invoke(HttpContext context)
  Exception data:
    Severity: ERROR
    SqlState: 42P01
    MessageText: relation "Authors" does not exist
    Position: 31
    File: parse_relation.c
    Line: 1452
    Routine: parserOpenTable
2025-11-16 19:03:21.136 +02:00 [ERR] An unhandled exception has occurred while executing the request.
Npgsql.PostgresException (0x80004005): 42P01: relation "Genres" does not exist

POSITION: 31
   at Npgsql.Internal.NpgsqlConnector.ReadMessageLong(Boolean async, DataRowLoadingMode dataRowLoadingMode, Boolean readingNotifications, Boolean isReadingPrependedMessage)
   at System.Runtime.CompilerServices.PoolingAsyncValueTaskMethodBuilder`1.StateMachineBox`1.System.Threading.Tasks.Sources.IValueTaskSource<TResult>.GetResult(Int16 token)
   at Npgsql.NpgsqlDataReader.NextResult(Boolean async, Boolean isConsuming, CancellationToken cancellationToken)
   at Npgsql.NpgsqlDataReader.NextResult(Boolean async, Boolean isConsuming, CancellationToken cancellationToken)
   at Npgsql.NpgsqlCommand.ExecuteReader(Boolean async, CommandBehavior behavior, CancellationToken cancellationToken)
   at Npgsql.NpgsqlCommand.ExecuteReader(Boolean async, CommandBehavior behavior, CancellationToken cancellationToken)
   at Npgsql.NpgsqlCommand.ExecuteDbDataReaderAsync(CommandBehavior behavior, CancellationToken cancellationToken)
   at Microsoft.EntityFrameworkCore.Storage.RelationalCommand.ExecuteReaderAsync(RelationalCommandParameterObject parameterObject, CancellationToken cancellationToken)
   at Microsoft.EntityFrameworkCore.Storage.RelationalCommand.ExecuteReaderAsync(RelationalCommandParameterObject parameterObject, CancellationToken cancellationToken)
   at Microsoft.EntityFrameworkCore.Query.Internal.SingleQueryingEnumerable`1.AsyncEnumerator.InitializeReaderAsync(AsyncEnumerator enumerator, CancellationToken cancellationToken)
   at Npgsql.EntityFrameworkCore.PostgreSQL.Storage.Internal.NpgsqlExecutionStrategy.ExecuteAsync[TState,TResult](TState state, Func`4 operation, Func`4 verifySucceeded, CancellationToken cancellationToken)
   at Microsoft.EntityFrameworkCore.Query.Internal.SingleQueryingEnumerable`1.AsyncEnumerator.MoveNextAsync()
   at Microsoft.EntityFrameworkCore.EntityFrameworkQueryableExtensions.ToListAsync[TSource](IQueryable`1 source, CancellationToken cancellationToken)
   at Microsoft.EntityFrameworkCore.EntityFrameworkQueryableExtensions.ToListAsync[TSource](IQueryable`1 source, CancellationToken cancellationToken)
   at CatalogService.Dal.Repositories.GenericRepository`1.GetAllAsync() in C:\Users\Admin\Documents\projects\LibrarySystem\CatalogService\CatalogService.Dal\Repositories\GenericRepository.cs:line 10
   at CatalogService.Bll.Services.GenreService.GetAllAsync() in C:\Users\Admin\Documents\projects\LibrarySystem\CatalogService\CatalogService.Bll\Services\GenreService.cs:line 21
   at CatalogService.Api.Controllers.GenresController.GetAll() in C:\Users\Admin\Documents\projects\LibrarySystem\CatalogService\CatalogService.Api\Controllers\GenresController.cs:line 16
   at Microsoft.AspNetCore.Mvc.Infrastructure.ActionMethodExecutor.TaskOfIActionResultExecutor.Execute(ActionContext actionContext, IActionResultTypeMapper mapper, ObjectMethodExecutor executor, Object controller, Object[] arguments)
   at Microsoft.AspNetCore.Mvc.Infrastructure.ControllerActionInvoker.<InvokeActionMethodAsync>g__Awaited|12_0(ControllerActionInvoker invoker, ValueTask`1 actionResultValueTask)
   at Microsoft.AspNetCore.Mvc.Infrastructure.ControllerActionInvoker.<InvokeNextActionFilterAsync>g__Awaited|10_0(ControllerActionInvoker invoker, Task lastTask, State next, Scope scope, Object state, Boolean isCompleted)
   at Microsoft.AspNetCore.Mvc.Infrastructure.ControllerActionInvoker.Rethrow(ActionExecutedContextSealed context)
   at Microsoft.AspNetCore.Mvc.Infrastructure.ControllerActionInvoker.Next(State& next, Scope& scope, Object& state, Boolean& isCompleted)
   at Microsoft.AspNetCore.Mvc.Infrastructure.ControllerActionInvoker.<InvokeInnerFilterAsync>g__Awaited|13_0(ControllerActionInvoker invoker, Task lastTask, State next, Scope scope, Object state, Boolean isCompleted)
   at Microsoft.AspNetCore.Mvc.Infrastructure.ResourceInvoker.<InvokeFilterPipelineAsync>g__Awaited|20_0(ResourceInvoker invoker, Task lastTask, State next, Scope scope, Object state, Boolean isCompleted)
   at Microsoft.AspNetCore.Mvc.Infrastructure.ResourceInvoker.<InvokeAsync>g__Logged|17_1(ResourceInvoker invoker)
   at Microsoft.AspNetCore.Mvc.Infrastructure.ResourceInvoker.<InvokeAsync>g__Logged|17_1(ResourceInvoker invoker)
   at Microsoft.AspNetCore.Routing.EndpointMiddleware.<Invoke>g__AwaitRequestTask|7_0(Endpoint endpoint, Task requestTask, ILogger logger)
   at Swashbuckle.AspNetCore.SwaggerUI.SwaggerUIMiddleware.Invoke(HttpContext httpContext)
   at Swashbuckle.AspNetCore.Swagger.SwaggerMiddleware.Invoke(HttpContext httpContext, ISwaggerProvider swaggerProvider)
   at Hellang.Middleware.ProblemDetails.ProblemDetailsMiddleware.Invoke(HttpContext context)
  Exception data:
    Severity: ERROR
    SqlState: 42P01
    MessageText: relation "Genres" does not exist
    Position: 31
    File: parse_relation.c
    Line: 1452
    Routine: parserOpenTable
2025-11-16 19:03:21.154 +02:00 [INF] Executing ObjectResult, writing value of type 'Microsoft.AspNetCore.Mvc.ProblemDetails'.
2025-11-16 19:03:21.175 +02:00 [INF] Executing ObjectResult, writing value of type 'Microsoft.AspNetCore.Mvc.ProblemDetails'.
2025-11-16 19:03:21.196 +02:00 [INF] Executing ObjectResult, writing value of type 'Microsoft.AspNetCore.Mvc.ProblemDetails'.
2025-11-16 19:03:21.196 +02:00 [INF] Request finished HTTP/1.1 GET http://localhost:5180/api/books - 500 null application/problem+json; charset=utf-8 175.4497ms
2025-11-16 19:03:21.197 +02:00 [INF] Request finished HTTP/1.1 GET http://localhost:5180/api/authors - 500 null application/problem+json; charset=utf-8 175.9827ms
2025-11-16 19:03:21.201 +02:00 [INF] Request finished HTTP/1.1 GET http://localhost:5180/api/genres - 500 null application/problem+json; charset=utf-8 179.7779ms
2025-11-16 19:03:21.209 +02:00 [INF] Request starting HTTP/1.1 GET http://localhost:5180/api/books - null null
2025-11-16 19:03:21.212 +02:00 [INF] Request starting HTTP/1.1 GET http://localhost:5180/api/authors - null null
2025-11-16 19:03:21.212 +02:00 [INF] Request starting HTTP/1.1 GET http://localhost:5180/api/genres - null null
2025-11-16 19:03:21.222 +02:00 [INF] Executing endpoint 'CatalogService.Api.Controllers.BooksController.GetAll (CatalogService.Api)'
2025-11-16 19:03:21.226 +02:00 [INF] Executing endpoint 'CatalogService.Api.Controllers.AuthorsController.GetAll (CatalogService.Api)'
2025-11-16 19:03:21.230 +02:00 [INF] Executing endpoint 'CatalogService.Api.Controllers.GenresController.GetAll (CatalogService.Api)'
2025-11-16 19:03:21.232 +02:00 [INF] Route matched with {action = "GetAll", controller = "Books"}. Executing controller action with signature System.Threading.Tasks.Task`1[Microsoft.AspNetCore.Mvc.IActionResult] GetAll() on controller CatalogService.Api.Controllers.BooksController (CatalogService.Api).
2025-11-16 19:03:21.234 +02:00 [INF] Route matched with {action = "GetAll", controller = "Authors"}. Executing controller action with signature System.Threading.Tasks.Task`1[Microsoft.AspNetCore.Mvc.IActionResult] GetAll() on controller CatalogService.Api.Controllers.AuthorsController (CatalogService.Api).
2025-11-16 19:03:21.235 +02:00 [INF] Route matched with {action = "GetAll", controller = "Genres"}. Executing controller action with signature System.Threading.Tasks.Task`1[Microsoft.AspNetCore.Mvc.IActionResult] GetAll() on controller CatalogService.Api.Controllers.GenresController (CatalogService.Api).
2025-11-16 19:03:21.240 +02:00 [ERR] Failed executing DbCommand (1ms) [Parameters=[], CommandType='"Text"', CommandTimeout='30']
SELECT b."Id", b."AuthorId", b."GenreId", b."Title", a."Id", a."Name", g."Id", g."Name"
FROM "Books" AS b
INNER JOIN "Authors" AS a ON b."AuthorId" = a."Id"
INNER JOIN "Genres" AS g ON b."GenreId" = g."Id"
2025-11-16 19:03:21.244 +02:00 [ERR] Failed executing DbCommand (1ms) [Parameters=[], CommandType='"Text"', CommandTimeout='30']
SELECT a."Id", a."Name"
FROM "Authors" AS a
2025-11-16 19:03:21.247 +02:00 [ERR] Failed executing DbCommand (1ms) [Parameters=[], CommandType='"Text"', CommandTimeout='30']
SELECT g."Id", g."Name"
FROM "Genres" AS g
2025-11-16 19:03:21.251 +02:00 [ERR] An exception occurred while iterating over the results of a query for context type 'CatalogService.Dal.CatalogDbContext'.
Npgsql.PostgresException (0x80004005): 42P01: relation "Books" does not exist

POSITION: 95
   at Npgsql.Internal.NpgsqlConnector.ReadMessageLong(Boolean async, DataRowLoadingMode dataRowLoadingMode, Boolean readingNotifications, Boolean isReadingPrependedMessage)
   at System.Runtime.CompilerServices.PoolingAsyncValueTaskMethodBuilder`1.StateMachineBox`1.System.Threading.Tasks.Sources.IValueTaskSource<TResult>.GetResult(Int16 token)
   at Npgsql.NpgsqlDataReader.NextResult(Boolean async, Boolean isConsuming, CancellationToken cancellationToken)
   at Npgsql.NpgsqlDataReader.NextResult(Boolean async, Boolean isConsuming, CancellationToken cancellationToken)
   at Npgsql.NpgsqlCommand.ExecuteReader(Boolean async, CommandBehavior behavior, CancellationToken cancellationToken)
   at Npgsql.NpgsqlCommand.ExecuteReader(Boolean async, CommandBehavior behavior, CancellationToken cancellationToken)
   at Npgsql.NpgsqlCommand.ExecuteDbDataReaderAsync(CommandBehavior behavior, CancellationToken cancellationToken)
   at Microsoft.EntityFrameworkCore.Storage.RelationalCommand.ExecuteReaderAsync(RelationalCommandParameterObject parameterObject, CancellationToken cancellationToken)
   at Microsoft.EntityFrameworkCore.Storage.RelationalCommand.ExecuteReaderAsync(RelationalCommandParameterObject parameterObject, CancellationToken cancellationToken)
   at Microsoft.EntityFrameworkCore.Query.Internal.SingleQueryingEnumerable`1.AsyncEnumerator.InitializeReaderAsync(AsyncEnumerator enumerator, CancellationToken cancellationToken)
   at Npgsql.EntityFrameworkCore.PostgreSQL.Storage.Internal.NpgsqlExecutionStrategy.ExecuteAsync[TState,TResult](TState state, Func`4 operation, Func`4 verifySucceeded, CancellationToken cancellationToken)
   at Microsoft.EntityFrameworkCore.Query.Internal.SingleQueryingEnumerable`1.AsyncEnumerator.MoveNextAsync()
  Exception data:
    Severity: ERROR
    SqlState: 42P01
    MessageText: relation "Books" does not exist
    Position: 95
    File: parse_relation.c
    Line: 1452
    Routine: parserOpenTable
Npgsql.PostgresException (0x80004005): 42P01: relation "Books" does not exist

POSITION: 95
   at Npgsql.Internal.NpgsqlConnector.ReadMessageLong(Boolean async, DataRowLoadingMode dataRowLoadingMode, Boolean readingNotifications, Boolean isReadingPrependedMessage)
   at System.Runtime.CompilerServices.PoolingAsyncValueTaskMethodBuilder`1.StateMachineBox`1.System.Threading.Tasks.Sources.IValueTaskSource<TResult>.GetResult(Int16 token)
   at Npgsql.NpgsqlDataReader.NextResult(Boolean async, Boolean isConsuming, CancellationToken cancellationToken)
   at Npgsql.NpgsqlDataReader.NextResult(Boolean async, Boolean isConsuming, CancellationToken cancellationToken)
   at Npgsql.NpgsqlCommand.ExecuteReader(Boolean async, CommandBehavior behavior, CancellationToken cancellationToken)
   at Npgsql.NpgsqlCommand.ExecuteReader(Boolean async, CommandBehavior behavior, CancellationToken cancellationToken)
   at Npgsql.NpgsqlCommand.ExecuteDbDataReaderAsync(CommandBehavior behavior, CancellationToken cancellationToken)
   at Microsoft.EntityFrameworkCore.Storage.RelationalCommand.ExecuteReaderAsync(RelationalCommandParameterObject parameterObject, CancellationToken cancellationToken)
   at Microsoft.EntityFrameworkCore.Storage.RelationalCommand.ExecuteReaderAsync(RelationalCommandParameterObject parameterObject, CancellationToken cancellationToken)
   at Microsoft.EntityFrameworkCore.Query.Internal.SingleQueryingEnumerable`1.AsyncEnumerator.InitializeReaderAsync(AsyncEnumerator enumerator, CancellationToken cancellationToken)
   at Npgsql.EntityFrameworkCore.PostgreSQL.Storage.Internal.NpgsqlExecutionStrategy.ExecuteAsync[TState,TResult](TState state, Func`4 operation, Func`4 verifySucceeded, CancellationToken cancellationToken)
   at Microsoft.EntityFrameworkCore.Query.Internal.SingleQueryingEnumerable`1.AsyncEnumerator.MoveNextAsync()
  Exception data:
    Severity: ERROR
    SqlState: 42P01
    MessageText: relation "Books" does not exist
    Position: 95
    File: parse_relation.c
    Line: 1452
    Routine: parserOpenTable
2025-11-16 19:03:21.255 +02:00 [ERR] An exception occurred while iterating over the results of a query for context type 'CatalogService.Dal.CatalogDbContext'.
Npgsql.PostgresException (0x80004005): 42P01: relation "Authors" does not exist

POSITION: 31
   at Npgsql.Internal.NpgsqlConnector.ReadMessageLong(Boolean async, DataRowLoadingMode dataRowLoadingMode, Boolean readingNotifications, Boolean isReadingPrependedMessage)
   at System.Runtime.CompilerServices.PoolingAsyncValueTaskMethodBuilder`1.StateMachineBox`1.System.Threading.Tasks.Sources.IValueTaskSource<TResult>.GetResult(Int16 token)
   at Npgsql.NpgsqlDataReader.NextResult(Boolean async, Boolean isConsuming, CancellationToken cancellationToken)
   at Npgsql.NpgsqlDataReader.NextResult(Boolean async, Boolean isConsuming, CancellationToken cancellationToken)
   at Npgsql.NpgsqlCommand.ExecuteReader(Boolean async, CommandBehavior behavior, CancellationToken cancellationToken)
   at Npgsql.NpgsqlCommand.ExecuteReader(Boolean async, CommandBehavior behavior, CancellationToken cancellationToken)
   at Npgsql.NpgsqlCommand.ExecuteDbDataReaderAsync(CommandBehavior behavior, CancellationToken cancellationToken)
   at Microsoft.EntityFrameworkCore.Storage.RelationalCommand.ExecuteReaderAsync(RelationalCommandParameterObject parameterObject, CancellationToken cancellationToken)
   at Microsoft.EntityFrameworkCore.Storage.RelationalCommand.ExecuteReaderAsync(RelationalCommandParameterObject parameterObject, CancellationToken cancellationToken)
   at Microsoft.EntityFrameworkCore.Query.Internal.SingleQueryingEnumerable`1.AsyncEnumerator.InitializeReaderAsync(AsyncEnumerator enumerator, CancellationToken cancellationToken)
   at Npgsql.EntityFrameworkCore.PostgreSQL.Storage.Internal.NpgsqlExecutionStrategy.ExecuteAsync[TState,TResult](TState state, Func`4 operation, Func`4 verifySucceeded, CancellationToken cancellationToken)
   at Microsoft.EntityFrameworkCore.Query.Internal.SingleQueryingEnumerable`1.AsyncEnumerator.MoveNextAsync()
  Exception data:
    Severity: ERROR
    SqlState: 42P01
    MessageText: relation "Authors" does not exist
    Position: 31
    File: parse_relation.c
    Line: 1452
    Routine: parserOpenTable
Npgsql.PostgresException (0x80004005): 42P01: relation "Authors" does not exist

POSITION: 31
   at Npgsql.Internal.NpgsqlConnector.ReadMessageLong(Boolean async, DataRowLoadingMode dataRowLoadingMode, Boolean readingNotifications, Boolean isReadingPrependedMessage)
   at System.Runtime.CompilerServices.PoolingAsyncValueTaskMethodBuilder`1.StateMachineBox`1.System.Threading.Tasks.Sources.IValueTaskSource<TResult>.GetResult(Int16 token)
   at Npgsql.NpgsqlDataReader.NextResult(Boolean async, Boolean isConsuming, CancellationToken cancellationToken)
   at Npgsql.NpgsqlDataReader.NextResult(Boolean async, Boolean isConsuming, CancellationToken cancellationToken)
   at Npgsql.NpgsqlCommand.ExecuteReader(Boolean async, CommandBehavior behavior, CancellationToken cancellationToken)
   at Npgsql.NpgsqlCommand.ExecuteReader(Boolean async, CommandBehavior behavior, CancellationToken cancellationToken)
   at Npgsql.NpgsqlCommand.ExecuteDbDataReaderAsync(CommandBehavior behavior, CancellationToken cancellationToken)
   at Microsoft.EntityFrameworkCore.Storage.RelationalCommand.ExecuteReaderAsync(RelationalCommandParameterObject parameterObject, CancellationToken cancellationToken)
   at Microsoft.EntityFrameworkCore.Storage.RelationalCommand.ExecuteReaderAsync(RelationalCommandParameterObject parameterObject, CancellationToken cancellationToken)
   at Microsoft.EntityFrameworkCore.Query.Internal.SingleQueryingEnumerable`1.AsyncEnumerator.InitializeReaderAsync(AsyncEnumerator enumerator, CancellationToken cancellationToken)
   at Npgsql.EntityFrameworkCore.PostgreSQL.Storage.Internal.NpgsqlExecutionStrategy.ExecuteAsync[TState,TResult](TState state, Func`4 operation, Func`4 verifySucceeded, CancellationToken cancellationToken)
   at Microsoft.EntityFrameworkCore.Query.Internal.SingleQueryingEnumerable`1.AsyncEnumerator.MoveNextAsync()
  Exception data:
    Severity: ERROR
    SqlState: 42P01
    MessageText: relation "Authors" does not exist
    Position: 31
    File: parse_relation.c
    Line: 1452
    Routine: parserOpenTable
2025-11-16 19:03:21.261 +02:00 [ERR] An exception occurred while iterating over the results of a query for context type 'CatalogService.Dal.CatalogDbContext'.
Npgsql.PostgresException (0x80004005): 42P01: relation "Genres" does not exist

POSITION: 31
   at Npgsql.Internal.NpgsqlConnector.ReadMessageLong(Boolean async, DataRowLoadingMode dataRowLoadingMode, Boolean readingNotifications, Boolean isReadingPrependedMessage)
   at System.Runtime.CompilerServices.PoolingAsyncValueTaskMethodBuilder`1.StateMachineBox`1.System.Threading.Tasks.Sources.IValueTaskSource<TResult>.GetResult(Int16 token)
   at Npgsql.NpgsqlDataReader.NextResult(Boolean async, Boolean isConsuming, CancellationToken cancellationToken)
   at Npgsql.NpgsqlDataReader.NextResult(Boolean async, Boolean isConsuming, CancellationToken cancellationToken)
   at Npgsql.NpgsqlCommand.ExecuteReader(Boolean async, CommandBehavior behavior, CancellationToken cancellationToken)
   at Npgsql.NpgsqlCommand.ExecuteReader(Boolean async, CommandBehavior behavior, CancellationToken cancellationToken)
   at Npgsql.NpgsqlCommand.ExecuteDbDataReaderAsync(CommandBehavior behavior, CancellationToken cancellationToken)
   at Microsoft.EntityFrameworkCore.Storage.RelationalCommand.ExecuteReaderAsync(RelationalCommandParameterObject parameterObject, CancellationToken cancellationToken)
   at Microsoft.EntityFrameworkCore.Storage.RelationalCommand.ExecuteReaderAsync(RelationalCommandParameterObject parameterObject, CancellationToken cancellationToken)
   at Microsoft.EntityFrameworkCore.Query.Internal.SingleQueryingEnumerable`1.AsyncEnumerator.InitializeReaderAsync(AsyncEnumerator enumerator, CancellationToken cancellationToken)
   at Npgsql.EntityFrameworkCore.PostgreSQL.Storage.Internal.NpgsqlExecutionStrategy.ExecuteAsync[TState,TResult](TState state, Func`4 operation, Func`4 verifySucceeded, CancellationToken cancellationToken)
   at Microsoft.EntityFrameworkCore.Query.Internal.SingleQueryingEnumerable`1.AsyncEnumerator.MoveNextAsync()
  Exception data:
    Severity: ERROR
    SqlState: 42P01
    MessageText: relation "Genres" does not exist
    Position: 31
    File: parse_relation.c
    Line: 1452
    Routine: parserOpenTable
Npgsql.PostgresException (0x80004005): 42P01: relation "Genres" does not exist

POSITION: 31
   at Npgsql.Internal.NpgsqlConnector.ReadMessageLong(Boolean async, DataRowLoadingMode dataRowLoadingMode, Boolean readingNotifications, Boolean isReadingPrependedMessage)
   at System.Runtime.CompilerServices.PoolingAsyncValueTaskMethodBuilder`1.StateMachineBox`1.System.Threading.Tasks.Sources.IValueTaskSource<TResult>.GetResult(Int16 token)
   at Npgsql.NpgsqlDataReader.NextResult(Boolean async, Boolean isConsuming, CancellationToken cancellationToken)
   at Npgsql.NpgsqlDataReader.NextResult(Boolean async, Boolean isConsuming, CancellationToken cancellationToken)
   at Npgsql.NpgsqlCommand.ExecuteReader(Boolean async, CommandBehavior behavior, CancellationToken cancellationToken)
   at Npgsql.NpgsqlCommand.ExecuteReader(Boolean async, CommandBehavior behavior, CancellationToken cancellationToken)
   at Npgsql.NpgsqlCommand.ExecuteDbDataReaderAsync(CommandBehavior behavior, CancellationToken cancellationToken)
   at Microsoft.EntityFrameworkCore.Storage.RelationalCommand.ExecuteReaderAsync(RelationalCommandParameterObject parameterObject, CancellationToken cancellationToken)
   at Microsoft.EntityFrameworkCore.Storage.RelationalCommand.ExecuteReaderAsync(RelationalCommandParameterObject parameterObject, CancellationToken cancellationToken)
   at Microsoft.EntityFrameworkCore.Query.Internal.SingleQueryingEnumerable`1.AsyncEnumerator.InitializeReaderAsync(AsyncEnumerator enumerator, CancellationToken cancellationToken)
   at Npgsql.EntityFrameworkCore.PostgreSQL.Storage.Internal.NpgsqlExecutionStrategy.ExecuteAsync[TState,TResult](TState state, Func`4 operation, Func`4 verifySucceeded, CancellationToken cancellationToken)
   at Microsoft.EntityFrameworkCore.Query.Internal.SingleQueryingEnumerable`1.AsyncEnumerator.MoveNextAsync()
  Exception data:
    Severity: ERROR
    SqlState: 42P01
    MessageText: relation "Genres" does not exist
    Position: 31
    File: parse_relation.c
    Line: 1452
    Routine: parserOpenTable
2025-11-16 19:03:21.273 +02:00 [INF] Executed action CatalogService.Api.Controllers.BooksController.GetAll (CatalogService.Api) in 34.4704ms
2025-11-16 19:03:21.285 +02:00 [INF] Executed action CatalogService.Api.Controllers.AuthorsController.GetAll (CatalogService.Api) in 42.6516ms
2025-11-16 19:03:21.296 +02:00 [INF] Executed action CatalogService.Api.Controllers.GenresController.GetAll (CatalogService.Api) in 50.3777ms
2025-11-16 19:03:21.297 +02:00 [INF] Executed endpoint 'CatalogService.Api.Controllers.BooksController.GetAll (CatalogService.Api)'
2025-11-16 19:03:21.300 +02:00 [INF] Executed endpoint 'CatalogService.Api.Controllers.AuthorsController.GetAll (CatalogService.Api)'
2025-11-16 19:03:21.302 +02:00 [INF] Executed endpoint 'CatalogService.Api.Controllers.GenresController.GetAll (CatalogService.Api)'
2025-11-16 19:03:21.311 +02:00 [ERR] An unhandled exception has occurred while executing the request.
Npgsql.PostgresException (0x80004005): 42P01: relation "Books" does not exist

POSITION: 95
   at Npgsql.Internal.NpgsqlConnector.ReadMessageLong(Boolean async, DataRowLoadingMode dataRowLoadingMode, Boolean readingNotifications, Boolean isReadingPrependedMessage)
   at System.Runtime.CompilerServices.PoolingAsyncValueTaskMethodBuilder`1.StateMachineBox`1.System.Threading.Tasks.Sources.IValueTaskSource<TResult>.GetResult(Int16 token)
   at Npgsql.NpgsqlDataReader.NextResult(Boolean async, Boolean isConsuming, CancellationToken cancellationToken)
   at Npgsql.NpgsqlDataReader.NextResult(Boolean async, Boolean isConsuming, CancellationToken cancellationToken)
   at Npgsql.NpgsqlCommand.ExecuteReader(Boolean async, CommandBehavior behavior, CancellationToken cancellationToken)
   at Npgsql.NpgsqlCommand.ExecuteReader(Boolean async, CommandBehavior behavior, CancellationToken cancellationToken)
   at Npgsql.NpgsqlCommand.ExecuteDbDataReaderAsync(CommandBehavior behavior, CancellationToken cancellationToken)
   at Microsoft.EntityFrameworkCore.Storage.RelationalCommand.ExecuteReaderAsync(RelationalCommandParameterObject parameterObject, CancellationToken cancellationToken)
   at Microsoft.EntityFrameworkCore.Storage.RelationalCommand.ExecuteReaderAsync(RelationalCommandParameterObject parameterObject, CancellationToken cancellationToken)
   at Microsoft.EntityFrameworkCore.Query.Internal.SingleQueryingEnumerable`1.AsyncEnumerator.InitializeReaderAsync(AsyncEnumerator enumerator, CancellationToken cancellationToken)
   at Npgsql.EntityFrameworkCore.PostgreSQL.Storage.Internal.NpgsqlExecutionStrategy.ExecuteAsync[TState,TResult](TState state, Func`4 operation, Func`4 verifySucceeded, CancellationToken cancellationToken)
   at Microsoft.EntityFrameworkCore.Query.Internal.SingleQueryingEnumerable`1.AsyncEnumerator.MoveNextAsync()
   at Microsoft.EntityFrameworkCore.EntityFrameworkQueryableExtensions.ToListAsync[TSource](IQueryable`1 source, CancellationToken cancellationToken)
   at Microsoft.EntityFrameworkCore.EntityFrameworkQueryableExtensions.ToListAsync[TSource](IQueryable`1 source, CancellationToken cancellationToken)
   at CatalogService.Bll.Services.BookService.GetAllAsync() in C:\Users\Admin\Documents\projects\LibrarySystem\CatalogService\CatalogService.Bll\Services\BookService.cs:line 24
   at CatalogService.Api.Controllers.BooksController.GetAll() in C:\Users\Admin\Documents\projects\LibrarySystem\CatalogService\CatalogService.Api\Controllers\BooksController.cs:line 16
   at Microsoft.AspNetCore.Mvc.Infrastructure.ActionMethodExecutor.TaskOfIActionResultExecutor.Execute(ActionContext actionContext, IActionResultTypeMapper mapper, ObjectMethodExecutor executor, Object controller, Object[] arguments)
   at Microsoft.AspNetCore.Mvc.Infrastructure.ControllerActionInvoker.<InvokeActionMethodAsync>g__Awaited|12_0(ControllerActionInvoker invoker, ValueTask`1 actionResultValueTask)
   at Microsoft.AspNetCore.Mvc.Infrastructure.ControllerActionInvoker.<InvokeNextActionFilterAsync>g__Awaited|10_0(ControllerActionInvoker invoker, Task lastTask, State next, Scope scope, Object state, Boolean isCompleted)
   at Microsoft.AspNetCore.Mvc.Infrastructure.ControllerActionInvoker.Rethrow(ActionExecutedContextSealed context)
   at Microsoft.AspNetCore.Mvc.Infrastructure.ControllerActionInvoker.Next(State& next, Scope& scope, Object& state, Boolean& isCompleted)
   at Microsoft.AspNetCore.Mvc.Infrastructure.ControllerActionInvoker.<InvokeInnerFilterAsync>g__Awaited|13_0(ControllerActionInvoker invoker, Task lastTask, State next, Scope scope, Object state, Boolean isCompleted)
   at Microsoft.AspNetCore.Mvc.Infrastructure.ResourceInvoker.<InvokeFilterPipelineAsync>g__Awaited|20_0(ResourceInvoker invoker, Task lastTask, State next, Scope scope, Object state, Boolean isCompleted)
   at Microsoft.AspNetCore.Mvc.Infrastructure.ResourceInvoker.<InvokeAsync>g__Logged|17_1(ResourceInvoker invoker)
   at Microsoft.AspNetCore.Mvc.Infrastructure.ResourceInvoker.<InvokeAsync>g__Logged|17_1(ResourceInvoker invoker)
   at Microsoft.AspNetCore.Routing.EndpointMiddleware.<Invoke>g__AwaitRequestTask|7_0(Endpoint endpoint, Task requestTask, ILogger logger)
   at Swashbuckle.AspNetCore.SwaggerUI.SwaggerUIMiddleware.Invoke(HttpContext httpContext)
   at Swashbuckle.AspNetCore.Swagger.SwaggerMiddleware.Invoke(HttpContext httpContext, ISwaggerProvider swaggerProvider)
   at Hellang.Middleware.ProblemDetails.ProblemDetailsMiddleware.Invoke(HttpContext context)
  Exception data:
    Severity: ERROR
    SqlState: 42P01
    MessageText: relation "Books" does not exist
    Position: 95
    File: parse_relation.c
    Line: 1452
    Routine: parserOpenTable
2025-11-16 19:03:21.314 +02:00 [ERR] An unhandled exception has occurred while executing the request.
Npgsql.PostgresException (0x80004005): 42P01: relation "Authors" does not exist

POSITION: 31
   at Npgsql.Internal.NpgsqlConnector.ReadMessageLong(Boolean async, DataRowLoadingMode dataRowLoadingMode, Boolean readingNotifications, Boolean isReadingPrependedMessage)
   at System.Runtime.CompilerServices.PoolingAsyncValueTaskMethodBuilder`1.StateMachineBox`1.System.Threading.Tasks.Sources.IValueTaskSource<TResult>.GetResult(Int16 token)
   at Npgsql.NpgsqlDataReader.NextResult(Boolean async, Boolean isConsuming, CancellationToken cancellationToken)
   at Npgsql.NpgsqlDataReader.NextResult(Boolean async, Boolean isConsuming, CancellationToken cancellationToken)
   at Npgsql.NpgsqlCommand.ExecuteReader(Boolean async, CommandBehavior behavior, CancellationToken cancellationToken)
   at Npgsql.NpgsqlCommand.ExecuteReader(Boolean async, CommandBehavior behavior, CancellationToken cancellationToken)
   at Npgsql.NpgsqlCommand.ExecuteDbDataReaderAsync(CommandBehavior behavior, CancellationToken cancellationToken)
   at Microsoft.EntityFrameworkCore.Storage.RelationalCommand.ExecuteReaderAsync(RelationalCommandParameterObject parameterObject, CancellationToken cancellationToken)
   at Microsoft.EntityFrameworkCore.Storage.RelationalCommand.ExecuteReaderAsync(RelationalCommandParameterObject parameterObject, CancellationToken cancellationToken)
   at Microsoft.EntityFrameworkCore.Query.Internal.SingleQueryingEnumerable`1.AsyncEnumerator.InitializeReaderAsync(AsyncEnumerator enumerator, CancellationToken cancellationToken)
   at Npgsql.EntityFrameworkCore.PostgreSQL.Storage.Internal.NpgsqlExecutionStrategy.ExecuteAsync[TState,TResult](TState state, Func`4 operation, Func`4 verifySucceeded, CancellationToken cancellationToken)
   at Microsoft.EntityFrameworkCore.Query.Internal.SingleQueryingEnumerable`1.AsyncEnumerator.MoveNextAsync()
   at Microsoft.EntityFrameworkCore.EntityFrameworkQueryableExtensions.ToListAsync[TSource](IQueryable`1 source, CancellationToken cancellationToken)
   at Microsoft.EntityFrameworkCore.EntityFrameworkQueryableExtensions.ToListAsync[TSource](IQueryable`1 source, CancellationToken cancellationToken)
   at CatalogService.Dal.Repositories.GenericRepository`1.GetAllAsync() in C:\Users\Admin\Documents\projects\LibrarySystem\CatalogService\CatalogService.Dal\Repositories\GenericRepository.cs:line 10
   at CatalogService.Bll.Services.AuthorService.GetAllAsync() in C:\Users\Admin\Documents\projects\LibrarySystem\CatalogService\CatalogService.Bll\Services\AuthorService.cs:line 21
   at CatalogService.Api.Controllers.AuthorsController.GetAll() in C:\Users\Admin\Documents\projects\LibrarySystem\CatalogService\CatalogService.Api\Controllers\AuthorsController.cs:line 16
   at Microsoft.AspNetCore.Mvc.Infrastructure.ActionMethodExecutor.TaskOfIActionResultExecutor.Execute(ActionContext actionContext, IActionResultTypeMapper mapper, ObjectMethodExecutor executor, Object controller, Object[] arguments)
   at Microsoft.AspNetCore.Mvc.Infrastructure.ControllerActionInvoker.<InvokeActionMethodAsync>g__Awaited|12_0(ControllerActionInvoker invoker, ValueTask`1 actionResultValueTask)
   at Microsoft.AspNetCore.Mvc.Infrastructure.ControllerActionInvoker.<InvokeNextActionFilterAsync>g__Awaited|10_0(ControllerActionInvoker invoker, Task lastTask, State next, Scope scope, Object state, Boolean isCompleted)
   at Microsoft.AspNetCore.Mvc.Infrastructure.ControllerActionInvoker.Rethrow(ActionExecutedContextSealed context)
   at Microsoft.AspNetCore.Mvc.Infrastructure.ControllerActionInvoker.Next(State& next, Scope& scope, Object& state, Boolean& isCompleted)
   at Microsoft.AspNetCore.Mvc.Infrastructure.ControllerActionInvoker.<InvokeInnerFilterAsync>g__Awaited|13_0(ControllerActionInvoker invoker, Task lastTask, State next, Scope scope, Object state, Boolean isCompleted)
   at Microsoft.AspNetCore.Mvc.Infrastructure.ResourceInvoker.<InvokeFilterPipelineAsync>g__Awaited|20_0(ResourceInvoker invoker, Task lastTask, State next, Scope scope, Object state, Boolean isCompleted)
   at Microsoft.AspNetCore.Mvc.Infrastructure.ResourceInvoker.<InvokeAsync>g__Logged|17_1(ResourceInvoker invoker)
   at Microsoft.AspNetCore.Mvc.Infrastructure.ResourceInvoker.<InvokeAsync>g__Logged|17_1(ResourceInvoker invoker)
   at Microsoft.AspNetCore.Routing.EndpointMiddleware.<Invoke>g__AwaitRequestTask|7_0(Endpoint endpoint, Task requestTask, ILogger logger)
   at Swashbuckle.AspNetCore.SwaggerUI.SwaggerUIMiddleware.Invoke(HttpContext httpContext)
   at Swashbuckle.AspNetCore.Swagger.SwaggerMiddleware.Invoke(HttpContext httpContext, ISwaggerProvider swaggerProvider)
   at Hellang.Middleware.ProblemDetails.ProblemDetailsMiddleware.Invoke(HttpContext context)
  Exception data:
    Severity: ERROR
    SqlState: 42P01
    MessageText: relation "Authors" does not exist
    Position: 31
    File: parse_relation.c
    Line: 1452
    Routine: parserOpenTable
2025-11-16 19:03:21.317 +02:00 [ERR] An unhandled exception has occurred while executing the request.
Npgsql.PostgresException (0x80004005): 42P01: relation "Genres" does not exist

POSITION: 31
   at Npgsql.Internal.NpgsqlConnector.ReadMessageLong(Boolean async, DataRowLoadingMode dataRowLoadingMode, Boolean readingNotifications, Boolean isReadingPrependedMessage)
   at System.Runtime.CompilerServices.PoolingAsyncValueTaskMethodBuilder`1.StateMachineBox`1.System.Threading.Tasks.Sources.IValueTaskSource<TResult>.GetResult(Int16 token)
   at Npgsql.NpgsqlDataReader.NextResult(Boolean async, Boolean isConsuming, CancellationToken cancellationToken)
   at Npgsql.NpgsqlDataReader.NextResult(Boolean async, Boolean isConsuming, CancellationToken cancellationToken)
   at Npgsql.NpgsqlCommand.ExecuteReader(Boolean async, CommandBehavior behavior, CancellationToken cancellationToken)
   at Npgsql.NpgsqlCommand.ExecuteReader(Boolean async, CommandBehavior behavior, CancellationToken cancellationToken)
   at Npgsql.NpgsqlCommand.ExecuteDbDataReaderAsync(CommandBehavior behavior, CancellationToken cancellationToken)
   at Microsoft.EntityFrameworkCore.Storage.RelationalCommand.ExecuteReaderAsync(RelationalCommandParameterObject parameterObject, CancellationToken cancellationToken)
   at Microsoft.EntityFrameworkCore.Storage.RelationalCommand.ExecuteReaderAsync(RelationalCommandParameterObject parameterObject, CancellationToken cancellationToken)
   at Microsoft.EntityFrameworkCore.Query.Internal.SingleQueryingEnumerable`1.AsyncEnumerator.InitializeReaderAsync(AsyncEnumerator enumerator, CancellationToken cancellationToken)
   at Npgsql.EntityFrameworkCore.PostgreSQL.Storage.Internal.NpgsqlExecutionStrategy.ExecuteAsync[TState,TResult](TState state, Func`4 operation, Func`4 verifySucceeded, CancellationToken cancellationToken)
   at Microsoft.EntityFrameworkCore.Query.Internal.SingleQueryingEnumerable`1.AsyncEnumerator.MoveNextAsync()
   at Microsoft.EntityFrameworkCore.EntityFrameworkQueryableExtensions.ToListAsync[TSource](IQueryable`1 source, CancellationToken cancellationToken)
   at Microsoft.EntityFrameworkCore.EntityFrameworkQueryableExtensions.ToListAsync[TSource](IQueryable`1 source, CancellationToken cancellationToken)
   at CatalogService.Dal.Repositories.GenericRepository`1.GetAllAsync() in C:\Users\Admin\Documents\projects\LibrarySystem\CatalogService\CatalogService.Dal\Repositories\GenericRepository.cs:line 10
   at CatalogService.Bll.Services.GenreService.GetAllAsync() in C:\Users\Admin\Documents\projects\LibrarySystem\CatalogService\CatalogService.Bll\Services\GenreService.cs:line 21
   at CatalogService.Api.Controllers.GenresController.GetAll() in C:\Users\Admin\Documents\projects\LibrarySystem\CatalogService\CatalogService.Api\Controllers\GenresController.cs:line 16
   at Microsoft.AspNetCore.Mvc.Infrastructure.ActionMethodExecutor.TaskOfIActionResultExecutor.Execute(ActionContext actionContext, IActionResultTypeMapper mapper, ObjectMethodExecutor executor, Object controller, Object[] arguments)
   at Microsoft.AspNetCore.Mvc.Infrastructure.ControllerActionInvoker.<InvokeActionMethodAsync>g__Awaited|12_0(ControllerActionInvoker invoker, ValueTask`1 actionResultValueTask)
   at Microsoft.AspNetCore.Mvc.Infrastructure.ControllerActionInvoker.<InvokeNextActionFilterAsync>g__Awaited|10_0(ControllerActionInvoker invoker, Task lastTask, State next, Scope scope, Object state, Boolean isCompleted)
   at Microsoft.AspNetCore.Mvc.Infrastructure.ControllerActionInvoker.Rethrow(ActionExecutedContextSealed context)
   at Microsoft.AspNetCore.Mvc.Infrastructure.ControllerActionInvoker.Next(State& next, Scope& scope, Object& state, Boolean& isCompleted)
   at Microsoft.AspNetCore.Mvc.Infrastructure.ControllerActionInvoker.<InvokeInnerFilterAsync>g__Awaited|13_0(ControllerActionInvoker invoker, Task lastTask, State next, Scope scope, Object state, Boolean isCompleted)
   at Microsoft.AspNetCore.Mvc.Infrastructure.ResourceInvoker.<InvokeFilterPipelineAsync>g__Awaited|20_0(ResourceInvoker invoker, Task lastTask, State next, Scope scope, Object state, Boolean isCompleted)
   at Microsoft.AspNetCore.Mvc.Infrastructure.ResourceInvoker.<InvokeAsync>g__Logged|17_1(ResourceInvoker invoker)
   at Microsoft.AspNetCore.Mvc.Infrastructure.ResourceInvoker.<InvokeAsync>g__Logged|17_1(ResourceInvoker invoker)
   at Microsoft.AspNetCore.Routing.EndpointMiddleware.<Invoke>g__AwaitRequestTask|7_0(Endpoint endpoint, Task requestTask, ILogger logger)
   at Swashbuckle.AspNetCore.SwaggerUI.SwaggerUIMiddleware.Invoke(HttpContext httpContext)
   at Swashbuckle.AspNetCore.Swagger.SwaggerMiddleware.Invoke(HttpContext httpContext, ISwaggerProvider swaggerProvider)
   at Hellang.Middleware.ProblemDetails.ProblemDetailsMiddleware.Invoke(HttpContext context)
  Exception data:
    Severity: ERROR
    SqlState: 42P01
    MessageText: relation "Genres" does not exist
    Position: 31
    File: parse_relation.c
    Line: 1452
    Routine: parserOpenTable
2025-11-16 19:03:21.335 +02:00 [INF] Executing ObjectResult, writing value of type 'Microsoft.AspNetCore.Mvc.ProblemDetails'.
2025-11-16 19:03:21.356 +02:00 [INF] Executing ObjectResult, writing value of type 'Microsoft.AspNetCore.Mvc.ProblemDetails'.
2025-11-16 19:03:21.378 +02:00 [INF] Executing ObjectResult, writing value of type 'Microsoft.AspNetCore.Mvc.ProblemDetails'.
2025-11-16 19:03:21.378 +02:00 [INF] Request finished HTTP/1.1 GET http://localhost:5180/api/books - 500 null application/problem+json; charset=utf-8 169.8635ms
2025-11-16 19:03:21.380 +02:00 [INF] Request finished HTTP/1.1 GET http://localhost:5180/api/authors - 500 null application/problem+json; charset=utf-8 168.308ms
2025-11-16 19:03:21.386 +02:00 [INF] Request finished HTTP/1.1 GET http://localhost:5180/api/genres - 500 null application/problem+json; charset=utf-8 173.5092ms
2025-11-16 19:03:34.258 +02:00 [INF] Request starting HTTP/1.1 GET http://localhost:5180/api/genres - null null
2025-11-16 19:03:34.263 +02:00 [INF] Executing endpoint 'CatalogService.Api.Controllers.GenresController.GetAll (CatalogService.Api)'
2025-11-16 19:03:34.265 +02:00 [INF] Route matched with {action = "GetAll", controller = "Genres"}. Executing controller action with signature System.Threading.Tasks.Task`1[Microsoft.AspNetCore.Mvc.IActionResult] GetAll() on controller CatalogService.Api.Controllers.GenresController (CatalogService.Api).
2025-11-16 19:03:34.268 +02:00 [ERR] Failed executing DbCommand (1ms) [Parameters=[], CommandType='"Text"', CommandTimeout='30']
SELECT g."Id", g."Name"
FROM "Genres" AS g
2025-11-16 19:03:34.273 +02:00 [ERR] An exception occurred while iterating over the results of a query for context type 'CatalogService.Dal.CatalogDbContext'.
Npgsql.PostgresException (0x80004005): 42P01: relation "Genres" does not exist

POSITION: 31
   at Npgsql.Internal.NpgsqlConnector.ReadMessageLong(Boolean async, DataRowLoadingMode dataRowLoadingMode, Boolean readingNotifications, Boolean isReadingPrependedMessage)
   at System.Runtime.CompilerServices.PoolingAsyncValueTaskMethodBuilder`1.StateMachineBox`1.System.Threading.Tasks.Sources.IValueTaskSource<TResult>.GetResult(Int16 token)
   at Npgsql.NpgsqlDataReader.NextResult(Boolean async, Boolean isConsuming, CancellationToken cancellationToken)
   at Npgsql.NpgsqlDataReader.NextResult(Boolean async, Boolean isConsuming, CancellationToken cancellationToken)
   at Npgsql.NpgsqlCommand.ExecuteReader(Boolean async, CommandBehavior behavior, CancellationToken cancellationToken)
   at Npgsql.NpgsqlCommand.ExecuteReader(Boolean async, CommandBehavior behavior, CancellationToken cancellationToken)
   at Npgsql.NpgsqlCommand.ExecuteDbDataReaderAsync(CommandBehavior behavior, CancellationToken cancellationToken)
   at Microsoft.EntityFrameworkCore.Storage.RelationalCommand.ExecuteReaderAsync(RelationalCommandParameterObject parameterObject, CancellationToken cancellationToken)
   at Microsoft.EntityFrameworkCore.Storage.RelationalCommand.ExecuteReaderAsync(RelationalCommandParameterObject parameterObject, CancellationToken cancellationToken)
   at Microsoft.EntityFrameworkCore.Query.Internal.SingleQueryingEnumerable`1.AsyncEnumerator.InitializeReaderAsync(AsyncEnumerator enumerator, CancellationToken cancellationToken)
   at Npgsql.EntityFrameworkCore.PostgreSQL.Storage.Internal.NpgsqlExecutionStrategy.ExecuteAsync[TState,TResult](TState state, Func`4 operation, Func`4 verifySucceeded, CancellationToken cancellationToken)
   at Microsoft.EntityFrameworkCore.Query.Internal.SingleQueryingEnumerable`1.AsyncEnumerator.MoveNextAsync()
  Exception data:
    Severity: ERROR
    SqlState: 42P01
    MessageText: relation "Genres" does not exist
    Position: 31
    File: parse_relation.c
    Line: 1452
    Routine: parserOpenTable
Npgsql.PostgresException (0x80004005): 42P01: relation "Genres" does not exist

POSITION: 31
   at Npgsql.Internal.NpgsqlConnector.ReadMessageLong(Boolean async, DataRowLoadingMode dataRowLoadingMode, Boolean readingNotifications, Boolean isReadingPrependedMessage)
   at System.Runtime.CompilerServices.PoolingAsyncValueTaskMethodBuilder`1.StateMachineBox`1.System.Threading.Tasks.Sources.IValueTaskSource<TResult>.GetResult(Int16 token)
   at Npgsql.NpgsqlDataReader.NextResult(Boolean async, Boolean isConsuming, CancellationToken cancellationToken)
   at Npgsql.NpgsqlDataReader.NextResult(Boolean async, Boolean isConsuming, CancellationToken cancellationToken)
   at Npgsql.NpgsqlCommand.ExecuteReader(Boolean async, CommandBehavior behavior, CancellationToken cancellationToken)
   at Npgsql.NpgsqlCommand.ExecuteReader(Boolean async, CommandBehavior behavior, CancellationToken cancellationToken)
   at Npgsql.NpgsqlCommand.ExecuteDbDataReaderAsync(CommandBehavior behavior, CancellationToken cancellationToken)
   at Microsoft.EntityFrameworkCore.Storage.RelationalCommand.ExecuteReaderAsync(RelationalCommandParameterObject parameterObject, CancellationToken cancellationToken)
   at Microsoft.EntityFrameworkCore.Storage.RelationalCommand.ExecuteReaderAsync(RelationalCommandParameterObject parameterObject, CancellationToken cancellationToken)
   at Microsoft.EntityFrameworkCore.Query.Internal.SingleQueryingEnumerable`1.AsyncEnumerator.InitializeReaderAsync(AsyncEnumerator enumerator, CancellationToken cancellationToken)
   at Npgsql.EntityFrameworkCore.PostgreSQL.Storage.Internal.NpgsqlExecutionStrategy.ExecuteAsync[TState,TResult](TState state, Func`4 operation, Func`4 verifySucceeded, CancellationToken cancellationToken)
   at Microsoft.EntityFrameworkCore.Query.Internal.SingleQueryingEnumerable`1.AsyncEnumerator.MoveNextAsync()
  Exception data:
    Severity: ERROR
    SqlState: 42P01
    MessageText: relation "Genres" does not exist
    Position: 31
    File: parse_relation.c
    Line: 1452
    Routine: parserOpenTable
2025-11-16 19:03:34.283 +02:00 [INF] Executed action CatalogService.Api.Controllers.GenresController.GetAll (CatalogService.Api) in 16.4678ms
2025-11-16 19:03:34.285 +02:00 [INF] Executed endpoint 'CatalogService.Api.Controllers.GenresController.GetAll (CatalogService.Api)'
2025-11-16 19:03:34.290 +02:00 [ERR] An unhandled exception has occurred while executing the request.
Npgsql.PostgresException (0x80004005): 42P01: relation "Genres" does not exist

POSITION: 31
   at Npgsql.Internal.NpgsqlConnector.ReadMessageLong(Boolean async, DataRowLoadingMode dataRowLoadingMode, Boolean readingNotifications, Boolean isReadingPrependedMessage)
   at System.Runtime.CompilerServices.PoolingAsyncValueTaskMethodBuilder`1.StateMachineBox`1.System.Threading.Tasks.Sources.IValueTaskSource<TResult>.GetResult(Int16 token)
   at Npgsql.NpgsqlDataReader.NextResult(Boolean async, Boolean isConsuming, CancellationToken cancellationToken)
   at Npgsql.NpgsqlDataReader.NextResult(Boolean async, Boolean isConsuming, CancellationToken cancellationToken)
   at Npgsql.NpgsqlCommand.ExecuteReader(Boolean async, CommandBehavior behavior, CancellationToken cancellationToken)
   at Npgsql.NpgsqlCommand.ExecuteReader(Boolean async, CommandBehavior behavior, CancellationToken cancellationToken)
   at Npgsql.NpgsqlCommand.ExecuteDbDataReaderAsync(CommandBehavior behavior, CancellationToken cancellationToken)
   at Microsoft.EntityFrameworkCore.Storage.RelationalCommand.ExecuteReaderAsync(RelationalCommandParameterObject parameterObject, CancellationToken cancellationToken)
   at Microsoft.EntityFrameworkCore.Storage.RelationalCommand.ExecuteReaderAsync(RelationalCommandParameterObject parameterObject, CancellationToken cancellationToken)
   at Microsoft.EntityFrameworkCore.Query.Internal.SingleQueryingEnumerable`1.AsyncEnumerator.InitializeReaderAsync(AsyncEnumerator enumerator, CancellationToken cancellationToken)
   at Npgsql.EntityFrameworkCore.PostgreSQL.Storage.Internal.NpgsqlExecutionStrategy.ExecuteAsync[TState,TResult](TState state, Func`4 operation, Func`4 verifySucceeded, CancellationToken cancellationToken)
   at Microsoft.EntityFrameworkCore.Query.Internal.SingleQueryingEnumerable`1.AsyncEnumerator.MoveNextAsync()
   at Microsoft.EntityFrameworkCore.EntityFrameworkQueryableExtensions.ToListAsync[TSource](IQueryable`1 source, CancellationToken cancellationToken)
   at Microsoft.EntityFrameworkCore.EntityFrameworkQueryableExtensions.ToListAsync[TSource](IQueryable`1 source, CancellationToken cancellationToken)
   at CatalogService.Dal.Repositories.GenericRepository`1.GetAllAsync() in C:\Users\Admin\Documents\projects\LibrarySystem\CatalogService\CatalogService.Dal\Repositories\GenericRepository.cs:line 10
   at CatalogService.Bll.Services.GenreService.GetAllAsync() in C:\Users\Admin\Documents\projects\LibrarySystem\CatalogService\CatalogService.Bll\Services\GenreService.cs:line 21
   at CatalogService.Api.Controllers.GenresController.GetAll() in C:\Users\Admin\Documents\projects\LibrarySystem\CatalogService\CatalogService.Api\Controllers\GenresController.cs:line 16
   at Microsoft.AspNetCore.Mvc.Infrastructure.ActionMethodExecutor.TaskOfIActionResultExecutor.Execute(ActionContext actionContext, IActionResultTypeMapper mapper, ObjectMethodExecutor executor, Object controller, Object[] arguments)
   at Microsoft.AspNetCore.Mvc.Infrastructure.ControllerActionInvoker.<InvokeActionMethodAsync>g__Awaited|12_0(ControllerActionInvoker invoker, ValueTask`1 actionResultValueTask)
   at Microsoft.AspNetCore.Mvc.Infrastructure.ControllerActionInvoker.<InvokeNextActionFilterAsync>g__Awaited|10_0(ControllerActionInvoker invoker, Task lastTask, State next, Scope scope, Object state, Boolean isCompleted)
   at Microsoft.AspNetCore.Mvc.Infrastructure.ControllerActionInvoker.Rethrow(ActionExecutedContextSealed context)
   at Microsoft.AspNetCore.Mvc.Infrastructure.ControllerActionInvoker.Next(State& next, Scope& scope, Object& state, Boolean& isCompleted)
   at Microsoft.AspNetCore.Mvc.Infrastructure.ControllerActionInvoker.<InvokeInnerFilterAsync>g__Awaited|13_0(ControllerActionInvoker invoker, Task lastTask, State next, Scope scope, Object state, Boolean isCompleted)
   at Microsoft.AspNetCore.Mvc.Infrastructure.ResourceInvoker.<InvokeFilterPipelineAsync>g__Awaited|20_0(ResourceInvoker invoker, Task lastTask, State next, Scope scope, Object state, Boolean isCompleted)
   at Microsoft.AspNetCore.Mvc.Infrastructure.ResourceInvoker.<InvokeAsync>g__Logged|17_1(ResourceInvoker invoker)
   at Microsoft.AspNetCore.Mvc.Infrastructure.ResourceInvoker.<InvokeAsync>g__Logged|17_1(ResourceInvoker invoker)
   at Microsoft.AspNetCore.Routing.EndpointMiddleware.<Invoke>g__AwaitRequestTask|7_0(Endpoint endpoint, Task requestTask, ILogger logger)
   at Swashbuckle.AspNetCore.SwaggerUI.SwaggerUIMiddleware.Invoke(HttpContext httpContext)
   at Swashbuckle.AspNetCore.Swagger.SwaggerMiddleware.Invoke(HttpContext httpContext, ISwaggerProvider swaggerProvider)
   at Hellang.Middleware.ProblemDetails.ProblemDetailsMiddleware.Invoke(HttpContext context)
  Exception data:
    Severity: ERROR
    SqlState: 42P01
    MessageText: relation "Genres" does not exist
    Position: 31
    File: parse_relation.c
    Line: 1452
    Routine: parserOpenTable
2025-11-16 19:03:34.307 +02:00 [INF] Executing ObjectResult, writing value of type 'Microsoft.AspNetCore.Mvc.ProblemDetails'.
2025-11-16 19:03:34.310 +02:00 [INF] Request finished HTTP/1.1 GET http://localhost:5180/api/genres - 500 null application/problem+json; charset=utf-8 51.6291ms
2025-11-16 19:07:14.843 +02:00 [WRN] No instantiatable types implementing `IEntityTypeConfiguration` were found while while scanning assembly 'CatalogService.Dal, Version=1.0.0.0, Culture=neutral, PublicKeyToken=null'.
2025-11-16 19:07:30.228 +02:00 [WRN] No instantiatable types implementing `IEntityTypeConfiguration` were found while while scanning assembly 'CatalogService.Dal, Version=1.0.0.0, Culture=neutral, PublicKeyToken=null'.
2025-11-16 19:07:30.835 +02:00 [ERR] Failed executing DbCommand (28ms) [Parameters=[], CommandType='"Text"', CommandTimeout='30']
SELECT "MigrationId", "ProductVersion"
FROM "__EFMigrationsHistory"
ORDER BY "MigrationId";
2025-11-16 19:07:31.234 +02:00 [INF] Acquiring an exclusive lock for migration application. See https://aka.ms/efcore-docs-migrations-lock for more information if this takes too long.
2025-11-16 19:07:31.250 +02:00 [INF] Applying migration '20251116170715_InitialCreate'.
2025-11-16 19:08:07.652 +02:00 [INF] Now listening on: http://localhost:5180
2025-11-16 19:08:07.741 +02:00 [INF] Application started. Press Ctrl+C to shut down.
2025-11-16 19:08:07.743 +02:00 [INF] Hosting environment: Development
2025-11-16 19:08:07.745 +02:00 [INF] Content root path: C:\Users\Admin\Documents\projects\LibrarySystem\CatalogService\CatalogService.Api
2025-11-16 19:08:13.357 +02:00 [INF] Request starting HTTP/1.1 GET http://localhost:5180/api/books - null null
2025-11-16 19:08:13.357 +02:00 [INF] Request starting HTTP/1.1 GET http://localhost:5180/api/authors - null null
2025-11-16 19:08:13.357 +02:00 [INF] Request starting HTTP/1.1 GET http://localhost:5180/api/genres - null null
2025-11-16 19:08:13.436 +02:00 [INF] Executing endpoint 'CatalogService.Api.Controllers.GenresController.GetAll (CatalogService.Api)'
2025-11-16 19:08:13.436 +02:00 [INF] Executing endpoint 'CatalogService.Api.Controllers.AuthorsController.GetAll (CatalogService.Api)'
2025-11-16 19:08:13.436 +02:00 [INF] Executing endpoint 'CatalogService.Api.Controllers.BooksController.GetAll (CatalogService.Api)'
2025-11-16 19:08:13.465 +02:00 [INF] Route matched with {action = "GetAll", controller = "Genres"}. Executing controller action with signature System.Threading.Tasks.Task`1[Microsoft.AspNetCore.Mvc.IActionResult] GetAll() on controller CatalogService.Api.Controllers.GenresController (CatalogService.Api).
2025-11-16 19:08:13.465 +02:00 [INF] Route matched with {action = "GetAll", controller = "Authors"}. Executing controller action with signature System.Threading.Tasks.Task`1[Microsoft.AspNetCore.Mvc.IActionResult] GetAll() on controller CatalogService.Api.Controllers.AuthorsController (CatalogService.Api).
2025-11-16 19:08:13.465 +02:00 [INF] Route matched with {action = "GetAll", controller = "Books"}. Executing controller action with signature System.Threading.Tasks.Task`1[Microsoft.AspNetCore.Mvc.IActionResult] GetAll() on controller CatalogService.Api.Controllers.BooksController (CatalogService.Api).
2025-11-16 19:08:14.276 +02:00 [WRN] No instantiatable types implementing `IEntityTypeConfiguration` were found while while scanning assembly 'CatalogService.Dal, Version=1.0.0.0, Culture=neutral, PublicKeyToken=null'.
2025-11-16 19:08:15.299 +02:00 [INF] Executed DbCommand (34ms) [Parameters=[], CommandType='"Text"', CommandTimeout='30']
SELECT b."Id", b."AuthorId", b."GenreId", b."Title", a."Id", a."Name", g."Id", g."Name"
FROM "Books" AS b
INNER JOIN "Authors" AS a ON b."AuthorId" = a."Id"
INNER JOIN "Genres" AS g ON b."GenreId" = g."Id"
2025-11-16 19:08:15.299 +02:00 [INF] Executed DbCommand (34ms) [Parameters=[], CommandType='"Text"', CommandTimeout='30']
SELECT a."Id", a."Name"
FROM "Authors" AS a
2025-11-16 19:08:15.299 +02:00 [INF] Executed DbCommand (34ms) [Parameters=[], CommandType='"Text"', CommandTimeout='30']
SELECT g."Id", g."Name"
FROM "Genres" AS g
2025-11-16 19:08:15.476 +02:00 [INF] Executing OkObjectResult, writing value of type 'System.Collections.Generic.List`1[[CatalogService.Bll.Dtos.BookDto, CatalogService.Bll, Version=1.0.0.0, Culture=neutral, PublicKeyToken=null]]'.
2025-11-16 19:08:15.476 +02:00 [INF] Executing OkObjectResult, writing value of type 'System.Collections.Generic.List`1[[CatalogService.Bll.Dtos.GenreDto, CatalogService.Bll, Version=1.0.0.0, Culture=neutral, PublicKeyToken=null]]'.
2025-11-16 19:08:15.476 +02:00 [INF] Executing OkObjectResult, writing value of type 'System.Collections.Generic.List`1[[CatalogService.Bll.Dtos.AuthorDto, CatalogService.Bll, Version=1.0.0.0, Culture=neutral, PublicKeyToken=null]]'.
2025-11-16 19:08:15.528 +02:00 [INF] Executed action CatalogService.Api.Controllers.AuthorsController.GetAll (CatalogService.Api) in 2052.4791ms
2025-11-16 19:08:15.528 +02:00 [INF] Executed action CatalogService.Api.Controllers.GenresController.GetAll (CatalogService.Api) in 2053.4283ms
2025-11-16 19:08:15.528 +02:00 [INF] Executed action CatalogService.Api.Controllers.BooksController.GetAll (CatalogService.Api) in 2048.9909ms
2025-11-16 19:08:15.531 +02:00 [INF] Request starting HTTP/1.1 GET http://localhost:5180/api/genres - null null
2025-11-16 19:08:15.534 +02:00 [INF] Request starting HTTP/1.1 GET http://localhost:5180/api/authors - null null
2025-11-16 19:08:15.534 +02:00 [INF] Request starting HTTP/1.1 GET http://localhost:5180/api/books - null null
2025-11-16 19:08:15.538 +02:00 [INF] Executed endpoint 'CatalogService.Api.Controllers.AuthorsController.GetAll (CatalogService.Api)'
2025-11-16 19:08:15.540 +02:00 [INF] Executed endpoint 'CatalogService.Api.Controllers.GenresController.GetAll (CatalogService.Api)'
2025-11-16 19:08:15.543 +02:00 [INF] Executed endpoint 'CatalogService.Api.Controllers.BooksController.GetAll (CatalogService.Api)'
2025-11-16 19:08:15.552 +02:00 [INF] Executing endpoint 'CatalogService.Api.Controllers.GenresController.GetAll (CatalogService.Api)'
2025-11-16 19:08:15.556 +02:00 [INF] Executing endpoint 'CatalogService.Api.Controllers.AuthorsController.GetAll (CatalogService.Api)'
2025-11-16 19:08:15.562 +02:00 [INF] Executing endpoint 'CatalogService.Api.Controllers.BooksController.GetAll (CatalogService.Api)'
2025-11-16 19:08:15.574 +02:00 [INF] Route matched with {action = "GetAll", controller = "Genres"}. Executing controller action with signature System.Threading.Tasks.Task`1[Microsoft.AspNetCore.Mvc.IActionResult] GetAll() on controller CatalogService.Api.Controllers.GenresController (CatalogService.Api).
2025-11-16 19:08:15.579 +02:00 [INF] Request finished HTTP/1.1 GET http://localhost:5180/api/books - 200 null application/json; charset=utf-8 2225.5982ms
2025-11-16 19:08:15.579 +02:00 [INF] Request finished HTTP/1.1 GET http://localhost:5180/api/genres - 200 null application/json; charset=utf-8 2225.6104ms
2025-11-16 19:08:15.579 +02:00 [INF] Request finished HTTP/1.1 GET http://localhost:5180/api/authors - 200 null application/json; charset=utf-8 2225.6163ms
2025-11-16 19:08:15.580 +02:00 [INF] Route matched with {action = "GetAll", controller = "Authors"}. Executing controller action with signature System.Threading.Tasks.Task`1[Microsoft.AspNetCore.Mvc.IActionResult] GetAll() on controller CatalogService.Api.Controllers.AuthorsController (CatalogService.Api).
2025-11-16 19:08:15.583 +02:00 [INF] Route matched with {action = "GetAll", controller = "Books"}. Executing controller action with signature System.Threading.Tasks.Task`1[Microsoft.AspNetCore.Mvc.IActionResult] GetAll() on controller CatalogService.Api.Controllers.BooksController (CatalogService.Api).
2025-11-16 19:08:15.679 +02:00 [INF] Executed DbCommand (3ms) [Parameters=[], CommandType='"Text"', CommandTimeout='30']
SELECT b."Id", b."AuthorId", b."GenreId", b."Title", a."Id", a."Name", g."Id", g."Name"
FROM "Books" AS b
INNER JOIN "Authors" AS a ON b."AuthorId" = a."Id"
INNER JOIN "Genres" AS g ON b."GenreId" = g."Id"
2025-11-16 19:08:15.679 +02:00 [INF] Executed DbCommand (6ms) [Parameters=[], CommandType='"Text"', CommandTimeout='30']
SELECT g."Id", g."Name"
FROM "Genres" AS g
2025-11-16 19:08:15.679 +02:00 [INF] Executed DbCommand (6ms) [Parameters=[], CommandType='"Text"', CommandTimeout='30']
SELECT a."Id", a."Name"
FROM "Authors" AS a
2025-11-16 19:08:15.688 +02:00 [INF] Executing OkObjectResult, writing value of type 'System.Collections.Generic.List`1[[CatalogService.Bll.Dtos.BookDto, CatalogService.Bll, Version=1.0.0.0, Culture=neutral, PublicKeyToken=null]]'.
2025-11-16 19:08:15.692 +02:00 [INF] Executing OkObjectResult, writing value of type 'System.Collections.Generic.List`1[[CatalogService.Bll.Dtos.GenreDto, CatalogService.Bll, Version=1.0.0.0, Culture=neutral, PublicKeyToken=null]]'.
2025-11-16 19:08:15.699 +02:00 [INF] Executing OkObjectResult, writing value of type 'System.Collections.Generic.List`1[[CatalogService.Bll.Dtos.AuthorDto, CatalogService.Bll, Version=1.0.0.0, Culture=neutral, PublicKeyToken=null]]'.
2025-11-16 19:08:15.702 +02:00 [INF] Executed action CatalogService.Api.Controllers.BooksController.GetAll (CatalogService.Api) in 88.2232ms
2025-11-16 19:08:15.706 +02:00 [INF] Executed action CatalogService.Api.Controllers.GenresController.GetAll (CatalogService.Api) in 119.4021ms
2025-11-16 19:08:15.710 +02:00 [INF] Executed action CatalogService.Api.Controllers.AuthorsController.GetAll (CatalogService.Api) in 99.2191ms
2025-11-16 19:08:15.712 +02:00 [INF] Executed endpoint 'CatalogService.Api.Controllers.BooksController.GetAll (CatalogService.Api)'
2025-11-16 19:08:15.715 +02:00 [INF] Executed endpoint 'CatalogService.Api.Controllers.GenresController.GetAll (CatalogService.Api)'
2025-11-16 19:08:15.718 +02:00 [INF] Executed endpoint 'CatalogService.Api.Controllers.AuthorsController.GetAll (CatalogService.Api)'
2025-11-16 19:08:15.722 +02:00 [INF] Request finished HTTP/1.1 GET http://localhost:5180/api/books - 200 null application/json; charset=utf-8 187.9979ms
2025-11-16 19:08:15.725 +02:00 [INF] Request finished HTTP/1.1 GET http://localhost:5180/api/genres - 200 null application/json; charset=utf-8 194.6201ms
2025-11-16 19:08:15.728 +02:00 [INF] Request finished HTTP/1.1 GET http://localhost:5180/api/authors - 200 null application/json; charset=utf-8 193.7022ms
2025-11-16 19:08:30.002 +02:00 [INF] Request starting HTTP/1.1 GET http://localhost:5180/api/books - null null
2025-11-16 19:08:30.003 +02:00 [INF] Request starting HTTP/1.1 GET http://localhost:5180/api/authors - null null
2025-11-16 19:08:30.003 +02:00 [INF] Request starting HTTP/1.1 GET http://localhost:5180/api/genres - null null
2025-11-16 19:08:30.008 +02:00 [INF] Executing endpoint 'CatalogService.Api.Controllers.BooksController.GetAll (CatalogService.Api)'
2025-11-16 19:08:30.014 +02:00 [INF] Executing endpoint 'CatalogService.Api.Controllers.AuthorsController.GetAll (CatalogService.Api)'
2025-11-16 19:08:30.020 +02:00 [INF] Executing endpoint 'CatalogService.Api.Controllers.GenresController.GetAll (CatalogService.Api)'
2025-11-16 19:08:30.022 +02:00 [INF] Route matched with {action = "GetAll", controller = "Books"}. Executing controller action with signature System.Threading.Tasks.Task`1[Microsoft.AspNetCore.Mvc.IActionResult] GetAll() on controller CatalogService.Api.Controllers.BooksController (CatalogService.Api).
2025-11-16 19:08:30.024 +02:00 [INF] Route matched with {action = "GetAll", controller = "Authors"}. Executing controller action with signature System.Threading.Tasks.Task`1[Microsoft.AspNetCore.Mvc.IActionResult] GetAll() on controller CatalogService.Api.Controllers.AuthorsController (CatalogService.Api).
2025-11-16 19:08:30.026 +02:00 [INF] Route matched with {action = "GetAll", controller = "Genres"}. Executing controller action with signature System.Threading.Tasks.Task`1[Microsoft.AspNetCore.Mvc.IActionResult] GetAll() on controller CatalogService.Api.Controllers.GenresController (CatalogService.Api).
2025-11-16 19:08:30.054 +02:00 [INF] Executed DbCommand (2ms) [Parameters=[], CommandType='"Text"', CommandTimeout='30']
SELECT a."Id", a."Name"
FROM "Authors" AS a
2025-11-16 19:08:30.056 +02:00 [INF] Executed DbCommand (3ms) [Parameters=[], CommandType='"Text"', CommandTimeout='30']
SELECT b."Id", b."AuthorId", b."GenreId", b."Title", a."Id", a."Name", g."Id", g."Name"
FROM "Books" AS b
INNER JOIN "Authors" AS a ON b."AuthorId" = a."Id"
INNER JOIN "Genres" AS g ON b."GenreId" = g."Id"
2025-11-16 19:08:30.057 +02:00 [INF] Executed DbCommand (1ms) [Parameters=[], CommandType='"Text"', CommandTimeout='30']
SELECT g."Id", g."Name"
FROM "Genres" AS g
2025-11-16 19:08:30.061 +02:00 [INF] Executing OkObjectResult, writing value of type 'System.Collections.Generic.List`1[[CatalogService.Bll.Dtos.AuthorDto, CatalogService.Bll, Version=1.0.0.0, Culture=neutral, PublicKeyToken=null]]'.
2025-11-16 19:08:30.068 +02:00 [INF] Executing OkObjectResult, writing value of type 'System.Collections.Generic.List`1[[CatalogService.Bll.Dtos.BookDto, CatalogService.Bll, Version=1.0.0.0, Culture=neutral, PublicKeyToken=null]]'.
2025-11-16 19:08:30.073 +02:00 [INF] Executing OkObjectResult, writing value of type 'System.Collections.Generic.List`1[[CatalogService.Bll.Dtos.GenreDto, CatalogService.Bll, Version=1.0.0.0, Culture=neutral, PublicKeyToken=null]]'.
2025-11-16 19:08:30.075 +02:00 [INF] Executed action CatalogService.Api.Controllers.AuthorsController.GetAll (CatalogService.Api) in 42.8246ms
2025-11-16 19:08:30.080 +02:00 [INF] Executed action CatalogService.Api.Controllers.BooksController.GetAll (CatalogService.Api) in 50.62ms
2025-11-16 19:08:30.090 +02:00 [INF] Request starting HTTP/1.1 GET http://localhost:5180/api/genres - null null
2025-11-16 19:08:30.082 +02:00 [INF] Request starting HTTP/1.1 GET http://localhost:5180/api/authors - null null
2025-11-16 19:08:30.084 +02:00 [INF] Executed action CatalogService.Api.Controllers.GenresController.GetAll (CatalogService.Api) in 31.1518ms
2025-11-16 19:08:30.086 +02:00 [INF] Request starting HTTP/1.1 GET http://localhost:5180/api/books - null null
2025-11-16 19:08:30.087 +02:00 [INF] Executed endpoint 'CatalogService.Api.Controllers.AuthorsController.GetAll (CatalogService.Api)'
2025-11-16 19:08:30.090 +02:00 [INF] Executed endpoint 'CatalogService.Api.Controllers.BooksController.GetAll (CatalogService.Api)'
2025-11-16 19:08:30.095 +02:00 [INF] Executing endpoint 'CatalogService.Api.Controllers.GenresController.GetAll (CatalogService.Api)'
2025-11-16 19:08:30.101 +02:00 [INF] Executing endpoint 'CatalogService.Api.Controllers.AuthorsController.GetAll (CatalogService.Api)'
2025-11-16 19:08:30.105 +02:00 [INF] Executed endpoint 'CatalogService.Api.Controllers.GenresController.GetAll (CatalogService.Api)'
2025-11-16 19:08:30.112 +02:00 [INF] Executing endpoint 'CatalogService.Api.Controllers.BooksController.GetAll (CatalogService.Api)'
2025-11-16 19:08:30.116 +02:00 [INF] Request finished HTTP/1.1 GET http://localhost:5180/api/authors - 200 null application/json; charset=utf-8 113.3834ms
2025-11-16 19:08:30.121 +02:00 [INF] Request finished HTTP/1.1 GET http://localhost:5180/api/books - 200 null application/json; charset=utf-8 118.7883ms
2025-11-16 19:08:30.124 +02:00 [INF] Route matched with {action = "GetAll", controller = "Genres"}. Executing controller action with signature System.Threading.Tasks.Task`1[Microsoft.AspNetCore.Mvc.IActionResult] GetAll() on controller CatalogService.Api.Controllers.GenresController (CatalogService.Api).
2025-11-16 19:08:30.126 +02:00 [INF] Route matched with {action = "GetAll", controller = "Authors"}. Executing controller action with signature System.Threading.Tasks.Task`1[Microsoft.AspNetCore.Mvc.IActionResult] GetAll() on controller CatalogService.Api.Controllers.AuthorsController (CatalogService.Api).
2025-11-16 19:08:30.129 +02:00 [INF] Request finished HTTP/1.1 GET http://localhost:5180/api/genres - 200 null application/json; charset=utf-8 126.3389ms
2025-11-16 19:08:30.133 +02:00 [INF] Route matched with {action = "GetAll", controller = "Books"}. Executing controller action with signature System.Threading.Tasks.Task`1[Microsoft.AspNetCore.Mvc.IActionResult] GetAll() on controller CatalogService.Api.Controllers.BooksController (CatalogService.Api).
2025-11-16 19:08:30.154 +02:00 [INF] Executed DbCommand (1ms) [Parameters=[], CommandType='"Text"', CommandTimeout='30']
SELECT g."Id", g."Name"
FROM "Genres" AS g
2025-11-16 19:08:30.158 +02:00 [INF] Executed DbCommand (1ms) [Parameters=[], CommandType='"Text"', CommandTimeout='30']
SELECT a."Id", a."Name"
FROM "Authors" AS a
2025-11-16 19:08:30.172 +02:00 [INF] Executed DbCommand (2ms) [Parameters=[], CommandType='"Text"', CommandTimeout='30']
SELECT b."Id", b."AuthorId", b."GenreId", b."Title", a."Id", a."Name", g."Id", g."Name"
FROM "Books" AS b
INNER JOIN "Authors" AS a ON b."AuthorId" = a."Id"
INNER JOIN "Genres" AS g ON b."GenreId" = g."Id"
2025-11-16 19:08:30.175 +02:00 [INF] Executing OkObjectResult, writing value of type 'System.Collections.Generic.List`1[[CatalogService.Bll.Dtos.GenreDto, CatalogService.Bll, Version=1.0.0.0, Culture=neutral, PublicKeyToken=null]]'.
2025-11-16 19:08:30.180 +02:00 [INF] Executing OkObjectResult, writing value of type 'System.Collections.Generic.List`1[[CatalogService.Bll.Dtos.AuthorDto, CatalogService.Bll, Version=1.0.0.0, Culture=neutral, PublicKeyToken=null]]'.
2025-11-16 19:08:30.186 +02:00 [INF] Executing OkObjectResult, writing value of type 'System.Collections.Generic.List`1[[CatalogService.Bll.Dtos.BookDto, CatalogService.Bll, Version=1.0.0.0, Culture=neutral, PublicKeyToken=null]]'.
2025-11-16 19:08:30.188 +02:00 [INF] Executed action CatalogService.Api.Controllers.GenresController.GetAll (CatalogService.Api) in 35.8645ms
2025-11-16 19:08:30.190 +02:00 [INF] Executed action CatalogService.Api.Controllers.AuthorsController.GetAll (CatalogService.Api) in 34.2138ms
2025-11-16 19:08:30.193 +02:00 [INF] Executed action CatalogService.Api.Controllers.BooksController.GetAll (CatalogService.Api) in 24.174ms
2025-11-16 19:08:30.195 +02:00 [INF] Executed endpoint 'CatalogService.Api.Controllers.GenresController.GetAll (CatalogService.Api)'
2025-11-16 19:08:30.197 +02:00 [INF] Executed endpoint 'CatalogService.Api.Controllers.AuthorsController.GetAll (CatalogService.Api)'
2025-11-16 19:08:30.200 +02:00 [INF] Executed endpoint 'CatalogService.Api.Controllers.BooksController.GetAll (CatalogService.Api)'
2025-11-16 19:08:30.202 +02:00 [INF] Request finished HTTP/1.1 GET http://localhost:5180/api/genres - 200 null application/json; charset=utf-8 112.3337ms
2025-11-16 19:08:30.205 +02:00 [INF] Request finished HTTP/1.1 GET http://localhost:5180/api/authors - 200 null application/json; charset=utf-8 123.1954ms
2025-11-16 19:08:30.207 +02:00 [INF] Request finished HTTP/1.1 GET http://localhost:5180/api/books - 200 null application/json; charset=utf-8 120.5889ms
2025-11-16 19:08:34.266 +02:00 [INF] Request starting HTTP/1.1 GET http://localhost:5180/api/books - null null
2025-11-16 19:08:34.266 +02:00 [INF] Request starting HTTP/1.1 GET http://localhost:5180/api/authors - null null
2025-11-16 19:08:34.266 +02:00 [INF] Request starting HTTP/1.1 GET http://localhost:5180/api/genres - null null
2025-11-16 19:08:34.271 +02:00 [INF] Executing endpoint 'CatalogService.Api.Controllers.BooksController.GetAll (CatalogService.Api)'
2025-11-16 19:08:34.274 +02:00 [INF] Executing endpoint 'CatalogService.Api.Controllers.AuthorsController.GetAll (CatalogService.Api)'
2025-11-16 19:08:34.278 +02:00 [INF] Executing endpoint 'CatalogService.Api.Controllers.GenresController.GetAll (CatalogService.Api)'
2025-11-16 19:08:34.281 +02:00 [INF] Route matched with {action = "GetAll", controller = "Books"}. Executing controller action with signature System.Threading.Tasks.Task`1[Microsoft.AspNetCore.Mvc.IActionResult] GetAll() on controller CatalogService.Api.Controllers.BooksController (CatalogService.Api).
2025-11-16 19:08:34.283 +02:00 [INF] Route matched with {action = "GetAll", controller = "Authors"}. Executing controller action with signature System.Threading.Tasks.Task`1[Microsoft.AspNetCore.Mvc.IActionResult] GetAll() on controller CatalogService.Api.Controllers.AuthorsController (CatalogService.Api).
2025-11-16 19:08:34.286 +02:00 [INF] Route matched with {action = "GetAll", controller = "Genres"}. Executing controller action with signature System.Threading.Tasks.Task`1[Microsoft.AspNetCore.Mvc.IActionResult] GetAll() on controller CatalogService.Api.Controllers.GenresController (CatalogService.Api).
2025-11-16 19:08:34.292 +02:00 [INF] Executed DbCommand (1ms) [Parameters=[], CommandType='"Text"', CommandTimeout='30']
SELECT b."Id", b."AuthorId", b."GenreId", b."Title", a."Id", a."Name", g."Id", g."Name"
FROM "Books" AS b
INNER JOIN "Authors" AS a ON b."AuthorId" = a."Id"
INNER JOIN "Genres" AS g ON b."GenreId" = g."Id"
2025-11-16 19:08:34.293 +02:00 [INF] Executed DbCommand (0ms) [Parameters=[], CommandType='"Text"', CommandTimeout='30']
SELECT a."Id", a."Name"
FROM "Authors" AS a
2025-11-16 19:08:34.296 +02:00 [INF] Executed DbCommand (1ms) [Parameters=[], CommandType='"Text"', CommandTimeout='30']
SELECT g."Id", g."Name"
FROM "Genres" AS g
2025-11-16 19:08:34.300 +02:00 [INF] Executing OkObjectResult, writing value of type 'System.Collections.Generic.List`1[[CatalogService.Bll.Dtos.BookDto, CatalogService.Bll, Version=1.0.0.0, Culture=neutral, PublicKeyToken=null]]'.
2025-11-16 19:08:34.304 +02:00 [INF] Executing OkObjectResult, writing value of type 'System.Collections.Generic.List`1[[CatalogService.Bll.Dtos.AuthorDto, CatalogService.Bll, Version=1.0.0.0, Culture=neutral, PublicKeyToken=null]]'.
2025-11-16 19:08:34.308 +02:00 [INF] Executing OkObjectResult, writing value of type 'System.Collections.Generic.List`1[[CatalogService.Bll.Dtos.GenreDto, CatalogService.Bll, Version=1.0.0.0, Culture=neutral, PublicKeyToken=null]]'.
2025-11-16 19:08:34.310 +02:00 [INF] Executed action CatalogService.Api.Controllers.BooksController.GetAll (CatalogService.Api) in 20.3384ms
2025-11-16 19:08:34.313 +02:00 [INF] Executed action CatalogService.Api.Controllers.AuthorsController.GetAll (CatalogService.Api) in 21.0172ms
2025-11-16 19:08:34.315 +02:00 [INF] Request starting HTTP/1.1 GET http://localhost:5180/api/books - null null
2025-11-16 19:08:34.317 +02:00 [INF] Executed action CatalogService.Api.Controllers.GenresController.GetAll (CatalogService.Api) in 21.905ms
2025-11-16 19:08:34.319 +02:00 [INF] Request starting HTTP/1.1 GET http://localhost:5180/api/authors - null null
2025-11-16 19:08:34.319 +02:00 [INF] Executed endpoint 'CatalogService.Api.Controllers.BooksController.GetAll (CatalogService.Api)'
2025-11-16 19:08:34.322 +02:00 [INF] Request starting HTTP/1.1 GET http://localhost:5180/api/genres - null null
2025-11-16 19:08:34.322 +02:00 [INF] Executed endpoint 'CatalogService.Api.Controllers.AuthorsController.GetAll (CatalogService.Api)'
2025-11-16 19:08:34.327 +02:00 [INF] Executing endpoint 'CatalogService.Api.Controllers.BooksController.GetAll (CatalogService.Api)'
2025-11-16 19:08:34.330 +02:00 [INF] Executed endpoint 'CatalogService.Api.Controllers.GenresController.GetAll (CatalogService.Api)'
2025-11-16 19:08:34.334 +02:00 [INF] Executing endpoint 'CatalogService.Api.Controllers.AuthorsController.GetAll (CatalogService.Api)'
2025-11-16 19:08:34.336 +02:00 [INF] Request finished HTTP/1.1 GET http://localhost:5180/api/books - 200 null application/json; charset=utf-8 70.5092ms
2025-11-16 19:08:34.342 +02:00 [INF] Executing endpoint 'CatalogService.Api.Controllers.GenresController.GetAll (CatalogService.Api)'
2025-11-16 19:08:34.344 +02:00 [INF] Request finished HTTP/1.1 GET http://localhost:5180/api/authors - 200 null application/json; charset=utf-8 77.9866ms
2025-11-16 19:08:34.347 +02:00 [INF] Route matched with {action = "GetAll", controller = "Books"}. Executing controller action with signature System.Threading.Tasks.Task`1[Microsoft.AspNetCore.Mvc.IActionResult] GetAll() on controller CatalogService.Api.Controllers.BooksController (CatalogService.Api).
2025-11-16 19:08:34.349 +02:00 [INF] Request finished HTTP/1.1 GET http://localhost:5180/api/genres - 200 null application/json; charset=utf-8 83.1738ms
2025-11-16 19:08:34.352 +02:00 [INF] Route matched with {action = "GetAll", controller = "Authors"}. Executing controller action with signature System.Threading.Tasks.Task`1[Microsoft.AspNetCore.Mvc.IActionResult] GetAll() on controller CatalogService.Api.Controllers.AuthorsController (CatalogService.Api).
2025-11-16 19:08:34.360 +02:00 [INF] Route matched with {action = "GetAll", controller = "Genres"}. Executing controller action with signature System.Threading.Tasks.Task`1[Microsoft.AspNetCore.Mvc.IActionResult] GetAll() on controller CatalogService.Api.Controllers.GenresController (CatalogService.Api).
2025-11-16 19:08:34.373 +02:00 [INF] Executed DbCommand (1ms) [Parameters=[], CommandType='"Text"', CommandTimeout='30']
SELECT b."Id", b."AuthorId", b."GenreId", b."Title", a."Id", a."Name", g."Id", g."Name"
FROM "Books" AS b
INNER JOIN "Authors" AS a ON b."AuthorId" = a."Id"
INNER JOIN "Genres" AS g ON b."GenreId" = g."Id"
2025-11-16 19:08:34.382 +02:00 [INF] Executed DbCommand (1ms) [Parameters=[], CommandType='"Text"', CommandTimeout='30']
SELECT a."Id", a."Name"
FROM "Authors" AS a
2025-11-16 19:08:34.387 +02:00 [INF] Executed DbCommand (1ms) [Parameters=[], CommandType='"Text"', CommandTimeout='30']
SELECT g."Id", g."Name"
FROM "Genres" AS g
2025-11-16 19:08:34.391 +02:00 [INF] Executing OkObjectResult, writing value of type 'System.Collections.Generic.List`1[[CatalogService.Bll.Dtos.BookDto, CatalogService.Bll, Version=1.0.0.0, Culture=neutral, PublicKeyToken=null]]'.
2025-11-16 19:08:34.395 +02:00 [INF] Executing OkObjectResult, writing value of type 'System.Collections.Generic.List`1[[CatalogService.Bll.Dtos.AuthorDto, CatalogService.Bll, Version=1.0.0.0, Culture=neutral, PublicKeyToken=null]]'.
2025-11-16 19:08:34.402 +02:00 [INF] Executing OkObjectResult, writing value of type 'System.Collections.Generic.List`1[[CatalogService.Bll.Dtos.GenreDto, CatalogService.Bll, Version=1.0.0.0, Culture=neutral, PublicKeyToken=null]]'.
2025-11-16 19:08:34.405 +02:00 [INF] Executed action CatalogService.Api.Controllers.BooksController.GetAll (CatalogService.Api) in 34.5949ms
2025-11-16 19:08:34.408 +02:00 [INF] Executed action CatalogService.Api.Controllers.AuthorsController.GetAll (CatalogService.Api) in 28.3807ms
2025-11-16 19:08:34.412 +02:00 [INF] Executed action CatalogService.Api.Controllers.GenresController.GetAll (CatalogService.Api) in 27.1873ms
2025-11-16 19:08:34.415 +02:00 [INF] Executed endpoint 'CatalogService.Api.Controllers.BooksController.GetAll (CatalogService.Api)'
2025-11-16 19:08:34.418 +02:00 [INF] Executed endpoint 'CatalogService.Api.Controllers.AuthorsController.GetAll (CatalogService.Api)'
2025-11-16 19:08:34.421 +02:00 [INF] Executed endpoint 'CatalogService.Api.Controllers.GenresController.GetAll (CatalogService.Api)'
2025-11-16 19:08:34.423 +02:00 [INF] Request finished HTTP/1.1 GET http://localhost:5180/api/books - 200 null application/json; charset=utf-8 108.3389ms
2025-11-16 19:08:34.426 +02:00 [INF] Request finished HTTP/1.1 GET http://localhost:5180/api/authors - 200 null application/json; charset=utf-8 106.9843ms
2025-11-16 19:08:34.428 +02:00 [INF] Request finished HTTP/1.1 GET http://localhost:5180/api/genres - 200 null application/json; charset=utf-8 106.7149ms
2025-11-16 19:08:36.139 +02:00 [INF] Request starting HTTP/1.1 GET http://localhost:5180/api/books - null null
2025-11-16 19:08:36.139 +02:00 [INF] Request starting HTTP/1.1 GET http://localhost:5180/api/authors - null null
2025-11-16 19:08:36.140 +02:00 [INF] Request starting HTTP/1.1 GET http://localhost:5180/api/genres - null null
2025-11-16 19:08:36.144 +02:00 [INF] Executing endpoint 'CatalogService.Api.Controllers.BooksController.GetAll (CatalogService.Api)'
2025-11-16 19:08:36.148 +02:00 [INF] Executing endpoint 'CatalogService.Api.Controllers.AuthorsController.GetAll (CatalogService.Api)'
2025-11-16 19:08:36.154 +02:00 [INF] Executing endpoint 'CatalogService.Api.Controllers.GenresController.GetAll (CatalogService.Api)'
2025-11-16 19:08:36.156 +02:00 [INF] Route matched with {action = "GetAll", controller = "Books"}. Executing controller action with signature System.Threading.Tasks.Task`1[Microsoft.AspNetCore.Mvc.IActionResult] GetAll() on controller CatalogService.Api.Controllers.BooksController (CatalogService.Api).
2025-11-16 19:08:36.158 +02:00 [INF] Route matched with {action = "GetAll", controller = "Authors"}. Executing controller action with signature System.Threading.Tasks.Task`1[Microsoft.AspNetCore.Mvc.IActionResult] GetAll() on controller CatalogService.Api.Controllers.AuthorsController (CatalogService.Api).
2025-11-16 19:08:36.160 +02:00 [INF] Route matched with {action = "GetAll", controller = "Genres"}. Executing controller action with signature System.Threading.Tasks.Task`1[Microsoft.AspNetCore.Mvc.IActionResult] GetAll() on controller CatalogService.Api.Controllers.GenresController (CatalogService.Api).
2025-11-16 19:08:36.164 +02:00 [INF] Executed DbCommand (1ms) [Parameters=[], CommandType='"Text"', CommandTimeout='30']
SELECT b."Id", b."AuthorId", b."GenreId", b."Title", a."Id", a."Name", g."Id", g."Name"
FROM "Books" AS b
INNER JOIN "Authors" AS a ON b."AuthorId" = a."Id"
INNER JOIN "Genres" AS g ON b."GenreId" = g."Id"
2025-11-16 19:08:36.168 +02:00 [INF] Executed DbCommand (1ms) [Parameters=[], CommandType='"Text"', CommandTimeout='30']
SELECT a."Id", a."Name"
FROM "Authors" AS a
2025-11-16 19:08:36.172 +02:00 [INF] Executed DbCommand (1ms) [Parameters=[], CommandType='"Text"', CommandTimeout='30']
SELECT g."Id", g."Name"
FROM "Genres" AS g
2025-11-16 19:08:36.176 +02:00 [INF] Executing OkObjectResult, writing value of type 'System.Collections.Generic.List`1[[CatalogService.Bll.Dtos.BookDto, CatalogService.Bll, Version=1.0.0.0, Culture=neutral, PublicKeyToken=null]]'.
2025-11-16 19:08:36.179 +02:00 [INF] Executing OkObjectResult, writing value of type 'System.Collections.Generic.List`1[[CatalogService.Bll.Dtos.AuthorDto, CatalogService.Bll, Version=1.0.0.0, Culture=neutral, PublicKeyToken=null]]'.
2025-11-16 19:08:36.185 +02:00 [INF] Executing OkObjectResult, writing value of type 'System.Collections.Generic.List`1[[CatalogService.Bll.Dtos.GenreDto, CatalogService.Bll, Version=1.0.0.0, Culture=neutral, PublicKeyToken=null]]'.
2025-11-16 19:08:36.188 +02:00 [INF] Executed action CatalogService.Api.Controllers.BooksController.GetAll (CatalogService.Api) in 25.7222ms
2025-11-16 19:08:36.191 +02:00 [INF] Executed action CatalogService.Api.Controllers.AuthorsController.GetAll (CatalogService.Api) in 25.4224ms
2025-11-16 19:08:36.193 +02:00 [INF] Request starting HTTP/1.1 GET http://localhost:5180/api/books - null null
2025-11-16 19:08:36.194 +02:00 [INF] Executed action CatalogService.Api.Controllers.GenresController.GetAll (CatalogService.Api) in 23.8926ms
2025-11-16 19:08:36.196 +02:00 [INF] Request starting HTTP/1.1 GET http://localhost:5180/api/authors - null null
2025-11-16 19:08:36.198 +02:00 [INF] Executed endpoint 'CatalogService.Api.Controllers.BooksController.GetAll (CatalogService.Api)'
2025-11-16 19:08:36.199 +02:00 [INF] Request starting HTTP/1.1 GET http://localhost:5180/api/genres - null null
2025-11-16 19:08:36.201 +02:00 [INF] Executed endpoint 'CatalogService.Api.Controllers.AuthorsController.GetAll (CatalogService.Api)'
2025-11-16 19:08:36.206 +02:00 [INF] Executing endpoint 'CatalogService.Api.Controllers.BooksController.GetAll (CatalogService.Api)'
2025-11-16 19:08:36.207 +02:00 [INF] Executed endpoint 'CatalogService.Api.Controllers.GenresController.GetAll (CatalogService.Api)'
2025-11-16 19:08:36.213 +02:00 [INF] Executing endpoint 'CatalogService.Api.Controllers.AuthorsController.GetAll (CatalogService.Api)'
2025-11-16 19:08:36.219 +02:00 [INF] Request finished HTTP/1.1 GET http://localhost:5180/api/books - 200 null application/json; charset=utf-8 79.0338ms
2025-11-16 19:08:36.225 +02:00 [INF] Executing endpoint 'CatalogService.Api.Controllers.GenresController.GetAll (CatalogService.Api)'
2025-11-16 19:08:36.227 +02:00 [INF] Request finished HTTP/1.1 GET http://localhost:5180/api/authors - 200 null application/json; charset=utf-8 88.0772ms
2025-11-16 19:08:36.231 +02:00 [INF] Route matched with {action = "GetAll", controller = "Books"}. Executing controller action with signature System.Threading.Tasks.Task`1[Microsoft.AspNetCore.Mvc.IActionResult] GetAll() on controller CatalogService.Api.Controllers.BooksController (CatalogService.Api).
2025-11-16 19:08:36.234 +02:00 [INF] Request finished HTTP/1.1 GET http://localhost:5180/api/genres - 200 null application/json; charset=utf-8 93.9095ms
2025-11-16 19:08:36.236 +02:00 [INF] Route matched with {action = "GetAll", controller = "Authors"}. Executing controller action with signature System.Threading.Tasks.Task`1[Microsoft.AspNetCore.Mvc.IActionResult] GetAll() on controller CatalogService.Api.Controllers.AuthorsController (CatalogService.Api).
2025-11-16 19:08:36.243 +02:00 [INF] Route matched with {action = "GetAll", controller = "Genres"}. Executing controller action with signature System.Threading.Tasks.Task`1[Microsoft.AspNetCore.Mvc.IActionResult] GetAll() on controller CatalogService.Api.Controllers.GenresController (CatalogService.Api).
2025-11-16 19:08:36.255 +02:00 [INF] Executed DbCommand (1ms) [Parameters=[], CommandType='"Text"', CommandTimeout='30']
SELECT b."Id", b."AuthorId", b."GenreId", b."Title", a."Id", a."Name", g."Id", g."Name"
FROM "Books" AS b
INNER JOIN "Authors" AS a ON b."AuthorId" = a."Id"
INNER JOIN "Genres" AS g ON b."GenreId" = g."Id"
2025-11-16 19:08:36.265 +02:00 [INF] Executed DbCommand (1ms) [Parameters=[], CommandType='"Text"', CommandTimeout='30']
SELECT a."Id", a."Name"
FROM "Authors" AS a
2025-11-16 19:08:36.270 +02:00 [INF] Executed DbCommand (1ms) [Parameters=[], CommandType='"Text"', CommandTimeout='30']
SELECT g."Id", g."Name"
FROM "Genres" AS g
2025-11-16 19:08:36.274 +02:00 [INF] Executing OkObjectResult, writing value of type 'System.Collections.Generic.List`1[[CatalogService.Bll.Dtos.BookDto, CatalogService.Bll, Version=1.0.0.0, Culture=neutral, PublicKeyToken=null]]'.
2025-11-16 19:08:36.279 +02:00 [INF] Executing OkObjectResult, writing value of type 'System.Collections.Generic.List`1[[CatalogService.Bll.Dtos.AuthorDto, CatalogService.Bll, Version=1.0.0.0, Culture=neutral, PublicKeyToken=null]]'.
2025-11-16 19:08:36.284 +02:00 [INF] Executing OkObjectResult, writing value of type 'System.Collections.Generic.List`1[[CatalogService.Bll.Dtos.GenreDto, CatalogService.Bll, Version=1.0.0.0, Culture=neutral, PublicKeyToken=null]]'.
2025-11-16 19:08:36.287 +02:00 [INF] Executed action CatalogService.Api.Controllers.BooksController.GetAll (CatalogService.Api) in 34.3604ms
2025-11-16 19:08:36.291 +02:00 [INF] Executed action CatalogService.Api.Controllers.AuthorsController.GetAll (CatalogService.Api) in 27.1587ms
2025-11-16 19:08:36.294 +02:00 [INF] Executed action CatalogService.Api.Controllers.GenresController.GetAll (CatalogService.Api) in 25.651ms
2025-11-16 19:08:36.299 +02:00 [INF] Executed endpoint 'CatalogService.Api.Controllers.BooksController.GetAll (CatalogService.Api)'
2025-11-16 19:08:36.302 +02:00 [INF] Executed endpoint 'CatalogService.Api.Controllers.AuthorsController.GetAll (CatalogService.Api)'
2025-11-16 19:08:36.305 +02:00 [INF] Executed endpoint 'CatalogService.Api.Controllers.GenresController.GetAll (CatalogService.Api)'
2025-11-16 19:08:36.307 +02:00 [INF] Request finished HTTP/1.1 GET http://localhost:5180/api/books - 200 null application/json; charset=utf-8 113.98ms
2025-11-16 19:08:36.309 +02:00 [INF] Request finished HTTP/1.1 GET http://localhost:5180/api/authors - 200 null application/json; charset=utf-8 113.2257ms
2025-11-16 19:08:36.312 +02:00 [INF] Request finished HTTP/1.1 GET http://localhost:5180/api/genres - 200 null application/json; charset=utf-8 112.2118ms
2025-11-16 19:08:51.001 +02:00 [INF] Request starting HTTP/1.1 POST http://localhost:5180/api/books - application/json 45
2025-11-16 19:08:51.013 +02:00 [INF] CORS policy execution successful.
2025-11-16 19:08:51.018 +02:00 [INF] Executing endpoint 'CatalogService.Api.Controllers.BooksController.Create (CatalogService.Api)'
2025-11-16 19:08:51.034 +02:00 [INF] Route matched with {action = "Create", controller = "Books"}. Executing controller action with signature System.Threading.Tasks.Task`1[Microsoft.AspNetCore.Mvc.IActionResult] Create(CatalogService.Bll.Dtos.CreateBookDto) on controller CatalogService.Api.Controllers.BooksController (CatalogService.Api).
2025-11-16 19:08:51.311 +02:00 [INF] Executed DbCommand (14ms) [Parameters=[@p0='?' (DbType = Int32), @p1='?' (DbType = Int32), @p2='?'], CommandType='"Text"', CommandTimeout='30']
INSERT INTO "Books" ("AuthorId", "GenreId", "Title")
VALUES (@p0, @p1, @p2)
RETURNING "Id";
2025-11-16 19:08:51.346 +02:00 [INF] Executing CreatedAtActionResult, writing value of type 'CatalogService.Bll.Dtos.CreateBookDto'.
2025-11-16 19:08:51.377 +02:00 [INF] Executed action CatalogService.Api.Controllers.BooksController.Create (CatalogService.Api) in 339.5153ms
2025-11-16 19:08:51.381 +02:00 [INF] Executed endpoint 'CatalogService.Api.Controllers.BooksController.Create (CatalogService.Api)'
2025-11-16 19:08:51.385 +02:00 [INF] Request finished HTTP/1.1 POST http://localhost:5180/api/books - 201 null application/json; charset=utf-8 383.7851ms
2025-11-16 19:08:51.392 +02:00 [INF] Request starting HTTP/1.1 GET http://localhost:5180/api/books - null null
2025-11-16 19:08:51.395 +02:00 [INF] Request starting HTTP/1.1 GET http://localhost:5180/api/authors - null null
2025-11-16 19:08:51.395 +02:00 [INF] Request starting HTTP/1.1 GET http://localhost:5180/api/genres - null null
2025-11-16 19:08:51.399 +02:00 [INF] Executing endpoint 'CatalogService.Api.Controllers.BooksController.GetAll (CatalogService.Api)'
2025-11-16 19:08:51.405 +02:00 [INF] Executing endpoint 'CatalogService.Api.Controllers.AuthorsController.GetAll (CatalogService.Api)'
2025-11-16 19:08:51.411 +02:00 [INF] Executing endpoint 'CatalogService.Api.Controllers.GenresController.GetAll (CatalogService.Api)'
2025-11-16 19:08:51.415 +02:00 [INF] Route matched with {action = "GetAll", controller = "Books"}. Executing controller action with signature System.Threading.Tasks.Task`1[Microsoft.AspNetCore.Mvc.IActionResult] GetAll() on controller CatalogService.Api.Controllers.BooksController (CatalogService.Api).
2025-11-16 19:08:51.418 +02:00 [INF] Route matched with {action = "GetAll", controller = "Authors"}. Executing controller action with signature System.Threading.Tasks.Task`1[Microsoft.AspNetCore.Mvc.IActionResult] GetAll() on controller CatalogService.Api.Controllers.AuthorsController (CatalogService.Api).
2025-11-16 19:08:51.421 +02:00 [INF] Route matched with {action = "GetAll", controller = "Genres"}. Executing controller action with signature System.Threading.Tasks.Task`1[Microsoft.AspNetCore.Mvc.IActionResult] GetAll() on controller CatalogService.Api.Controllers.GenresController (CatalogService.Api).
2025-11-16 19:08:51.429 +02:00 [INF] Executed DbCommand (1ms) [Parameters=[], CommandType='"Text"', CommandTimeout='30']
SELECT b."Id", b."AuthorId", b."GenreId", b."Title", a."Id", a."Name", g."Id", g."Name"
FROM "Books" AS b
INNER JOIN "Authors" AS a ON b."AuthorId" = a."Id"
INNER JOIN "Genres" AS g ON b."GenreId" = g."Id"
2025-11-16 19:08:51.433 +02:00 [INF] Executed DbCommand (1ms) [Parameters=[], CommandType='"Text"', CommandTimeout='30']
SELECT a."Id", a."Name"
FROM "Authors" AS a
2025-11-16 19:08:51.439 +02:00 [INF] Executed DbCommand (1ms) [Parameters=[], CommandType='"Text"', CommandTimeout='30']
SELECT g."Id", g."Name"
FROM "Genres" AS g
2025-11-16 19:08:51.443 +02:00 [INF] Executing OkObjectResult, writing value of type 'System.Collections.Generic.List`1[[CatalogService.Bll.Dtos.BookDto, CatalogService.Bll, Version=1.0.0.0, Culture=neutral, PublicKeyToken=null]]'.
2025-11-16 19:08:51.448 +02:00 [INF] Executing OkObjectResult, writing value of type 'System.Collections.Generic.List`1[[CatalogService.Bll.Dtos.AuthorDto, CatalogService.Bll, Version=1.0.0.0, Culture=neutral, PublicKeyToken=null]]'.
2025-11-16 19:08:51.454 +02:00 [INF] Executing OkObjectResult, writing value of type 'System.Collections.Generic.List`1[[CatalogService.Bll.Dtos.GenreDto, CatalogService.Bll, Version=1.0.0.0, Culture=neutral, PublicKeyToken=null]]'.
2025-11-16 19:08:51.458 +02:00 [INF] Executed action CatalogService.Api.Controllers.BooksController.GetAll (CatalogService.Api) in 31.6254ms
2025-11-16 19:08:51.462 +02:00 [INF] Executed action CatalogService.Api.Controllers.AuthorsController.GetAll (CatalogService.Api) in 30.3473ms
2025-11-16 19:08:51.465 +02:00 [INF] Executed action CatalogService.Api.Controllers.GenresController.GetAll (CatalogService.Api) in 27.4286ms
2025-11-16 19:08:51.468 +02:00 [INF] Executed endpoint 'CatalogService.Api.Controllers.BooksController.GetAll (CatalogService.Api)'
2025-11-16 19:08:51.470 +02:00 [INF] Executed endpoint 'CatalogService.Api.Controllers.AuthorsController.GetAll (CatalogService.Api)'
2025-11-16 19:08:51.472 +02:00 [INF] Executed endpoint 'CatalogService.Api.Controllers.GenresController.GetAll (CatalogService.Api)'
2025-11-16 19:08:51.475 +02:00 [INF] Request finished HTTP/1.1 GET http://localhost:5180/api/books - 200 null application/json; charset=utf-8 82.4475ms
2025-11-16 19:08:51.477 +02:00 [INF] Request finished HTTP/1.1 GET http://localhost:5180/api/authors - 200 null application/json; charset=utf-8 82.4958ms
2025-11-16 19:08:51.479 +02:00 [INF] Request finished HTTP/1.1 GET http://localhost:5180/api/genres - 200 null application/json; charset=utf-8 84.3508ms
2025-11-16 19:09:17.410 +02:00 [INF] Request starting HTTP/1.1 PUT http://localhost:5180/api/books/4 - application/json 56
2025-11-16 19:09:17.417 +02:00 [INF] CORS policy execution successful.
2025-11-16 19:09:17.418 +02:00 [INF] Executing endpoint 'CatalogService.Api.Controllers.BooksController.Update (CatalogService.Api)'
2025-11-16 19:09:17.428 +02:00 [INF] Route matched with {action = "Update", controller = "Books"}. Executing controller action with signature System.Threading.Tasks.Task`1[Microsoft.AspNetCore.Mvc.IActionResult] Update(Int32, CatalogService.Bll.Dtos.UpdateBookDto) on controller CatalogService.Api.Controllers.BooksController (CatalogService.Api).
2025-11-16 19:09:17.536 +02:00 [INF] Executed DbCommand (1ms) [Parameters=[@__p_0='?' (DbType = Int32)], CommandType='"Text"', CommandTimeout='30']
SELECT b."Id", b."AuthorId", b."GenreId", b."Title"
FROM "Books" AS b
WHERE b."Id" = @__p_0
LIMIT 1
2025-11-16 19:09:17.553 +02:00 [INF] Executed DbCommand (4ms) [Parameters=[@p3='?' (DbType = Int32), @p0='?' (DbType = Int32), @p1='?' (DbType = Int32), @p2='?'], CommandType='"Text"', CommandTimeout='30']
UPDATE "Books" SET "AuthorId" = @p0, "GenreId" = @p1, "Title" = @p2
WHERE "Id" = @p3;
2025-11-16 19:09:17.562 +02:00 [INF] Executing StatusCodeResult, setting HTTP status code 204
2025-11-16 19:09:17.565 +02:00 [INF] Executed action CatalogService.Api.Controllers.BooksController.Update (CatalogService.Api) in 132.0117ms
2025-11-16 19:09:17.568 +02:00 [INF] Executed endpoint 'CatalogService.Api.Controllers.BooksController.Update (CatalogService.Api)'
2025-11-16 19:09:17.571 +02:00 [INF] Request finished HTTP/1.1 PUT http://localhost:5180/api/books/4 - 204 null null 160.7281ms
2025-11-16 19:09:20.912 +02:00 [INF] Request starting HTTP/1.1 PUT http://localhost:5180/api/books/4 - application/json 56
2025-11-16 19:09:20.920 +02:00 [INF] CORS policy execution successful.
2025-11-16 19:09:20.922 +02:00 [INF] Executing endpoint 'CatalogService.Api.Controllers.BooksController.Update (CatalogService.Api)'
2025-11-16 19:09:20.924 +02:00 [INF] Route matched with {action = "Update", controller = "Books"}. Executing controller action with signature System.Threading.Tasks.Task`1[Microsoft.AspNetCore.Mvc.IActionResult] Update(Int32, CatalogService.Bll.Dtos.UpdateBookDto) on controller CatalogService.Api.Controllers.BooksController (CatalogService.Api).
2025-11-16 19:09:20.933 +02:00 [INF] Executed DbCommand (1ms) [Parameters=[@__p_0='?' (DbType = Int32)], CommandType='"Text"', CommandTimeout='30']
SELECT b."Id", b."AuthorId", b."GenreId", b."Title"
FROM "Books" AS b
WHERE b."Id" = @__p_0
LIMIT 1
2025-11-16 19:09:20.940 +02:00 [INF] Executed DbCommand (2ms) [Parameters=[@p3='?' (DbType = Int32), @p0='?' (DbType = Int32), @p1='?' (DbType = Int32), @p2='?'], CommandType='"Text"', CommandTimeout='30']
UPDATE "Books" SET "AuthorId" = @p0, "GenreId" = @p1, "Title" = @p2
WHERE "Id" = @p3;
2025-11-16 19:09:20.945 +02:00 [INF] Executing StatusCodeResult, setting HTTP status code 204
2025-11-16 19:09:20.946 +02:00 [INF] Executed action CatalogService.Api.Controllers.BooksController.Update (CatalogService.Api) in 20.0257ms
2025-11-16 19:09:20.949 +02:00 [INF] Executed endpoint 'CatalogService.Api.Controllers.BooksController.Update (CatalogService.Api)'
2025-11-16 19:09:20.951 +02:00 [INF] Request finished HTTP/1.1 PUT http://localhost:5180/api/books/4 - 204 null null 39.3174ms
2025-11-16 19:09:25.087 +02:00 [INF] Request starting HTTP/1.1 PUT http://localhost:5180/api/books/4 - application/json 56
2025-11-16 19:09:25.097 +02:00 [INF] CORS policy execution successful.
2025-11-16 19:09:25.100 +02:00 [INF] Executing endpoint 'CatalogService.Api.Controllers.BooksController.Update (CatalogService.Api)'
2025-11-16 19:09:25.102 +02:00 [INF] Route matched with {action = "Update", controller = "Books"}. Executing controller action with signature System.Threading.Tasks.Task`1[Microsoft.AspNetCore.Mvc.IActionResult] Update(Int32, CatalogService.Bll.Dtos.UpdateBookDto) on controller CatalogService.Api.Controllers.BooksController (CatalogService.Api).
2025-11-16 19:09:25.111 +02:00 [INF] Executed DbCommand (1ms) [Parameters=[@__p_0='?' (DbType = Int32)], CommandType='"Text"', CommandTimeout='30']
SELECT b."Id", b."AuthorId", b."GenreId", b."Title"
FROM "Books" AS b
WHERE b."Id" = @__p_0
LIMIT 1
2025-11-16 19:09:25.122 +02:00 [INF] Executed DbCommand (5ms) [Parameters=[@p3='?' (DbType = Int32), @p0='?' (DbType = Int32), @p1='?' (DbType = Int32), @p2='?'], CommandType='"Text"', CommandTimeout='30']
UPDATE "Books" SET "AuthorId" = @p0, "GenreId" = @p1, "Title" = @p2
WHERE "Id" = @p3;
2025-11-16 19:09:25.129 +02:00 [INF] Executing StatusCodeResult, setting HTTP status code 204
2025-11-16 19:09:25.132 +02:00 [INF] Executed action CatalogService.Api.Controllers.BooksController.Update (CatalogService.Api) in 24.7726ms
2025-11-16 19:09:25.136 +02:00 [INF] Executed endpoint 'CatalogService.Api.Controllers.BooksController.Update (CatalogService.Api)'
2025-11-16 19:09:25.139 +02:00 [INF] Request finished HTTP/1.1 PUT http://localhost:5180/api/books/4 - 204 null null 51.0326ms
2025-11-16 19:09:36.595 +02:00 [INF] Request starting HTTP/1.1 GET http://localhost:5180/api/books - null null
2025-11-16 19:09:36.595 +02:00 [INF] Request starting HTTP/1.1 GET http://localhost:5180/api/authors - null null
2025-11-16 19:09:36.596 +02:00 [INF] Request starting HTTP/1.1 GET http://localhost:5180/api/genres - null null
2025-11-16 19:09:36.600 +02:00 [INF] Executing endpoint 'CatalogService.Api.Controllers.BooksController.GetAll (CatalogService.Api)'
2025-11-16 19:09:36.605 +02:00 [INF] Executing endpoint 'CatalogService.Api.Controllers.AuthorsController.GetAll (CatalogService.Api)'
2025-11-16 19:09:36.610 +02:00 [INF] Executing endpoint 'CatalogService.Api.Controllers.GenresController.GetAll (CatalogService.Api)'
2025-11-16 19:09:36.612 +02:00 [INF] Route matched with {action = "GetAll", controller = "Books"}. Executing controller action with signature System.Threading.Tasks.Task`1[Microsoft.AspNetCore.Mvc.IActionResult] GetAll() on controller CatalogService.Api.Controllers.BooksController (CatalogService.Api).
2025-11-16 19:09:36.614 +02:00 [INF] Route matched with {action = "GetAll", controller = "Authors"}. Executing controller action with signature System.Threading.Tasks.Task`1[Microsoft.AspNetCore.Mvc.IActionResult] GetAll() on controller CatalogService.Api.Controllers.AuthorsController (CatalogService.Api).
2025-11-16 19:09:36.617 +02:00 [INF] Route matched with {action = "GetAll", controller = "Genres"}. Executing controller action with signature System.Threading.Tasks.Task`1[Microsoft.AspNetCore.Mvc.IActionResult] GetAll() on controller CatalogService.Api.Controllers.GenresController (CatalogService.Api).
2025-11-16 19:09:36.623 +02:00 [INF] Executed DbCommand (1ms) [Parameters=[], CommandType='"Text"', CommandTimeout='30']
SELECT b."Id", b."AuthorId", b."GenreId", b."Title", a."Id", a."Name", g."Id", g."Name"
FROM "Books" AS b
INNER JOIN "Authors" AS a ON b."AuthorId" = a."Id"
INNER JOIN "Genres" AS g ON b."GenreId" = g."Id"
2025-11-16 19:09:36.628 +02:00 [INF] Executed DbCommand (1ms) [Parameters=[], CommandType='"Text"', CommandTimeout='30']
SELECT a."Id", a."Name"
FROM "Authors" AS a
2025-11-16 19:09:36.629 +02:00 [INF] Executed DbCommand (1ms) [Parameters=[], CommandType='"Text"', CommandTimeout='30']
SELECT g."Id", g."Name"
FROM "Genres" AS g
2025-11-16 19:09:36.632 +02:00 [INF] Executing OkObjectResult, writing value of type 'System.Collections.Generic.List`1[[CatalogService.Bll.Dtos.BookDto, CatalogService.Bll, Version=1.0.0.0, Culture=neutral, PublicKeyToken=null]]'.
2025-11-16 19:09:36.635 +02:00 [INF] Executing OkObjectResult, writing value of type 'System.Collections.Generic.List`1[[CatalogService.Bll.Dtos.AuthorDto, CatalogService.Bll, Version=1.0.0.0, Culture=neutral, PublicKeyToken=null]]'.
2025-11-16 19:09:36.639 +02:00 [INF] Executing OkObjectResult, writing value of type 'System.Collections.Generic.List`1[[CatalogService.Bll.Dtos.GenreDto, CatalogService.Bll, Version=1.0.0.0, Culture=neutral, PublicKeyToken=null]]'.
2025-11-16 19:09:36.642 +02:00 [INF] Executed action CatalogService.Api.Controllers.BooksController.GetAll (CatalogService.Api) in 21.0923ms
2025-11-16 19:09:36.645 +02:00 [INF] Executed action CatalogService.Api.Controllers.AuthorsController.GetAll (CatalogService.Api) in 19.8438ms
2025-11-16 19:09:36.647 +02:00 [INF] Executed action CatalogService.Api.Controllers.GenresController.GetAll (CatalogService.Api) in 19.8765ms
2025-11-16 19:09:36.649 +02:00 [INF] Executed endpoint 'CatalogService.Api.Controllers.BooksController.GetAll (CatalogService.Api)'
2025-11-16 19:09:36.648 +02:00 [INF] Request starting HTTP/1.1 GET http://localhost:5180/api/books - null null
2025-11-16 19:09:36.652 +02:00 [INF] Executed endpoint 'CatalogService.Api.Controllers.AuthorsController.GetAll (CatalogService.Api)'
2025-11-16 19:09:36.652 +02:00 [INF] Request starting HTTP/1.1 GET http://localhost:5180/api/authors - null null
2025-11-16 19:09:36.652 +02:00 [INF] Request starting HTTP/1.1 GET http://localhost:5180/api/genres - null null
2025-11-16 19:09:36.654 +02:00 [INF] Executed endpoint 'CatalogService.Api.Controllers.GenresController.GetAll (CatalogService.Api)'
2025-11-16 19:09:36.656 +02:00 [INF] Request finished HTTP/1.1 GET http://localhost:5180/api/books - 200 null application/json; charset=utf-8 61.1591ms
2025-11-16 19:09:36.660 +02:00 [INF] Executing endpoint 'CatalogService.Api.Controllers.BooksController.GetAll (CatalogService.Api)'
2025-11-16 19:09:36.663 +02:00 [INF] Request finished HTTP/1.1 GET http://localhost:5180/api/authors - 200 null application/json; charset=utf-8 67.6894ms
2025-11-16 19:09:36.668 +02:00 [INF] Executing endpoint 'CatalogService.Api.Controllers.AuthorsController.GetAll (CatalogService.Api)'
2025-11-16 19:09:36.671 +02:00 [INF] Executing endpoint 'CatalogService.Api.Controllers.GenresController.GetAll (CatalogService.Api)'
2025-11-16 19:09:36.673 +02:00 [INF] Request finished HTTP/1.1 GET http://localhost:5180/api/genres - 200 null application/json; charset=utf-8 76.7361ms
2025-11-16 19:09:36.680 +02:00 [INF] Route matched with {action = "GetAll", controller = "Books"}. Executing controller action with signature System.Threading.Tasks.Task`1[Microsoft.AspNetCore.Mvc.IActionResult] GetAll() on controller CatalogService.Api.Controllers.BooksController (CatalogService.Api).
2025-11-16 19:09:36.687 +02:00 [INF] Route matched with {action = "GetAll", controller = "Authors"}. Executing controller action with signature System.Threading.Tasks.Task`1[Microsoft.AspNetCore.Mvc.IActionResult] GetAll() on controller CatalogService.Api.Controllers.AuthorsController (CatalogService.Api).
2025-11-16 19:09:36.689 +02:00 [INF] Route matched with {action = "GetAll", controller = "Genres"}. Executing controller action with signature System.Threading.Tasks.Task`1[Microsoft.AspNetCore.Mvc.IActionResult] GetAll() on controller CatalogService.Api.Controllers.GenresController (CatalogService.Api).
2025-11-16 19:09:36.700 +02:00 [INF] Executed DbCommand (1ms) [Parameters=[], CommandType='"Text"', CommandTimeout='30']
SELECT b."Id", b."AuthorId", b."GenreId", b."Title", a."Id", a."Name", g."Id", g."Name"
FROM "Books" AS b
INNER JOIN "Authors" AS a ON b."AuthorId" = a."Id"
INNER JOIN "Genres" AS g ON b."GenreId" = g."Id"
2025-11-16 19:09:36.702 +02:00 [INF] Executed DbCommand (0ms) [Parameters=[], CommandType='"Text"', CommandTimeout='30']
SELECT a."Id", a."Name"
FROM "Authors" AS a
2025-11-16 19:09:36.705 +02:00 [INF] Executed DbCommand (0ms) [Parameters=[], CommandType='"Text"', CommandTimeout='30']
SELECT g."Id", g."Name"
FROM "Genres" AS g
2025-11-16 19:09:36.708 +02:00 [INF] Executing OkObjectResult, writing value of type 'System.Collections.Generic.List`1[[CatalogService.Bll.Dtos.BookDto, CatalogService.Bll, Version=1.0.0.0, Culture=neutral, PublicKeyToken=null]]'.
2025-11-16 19:09:36.712 +02:00 [INF] Executing OkObjectResult, writing value of type 'System.Collections.Generic.List`1[[CatalogService.Bll.Dtos.AuthorDto, CatalogService.Bll, Version=1.0.0.0, Culture=neutral, PublicKeyToken=null]]'.
2025-11-16 19:09:36.716 +02:00 [INF] Executing OkObjectResult, writing value of type 'System.Collections.Generic.List`1[[CatalogService.Bll.Dtos.GenreDto, CatalogService.Bll, Version=1.0.0.0, Culture=neutral, PublicKeyToken=null]]'.
2025-11-16 19:09:36.718 +02:00 [INF] Executed action CatalogService.Api.Controllers.BooksController.GetAll (CatalogService.Api) in 19.8445ms
2025-11-16 19:09:36.721 +02:00 [INF] Executed action CatalogService.Api.Controllers.AuthorsController.GetAll (CatalogService.Api) in 19.5865ms
2025-11-16 19:09:36.723 +02:00 [INF] Executed action CatalogService.Api.Controllers.GenresController.GetAll (CatalogService.Api) in 19.0751ms
2025-11-16 19:09:36.726 +02:00 [INF] Executed endpoint 'CatalogService.Api.Controllers.BooksController.GetAll (CatalogService.Api)'
2025-11-16 19:09:36.728 +02:00 [INF] Executed endpoint 'CatalogService.Api.Controllers.AuthorsController.GetAll (CatalogService.Api)'
2025-11-16 19:09:36.730 +02:00 [INF] Executed endpoint 'CatalogService.Api.Controllers.GenresController.GetAll (CatalogService.Api)'
2025-11-16 19:09:36.732 +02:00 [INF] Request finished HTTP/1.1 GET http://localhost:5180/api/books - 200 null application/json; charset=utf-8 83.7596ms
2025-11-16 19:09:36.734 +02:00 [INF] Request finished HTTP/1.1 GET http://localhost:5180/api/authors - 200 null application/json; charset=utf-8 82.3622ms
2025-11-16 19:09:36.736 +02:00 [INF] Request finished HTTP/1.1 GET http://localhost:5180/api/genres - 200 null application/json; charset=utf-8 84.2108ms
2025-11-16 19:09:55.400 +02:00 [INF] Request starting HTTP/1.1 PUT http://localhost:5180/api/books/4 - application/json 56
2025-11-16 19:09:55.409 +02:00 [INF] CORS policy execution successful.
2025-11-16 19:09:55.412 +02:00 [INF] Executing endpoint 'CatalogService.Api.Controllers.BooksController.Update (CatalogService.Api)'
2025-11-16 19:09:55.416 +02:00 [INF] Route matched with {action = "Update", controller = "Books"}. Executing controller action with signature System.Threading.Tasks.Task`1[Microsoft.AspNetCore.Mvc.IActionResult] Update(Int32, CatalogService.Bll.Dtos.UpdateBookDto) on controller CatalogService.Api.Controllers.BooksController (CatalogService.Api).
2025-11-16 19:09:55.426 +02:00 [INF] Executed DbCommand (1ms) [Parameters=[@__p_0='?' (DbType = Int32)], CommandType='"Text"', CommandTimeout='30']
SELECT b."Id", b."AuthorId", b."GenreId", b."Title"
FROM "Books" AS b
WHERE b."Id" = @__p_0
LIMIT 1
2025-11-16 19:09:55.433 +02:00 [INF] Executed DbCommand (1ms) [Parameters=[@p3='?' (DbType = Int32), @p0='?' (DbType = Int32), @p1='?' (DbType = Int32), @p2='?'], CommandType='"Text"', CommandTimeout='30']
UPDATE "Books" SET "AuthorId" = @p0, "GenreId" = @p1, "Title" = @p2
WHERE "Id" = @p3;
2025-11-16 19:09:55.440 +02:00 [INF] Executing StatusCodeResult, setting HTTP status code 204
2025-11-16 19:09:55.443 +02:00 [INF] Executed action CatalogService.Api.Controllers.BooksController.Update (CatalogService.Api) in 20.7866ms
2025-11-16 19:09:55.446 +02:00 [INF] Executed endpoint 'CatalogService.Api.Controllers.BooksController.Update (CatalogService.Api)'
2025-11-16 19:09:55.449 +02:00 [INF] Request finished HTTP/1.1 PUT http://localhost:5180/api/books/4 - 204 null null 48.9926ms
2025-11-16 19:37:26.062 +02:00 [INF] Request starting HTTP/1.1 DELETE http://localhost:5180/api/books/1 - null 0
2025-11-16 19:37:26.067 +02:00 [INF] CORS policy execution successful.
2025-11-16 19:37:26.069 +02:00 [INF] Executing endpoint 'CatalogService.Api.Controllers.BooksController.Delete (CatalogService.Api)'
2025-11-16 19:37:26.079 +02:00 [INF] Route matched with {action = "Delete", controller = "Books"}. Executing controller action with signature System.Threading.Tasks.Task`1[Microsoft.AspNetCore.Mvc.IActionResult] Delete(Int32) on controller CatalogService.Api.Controllers.BooksController (CatalogService.Api).
2025-11-16 19:37:26.144 +02:00 [INF] Executed DbCommand (2ms) [Parameters=[@__p_0='?' (DbType = Int32)], CommandType='"Text"', CommandTimeout='30']
SELECT b."Id", b."AuthorId", b."GenreId", b."Title"
FROM "Books" AS b
WHERE b."Id" = @__p_0
LIMIT 1
2025-11-16 19:37:26.160 +02:00 [INF] Executed DbCommand (2ms) [Parameters=[@p0='?' (DbType = Int32)], CommandType='"Text"', CommandTimeout='30']
DELETE FROM "Books"
WHERE "Id" = @p0;
2025-11-16 19:37:26.169 +02:00 [INF] Executing StatusCodeResult, setting HTTP status code 204
2025-11-16 19:37:26.171 +02:00 [INF] Executed action CatalogService.Api.Controllers.BooksController.Delete (CatalogService.Api) in 88.3293ms
2025-11-16 19:37:26.175 +02:00 [INF] Executed endpoint 'CatalogService.Api.Controllers.BooksController.Delete (CatalogService.Api)'
2025-11-16 19:37:26.177 +02:00 [INF] Request finished HTTP/1.1 DELETE http://localhost:5180/api/books/1 - 204 null null 115.5474ms
2025-11-16 19:37:26.190 +02:00 [INF] Request starting HTTP/1.1 GET http://localhost:5180/api/books - null null
2025-11-16 19:37:26.190 +02:00 [INF] Request starting HTTP/1.1 GET http://localhost:5180/api/authors - null null
2025-11-16 19:37:26.191 +02:00 [INF] Request starting HTTP/1.1 GET http://localhost:5180/api/genres - null null
2025-11-16 19:37:26.196 +02:00 [INF] Executing endpoint 'CatalogService.Api.Controllers.BooksController.GetAll (CatalogService.Api)'
2025-11-16 19:37:26.200 +02:00 [INF] Executing endpoint 'CatalogService.Api.Controllers.AuthorsController.GetAll (CatalogService.Api)'
2025-11-16 19:37:26.206 +02:00 [INF] Executing endpoint 'CatalogService.Api.Controllers.GenresController.GetAll (CatalogService.Api)'
2025-11-16 19:37:26.208 +02:00 [INF] Route matched with {action = "GetAll", controller = "Books"}. Executing controller action with signature System.Threading.Tasks.Task`1[Microsoft.AspNetCore.Mvc.IActionResult] GetAll() on controller CatalogService.Api.Controllers.BooksController (CatalogService.Api).
2025-11-16 19:37:26.209 +02:00 [INF] Route matched with {action = "GetAll", controller = "Authors"}. Executing controller action with signature System.Threading.Tasks.Task`1[Microsoft.AspNetCore.Mvc.IActionResult] GetAll() on controller CatalogService.Api.Controllers.AuthorsController (CatalogService.Api).
2025-11-16 19:37:26.211 +02:00 [INF] Route matched with {action = "GetAll", controller = "Genres"}. Executing controller action with signature System.Threading.Tasks.Task`1[Microsoft.AspNetCore.Mvc.IActionResult] GetAll() on controller CatalogService.Api.Controllers.GenresController (CatalogService.Api).
2025-11-16 19:37:26.216 +02:00 [INF] Executed DbCommand (2ms) [Parameters=[], CommandType='"Text"', CommandTimeout='30']
SELECT b."Id", b."AuthorId", b."GenreId", b."Title", a."Id", a."Name", g."Id", g."Name"
FROM "Books" AS b
INNER JOIN "Authors" AS a ON b."AuthorId" = a."Id"
INNER JOIN "Genres" AS g ON b."GenreId" = g."Id"
2025-11-16 19:37:26.224 +02:00 [INF] Executing OkObjectResult, writing value of type 'System.Collections.Generic.List`1[[CatalogService.Bll.Dtos.BookDto, CatalogService.Bll, Version=1.0.0.0, Culture=neutral, PublicKeyToken=null]]'.
2025-11-16 19:37:26.227 +02:00 [INF] Executed action CatalogService.Api.Controllers.BooksController.GetAll (CatalogService.Api) in 13.9623ms
2025-11-16 19:37:26.230 +02:00 [INF] Executed endpoint 'CatalogService.Api.Controllers.BooksController.GetAll (CatalogService.Api)'
2025-11-16 19:37:26.233 +02:00 [INF] Request finished HTTP/1.1 GET http://localhost:5180/api/books - 200 null application/json; charset=utf-8 42.6741ms
2025-11-16 19:37:26.277 +02:00 [INF] Executed DbCommand (1ms) [Parameters=[], CommandType='"Text"', CommandTimeout='30']
SELECT a."Id", a."Name"
FROM "Authors" AS a
2025-11-16 19:37:26.280 +02:00 [INF] Executing OkObjectResult, writing value of type 'System.Collections.Generic.List`1[[CatalogService.Bll.Dtos.AuthorDto, CatalogService.Bll, Version=1.0.0.0, Culture=neutral, PublicKeyToken=null]]'.
2025-11-16 19:37:26.283 +02:00 [INF] Executed action CatalogService.Api.Controllers.AuthorsController.GetAll (CatalogService.Api) in 66.239ms
2025-11-16 19:37:26.284 +02:00 [INF] Executed endpoint 'CatalogService.Api.Controllers.AuthorsController.GetAll (CatalogService.Api)'
2025-11-16 19:37:26.286 +02:00 [INF] Request finished HTTP/1.1 GET http://localhost:5180/api/authors - 200 null application/json; charset=utf-8 95.4935ms
2025-11-16 19:37:26.290 +02:00 [INF] Executed DbCommand (1ms) [Parameters=[], CommandType='"Text"', CommandTimeout='30']
SELECT g."Id", g."Name"
FROM "Genres" AS g
2025-11-16 19:37:26.294 +02:00 [INF] Executing OkObjectResult, writing value of type 'System.Collections.Generic.List`1[[CatalogService.Bll.Dtos.GenreDto, CatalogService.Bll, Version=1.0.0.0, Culture=neutral, PublicKeyToken=null]]'.
2025-11-16 19:37:26.296 +02:00 [INF] Executed action CatalogService.Api.Controllers.GenresController.GetAll (CatalogService.Api) in 76.3647ms
2025-11-16 19:37:26.298 +02:00 [INF] Executed endpoint 'CatalogService.Api.Controllers.GenresController.GetAll (CatalogService.Api)'
2025-11-16 19:37:26.300 +02:00 [INF] Request finished HTTP/1.1 GET http://localhost:5180/api/genres - 200 null application/json; charset=utf-8 109.0146ms
2025-11-16 19:37:30.975 +02:00 [INF] Request starting HTTP/1.1 GET http://localhost:5180/api/authors - null null
2025-11-16 19:37:30.975 +02:00 [INF] Request starting HTTP/1.1 GET http://localhost:5180/api/books - null null
2025-11-16 19:37:30.975 +02:00 [INF] Request starting HTTP/1.1 GET http://localhost:5180/api/genres - null null
2025-11-16 19:37:30.980 +02:00 [INF] Executing endpoint 'CatalogService.Api.Controllers.AuthorsController.GetAll (CatalogService.Api)'
2025-11-16 19:37:30.985 +02:00 [INF] Executing endpoint 'CatalogService.Api.Controllers.BooksController.GetAll (CatalogService.Api)'
2025-11-16 19:37:30.991 +02:00 [INF] Executing endpoint 'CatalogService.Api.Controllers.GenresController.GetAll (CatalogService.Api)'
2025-11-16 19:37:30.993 +02:00 [INF] Route matched with {action = "GetAll", controller = "Authors"}. Executing controller action with signature System.Threading.Tasks.Task`1[Microsoft.AspNetCore.Mvc.IActionResult] GetAll() on controller CatalogService.Api.Controllers.AuthorsController (CatalogService.Api).
2025-11-16 19:37:30.996 +02:00 [INF] Route matched with {action = "GetAll", controller = "Books"}. Executing controller action with signature System.Threading.Tasks.Task`1[Microsoft.AspNetCore.Mvc.IActionResult] GetAll() on controller CatalogService.Api.Controllers.BooksController (CatalogService.Api).
2025-11-16 19:37:30.998 +02:00 [INF] Route matched with {action = "GetAll", controller = "Genres"}. Executing controller action with signature System.Threading.Tasks.Task`1[Microsoft.AspNetCore.Mvc.IActionResult] GetAll() on controller CatalogService.Api.Controllers.GenresController (CatalogService.Api).
2025-11-16 19:37:31.002 +02:00 [INF] Executed DbCommand (1ms) [Parameters=[], CommandType='"Text"', CommandTimeout='30']
SELECT a."Id", a."Name"
FROM "Authors" AS a
2025-11-16 19:37:31.007 +02:00 [INF] Executed DbCommand (3ms) [Parameters=[], CommandType='"Text"', CommandTimeout='30']
SELECT b."Id", b."AuthorId", b."GenreId", b."Title", a."Id", a."Name", g."Id", g."Name"
FROM "Books" AS b
INNER JOIN "Authors" AS a ON b."AuthorId" = a."Id"
INNER JOIN "Genres" AS g ON b."GenreId" = g."Id"
2025-11-16 19:37:31.008 +02:00 [INF] Executed DbCommand (1ms) [Parameters=[], CommandType='"Text"', CommandTimeout='30']
SELECT g."Id", g."Name"
FROM "Genres" AS g
2025-11-16 19:37:31.011 +02:00 [INF] Executing OkObjectResult, writing value of type 'System.Collections.Generic.List`1[[CatalogService.Bll.Dtos.AuthorDto, CatalogService.Bll, Version=1.0.0.0, Culture=neutral, PublicKeyToken=null]]'.
2025-11-16 19:37:31.015 +02:00 [INF] Executing OkObjectResult, writing value of type 'System.Collections.Generic.List`1[[CatalogService.Bll.Dtos.BookDto, CatalogService.Bll, Version=1.0.0.0, Culture=neutral, PublicKeyToken=null]]'.
2025-11-16 19:37:31.019 +02:00 [INF] Executing OkObjectResult, writing value of type 'System.Collections.Generic.List`1[[CatalogService.Bll.Dtos.GenreDto, CatalogService.Bll, Version=1.0.0.0, Culture=neutral, PublicKeyToken=null]]'.
2025-11-16 19:37:31.029 +02:00 [INF] Request starting HTTP/1.1 GET http://localhost:5180/api/authors - null null
2025-11-16 19:37:31.023 +02:00 [INF] Executed action CatalogService.Api.Controllers.AuthorsController.GetAll (CatalogService.Api) in 22.2449ms
2025-11-16 19:37:31.027 +02:00 [INF] Executed action CatalogService.Api.Controllers.BooksController.GetAll (CatalogService.Api) in 23.1853ms
2025-11-16 19:37:31.029 +02:00 [INF] Executed action CatalogService.Api.Controllers.GenresController.GetAll (CatalogService.Api) in 22.4119ms
2025-11-16 19:37:31.031 +02:00 [INF] Request starting HTTP/1.1 GET http://localhost:5180/api/books - null null
2025-11-16 19:37:31.034 +02:00 [INF] Request starting HTTP/1.1 GET http://localhost:5180/api/genres - null null
2025-11-16 19:37:31.035 +02:00 [INF] Executing endpoint 'CatalogService.Api.Controllers.AuthorsController.GetAll (CatalogService.Api)'
2025-11-16 19:37:31.038 +02:00 [INF] Executed endpoint 'CatalogService.Api.Controllers.AuthorsController.GetAll (CatalogService.Api)'
2025-11-16 19:37:31.041 +02:00 [INF] Executed endpoint 'CatalogService.Api.Controllers.BooksController.GetAll (CatalogService.Api)'
2025-11-16 19:37:31.043 +02:00 [INF] Executed endpoint 'CatalogService.Api.Controllers.GenresController.GetAll (CatalogService.Api)'
2025-11-16 19:37:31.048 +02:00 [INF] Executing endpoint 'CatalogService.Api.Controllers.BooksController.GetAll (CatalogService.Api)'
2025-11-16 19:37:31.053 +02:00 [INF] Executing endpoint 'CatalogService.Api.Controllers.GenresController.GetAll (CatalogService.Api)'
2025-11-16 19:37:31.056 +02:00 [INF] Route matched with {action = "GetAll", controller = "Authors"}. Executing controller action with signature System.Threading.Tasks.Task`1[Microsoft.AspNetCore.Mvc.IActionResult] GetAll() on controller CatalogService.Api.Controllers.AuthorsController (CatalogService.Api).
2025-11-16 19:37:31.059 +02:00 [INF] Request finished HTTP/1.1 GET http://localhost:5180/api/authors - 200 null application/json; charset=utf-8 84.6952ms
2025-11-16 19:37:31.062 +02:00 [INF] Request finished HTTP/1.1 GET http://localhost:5180/api/books - 200 null application/json; charset=utf-8 86.9303ms
2025-11-16 19:37:31.064 +02:00 [INF] Request finished HTTP/1.1 GET http://localhost:5180/api/genres - 200 null application/json; charset=utf-8 89.2235ms
2025-11-16 19:37:31.066 +02:00 [INF] Route matched with {action = "GetAll", controller = "Books"}. Executing controller action with signature System.Threading.Tasks.Task`1[Microsoft.AspNetCore.Mvc.IActionResult] GetAll() on controller CatalogService.Api.Controllers.BooksController (CatalogService.Api).
2025-11-16 19:37:31.069 +02:00 [INF] Route matched with {action = "GetAll", controller = "Genres"}. Executing controller action with signature System.Threading.Tasks.Task`1[Microsoft.AspNetCore.Mvc.IActionResult] GetAll() on controller CatalogService.Api.Controllers.GenresController (CatalogService.Api).
2025-11-16 19:37:31.074 +02:00 [INF] Executed DbCommand (1ms) [Parameters=[], CommandType='"Text"', CommandTimeout='30']
SELECT a."Id", a."Name"
FROM "Authors" AS a
2025-11-16 19:37:31.093 +02:00 [INF] Executed DbCommand (1ms) [Parameters=[], CommandType='"Text"', CommandTimeout='30']
SELECT b."Id", b."AuthorId", b."GenreId", b."Title", a."Id", a."Name", g."Id", g."Name"
FROM "Books" AS b
INNER JOIN "Authors" AS a ON b."AuthorId" = a."Id"
INNER JOIN "Genres" AS g ON b."GenreId" = g."Id"
2025-11-16 19:37:31.096 +02:00 [INF] Executed DbCommand (0ms) [Parameters=[], CommandType='"Text"', CommandTimeout='30']
SELECT g."Id", g."Name"
FROM "Genres" AS g
2025-11-16 19:37:31.098 +02:00 [INF] Executing OkObjectResult, writing value of type 'System.Collections.Generic.List`1[[CatalogService.Bll.Dtos.AuthorDto, CatalogService.Bll, Version=1.0.0.0, Culture=neutral, PublicKeyToken=null]]'.
2025-11-16 19:37:31.103 +02:00 [INF] Executing OkObjectResult, writing value of type 'System.Collections.Generic.List`1[[CatalogService.Bll.Dtos.BookDto, CatalogService.Bll, Version=1.0.0.0, Culture=neutral, PublicKeyToken=null]]'.
2025-11-16 19:37:31.107 +02:00 [INF] Executing OkObjectResult, writing value of type 'System.Collections.Generic.List`1[[CatalogService.Bll.Dtos.GenreDto, CatalogService.Bll, Version=1.0.0.0, Culture=neutral, PublicKeyToken=null]]'.
2025-11-16 19:37:31.109 +02:00 [INF] Executed action CatalogService.Api.Controllers.AuthorsController.GetAll (CatalogService.Api) in 36.6015ms
2025-11-16 19:37:31.111 +02:00 [INF] Executed action CatalogService.Api.Controllers.BooksController.GetAll (CatalogService.Api) in 19.1354ms
2025-11-16 19:37:31.113 +02:00 [INF] Executed action CatalogService.Api.Controllers.GenresController.GetAll (CatalogService.Api) in 18.394ms
2025-11-16 19:37:31.115 +02:00 [INF] Executed endpoint 'CatalogService.Api.Controllers.AuthorsController.GetAll (CatalogService.Api)'
2025-11-16 19:37:31.117 +02:00 [INF] Executed endpoint 'CatalogService.Api.Controllers.BooksController.GetAll (CatalogService.Api)'
2025-11-16 19:37:31.120 +02:00 [INF] Executed endpoint 'CatalogService.Api.Controllers.GenresController.GetAll (CatalogService.Api)'
2025-11-16 19:37:31.121 +02:00 [INF] Request finished HTTP/1.1 GET http://localhost:5180/api/authors - 200 null application/json; charset=utf-8 92.1501ms
2025-11-16 19:37:31.124 +02:00 [INF] Request finished HTTP/1.1 GET http://localhost:5180/api/books - 200 null application/json; charset=utf-8 92.4312ms
2025-11-16 19:37:31.126 +02:00 [INF] Request finished HTTP/1.1 GET http://localhost:5180/api/genres - 200 null application/json; charset=utf-8 91.6835ms
