2025-11-25 00:01:12.032 +02:00 [INF] Now listening on: http://localhost:5180
2025-11-25 00:01:12.177 +02:00 [INF] Application started. Press Ctrl+C to shut down.
2025-11-25 00:01:12.181 +02:00 [INF] Hosting environment: Development
2025-11-25 00:01:12.188 +02:00 [INF] Content root path: C:\Users\Admin\Documents\projects\LibrarySystem\CatalogService\CatalogService.Api
2025-11-25 00:01:21.385 +02:00 [INF] Request starting HTTP/1.1 GET http://localhost:5180/api/genres - null null
2025-11-25 00:01:21.385 +02:00 [INF] Request starting HTTP/1.1 GET http://localhost:5180/api/books - null null
2025-11-25 00:01:21.385 +02:00 [INF] Request starting HTTP/1.1 GET http://localhost:5180/api/authors - null null
2025-11-25 00:01:21.452 +02:00 [INF] Executing endpoint 'CatalogService.Api.Controllers.GenresController.GetAll (CatalogService.Api)'
2025-11-25 00:01:21.453 +02:00 [INF] Executing endpoint 'CatalogService.Api.Controllers.BooksController.GetAll (CatalogService.Api)'
2025-11-25 00:01:21.453 +02:00 [INF] Executing endpoint 'CatalogService.Api.Controllers.AuthorsController.GetAll (CatalogService.Api)'
2025-11-25 00:01:21.479 +02:00 [INF] Route matched with {action = "GetAll", controller = "Books"}. Executing controller action with signature System.Threading.Tasks.Task`1[Microsoft.AspNetCore.Mvc.IActionResult] GetAll() on controller CatalogService.Api.Controllers.BooksController (CatalogService.Api).
2025-11-25 00:01:21.479 +02:00 [INF] Route matched with {action = "GetAll", controller = "Authors"}. Executing controller action with signature System.Threading.Tasks.Task`1[Microsoft.AspNetCore.Mvc.IActionResult] GetAll() on controller CatalogService.Api.Controllers.AuthorsController (CatalogService.Api).
2025-11-25 00:01:21.479 +02:00 [INF] Route matched with {action = "GetAll", controller = "Genres"}. Executing controller action with signature System.Threading.Tasks.Task`1[Microsoft.AspNetCore.Mvc.IActionResult] GetAll() on controller CatalogService.Api.Controllers.GenresController (CatalogService.Api).
2025-11-25 00:01:23.758 +02:00 [INF] Executed DbCommand (42ms) [Parameters=[], CommandType='"Text"', CommandTimeout='30']
SELECT g.id, g.name
FROM genres AS g
2025-11-25 00:01:23.758 +02:00 [INF] Executed DbCommand (42ms) [Parameters=[], CommandType='"Text"', CommandTimeout='30']
SELECT a.id, a.name
FROM authors AS a
2025-11-25 00:01:23.758 +02:00 [INF] Executed DbCommand (42ms) [Parameters=[], CommandType='"Text"', CommandTimeout='30']
SELECT b.id, b.authorid, b.genreid, b.title, a.id, a.name, g.id, g.name
FROM books AS b
INNER JOIN authors AS a ON b.authorid = a.id
INNER JOIN genres AS g ON b.genreid = g.id
2025-11-25 00:01:23.938 +02:00 [INF] Executing OkObjectResult, writing value of type 'System.Collections.Generic.List`1[[CatalogService.Bll.Dtos.AuthorDto, CatalogService.Bll, Version=1.0.0.0, Culture=neutral, PublicKeyToken=null]]'.
2025-11-25 00:01:23.938 +02:00 [INF] Executing OkObjectResult, writing value of type 'System.Collections.Generic.List`1[[CatalogService.Bll.Dtos.GenreDto, CatalogService.Bll, Version=1.0.0.0, Culture=neutral, PublicKeyToken=null]]'.
2025-11-25 00:01:23.938 +02:00 [INF] Executing OkObjectResult, writing value of type 'System.Collections.Generic.List`1[[CatalogService.Bll.Dtos.BookDto, CatalogService.Bll, Version=1.0.0.0, Culture=neutral, PublicKeyToken=null]]'.
2025-11-25 00:01:23.997 +02:00 [INF] Executed action CatalogService.Api.Controllers.AuthorsController.GetAll (CatalogService.Api) in 2504.0696ms
2025-11-25 00:01:23.997 +02:00 [INF] Executed action CatalogService.Api.Controllers.GenresController.GetAll (CatalogService.Api) in 2499.8441ms
2025-11-25 00:01:23.997 +02:00 [INF] Executed action CatalogService.Api.Controllers.BooksController.GetAll (CatalogService.Api) in 2507.8275ms
2025-11-25 00:01:24.007 +02:00 [INF] Request starting HTTP/1.1 GET http://localhost:5180/api/genres - null null
2025-11-25 00:01:24.007 +02:00 [INF] Request starting HTTP/1.1 GET http://localhost:5180/api/authors - null null
2025-11-25 00:01:24.007 +02:00 [INF] Request starting HTTP/1.1 GET http://localhost:5180/api/books - null null
2025-11-25 00:01:24.010 +02:00 [INF] Executed endpoint 'CatalogService.Api.Controllers.AuthorsController.GetAll (CatalogService.Api)'
2025-11-25 00:01:24.012 +02:00 [INF] Executed endpoint 'CatalogService.Api.Controllers.GenresController.GetAll (CatalogService.Api)'
2025-11-25 00:01:24.015 +02:00 [INF] Executed endpoint 'CatalogService.Api.Controllers.BooksController.GetAll (CatalogService.Api)'
2025-11-25 00:01:24.024 +02:00 [INF] Executing endpoint 'CatalogService.Api.Controllers.GenresController.GetAll (CatalogService.Api)'
2025-11-25 00:01:24.025 +02:00 [INF] Executing endpoint 'CatalogService.Api.Controllers.AuthorsController.GetAll (CatalogService.Api)'
2025-11-25 00:01:24.031 +02:00 [INF] Executing endpoint 'CatalogService.Api.Controllers.BooksController.GetAll (CatalogService.Api)'
2025-11-25 00:01:24.042 +02:00 [INF] Route matched with {action = "GetAll", controller = "Genres"}. Executing controller action with signature System.Threading.Tasks.Task`1[Microsoft.AspNetCore.Mvc.IActionResult] GetAll() on controller CatalogService.Api.Controllers.GenresController (CatalogService.Api).
2025-11-25 00:01:24.044 +02:00 [INF] Route matched with {action = "GetAll", controller = "Authors"}. Executing controller action with signature System.Threading.Tasks.Task`1[Microsoft.AspNetCore.Mvc.IActionResult] GetAll() on controller CatalogService.Api.Controllers.AuthorsController (CatalogService.Api).
2025-11-25 00:01:24.047 +02:00 [INF] Route matched with {action = "GetAll", controller = "Books"}. Executing controller action with signature System.Threading.Tasks.Task`1[Microsoft.AspNetCore.Mvc.IActionResult] GetAll() on controller CatalogService.Api.Controllers.BooksController (CatalogService.Api).
2025-11-25 00:01:24.047 +02:00 [INF] Request finished HTTP/1.1 GET http://localhost:5180/api/genres - 200 null application/json; charset=utf-8 2665.5474ms
2025-11-25 00:01:24.047 +02:00 [INF] Request finished HTTP/1.1 GET http://localhost:5180/api/authors - 200 null application/json; charset=utf-8 2665.5589ms
2025-11-25 00:01:24.047 +02:00 [INF] Request finished HTTP/1.1 GET http://localhost:5180/api/books - 200 null application/json; charset=utf-8 2665.5386ms
2025-11-25 00:01:24.167 +02:00 [INF] Executed DbCommand (6ms) [Parameters=[], CommandType='"Text"', CommandTimeout='30']
SELECT g.id, g.name
FROM genres AS g
2025-11-25 00:01:24.167 +02:00 [INF] Executed DbCommand (3ms) [Parameters=[], CommandType='"Text"', CommandTimeout='30']
SELECT b.id, b.authorid, b.genreid, b.title, a.id, a.name, g.id, g.name
FROM books AS b
INNER JOIN authors AS a ON b.authorid = a.id
INNER JOIN genres AS g ON b.genreid = g.id
2025-11-25 00:01:24.167 +02:00 [INF] Executed DbCommand (6ms) [Parameters=[], CommandType='"Text"', CommandTimeout='30']
SELECT a.id, a.name
FROM authors AS a
2025-11-25 00:01:24.175 +02:00 [INF] Executing OkObjectResult, writing value of type 'System.Collections.Generic.List`1[[CatalogService.Bll.Dtos.GenreDto, CatalogService.Bll, Version=1.0.0.0, Culture=neutral, PublicKeyToken=null]]'.
2025-11-25 00:01:24.179 +02:00 [INF] Executing OkObjectResult, writing value of type 'System.Collections.Generic.List`1[[CatalogService.Bll.Dtos.BookDto, CatalogService.Bll, Version=1.0.0.0, Culture=neutral, PublicKeyToken=null]]'.
2025-11-25 00:01:24.183 +02:00 [INF] Executing OkObjectResult, writing value of type 'System.Collections.Generic.List`1[[CatalogService.Bll.Dtos.AuthorDto, CatalogService.Bll, Version=1.0.0.0, Culture=neutral, PublicKeyToken=null]]'.
2025-11-25 00:01:24.186 +02:00 [INF] Executed action CatalogService.Api.Controllers.GenresController.GetAll (CatalogService.Api) in 135.6682ms
2025-11-25 00:01:24.189 +02:00 [INF] Executed action CatalogService.Api.Controllers.BooksController.GetAll (CatalogService.Api) in 130.08ms
2025-11-25 00:01:24.192 +02:00 [INF] Executed action CatalogService.Api.Controllers.AuthorsController.GetAll (CatalogService.Api) in 137.5718ms
2025-11-25 00:01:24.195 +02:00 [INF] Executed endpoint 'CatalogService.Api.Controllers.GenresController.GetAll (CatalogService.Api)'
2025-11-25 00:01:24.198 +02:00 [INF] Executed endpoint 'CatalogService.Api.Controllers.BooksController.GetAll (CatalogService.Api)'
2025-11-25 00:01:24.201 +02:00 [INF] Executed endpoint 'CatalogService.Api.Controllers.AuthorsController.GetAll (CatalogService.Api)'
2025-11-25 00:01:24.205 +02:00 [INF] Request finished HTTP/1.1 GET http://localhost:5180/api/genres - 200 null application/json; charset=utf-8 197.6061ms
2025-11-25 00:01:24.207 +02:00 [INF] Request finished HTTP/1.1 GET http://localhost:5180/api/books - 200 null application/json; charset=utf-8 199.8871ms
2025-11-25 00:01:24.209 +02:00 [INF] Request finished HTTP/1.1 GET http://localhost:5180/api/authors - 200 null application/json; charset=utf-8 202.6614ms
2025-11-25 00:01:29.407 +02:00 [INF] Request starting HTTP/1.1 GET http://localhost:5180/api/books/2 - null null
2025-11-25 00:01:29.413 +02:00 [INF] Executing endpoint 'CatalogService.Api.Controllers.BooksController.GetById (CatalogService.Api)'
2025-11-25 00:01:29.441 +02:00 [INF] Route matched with {action = "GetById", controller = "Books"}. Executing controller action with signature System.Threading.Tasks.Task`1[Microsoft.AspNetCore.Mvc.IActionResult] GetById(Int32) on controller CatalogService.Api.Controllers.BooksController (CatalogService.Api).
2025-11-25 00:01:29.557 +02:00 [INF] Executed DbCommand (16ms) [Parameters=[@__id_0='?' (DbType = Int32)], CommandType='"Text"', CommandTimeout='30']
SELECT b.id, b.authorid, b.genreid, b.title, a.id, a.name, g.id, g.name
FROM books AS b
INNER JOIN authors AS a ON b.authorid = a.id
INNER JOIN genres AS g ON b.genreid = g.id
WHERE b.id = @__id_0
LIMIT 1
2025-11-25 00:01:29.569 +02:00 [INF] Executing OkObjectResult, writing value of type 'CatalogService.Bll.Dtos.BookDto'.
2025-11-25 00:01:29.572 +02:00 [INF] Executed action CatalogService.Api.Controllers.BooksController.GetById (CatalogService.Api) in 127.9503ms
2025-11-25 00:01:29.575 +02:00 [INF] Executed endpoint 'CatalogService.Api.Controllers.BooksController.GetById (CatalogService.Api)'
2025-11-25 00:01:29.578 +02:00 [INF] Request finished HTTP/1.1 GET http://localhost:5180/api/books/2 - 200 null application/json; charset=utf-8 170.4245ms
2025-11-25 00:02:50.930 +02:00 [INF] Now listening on: http://localhost:5180
2025-11-25 00:02:51.007 +02:00 [INF] Application started. Press Ctrl+C to shut down.
2025-11-25 00:02:51.009 +02:00 [INF] Hosting environment: Development
2025-11-25 00:02:51.011 +02:00 [INF] Content root path: C:\Users\Admin\Documents\projects\LibrarySystem\CatalogService\CatalogService.Api
2025-11-25 00:02:55.670 +02:00 [INF] Request starting HTTP/1.1 GET http://localhost:5180/api/authors - null null
2025-11-25 00:02:55.670 +02:00 [INF] Request starting HTTP/1.1 GET http://localhost:5180/api/books - null null
2025-11-25 00:02:55.670 +02:00 [INF] Request starting HTTP/1.1 GET http://localhost:5180/api/genres - null null
2025-11-25 00:02:55.735 +02:00 [INF] Executing endpoint 'CatalogService.Api.Controllers.AuthorsController.GetAll (CatalogService.Api)'
2025-11-25 00:02:55.735 +02:00 [INF] Executing endpoint 'CatalogService.Api.Controllers.BooksController.GetAll (CatalogService.Api)'
2025-11-25 00:02:55.735 +02:00 [INF] Executing endpoint 'CatalogService.Api.Controllers.GenresController.GetAll (CatalogService.Api)'
2025-11-25 00:02:55.765 +02:00 [INF] Route matched with {action = "GetAll", controller = "Genres"}. Executing controller action with signature System.Threading.Tasks.Task`1[Microsoft.AspNetCore.Mvc.IActionResult] GetAll() on controller CatalogService.Api.Controllers.GenresController (CatalogService.Api).
2025-11-25 00:02:55.765 +02:00 [INF] Route matched with {action = "GetAll", controller = "Books"}. Executing controller action with signature System.Threading.Tasks.Task`1[Microsoft.AspNetCore.Mvc.IActionResult] GetAll() on controller CatalogService.Api.Controllers.BooksController (CatalogService.Api).
2025-11-25 00:02:55.765 +02:00 [INF] Route matched with {action = "GetAll", controller = "Authors"}. Executing controller action with signature System.Threading.Tasks.Task`1[Microsoft.AspNetCore.Mvc.IActionResult] GetAll() on controller CatalogService.Api.Controllers.AuthorsController (CatalogService.Api).
2025-11-25 00:02:57.349 +02:00 [INF] Executed DbCommand (35ms) [Parameters=[], CommandType='"Text"', CommandTimeout='30']
SELECT g.id, g.name
FROM genres AS g
2025-11-25 00:02:57.349 +02:00 [INF] Executed DbCommand (35ms) [Parameters=[], CommandType='"Text"', CommandTimeout='30']
SELECT a.id, a.name
FROM authors AS a
2025-11-25 00:02:57.349 +02:00 [INF] Executed DbCommand (35ms) [Parameters=[], CommandType='"Text"', CommandTimeout='30']
SELECT b.id, b.authorid, b.genreid, b.title, a.id, a.name, g.id, g.name
FROM books AS b
INNER JOIN authors AS a ON b.authorid = a.id
INNER JOIN genres AS g ON b.genreid = g.id
2025-11-25 00:02:57.511 +02:00 [INF] Executing OkObjectResult, writing value of type 'System.Collections.Generic.List`1[[CatalogService.Bll.Dtos.BookDto, CatalogService.Bll, Version=1.0.0.0, Culture=neutral, PublicKeyToken=null]]'.
2025-11-25 00:02:57.511 +02:00 [INF] Executing OkObjectResult, writing value of type 'System.Collections.Generic.List`1[[CatalogService.Bll.Dtos.GenreDto, CatalogService.Bll, Version=1.0.0.0, Culture=neutral, PublicKeyToken=null]]'.
2025-11-25 00:02:57.511 +02:00 [INF] Executing OkObjectResult, writing value of type 'System.Collections.Generic.List`1[[CatalogService.Bll.Dtos.AuthorDto, CatalogService.Bll, Version=1.0.0.0, Culture=neutral, PublicKeyToken=null]]'.
2025-11-25 00:02:57.561 +02:00 [INF] Executed action CatalogService.Api.Controllers.GenresController.GetAll (CatalogService.Api) in 1784.3014ms
2025-11-25 00:02:57.561 +02:00 [INF] Executed action CatalogService.Api.Controllers.AuthorsController.GetAll (CatalogService.Api) in 1777.1805ms
2025-11-25 00:02:57.561 +02:00 [INF] Executed action CatalogService.Api.Controllers.BooksController.GetAll (CatalogService.Api) in 1780.5346ms
2025-11-25 00:02:57.566 +02:00 [INF] Request starting HTTP/1.1 GET http://localhost:5180/api/genres - null null
2025-11-25 00:02:57.566 +02:00 [INF] Request starting HTTP/1.1 GET http://localhost:5180/api/books - null null
2025-11-25 00:02:57.566 +02:00 [INF] Request starting HTTP/1.1 GET http://localhost:5180/api/authors - null null
2025-11-25 00:02:57.572 +02:00 [INF] Executed endpoint 'CatalogService.Api.Controllers.GenresController.GetAll (CatalogService.Api)'
2025-11-25 00:02:57.573 +02:00 [INF] Executed endpoint 'CatalogService.Api.Controllers.AuthorsController.GetAll (CatalogService.Api)'
2025-11-25 00:02:57.576 +02:00 [INF] Executed endpoint 'CatalogService.Api.Controllers.BooksController.GetAll (CatalogService.Api)'
2025-11-25 00:02:57.582 +02:00 [INF] Executing endpoint 'CatalogService.Api.Controllers.GenresController.GetAll (CatalogService.Api)'
2025-11-25 00:02:57.583 +02:00 [INF] Executing endpoint 'CatalogService.Api.Controllers.BooksController.GetAll (CatalogService.Api)'
2025-11-25 00:02:57.588 +02:00 [INF] Executing endpoint 'CatalogService.Api.Controllers.AuthorsController.GetAll (CatalogService.Api)'
2025-11-25 00:02:57.597 +02:00 [INF] Route matched with {action = "GetAll", controller = "Genres"}. Executing controller action with signature System.Threading.Tasks.Task`1[Microsoft.AspNetCore.Mvc.IActionResult] GetAll() on controller CatalogService.Api.Controllers.GenresController (CatalogService.Api).
2025-11-25 00:02:57.599 +02:00 [INF] Route matched with {action = "GetAll", controller = "Books"}. Executing controller action with signature System.Threading.Tasks.Task`1[Microsoft.AspNetCore.Mvc.IActionResult] GetAll() on controller CatalogService.Api.Controllers.BooksController (CatalogService.Api).
2025-11-25 00:02:57.601 +02:00 [INF] Route matched with {action = "GetAll", controller = "Authors"}. Executing controller action with signature System.Threading.Tasks.Task`1[Microsoft.AspNetCore.Mvc.IActionResult] GetAll() on controller CatalogService.Api.Controllers.AuthorsController (CatalogService.Api).
2025-11-25 00:02:57.601 +02:00 [INF] Request finished HTTP/1.1 GET http://localhost:5180/api/authors - 200 null application/json; charset=utf-8 1935.2557ms
2025-11-25 00:02:57.601 +02:00 [INF] Request finished HTTP/1.1 GET http://localhost:5180/api/genres - 200 null application/json; charset=utf-8 1935.3626ms
2025-11-25 00:02:57.601 +02:00 [INF] Request finished HTTP/1.1 GET http://localhost:5180/api/books - 200 null application/json; charset=utf-8 1935.2448ms
2025-11-25 00:02:57.686 +02:00 [INF] Executed DbCommand (2ms) [Parameters=[], CommandType='"Text"', CommandTimeout='30']
SELECT b.id, b.authorid, b.genreid, b.title, a.id, a.name, g.id, g.name
FROM books AS b
INNER JOIN authors AS a ON b.authorid = a.id
INNER JOIN genres AS g ON b.genreid = g.id
2025-11-25 00:02:57.686 +02:00 [INF] Executed DbCommand (5ms) [Parameters=[], CommandType='"Text"', CommandTimeout='30']
SELECT a.id, a.name
FROM authors AS a
2025-11-25 00:02:57.686 +02:00 [INF] Executed DbCommand (5ms) [Parameters=[], CommandType='"Text"', CommandTimeout='30']
SELECT g.id, g.name
FROM genres AS g
2025-11-25 00:02:57.693 +02:00 [INF] Executing OkObjectResult, writing value of type 'System.Collections.Generic.List`1[[CatalogService.Bll.Dtos.BookDto, CatalogService.Bll, Version=1.0.0.0, Culture=neutral, PublicKeyToken=null]]'.
2025-11-25 00:02:57.695 +02:00 [INF] Executing OkObjectResult, writing value of type 'System.Collections.Generic.List`1[[CatalogService.Bll.Dtos.AuthorDto, CatalogService.Bll, Version=1.0.0.0, Culture=neutral, PublicKeyToken=null]]'.
2025-11-25 00:02:57.700 +02:00 [INF] Executing OkObjectResult, writing value of type 'System.Collections.Generic.List`1[[CatalogService.Bll.Dtos.GenreDto, CatalogService.Bll, Version=1.0.0.0, Culture=neutral, PublicKeyToken=null]]'.
2025-11-25 00:02:57.702 +02:00 [INF] Executed action CatalogService.Api.Controllers.BooksController.GetAll (CatalogService.Api) in 95.628ms
2025-11-25 00:02:57.706 +02:00 [INF] Executed action CatalogService.Api.Controllers.AuthorsController.GetAll (CatalogService.Api) in 95.8331ms
2025-11-25 00:02:57.708 +02:00 [INF] Executed action CatalogService.Api.Controllers.GenresController.GetAll (CatalogService.Api) in 105.1427ms
2025-11-25 00:02:57.711 +02:00 [INF] Executed endpoint 'CatalogService.Api.Controllers.BooksController.GetAll (CatalogService.Api)'
2025-11-25 00:02:57.714 +02:00 [INF] Executed endpoint 'CatalogService.Api.Controllers.AuthorsController.GetAll (CatalogService.Api)'
2025-11-25 00:02:57.716 +02:00 [INF] Executed endpoint 'CatalogService.Api.Controllers.GenresController.GetAll (CatalogService.Api)'
2025-11-25 00:02:57.719 +02:00 [INF] Request finished HTTP/1.1 GET http://localhost:5180/api/books - 200 null application/json; charset=utf-8 152.2733ms
2025-11-25 00:02:57.721 +02:00 [INF] Request finished HTTP/1.1 GET http://localhost:5180/api/authors - 200 null application/json; charset=utf-8 155.1203ms
2025-11-25 00:02:57.724 +02:00 [INF] Request finished HTTP/1.1 GET http://localhost:5180/api/genres - 200 null application/json; charset=utf-8 157.56ms
2025-11-25 00:03:02.003 +02:00 [INF] Request starting HTTP/1.1 GET http://localhost:5180/api/books/2 - null null
2025-11-25 00:03:02.015 +02:00 [INF] Executing endpoint 'CatalogService.Api.Controllers.BooksController.GetById (CatalogService.Api)'
2025-11-25 00:03:02.038 +02:00 [INF] Route matched with {action = "GetById", controller = "Books"}. Executing controller action with signature System.Threading.Tasks.Task`1[Microsoft.AspNetCore.Mvc.IActionResult] GetById(Int32) on controller CatalogService.Api.Controllers.BooksController (CatalogService.Api).
2025-11-25 00:03:02.207 +02:00 [INF] Executed DbCommand (22ms) [Parameters=[@__id_0='?' (DbType = Int32)], CommandType='"Text"', CommandTimeout='30']
SELECT b.id, b.authorid, b.genreid, b.title, a.id, a.name, g.id, g.name
FROM books AS b
INNER JOIN authors AS a ON b.authorid = a.id
INNER JOIN genres AS g ON b.genreid = g.id
WHERE b.id = @__id_0
LIMIT 1
2025-11-25 00:03:02.219 +02:00 [INF] Executing OkObjectResult, writing value of type 'CatalogService.Bll.Dtos.BookDto'.
2025-11-25 00:03:02.223 +02:00 [INF] Executed action CatalogService.Api.Controllers.BooksController.GetById (CatalogService.Api) in 176.1696ms
2025-11-25 00:03:02.227 +02:00 [INF] Executed endpoint 'CatalogService.Api.Controllers.BooksController.GetById (CatalogService.Api)'
2025-11-25 00:03:02.230 +02:00 [INF] Request finished HTTP/1.1 GET http://localhost:5180/api/books/2 - 200 null application/json; charset=utf-8 227.3747ms
2025-11-25 00:06:16.579 +02:00 [INF] Now listening on: http://localhost:5180
2025-11-25 00:06:16.696 +02:00 [INF] Application started. Press Ctrl+C to shut down.
2025-11-25 00:06:16.698 +02:00 [INF] Hosting environment: Development
2025-11-25 00:06:16.701 +02:00 [INF] Content root path: C:\Users\Admin\Documents\projects\LibrarySystem\CatalogService\CatalogService.Api
2025-11-25 00:06:21.931 +02:00 [INF] Request starting HTTP/1.1 GET http://localhost:5180/api/authors - null null
2025-11-25 00:06:21.931 +02:00 [INF] Request starting HTTP/1.1 GET http://localhost:5180/api/genres - null null
2025-11-25 00:06:21.931 +02:00 [INF] Request starting HTTP/1.1 GET http://localhost:5180/api/books - null null
2025-11-25 00:06:21.990 +02:00 [INF] Executing endpoint 'CatalogService.Api.Controllers.BooksController.GetAll (CatalogService.Api)'
2025-11-25 00:06:21.990 +02:00 [INF] Executing endpoint 'CatalogService.Api.Controllers.GenresController.GetAll (CatalogService.Api)'
2025-11-25 00:06:21.990 +02:00 [INF] Executing endpoint 'CatalogService.Api.Controllers.AuthorsController.GetAll (CatalogService.Api)'
2025-11-25 00:06:22.018 +02:00 [INF] Route matched with {action = "GetAll", controller = "Genres"}. Executing controller action with signature System.Threading.Tasks.Task`1[Microsoft.AspNetCore.Mvc.IActionResult] GetAll() on controller CatalogService.Api.Controllers.GenresController (CatalogService.Api).
2025-11-25 00:06:22.018 +02:00 [INF] Route matched with {action = "GetAll", controller = "Books"}. Executing controller action with signature System.Threading.Tasks.Task`1[Microsoft.AspNetCore.Mvc.IActionResult] GetAll() on controller CatalogService.Api.Controllers.BooksController (CatalogService.Api).
2025-11-25 00:06:22.018 +02:00 [INF] Route matched with {action = "GetAll", controller = "Authors"}. Executing controller action with signature System.Threading.Tasks.Task`1[Microsoft.AspNetCore.Mvc.IActionResult] GetAll() on controller CatalogService.Api.Controllers.AuthorsController (CatalogService.Api).
2025-11-25 00:06:23.439 +02:00 [INF] Executed DbCommand (26ms) [Parameters=[], CommandType='"Text"', CommandTimeout='30']
SELECT b.id, b.authorid, b.genreid, b.title, a.id, a.name, g.id, g.name
FROM books AS b
INNER JOIN authors AS a ON b.authorid = a.id
INNER JOIN genres AS g ON b.genreid = g.id
2025-11-25 00:06:23.439 +02:00 [INF] Executed DbCommand (26ms) [Parameters=[], CommandType='"Text"', CommandTimeout='30']
SELECT g.id, g.name
FROM genres AS g
2025-11-25 00:06:23.439 +02:00 [INF] Executed DbCommand (26ms) [Parameters=[], CommandType='"Text"', CommandTimeout='30']
SELECT a.id, a.name
FROM authors AS a
2025-11-25 00:06:23.574 +02:00 [INF] Executing OkObjectResult, writing value of type 'System.Collections.Generic.List`1[[CatalogService.Bll.Dtos.BookDto, CatalogService.Bll, Version=1.0.0.0, Culture=neutral, PublicKeyToken=null]]'.
2025-11-25 00:06:23.574 +02:00 [INF] Executing OkObjectResult, writing value of type 'System.Collections.Generic.List`1[[CatalogService.Bll.Dtos.GenreDto, CatalogService.Bll, Version=1.0.0.0, Culture=neutral, PublicKeyToken=null]]'.
2025-11-25 00:06:23.574 +02:00 [INF] Executing OkObjectResult, writing value of type 'System.Collections.Generic.List`1[[CatalogService.Bll.Dtos.AuthorDto, CatalogService.Bll, Version=1.0.0.0, Culture=neutral, PublicKeyToken=null]]'.
2025-11-25 00:06:23.625 +02:00 [INF] Executed action CatalogService.Api.Controllers.BooksController.GetAll (CatalogService.Api) in 1591.1516ms
2025-11-25 00:06:23.625 +02:00 [INF] Executed action CatalogService.Api.Controllers.AuthorsController.GetAll (CatalogService.Api) in 1587.0663ms
2025-11-25 00:06:23.625 +02:00 [INF] Executed action CatalogService.Api.Controllers.GenresController.GetAll (CatalogService.Api) in 1595.7422ms
2025-11-25 00:06:23.628 +02:00 [INF] Request starting HTTP/1.1 GET http://localhost:5180/api/genres - null null
2025-11-25 00:06:23.630 +02:00 [INF] Request starting HTTP/1.1 GET http://localhost:5180/api/authors - null null
2025-11-25 00:06:23.630 +02:00 [INF] Request starting HTTP/1.1 GET http://localhost:5180/api/books - null null
2025-11-25 00:06:23.634 +02:00 [INF] Executed endpoint 'CatalogService.Api.Controllers.BooksController.GetAll (CatalogService.Api)'
2025-11-25 00:06:23.636 +02:00 [INF] Executed endpoint 'CatalogService.Api.Controllers.AuthorsController.GetAll (CatalogService.Api)'
2025-11-25 00:06:23.639 +02:00 [INF] Executed endpoint 'CatalogService.Api.Controllers.GenresController.GetAll (CatalogService.Api)'
2025-11-25 00:06:23.648 +02:00 [INF] Executing endpoint 'CatalogService.Api.Controllers.GenresController.GetAll (CatalogService.Api)'
2025-11-25 00:06:23.650 +02:00 [INF] Executing endpoint 'CatalogService.Api.Controllers.AuthorsController.GetAll (CatalogService.Api)'
2025-11-25 00:06:23.670 +02:00 [INF] Request finished HTTP/1.1 GET http://localhost:5180/api/authors - 200 null application/json; charset=utf-8 1740.9621ms
2025-11-25 00:06:23.668 +02:00 [INF] Route matched with {action = "GetAll", controller = "Genres"}. Executing controller action with signature System.Threading.Tasks.Task`1[Microsoft.AspNetCore.Mvc.IActionResult] GetAll() on controller CatalogService.Api.Controllers.GenresController (CatalogService.Api).
2025-11-25 00:06:23.670 +02:00 [INF] Request finished HTTP/1.1 GET http://localhost:5180/api/genres - 200 null application/json; charset=utf-8 1741.0481ms
2025-11-25 00:06:23.670 +02:00 [INF] Request finished HTTP/1.1 GET http://localhost:5180/api/books - 200 null application/json; charset=utf-8 1741.048ms
2025-11-25 00:06:23.656 +02:00 [INF] Executing endpoint 'CatalogService.Api.Controllers.BooksController.GetAll (CatalogService.Api)'
2025-11-25 00:06:23.670 +02:00 [INF] Route matched with {action = "GetAll", controller = "Authors"}. Executing controller action with signature System.Threading.Tasks.Task`1[Microsoft.AspNetCore.Mvc.IActionResult] GetAll() on controller CatalogService.Api.Controllers.AuthorsController (CatalogService.Api).
2025-11-25 00:06:23.697 +02:00 [INF] Route matched with {action = "GetAll", controller = "Books"}. Executing controller action with signature System.Threading.Tasks.Task`1[Microsoft.AspNetCore.Mvc.IActionResult] GetAll() on controller CatalogService.Api.Controllers.BooksController (CatalogService.Api).
2025-11-25 00:06:23.784 +02:00 [INF] Executed DbCommand (3ms) [Parameters=[], CommandType='"Text"', CommandTimeout='30']
SELECT b.id, b.authorid, b.genreid, b.title, a.id, a.name, g.id, g.name
FROM books AS b
INNER JOIN authors AS a ON b.authorid = a.id
INNER JOIN genres AS g ON b.genreid = g.id
2025-11-25 00:06:23.784 +02:00 [INF] Executed DbCommand (6ms) [Parameters=[], CommandType='"Text"', CommandTimeout='30']
SELECT g.id, g.name
FROM genres AS g
2025-11-25 00:06:23.784 +02:00 [INF] Executed DbCommand (6ms) [Parameters=[], CommandType='"Text"', CommandTimeout='30']
SELECT a.id, a.name
FROM authors AS a
2025-11-25 00:06:23.793 +02:00 [INF] Executing OkObjectResult, writing value of type 'System.Collections.Generic.List`1[[CatalogService.Bll.Dtos.BookDto, CatalogService.Bll, Version=1.0.0.0, Culture=neutral, PublicKeyToken=null]]'.
2025-11-25 00:06:23.795 +02:00 [INF] Executing OkObjectResult, writing value of type 'System.Collections.Generic.List`1[[CatalogService.Bll.Dtos.GenreDto, CatalogService.Bll, Version=1.0.0.0, Culture=neutral, PublicKeyToken=null]]'.
2025-11-25 00:06:23.800 +02:00 [INF] Executing OkObjectResult, writing value of type 'System.Collections.Generic.List`1[[CatalogService.Bll.Dtos.AuthorDto, CatalogService.Bll, Version=1.0.0.0, Culture=neutral, PublicKeyToken=null]]'.
2025-11-25 00:06:23.803 +02:00 [INF] Executed action CatalogService.Api.Controllers.BooksController.GetAll (CatalogService.Api) in 99.342ms
2025-11-25 00:06:23.805 +02:00 [INF] Executed action CatalogService.Api.Controllers.GenresController.GetAll (CatalogService.Api) in 123.5844ms
2025-11-25 00:06:23.808 +02:00 [INF] Executed action CatalogService.Api.Controllers.AuthorsController.GetAll (CatalogService.Api) in 108.0927ms
2025-11-25 00:06:23.811 +02:00 [INF] Executed endpoint 'CatalogService.Api.Controllers.BooksController.GetAll (CatalogService.Api)'
2025-11-25 00:06:23.814 +02:00 [INF] Executed endpoint 'CatalogService.Api.Controllers.GenresController.GetAll (CatalogService.Api)'
2025-11-25 00:06:23.816 +02:00 [INF] Executed endpoint 'CatalogService.Api.Controllers.AuthorsController.GetAll (CatalogService.Api)'
2025-11-25 00:06:23.818 +02:00 [INF] Request finished HTTP/1.1 GET http://localhost:5180/api/books - 200 null application/json; charset=utf-8 187.4236ms
2025-11-25 00:06:23.820 +02:00 [INF] Request finished HTTP/1.1 GET http://localhost:5180/api/genres - 200 null application/json; charset=utf-8 191.6762ms
2025-11-25 00:06:23.822 +02:00 [INF] Request finished HTTP/1.1 GET http://localhost:5180/api/authors - 200 null application/json; charset=utf-8 192.1572ms
2025-11-25 00:06:29.516 +02:00 [INF] Request starting HTTP/1.1 GET http://localhost:5180/api/books/2 - null null
2025-11-25 00:06:29.524 +02:00 [INF] Executing endpoint 'CatalogService.Api.Controllers.BooksController.GetById (CatalogService.Api)'
2025-11-25 00:06:29.553 +02:00 [INF] Route matched with {action = "GetById", controller = "Books"}. Executing controller action with signature System.Threading.Tasks.Task`1[Microsoft.AspNetCore.Mvc.IActionResult] GetById(Int32) on controller CatalogService.Api.Controllers.BooksController (CatalogService.Api).
2025-11-25 00:06:29.654 +02:00 [INF] Executed DbCommand (13ms) [Parameters=[@__id_0='?' (DbType = Int32)], CommandType='"Text"', CommandTimeout='30']
SELECT b.id, b.authorid, b.genreid, b.title, a.id, a.name, g.id, g.name
FROM books AS b
INNER JOIN authors AS a ON b.authorid = a.id
INNER JOIN genres AS g ON b.genreid = g.id
WHERE b.id = @__id_0
LIMIT 1
2025-11-25 00:06:29.668 +02:00 [INF] Executing OkObjectResult, writing value of type 'CatalogService.Bll.Dtos.BookDto'.
2025-11-25 00:06:29.674 +02:00 [INF] Executed action CatalogService.Api.Controllers.BooksController.GetById (CatalogService.Api) in 114.164ms
2025-11-25 00:06:29.678 +02:00 [INF] Executed endpoint 'CatalogService.Api.Controllers.BooksController.GetById (CatalogService.Api)'
2025-11-25 00:06:29.680 +02:00 [INF] Request finished HTTP/1.1 GET http://localhost:5180/api/books/2 - 200 null application/json; charset=utf-8 164.4745ms
2025-11-25 00:15:20.512 +02:00 [INF] Now listening on: http://localhost:5180
2025-11-25 00:15:20.626 +02:00 [INF] Application started. Press Ctrl+C to shut down.
2025-11-25 00:15:20.629 +02:00 [INF] Hosting environment: Development
2025-11-25 00:15:20.631 +02:00 [INF] Content root path: C:\Users\Admin\Documents\projects\LibrarySystem\CatalogService\CatalogService.Api
2025-11-25 00:15:26.856 +02:00 [INF] Request starting HTTP/1.1 GET http://localhost:5180/api/genres - null null
2025-11-25 00:15:26.856 +02:00 [INF] Request starting HTTP/1.1 GET http://localhost:5180/api/authors - null null
2025-11-25 00:15:26.856 +02:00 [INF] Request starting HTTP/1.1 GET http://localhost:5180/api/books - null null
2025-11-25 00:15:26.926 +02:00 [INF] Executing endpoint 'CatalogService.Api.Controllers.GenresController.GetAll (CatalogService.Api)'
2025-11-25 00:15:26.926 +02:00 [INF] Executing endpoint 'CatalogService.Api.Controllers.AuthorsController.GetAll (CatalogService.Api)'
2025-11-25 00:15:26.926 +02:00 [INF] Executing endpoint 'CatalogService.Api.Controllers.BooksController.GetAll (CatalogService.Api)'
2025-11-25 00:15:26.955 +02:00 [INF] Route matched with {action = "GetAll", controller = "Books"}. Executing controller action with signature System.Threading.Tasks.Task`1[Microsoft.AspNetCore.Mvc.IActionResult] GetAll() on controller CatalogService.Api.Controllers.BooksController (CatalogService.Api).
2025-11-25 00:15:26.955 +02:00 [INF] Route matched with {action = "GetAll", controller = "Genres"}. Executing controller action with signature System.Threading.Tasks.Task`1[Microsoft.AspNetCore.Mvc.IActionResult] GetAll() on controller CatalogService.Api.Controllers.GenresController (CatalogService.Api).
2025-11-25 00:15:26.955 +02:00 [INF] Route matched with {action = "GetAll", controller = "Authors"}. Executing controller action with signature System.Threading.Tasks.Task`1[Microsoft.AspNetCore.Mvc.IActionResult] GetAll() on controller CatalogService.Api.Controllers.AuthorsController (CatalogService.Api).
2025-11-25 00:15:28.601 +02:00 [INF] Executed DbCommand (30ms) [Parameters=[], CommandType='"Text"', CommandTimeout='30']
SELECT g.id, g.name
FROM genres AS g
2025-11-25 00:15:28.601 +02:00 [INF] Executed DbCommand (30ms) [Parameters=[], CommandType='"Text"', CommandTimeout='30']
SELECT a.id, a.name
FROM authors AS a
2025-11-25 00:15:28.601 +02:00 [INF] Executed DbCommand (30ms) [Parameters=[], CommandType='"Text"', CommandTimeout='30']
SELECT b.id, b.authorid, b.genreid, b.title, a.id, a.name, g.id, g.name
FROM books AS b
INNER JOIN authors AS a ON b.authorid = a.id
INNER JOIN genres AS g ON b.genreid = g.id
2025-11-25 00:15:28.753 +02:00 [INF] Executing OkObjectResult, writing value of type 'System.Collections.Generic.List`1[[CatalogService.Bll.Dtos.BookDto, CatalogService.Bll, Version=1.0.0.0, Culture=neutral, PublicKeyToken=null]]'.
2025-11-25 00:15:28.755 +02:00 [INF] Executing OkObjectResult, writing value of type 'System.Collections.Generic.List`1[[CatalogService.Bll.Dtos.AuthorDto, CatalogService.Bll, Version=1.0.0.0, Culture=neutral, PublicKeyToken=null]]'.
2025-11-25 00:15:28.755 +02:00 [INF] Executing OkObjectResult, writing value of type 'System.Collections.Generic.List`1[[CatalogService.Bll.Dtos.GenreDto, CatalogService.Bll, Version=1.0.0.0, Culture=neutral, PublicKeyToken=null]]'.
2025-11-25 00:15:28.804 +02:00 [INF] Executed action CatalogService.Api.Controllers.GenresController.GetAll (CatalogService.Api) in 1831.6153ms
2025-11-25 00:15:28.804 +02:00 [INF] Executed action CatalogService.Api.Controllers.BooksController.GetAll (CatalogService.Api) in 1836.9167ms
2025-11-25 00:15:28.804 +02:00 [INF] Executed action CatalogService.Api.Controllers.AuthorsController.GetAll (CatalogService.Api) in 1826.4117ms
2025-11-25 00:15:28.810 +02:00 [INF] Request starting HTTP/1.1 GET http://localhost:5180/api/books - null null
2025-11-25 00:15:28.810 +02:00 [INF] Request starting HTTP/1.1 GET http://localhost:5180/api/genres - null null
2025-11-25 00:15:28.810 +02:00 [INF] Request starting HTTP/1.1 GET http://localhost:5180/api/authors - null null
2025-11-25 00:15:28.813 +02:00 [INF] Executed endpoint 'CatalogService.Api.Controllers.GenresController.GetAll (CatalogService.Api)'
2025-11-25 00:15:28.816 +02:00 [INF] Executed endpoint 'CatalogService.Api.Controllers.BooksController.GetAll (CatalogService.Api)'
2025-11-25 00:15:28.820 +02:00 [INF] Executed endpoint 'CatalogService.Api.Controllers.AuthorsController.GetAll (CatalogService.Api)'
2025-11-25 00:15:28.829 +02:00 [INF] Executing endpoint 'CatalogService.Api.Controllers.BooksController.GetAll (CatalogService.Api)'
2025-11-25 00:15:28.832 +02:00 [INF] Executing endpoint 'CatalogService.Api.Controllers.GenresController.GetAll (CatalogService.Api)'
2025-11-25 00:15:28.840 +02:00 [INF] Executing endpoint 'CatalogService.Api.Controllers.AuthorsController.GetAll (CatalogService.Api)'
2025-11-25 00:15:28.851 +02:00 [INF] Route matched with {action = "GetAll", controller = "Books"}. Executing controller action with signature System.Threading.Tasks.Task`1[Microsoft.AspNetCore.Mvc.IActionResult] GetAll() on controller CatalogService.Api.Controllers.BooksController (CatalogService.Api).
2025-11-25 00:15:28.853 +02:00 [INF] Route matched with {action = "GetAll", controller = "Genres"}. Executing controller action with signature System.Threading.Tasks.Task`1[Microsoft.AspNetCore.Mvc.IActionResult] GetAll() on controller CatalogService.Api.Controllers.GenresController (CatalogService.Api).
2025-11-25 00:15:28.853 +02:00 [INF] Request finished HTTP/1.1 GET http://localhost:5180/api/books - 200 null application/json; charset=utf-8 2000.7151ms
2025-11-25 00:15:28.853 +02:00 [INF] Request finished HTTP/1.1 GET http://localhost:5180/api/genres - 200 null application/json; charset=utf-8 2000.6753ms
2025-11-25 00:15:28.853 +02:00 [INF] Request finished HTTP/1.1 GET http://localhost:5180/api/authors - 200 null application/json; charset=utf-8 2000.7144ms
2025-11-25 00:15:28.856 +02:00 [INF] Route matched with {action = "GetAll", controller = "Authors"}. Executing controller action with signature System.Threading.Tasks.Task`1[Microsoft.AspNetCore.Mvc.IActionResult] GetAll() on controller CatalogService.Api.Controllers.AuthorsController (CatalogService.Api).
2025-11-25 00:15:28.927 +02:00 [INF] Executed DbCommand (4ms) [Parameters=[], CommandType='"Text"', CommandTimeout='30']
SELECT g.id, g.name
FROM genres AS g
2025-11-25 00:15:28.927 +02:00 [INF] Executed DbCommand (4ms) [Parameters=[], CommandType='"Text"', CommandTimeout='30']
SELECT a.id, a.name
FROM authors AS a
2025-11-25 00:15:28.927 +02:00 [INF] Executed DbCommand (2ms) [Parameters=[], CommandType='"Text"', CommandTimeout='30']
SELECT b.id, b.authorid, b.genreid, b.title, a.id, a.name, g.id, g.name
FROM books AS b
INNER JOIN authors AS a ON b.authorid = a.id
INNER JOIN genres AS g ON b.genreid = g.id
2025-11-25 00:15:28.933 +02:00 [INF] Executing OkObjectResult, writing value of type 'System.Collections.Generic.List`1[[CatalogService.Bll.Dtos.GenreDto, CatalogService.Bll, Version=1.0.0.0, Culture=neutral, PublicKeyToken=null]]'.
2025-11-25 00:15:28.936 +02:00 [INF] Executing OkObjectResult, writing value of type 'System.Collections.Generic.List`1[[CatalogService.Bll.Dtos.AuthorDto, CatalogService.Bll, Version=1.0.0.0, Culture=neutral, PublicKeyToken=null]]'.
2025-11-25 00:15:28.940 +02:00 [INF] Executing OkObjectResult, writing value of type 'System.Collections.Generic.List`1[[CatalogService.Bll.Dtos.BookDto, CatalogService.Bll, Version=1.0.0.0, Culture=neutral, PublicKeyToken=null]]'.
2025-11-25 00:15:28.942 +02:00 [INF] Executed action CatalogService.Api.Controllers.GenresController.GetAll (CatalogService.Api) in 79.5526ms
2025-11-25 00:15:28.944 +02:00 [INF] Executed action CatalogService.Api.Controllers.AuthorsController.GetAll (CatalogService.Api) in 57.9908ms
2025-11-25 00:15:28.946 +02:00 [INF] Executed action CatalogService.Api.Controllers.BooksController.GetAll (CatalogService.Api) in 86.914ms
2025-11-25 00:15:28.948 +02:00 [INF] Executed endpoint 'CatalogService.Api.Controllers.GenresController.GetAll (CatalogService.Api)'
2025-11-25 00:15:28.950 +02:00 [INF] Executed endpoint 'CatalogService.Api.Controllers.AuthorsController.GetAll (CatalogService.Api)'
2025-11-25 00:15:28.952 +02:00 [INF] Executed endpoint 'CatalogService.Api.Controllers.BooksController.GetAll (CatalogService.Api)'
2025-11-25 00:15:28.954 +02:00 [INF] Request finished HTTP/1.1 GET http://localhost:5180/api/genres - 200 null application/json; charset=utf-8 143.5752ms
2025-11-25 00:15:28.955 +02:00 [INF] Request finished HTTP/1.1 GET http://localhost:5180/api/authors - 200 null application/json; charset=utf-8 145.0831ms
2025-11-25 00:15:28.957 +02:00 [INF] Request finished HTTP/1.1 GET http://localhost:5180/api/books - 200 null application/json; charset=utf-8 146.9496ms
2025-11-25 00:15:34.001 +02:00 [INF] Request starting HTTP/1.1 GET http://localhost:5180/api/books/2 - null null
2025-11-25 00:15:34.009 +02:00 [INF] Executing endpoint 'CatalogService.Api.Controllers.BooksController.GetById (CatalogService.Api)'
2025-11-25 00:15:34.039 +02:00 [INF] Route matched with {action = "GetById", controller = "Books"}. Executing controller action with signature System.Threading.Tasks.Task`1[Microsoft.AspNetCore.Mvc.IActionResult] GetById(Int32) on controller CatalogService.Api.Controllers.BooksController (CatalogService.Api).
2025-11-25 00:15:34.154 +02:00 [INF] Executed DbCommand (15ms) [Parameters=[@__id_0='?' (DbType = Int32)], CommandType='"Text"', CommandTimeout='30']
SELECT b.id, b.authorid, b.genreid, b.title, a.id, a.name, g.id, g.name
FROM books AS b
INNER JOIN authors AS a ON b.authorid = a.id
INNER JOIN genres AS g ON b.genreid = g.id
WHERE b.id = @__id_0
LIMIT 1
2025-11-25 00:15:34.166 +02:00 [INF] Executing OkObjectResult, writing value of type 'CatalogService.Bll.Dtos.BookDto'.
2025-11-25 00:15:34.170 +02:00 [INF] Executed action CatalogService.Api.Controllers.BooksController.GetById (CatalogService.Api) in 124.6068ms
2025-11-25 00:15:34.173 +02:00 [INF] Executed endpoint 'CatalogService.Api.Controllers.BooksController.GetById (CatalogService.Api)'
2025-11-25 00:15:34.176 +02:00 [INF] Request finished HTTP/1.1 GET http://localhost:5180/api/books/2 - 200 null application/json; charset=utf-8 174.2879ms
2025-11-25 00:15:34.315 +02:00 [INF] Request starting HTTP/1.1 GET http://localhost:5180/api/books - null null
2025-11-25 00:15:34.315 +02:00 [INF] Request starting HTTP/1.1 GET http://localhost:5180/api/authors - null null
2025-11-25 00:15:34.316 +02:00 [INF] Request starting HTTP/1.1 GET http://localhost:5180/api/genres - null null
2025-11-25 00:15:34.320 +02:00 [INF] Executing endpoint 'CatalogService.Api.Controllers.BooksController.GetAll (CatalogService.Api)'
2025-11-25 00:15:34.328 +02:00 [INF] Executing endpoint 'CatalogService.Api.Controllers.AuthorsController.GetAll (CatalogService.Api)'
2025-11-25 00:15:34.334 +02:00 [INF] Executing endpoint 'CatalogService.Api.Controllers.GenresController.GetAll (CatalogService.Api)'
2025-11-25 00:15:34.337 +02:00 [INF] Route matched with {action = "GetAll", controller = "Books"}. Executing controller action with signature System.Threading.Tasks.Task`1[Microsoft.AspNetCore.Mvc.IActionResult] GetAll() on controller CatalogService.Api.Controllers.BooksController (CatalogService.Api).
2025-11-25 00:15:34.339 +02:00 [INF] Route matched with {action = "GetAll", controller = "Authors"}. Executing controller action with signature System.Threading.Tasks.Task`1[Microsoft.AspNetCore.Mvc.IActionResult] GetAll() on controller CatalogService.Api.Controllers.AuthorsController (CatalogService.Api).
2025-11-25 00:15:34.340 +02:00 [INF] Route matched with {action = "GetAll", controller = "Genres"}. Executing controller action with signature System.Threading.Tasks.Task`1[Microsoft.AspNetCore.Mvc.IActionResult] GetAll() on controller CatalogService.Api.Controllers.GenresController (CatalogService.Api).
2025-11-25 00:15:34.349 +02:00 [INF] Executed DbCommand (4ms) [Parameters=[], CommandType='"Text"', CommandTimeout='30']
SELECT b.id, b.authorid, b.genreid, b.title, a.id, a.name, g.id, g.name
FROM books AS b
INNER JOIN authors AS a ON b.authorid = a.id
INNER JOIN genres AS g ON b.genreid = g.id
2025-11-25 00:15:34.351 +02:00 [INF] Executed DbCommand (1ms) [Parameters=[], CommandType='"Text"', CommandTimeout='30']
SELECT a.id, a.name
FROM authors AS a
2025-11-25 00:15:34.354 +02:00 [INF] Executed DbCommand (1ms) [Parameters=[], CommandType='"Text"', CommandTimeout='30']
SELECT g.id, g.name
FROM genres AS g
2025-11-25 00:15:34.357 +02:00 [INF] Executing OkObjectResult, writing value of type 'System.Collections.Generic.List`1[[CatalogService.Bll.Dtos.BookDto, CatalogService.Bll, Version=1.0.0.0, Culture=neutral, PublicKeyToken=null]]'.
2025-11-25 00:15:34.361 +02:00 [INF] Executing OkObjectResult, writing value of type 'System.Collections.Generic.List`1[[CatalogService.Bll.Dtos.AuthorDto, CatalogService.Bll, Version=1.0.0.0, Culture=neutral, PublicKeyToken=null]]'.
2025-11-25 00:15:34.366 +02:00 [INF] Executing OkObjectResult, writing value of type 'System.Collections.Generic.List`1[[CatalogService.Bll.Dtos.GenreDto, CatalogService.Bll, Version=1.0.0.0, Culture=neutral, PublicKeyToken=null]]'.
2025-11-25 00:15:34.369 +02:00 [INF] Executed action CatalogService.Api.Controllers.BooksController.GetAll (CatalogService.Api) in 25.8473ms
2025-11-25 00:15:34.373 +02:00 [INF] Executed action CatalogService.Api.Controllers.AuthorsController.GetAll (CatalogService.Api) in 25.9015ms
2025-11-25 00:15:34.376 +02:00 [INF] Executed action CatalogService.Api.Controllers.GenresController.GetAll (CatalogService.Api) in 24.9271ms
2025-11-25 00:15:34.379 +02:00 [INF] Executed endpoint 'CatalogService.Api.Controllers.BooksController.GetAll (CatalogService.Api)'
2025-11-25 00:15:34.382 +02:00 [INF] Executed endpoint 'CatalogService.Api.Controllers.AuthorsController.GetAll (CatalogService.Api)'
2025-11-25 00:15:34.385 +02:00 [INF] Executed endpoint 'CatalogService.Api.Controllers.GenresController.GetAll (CatalogService.Api)'
2025-11-25 00:15:34.388 +02:00 [INF] Request finished HTTP/1.1 GET http://localhost:5180/api/books - 200 null application/json; charset=utf-8 72.8981ms
2025-11-25 00:15:34.390 +02:00 [INF] Request finished HTTP/1.1 GET http://localhost:5180/api/authors - 200 null application/json; charset=utf-8 74.6241ms
2025-11-25 00:15:34.392 +02:00 [INF] Request finished HTTP/1.1 GET http://localhost:5180/api/genres - 200 null application/json; charset=utf-8 76.5772ms
2025-11-25 00:18:40.208 +02:00 [INF] Now listening on: http://localhost:5180
2025-11-25 00:18:40.260 +02:00 [INF] Application started. Press Ctrl+C to shut down.
2025-11-25 00:18:40.262 +02:00 [INF] Hosting environment: Development
2025-11-25 00:18:40.264 +02:00 [INF] Content root path: C:\Users\Admin\Documents\projects\LibrarySystem\CatalogService\CatalogService.Api
2025-11-25 00:19:00.562 +02:00 [INF] Request starting HTTP/1.1 GET http://localhost:5180/api/genres - null null
2025-11-25 00:19:00.562 +02:00 [INF] Request starting HTTP/1.1 GET http://localhost:5180/api/authors - null null
2025-11-25 00:19:00.562 +02:00 [INF] Request starting HTTP/1.1 GET http://localhost:5180/api/books - null null
2025-11-25 00:19:00.631 +02:00 [INF] Executing endpoint 'CatalogService.Api.Controllers.GenresController.GetAll (CatalogService.Api)'
2025-11-25 00:19:00.631 +02:00 [INF] Executing endpoint 'CatalogService.Api.Controllers.AuthorsController.GetAll (CatalogService.Api)'
2025-11-25 00:19:00.631 +02:00 [INF] Executing endpoint 'CatalogService.Api.Controllers.BooksController.GetAll (CatalogService.Api)'
2025-11-25 00:19:00.660 +02:00 [INF] Route matched with {action = "GetAll", controller = "Authors"}. Executing controller action with signature System.Threading.Tasks.Task`1[Microsoft.AspNetCore.Mvc.IActionResult] GetAll() on controller CatalogService.Api.Controllers.AuthorsController (CatalogService.Api).
2025-11-25 00:19:00.660 +02:00 [INF] Route matched with {action = "GetAll", controller = "Genres"}. Executing controller action with signature System.Threading.Tasks.Task`1[Microsoft.AspNetCore.Mvc.IActionResult] GetAll() on controller CatalogService.Api.Controllers.GenresController (CatalogService.Api).
2025-11-25 00:19:00.660 +02:00 [INF] Route matched with {action = "GetAll", controller = "Books"}. Executing controller action with signature System.Threading.Tasks.Task`1[Microsoft.AspNetCore.Mvc.IActionResult] GetAll() on controller CatalogService.Api.Controllers.BooksController (CatalogService.Api).
2025-11-25 00:19:02.264 +02:00 [INF] Executed DbCommand (29ms) [Parameters=[], CommandType='"Text"', CommandTimeout='30']
SELECT b.id, b.authorid, b.genreid, b.title, a.id, a.name, g.id, g.name
FROM books AS b
INNER JOIN authors AS a ON b.authorid = a.id
INNER JOIN genres AS g ON b.genreid = g.id
2025-11-25 00:19:02.264 +02:00 [INF] Executed DbCommand (29ms) [Parameters=[], CommandType='"Text"', CommandTimeout='30']
SELECT g.id, g.name
FROM genres AS g
2025-11-25 00:19:02.264 +02:00 [INF] Executed DbCommand (29ms) [Parameters=[], CommandType='"Text"', CommandTimeout='30']
SELECT a.id, a.name
FROM authors AS a
2025-11-25 00:19:02.417 +02:00 [INF] Executing OkObjectResult, writing value of type 'System.Collections.Generic.List`1[[CatalogService.Bll.Dtos.BookDto, CatalogService.Bll, Version=1.0.0.0, Culture=neutral, PublicKeyToken=null]]'.
2025-11-25 00:19:02.420 +02:00 [INF] Executing OkObjectResult, writing value of type 'System.Collections.Generic.List`1[[CatalogService.Bll.Dtos.GenreDto, CatalogService.Bll, Version=1.0.0.0, Culture=neutral, PublicKeyToken=null]]'.
2025-11-25 00:19:02.420 +02:00 [INF] Executing OkObjectResult, writing value of type 'System.Collections.Generic.List`1[[CatalogService.Bll.Dtos.AuthorDto, CatalogService.Bll, Version=1.0.0.0, Culture=neutral, PublicKeyToken=null]]'.
2025-11-25 00:19:02.466 +02:00 [INF] Executed action CatalogService.Api.Controllers.AuthorsController.GetAll (CatalogService.Api) in 1794.7955ms
2025-11-25 00:19:02.466 +02:00 [INF] Executed action CatalogService.Api.Controllers.GenresController.GetAll (CatalogService.Api) in 1791.1429ms
2025-11-25 00:19:02.466 +02:00 [INF] Executed action CatalogService.Api.Controllers.BooksController.GetAll (CatalogService.Api) in 1785.982ms
2025-11-25 00:19:02.472 +02:00 [INF] Request starting HTTP/1.1 GET http://localhost:5180/api/genres - null null
2025-11-25 00:19:02.472 +02:00 [INF] Request starting HTTP/1.1 GET http://localhost:5180/api/authors - null null
2025-11-25 00:19:02.472 +02:00 [INF] Request starting HTTP/1.1 GET http://localhost:5180/api/books - null null
2025-11-25 00:19:02.476 +02:00 [INF] Executed endpoint 'CatalogService.Api.Controllers.AuthorsController.GetAll (CatalogService.Api)'
2025-11-25 00:19:02.479 +02:00 [INF] Executed endpoint 'CatalogService.Api.Controllers.GenresController.GetAll (CatalogService.Api)'
2025-11-25 00:19:02.482 +02:00 [INF] Executed endpoint 'CatalogService.Api.Controllers.BooksController.GetAll (CatalogService.Api)'
2025-11-25 00:19:02.494 +02:00 [INF] Executing endpoint 'CatalogService.Api.Controllers.GenresController.GetAll (CatalogService.Api)'
2025-11-25 00:19:02.497 +02:00 [INF] Executing endpoint 'CatalogService.Api.Controllers.AuthorsController.GetAll (CatalogService.Api)'
2025-11-25 00:19:02.505 +02:00 [INF] Executing endpoint 'CatalogService.Api.Controllers.BooksController.GetAll (CatalogService.Api)'
2025-11-25 00:19:02.517 +02:00 [INF] Route matched with {action = "GetAll", controller = "Genres"}. Executing controller action with signature System.Threading.Tasks.Task`1[Microsoft.AspNetCore.Mvc.IActionResult] GetAll() on controller CatalogService.Api.Controllers.GenresController (CatalogService.Api).
2025-11-25 00:19:02.520 +02:00 [INF] Request finished HTTP/1.1 GET http://localhost:5180/api/genres - 200 null application/json; charset=utf-8 1960.9246ms
2025-11-25 00:19:02.520 +02:00 [INF] Request finished HTTP/1.1 GET http://localhost:5180/api/authors - 200 null application/json; charset=utf-8 1960.9074ms
2025-11-25 00:19:02.520 +02:00 [INF] Request finished HTTP/1.1 GET http://localhost:5180/api/books - 200 null application/json; charset=utf-8 1960.8971ms
2025-11-25 00:19:02.520 +02:00 [INF] Route matched with {action = "GetAll", controller = "Authors"}. Executing controller action with signature System.Threading.Tasks.Task`1[Microsoft.AspNetCore.Mvc.IActionResult] GetAll() on controller CatalogService.Api.Controllers.AuthorsController (CatalogService.Api).
2025-11-25 00:19:02.523 +02:00 [INF] Route matched with {action = "GetAll", controller = "Books"}. Executing controller action with signature System.Threading.Tasks.Task`1[Microsoft.AspNetCore.Mvc.IActionResult] GetAll() on controller CatalogService.Api.Controllers.BooksController (CatalogService.Api).
2025-11-25 00:19:02.617 +02:00 [INF] Executed DbCommand (6ms) [Parameters=[], CommandType='"Text"', CommandTimeout='30']
SELECT a.id, a.name
FROM authors AS a
2025-11-25 00:19:02.617 +02:00 [INF] Executed DbCommand (6ms) [Parameters=[], CommandType='"Text"', CommandTimeout='30']
SELECT g.id, g.name
FROM genres AS g
2025-11-25 00:19:02.617 +02:00 [INF] Executed DbCommand (3ms) [Parameters=[], CommandType='"Text"', CommandTimeout='30']
SELECT b.id, b.authorid, b.genreid, b.title, a.id, a.name, g.id, g.name
FROM books AS b
INNER JOIN authors AS a ON b.authorid = a.id
INNER JOIN genres AS g ON b.genreid = g.id
2025-11-25 00:19:02.626 +02:00 [INF] Executing OkObjectResult, writing value of type 'System.Collections.Generic.List`1[[CatalogService.Bll.Dtos.AuthorDto, CatalogService.Bll, Version=1.0.0.0, Culture=neutral, PublicKeyToken=null]]'.
2025-11-25 00:19:02.631 +02:00 [INF] Executing OkObjectResult, writing value of type 'System.Collections.Generic.List`1[[CatalogService.Bll.Dtos.GenreDto, CatalogService.Bll, Version=1.0.0.0, Culture=neutral, PublicKeyToken=null]]'.
2025-11-25 00:19:02.638 +02:00 [INF] Executing OkObjectResult, writing value of type 'System.Collections.Generic.List`1[[CatalogService.Bll.Dtos.BookDto, CatalogService.Bll, Version=1.0.0.0, Culture=neutral, PublicKeyToken=null]]'.
2025-11-25 00:19:02.641 +02:00 [INF] Executed action CatalogService.Api.Controllers.AuthorsController.GetAll (CatalogService.Api) in 93.0547ms
2025-11-25 00:19:02.645 +02:00 [INF] Executed action CatalogService.Api.Controllers.GenresController.GetAll (CatalogService.Api) in 117.9527ms
2025-11-25 00:19:02.649 +02:00 [INF] Executed action CatalogService.Api.Controllers.BooksController.GetAll (CatalogService.Api) in 96.7153ms
2025-11-25 00:19:02.651 +02:00 [INF] Executed endpoint 'CatalogService.Api.Controllers.AuthorsController.GetAll (CatalogService.Api)'
2025-11-25 00:19:02.654 +02:00 [INF] Executed endpoint 'CatalogService.Api.Controllers.GenresController.GetAll (CatalogService.Api)'
2025-11-25 00:19:02.656 +02:00 [INF] Executed endpoint 'CatalogService.Api.Controllers.BooksController.GetAll (CatalogService.Api)'
2025-11-25 00:19:02.658 +02:00 [INF] Request finished HTTP/1.1 GET http://localhost:5180/api/authors - 200 null application/json; charset=utf-8 185.9792ms
2025-11-25 00:19:02.660 +02:00 [INF] Request finished HTTP/1.1 GET http://localhost:5180/api/genres - 200 null application/json; charset=utf-8 188.035ms
2025-11-25 00:19:02.663 +02:00 [INF] Request finished HTTP/1.1 GET http://localhost:5180/api/books - 200 null application/json; charset=utf-8 190.2336ms
2025-11-25 00:19:08.259 +02:00 [INF] Request starting HTTP/1.1 GET http://localhost:5180/api/books/3 - null null
2025-11-25 00:19:08.268 +02:00 [INF] Executing endpoint 'CatalogService.Api.Controllers.BooksController.GetById (CatalogService.Api)'
2025-11-25 00:19:08.282 +02:00 [INF] Route matched with {action = "GetById", controller = "Books"}. Executing controller action with signature System.Threading.Tasks.Task`1[Microsoft.AspNetCore.Mvc.IActionResult] GetById(Int32) on controller CatalogService.Api.Controllers.BooksController (CatalogService.Api).
2025-11-25 00:19:08.448 +02:00 [INF] Executed DbCommand (21ms) [Parameters=[@__id_0='?' (DbType = Int32)], CommandType='"Text"', CommandTimeout='30']
SELECT b.id, b.authorid, b.genreid, b.title, a.id, a.name, g.id, g.name
FROM books AS b
INNER JOIN authors AS a ON b.authorid = a.id
INNER JOIN genres AS g ON b.genreid = g.id
WHERE b.id = @__id_0
LIMIT 1
2025-11-25 00:19:08.461 +02:00 [INF] Executing OkObjectResult, writing value of type 'CatalogService.Bll.Dtos.BookDto'.
2025-11-25 00:19:08.468 +02:00 [INF] Executed action CatalogService.Api.Controllers.BooksController.GetById (CatalogService.Api) in 178.5183ms
2025-11-25 00:19:08.471 +02:00 [INF] Executed endpoint 'CatalogService.Api.Controllers.BooksController.GetById (CatalogService.Api)'
2025-11-25 00:19:08.474 +02:00 [INF] Request finished HTTP/1.1 GET http://localhost:5180/api/books/3 - 200 null application/json; charset=utf-8 215.4578ms
2025-11-25 00:19:08.597 +02:00 [INF] Request starting HTTP/1.1 GET http://localhost:5180/api/books - null null
2025-11-25 00:19:08.597 +02:00 [INF] Request starting HTTP/1.1 GET http://localhost:5180/api/authors - null null
2025-11-25 00:19:08.597 +02:00 [INF] Request starting HTTP/1.1 GET http://localhost:5180/api/genres - null null
2025-11-25 00:19:08.603 +02:00 [INF] Executing endpoint 'CatalogService.Api.Controllers.BooksController.GetAll (CatalogService.Api)'
2025-11-25 00:19:08.609 +02:00 [INF] Executing endpoint 'CatalogService.Api.Controllers.AuthorsController.GetAll (CatalogService.Api)'
2025-11-25 00:19:08.615 +02:00 [INF] Executing endpoint 'CatalogService.Api.Controllers.GenresController.GetAll (CatalogService.Api)'
2025-11-25 00:19:08.618 +02:00 [INF] Route matched with {action = "GetAll", controller = "Books"}. Executing controller action with signature System.Threading.Tasks.Task`1[Microsoft.AspNetCore.Mvc.IActionResult] GetAll() on controller CatalogService.Api.Controllers.BooksController (CatalogService.Api).
2025-11-25 00:19:08.621 +02:00 [INF] Route matched with {action = "GetAll", controller = "Authors"}. Executing controller action with signature System.Threading.Tasks.Task`1[Microsoft.AspNetCore.Mvc.IActionResult] GetAll() on controller CatalogService.Api.Controllers.AuthorsController (CatalogService.Api).
2025-11-25 00:19:08.624 +02:00 [INF] Route matched with {action = "GetAll", controller = "Genres"}. Executing controller action with signature System.Threading.Tasks.Task`1[Microsoft.AspNetCore.Mvc.IActionResult] GetAll() on controller CatalogService.Api.Controllers.GenresController (CatalogService.Api).
2025-11-25 00:19:08.635 +02:00 [INF] Executed DbCommand (3ms) [Parameters=[], CommandType='"Text"', CommandTimeout='30']
SELECT b.id, b.authorid, b.genreid, b.title, a.id, a.name, g.id, g.name
FROM books AS b
INNER JOIN authors AS a ON b.authorid = a.id
INNER JOIN genres AS g ON b.genreid = g.id
2025-11-25 00:19:08.639 +02:00 [INF] Executed DbCommand (1ms) [Parameters=[], CommandType='"Text"', CommandTimeout='30']
SELECT a.id, a.name
FROM authors AS a
2025-11-25 00:19:08.644 +02:00 [INF] Executed DbCommand (1ms) [Parameters=[], CommandType='"Text"', CommandTimeout='30']
SELECT g.id, g.name
FROM genres AS g
2025-11-25 00:19:08.648 +02:00 [INF] Executing OkObjectResult, writing value of type 'System.Collections.Generic.List`1[[CatalogService.Bll.Dtos.BookDto, CatalogService.Bll, Version=1.0.0.0, Culture=neutral, PublicKeyToken=null]]'.
2025-11-25 00:19:08.654 +02:00 [INF] Executing OkObjectResult, writing value of type 'System.Collections.Generic.List`1[[CatalogService.Bll.Dtos.AuthorDto, CatalogService.Bll, Version=1.0.0.0, Culture=neutral, PublicKeyToken=null]]'.
2025-11-25 00:19:08.661 +02:00 [INF] Executing OkObjectResult, writing value of type 'System.Collections.Generic.List`1[[CatalogService.Bll.Dtos.GenreDto, CatalogService.Bll, Version=1.0.0.0, Culture=neutral, PublicKeyToken=null]]'.
2025-11-25 00:19:08.664 +02:00 [INF] Executed action CatalogService.Api.Controllers.BooksController.GetAll (CatalogService.Api) in 34.2955ms
2025-11-25 00:19:08.668 +02:00 [INF] Executed action CatalogService.Api.Controllers.AuthorsController.GetAll (CatalogService.Api) in 32.6837ms
2025-11-25 00:19:08.672 +02:00 [INF] Executed action CatalogService.Api.Controllers.GenresController.GetAll (CatalogService.Api) in 31.4828ms
2025-11-25 00:19:08.676 +02:00 [INF] Executed endpoint 'CatalogService.Api.Controllers.BooksController.GetAll (CatalogService.Api)'
2025-11-25 00:19:08.679 +02:00 [INF] Executed endpoint 'CatalogService.Api.Controllers.AuthorsController.GetAll (CatalogService.Api)'
2025-11-25 00:19:08.682 +02:00 [INF] Executed endpoint 'CatalogService.Api.Controllers.GenresController.GetAll (CatalogService.Api)'
2025-11-25 00:19:08.685 +02:00 [INF] Request finished HTTP/1.1 GET http://localhost:5180/api/books - 200 null application/json; charset=utf-8 87.731ms
2025-11-25 00:19:08.688 +02:00 [INF] Request finished HTTP/1.1 GET http://localhost:5180/api/authors - 200 null application/json; charset=utf-8 90.6685ms
2025-11-25 00:19:08.691 +02:00 [INF] Request finished HTTP/1.1 GET http://localhost:5180/api/genres - 200 null application/json; charset=utf-8 93.1916ms
2025-11-25 00:25:35.110 +02:00 [INF] Now listening on: http://localhost:5180
2025-11-25 00:25:35.181 +02:00 [INF] Application started. Press Ctrl+C to shut down.
2025-11-25 00:25:35.183 +02:00 [INF] Hosting environment: Development
2025-11-25 00:25:35.185 +02:00 [INF] Content root path: C:\Users\Admin\Documents\projects\LibrarySystem\CatalogService\CatalogService.Api
2025-11-25 00:25:42.778 +02:00 [INF] Request starting HTTP/1.1 GET http://localhost:5180/api/genres - null null
2025-11-25 00:25:42.778 +02:00 [INF] Request starting HTTP/1.1 GET http://localhost:5180/api/authors - null null
2025-11-25 00:25:42.778 +02:00 [INF] Request starting HTTP/1.1 GET http://localhost:5180/api/books - null null
2025-11-25 00:25:42.837 +02:00 [INF] Executing endpoint 'CatalogService.Api.Controllers.BooksController.GetAll (CatalogService.Api)'
2025-11-25 00:25:42.837 +02:00 [INF] Executing endpoint 'CatalogService.Api.Controllers.AuthorsController.GetAll (CatalogService.Api)'
2025-11-25 00:25:42.837 +02:00 [INF] Executing endpoint 'CatalogService.Api.Controllers.GenresController.GetAll (CatalogService.Api)'
2025-11-25 00:25:42.858 +02:00 [INF] Route matched with {action = "GetAll", controller = "Authors"}. Executing controller action with signature System.Threading.Tasks.Task`1[Microsoft.AspNetCore.Mvc.IActionResult] GetAll() on controller CatalogService.Api.Controllers.AuthorsController (CatalogService.Api).
2025-11-25 00:25:42.858 +02:00 [INF] Route matched with {action = "GetAll", controller = "Genres"}. Executing controller action with signature System.Threading.Tasks.Task`1[Microsoft.AspNetCore.Mvc.IActionResult] GetAll() on controller CatalogService.Api.Controllers.GenresController (CatalogService.Api).
2025-11-25 00:25:42.858 +02:00 [INF] Route matched with {action = "GetAll", controller = "Books"}. Executing controller action with signature System.Threading.Tasks.Task`1[Microsoft.AspNetCore.Mvc.IActionResult] GetAll() on controller CatalogService.Api.Controllers.BooksController (CatalogService.Api).
2025-11-25 00:25:44.593 +02:00 [INF] Executed DbCommand (40ms) [Parameters=[], CommandType='"Text"', CommandTimeout='30']
SELECT a.id, a.name
FROM authors AS a
2025-11-25 00:25:44.593 +02:00 [INF] Executed DbCommand (40ms) [Parameters=[], CommandType='"Text"', CommandTimeout='30']
SELECT b.id, b.authorid, b.genreid, b.title, a.id, a.name, g.id, g.name
FROM books AS b
INNER JOIN authors AS a ON b.authorid = a.id
INNER JOIN genres AS g ON b.genreid = g.id
2025-11-25 00:25:44.593 +02:00 [INF] Executed DbCommand (40ms) [Parameters=[], CommandType='"Text"', CommandTimeout='30']
SELECT g.id, g.name
FROM genres AS g
2025-11-25 00:25:44.768 +02:00 [INF] Executing OkObjectResult, writing value of type 'System.Collections.Generic.List`1[[CatalogService.Bll.Dtos.GenreDto, CatalogService.Bll, Version=1.0.0.0, Culture=neutral, PublicKeyToken=null]]'.
2025-11-25 00:25:44.768 +02:00 [INF] Executing OkObjectResult, writing value of type 'System.Collections.Generic.List`1[[CatalogService.Bll.Dtos.BookDto, CatalogService.Bll, Version=1.0.0.0, Culture=neutral, PublicKeyToken=null]]'.
2025-11-25 00:25:44.768 +02:00 [INF] Executing OkObjectResult, writing value of type 'System.Collections.Generic.List`1[[CatalogService.Bll.Dtos.AuthorDto, CatalogService.Bll, Version=1.0.0.0, Culture=neutral, PublicKeyToken=null]]'.
2025-11-25 00:25:44.830 +02:00 [INF] Executed action CatalogService.Api.Controllers.GenresController.GetAll (CatalogService.Api) in 1960.8394ms
2025-11-25 00:25:44.830 +02:00 [INF] Executed action CatalogService.Api.Controllers.AuthorsController.GetAll (CatalogService.Api) in 1963.0799ms
2025-11-25 00:25:44.830 +02:00 [INF] Executed action CatalogService.Api.Controllers.BooksController.GetAll (CatalogService.Api) in 1957.0217ms
2025-11-25 00:25:44.837 +02:00 [INF] Request starting HTTP/1.1 GET http://localhost:5180/api/genres - null null
2025-11-25 00:25:44.837 +02:00 [INF] Request starting HTTP/1.1 GET http://localhost:5180/api/authors - null null
2025-11-25 00:25:44.837 +02:00 [INF] Request starting HTTP/1.1 GET http://localhost:5180/api/books - null null
2025-11-25 00:25:44.839 +02:00 [INF] Executed endpoint 'CatalogService.Api.Controllers.GenresController.GetAll (CatalogService.Api)'
2025-11-25 00:25:44.842 +02:00 [INF] Executed endpoint 'CatalogService.Api.Controllers.AuthorsController.GetAll (CatalogService.Api)'
2025-11-25 00:25:44.844 +02:00 [INF] Executed endpoint 'CatalogService.Api.Controllers.BooksController.GetAll (CatalogService.Api)'
2025-11-25 00:25:44.853 +02:00 [INF] Executing endpoint 'CatalogService.Api.Controllers.GenresController.GetAll (CatalogService.Api)'
2025-11-25 00:25:44.856 +02:00 [INF] Executing endpoint 'CatalogService.Api.Controllers.AuthorsController.GetAll (CatalogService.Api)'
2025-11-25 00:25:44.862 +02:00 [INF] Executing endpoint 'CatalogService.Api.Controllers.BooksController.GetAll (CatalogService.Api)'
2025-11-25 00:25:44.874 +02:00 [INF] Route matched with {action = "GetAll", controller = "Genres"}. Executing controller action with signature System.Threading.Tasks.Task`1[Microsoft.AspNetCore.Mvc.IActionResult] GetAll() on controller CatalogService.Api.Controllers.GenresController (CatalogService.Api).
2025-11-25 00:25:44.877 +02:00 [INF] Route matched with {action = "GetAll", controller = "Authors"}. Executing controller action with signature System.Threading.Tasks.Task`1[Microsoft.AspNetCore.Mvc.IActionResult] GetAll() on controller CatalogService.Api.Controllers.AuthorsController (CatalogService.Api).
2025-11-25 00:25:44.878 +02:00 [INF] Request finished HTTP/1.1 GET http://localhost:5180/api/genres - 200 null application/json; charset=utf-8 2103.2849ms
2025-11-25 00:25:44.878 +02:00 [INF] Request finished HTTP/1.1 GET http://localhost:5180/api/books - 200 null application/json; charset=utf-8 2103.2909ms
2025-11-25 00:25:44.878 +02:00 [INF] Request finished HTTP/1.1 GET http://localhost:5180/api/authors - 200 null application/json; charset=utf-8 2103.3001ms
2025-11-25 00:25:44.879 +02:00 [INF] Route matched with {action = "GetAll", controller = "Books"}. Executing controller action with signature System.Threading.Tasks.Task`1[Microsoft.AspNetCore.Mvc.IActionResult] GetAll() on controller CatalogService.Api.Controllers.BooksController (CatalogService.Api).
2025-11-25 00:25:44.967 +02:00 [INF] Executed DbCommand (5ms) [Parameters=[], CommandType='"Text"', CommandTimeout='30']
SELECT g.id, g.name
FROM genres AS g
2025-11-25 00:25:44.967 +02:00 [INF] Executed DbCommand (5ms) [Parameters=[], CommandType='"Text"', CommandTimeout='30']
SELECT a.id, a.name
FROM authors AS a
2025-11-25 00:25:44.967 +02:00 [INF] Executed DbCommand (3ms) [Parameters=[], CommandType='"Text"', CommandTimeout='30']
SELECT b.id, b.authorid, b.genreid, b.title, a.id, a.name, g.id, g.name
FROM books AS b
INNER JOIN authors AS a ON b.authorid = a.id
INNER JOIN genres AS g ON b.genreid = g.id
2025-11-25 00:25:44.973 +02:00 [INF] Executing OkObjectResult, writing value of type 'System.Collections.Generic.List`1[[CatalogService.Bll.Dtos.GenreDto, CatalogService.Bll, Version=1.0.0.0, Culture=neutral, PublicKeyToken=null]]'.
2025-11-25 00:25:44.977 +02:00 [INF] Executing OkObjectResult, writing value of type 'System.Collections.Generic.List`1[[CatalogService.Bll.Dtos.AuthorDto, CatalogService.Bll, Version=1.0.0.0, Culture=neutral, PublicKeyToken=null]]'.
2025-11-25 00:25:44.980 +02:00 [INF] Executing OkObjectResult, writing value of type 'System.Collections.Generic.List`1[[CatalogService.Bll.Dtos.BookDto, CatalogService.Bll, Version=1.0.0.0, Culture=neutral, PublicKeyToken=null]]'.
2025-11-25 00:25:44.983 +02:00 [INF] Executed action CatalogService.Api.Controllers.GenresController.GetAll (CatalogService.Api) in 99.494ms
2025-11-25 00:25:44.985 +02:00 [INF] Executed action CatalogService.Api.Controllers.AuthorsController.GetAll (CatalogService.Api) in 98.7015ms
2025-11-25 00:25:44.989 +02:00 [INF] Executed action CatalogService.Api.Controllers.BooksController.GetAll (CatalogService.Api) in 80.0016ms
2025-11-25 00:25:44.992 +02:00 [INF] Executed endpoint 'CatalogService.Api.Controllers.GenresController.GetAll (CatalogService.Api)'
2025-11-25 00:25:44.995 +02:00 [INF] Executed endpoint 'CatalogService.Api.Controllers.AuthorsController.GetAll (CatalogService.Api)'
2025-11-25 00:25:44.997 +02:00 [INF] Executed endpoint 'CatalogService.Api.Controllers.BooksController.GetAll (CatalogService.Api)'
2025-11-25 00:25:44.999 +02:00 [INF] Request finished HTTP/1.1 GET http://localhost:5180/api/genres - 200 null application/json; charset=utf-8 162.7361ms
2025-11-25 00:25:45.002 +02:00 [INF] Request finished HTTP/1.1 GET http://localhost:5180/api/authors - 200 null application/json; charset=utf-8 165.6887ms
2025-11-25 00:25:45.006 +02:00 [INF] Request finished HTTP/1.1 GET http://localhost:5180/api/books - 200 null application/json; charset=utf-8 169.1422ms
2025-11-25 00:25:58.709 +02:00 [INF] Request starting HTTP/1.1 GET http://localhost:5180/api/books/4 - null null
2025-11-25 00:25:58.715 +02:00 [INF] Executing endpoint 'CatalogService.Api.Controllers.BooksController.GetById (CatalogService.Api)'
2025-11-25 00:25:58.725 +02:00 [INF] Route matched with {action = "GetById", controller = "Books"}. Executing controller action with signature System.Threading.Tasks.Task`1[Microsoft.AspNetCore.Mvc.IActionResult] GetById(Int32) on controller CatalogService.Api.Controllers.BooksController (CatalogService.Api).
2025-11-25 00:25:58.830 +02:00 [INF] Executed DbCommand (13ms) [Parameters=[@__id_0='?' (DbType = Int32)], CommandType='"Text"', CommandTimeout='30']
SELECT b.id, b.authorid, b.genreid, b.title, a.id, a.name, g.id, g.name
FROM books AS b
INNER JOIN authors AS a ON b.authorid = a.id
INNER JOIN genres AS g ON b.genreid = g.id
WHERE b.id = @__id_0
LIMIT 1
2025-11-25 00:25:58.842 +02:00 [INF] Executing OkObjectResult, writing value of type 'CatalogService.Bll.Dtos.BookDto'.
2025-11-25 00:25:58.847 +02:00 [INF] Executed action CatalogService.Api.Controllers.BooksController.GetById (CatalogService.Api) in 120.0696ms
2025-11-25 00:25:58.851 +02:00 [INF] Executed endpoint 'CatalogService.Api.Controllers.BooksController.GetById (CatalogService.Api)'
2025-11-25 00:25:58.854 +02:00 [INF] Request finished HTTP/1.1 GET http://localhost:5180/api/books/4 - 200 null application/json; charset=utf-8 145.4837ms
2025-11-25 00:25:58.977 +02:00 [INF] Request starting HTTP/1.1 GET http://localhost:5180/api/books - null null
2025-11-25 00:25:58.978 +02:00 [INF] Request starting HTTP/1.1 GET http://localhost:5180/api/authors - null null
2025-11-25 00:25:58.978 +02:00 [INF] Request starting HTTP/1.1 GET http://localhost:5180/api/genres - null null
2025-11-25 00:25:58.984 +02:00 [INF] Executing endpoint 'CatalogService.Api.Controllers.BooksController.GetAll (CatalogService.Api)'
2025-11-25 00:25:58.990 +02:00 [INF] Executing endpoint 'CatalogService.Api.Controllers.AuthorsController.GetAll (CatalogService.Api)'
2025-11-25 00:25:58.995 +02:00 [INF] Executing endpoint 'CatalogService.Api.Controllers.GenresController.GetAll (CatalogService.Api)'
2025-11-25 00:25:58.997 +02:00 [INF] Route matched with {action = "GetAll", controller = "Books"}. Executing controller action with signature System.Threading.Tasks.Task`1[Microsoft.AspNetCore.Mvc.IActionResult] GetAll() on controller CatalogService.Api.Controllers.BooksController (CatalogService.Api).
2025-11-25 00:25:59.000 +02:00 [INF] Route matched with {action = "GetAll", controller = "Authors"}. Executing controller action with signature System.Threading.Tasks.Task`1[Microsoft.AspNetCore.Mvc.IActionResult] GetAll() on controller CatalogService.Api.Controllers.AuthorsController (CatalogService.Api).
2025-11-25 00:25:59.002 +02:00 [INF] Route matched with {action = "GetAll", controller = "Genres"}. Executing controller action with signature System.Threading.Tasks.Task`1[Microsoft.AspNetCore.Mvc.IActionResult] GetAll() on controller CatalogService.Api.Controllers.GenresController (CatalogService.Api).
2025-11-25 00:25:59.011 +02:00 [INF] Executed DbCommand (2ms) [Parameters=[], CommandType='"Text"', CommandTimeout='30']
SELECT b.id, b.authorid, b.genreid, b.title, a.id, a.name, g.id, g.name
FROM books AS b
INNER JOIN authors AS a ON b.authorid = a.id
INNER JOIN genres AS g ON b.genreid = g.id
2025-11-25 00:25:59.015 +02:00 [INF] Executed DbCommand (1ms) [Parameters=[], CommandType='"Text"', CommandTimeout='30']
SELECT a.id, a.name
FROM authors AS a
2025-11-25 00:25:59.021 +02:00 [INF] Executed DbCommand (1ms) [Parameters=[], CommandType='"Text"', CommandTimeout='30']
SELECT g.id, g.name
FROM genres AS g
2025-11-25 00:25:59.025 +02:00 [INF] Executing OkObjectResult, writing value of type 'System.Collections.Generic.List`1[[CatalogService.Bll.Dtos.BookDto, CatalogService.Bll, Version=1.0.0.0, Culture=neutral, PublicKeyToken=null]]'.
2025-11-25 00:25:59.031 +02:00 [INF] Executing OkObjectResult, writing value of type 'System.Collections.Generic.List`1[[CatalogService.Bll.Dtos.AuthorDto, CatalogService.Bll, Version=1.0.0.0, Culture=neutral, PublicKeyToken=null]]'.
2025-11-25 00:25:59.037 +02:00 [INF] Executing OkObjectResult, writing value of type 'System.Collections.Generic.List`1[[CatalogService.Bll.Dtos.GenreDto, CatalogService.Bll, Version=1.0.0.0, Culture=neutral, PublicKeyToken=null]]'.
2025-11-25 00:25:59.040 +02:00 [INF] Executed action CatalogService.Api.Controllers.BooksController.GetAll (CatalogService.Api) in 33.4257ms
2025-11-25 00:25:59.044 +02:00 [INF] Executed action CatalogService.Api.Controllers.AuthorsController.GetAll (CatalogService.Api) in 32.3995ms
2025-11-25 00:25:59.048 +02:00 [INF] Executed action CatalogService.Api.Controllers.GenresController.GetAll (CatalogService.Api) in 30.5536ms
2025-11-25 00:25:59.051 +02:00 [INF] Executed endpoint 'CatalogService.Api.Controllers.BooksController.GetAll (CatalogService.Api)'
2025-11-25 00:25:59.054 +02:00 [INF] Executed endpoint 'CatalogService.Api.Controllers.AuthorsController.GetAll (CatalogService.Api)'
2025-11-25 00:25:59.057 +02:00 [INF] Executed endpoint 'CatalogService.Api.Controllers.GenresController.GetAll (CatalogService.Api)'
2025-11-25 00:25:59.060 +02:00 [INF] Request finished HTTP/1.1 GET http://localhost:5180/api/books - 200 null application/json; charset=utf-8 82.3861ms
2025-11-25 00:25:59.062 +02:00 [INF] Request finished HTTP/1.1 GET http://localhost:5180/api/authors - 200 null application/json; charset=utf-8 84.1157ms
2025-11-25 00:25:59.065 +02:00 [INF] Request finished HTTP/1.1 GET http://localhost:5180/api/genres - 200 null application/json; charset=utf-8 86.9271ms
2025-11-25 00:29:33.634 +02:00 [INF] Now listening on: http://localhost:5180
2025-11-25 00:29:33.715 +02:00 [INF] Application started. Press Ctrl+C to shut down.
2025-11-25 00:29:33.717 +02:00 [INF] Hosting environment: Development
2025-11-25 00:29:33.719 +02:00 [INF] Content root path: C:\Users\Admin\Documents\projects\LibrarySystem\CatalogService\CatalogService.Api
2025-11-25 00:29:43.616 +02:00 [INF] Request starting HTTP/1.1 GET http://localhost:5180/api/books - null null
2025-11-25 00:29:43.616 +02:00 [INF] Request starting HTTP/1.1 GET http://localhost:5180/api/authors - null null
2025-11-25 00:29:43.616 +02:00 [INF] Request starting HTTP/1.1 GET http://localhost:5180/api/genres - null null
2025-11-25 00:29:43.683 +02:00 [INF] Executing endpoint 'CatalogService.Api.Controllers.GenresController.GetAll (CatalogService.Api)'
2025-11-25 00:29:43.683 +02:00 [INF] Executing endpoint 'CatalogService.Api.Controllers.AuthorsController.GetAll (CatalogService.Api)'
2025-11-25 00:29:43.683 +02:00 [INF] Executing endpoint 'CatalogService.Api.Controllers.BooksController.GetAll (CatalogService.Api)'
2025-11-25 00:29:43.711 +02:00 [INF] Route matched with {action = "GetAll", controller = "Genres"}. Executing controller action with signature System.Threading.Tasks.Task`1[Microsoft.AspNetCore.Mvc.IActionResult] GetAll() on controller CatalogService.Api.Controllers.GenresController (CatalogService.Api).
2025-11-25 00:29:43.711 +02:00 [INF] Route matched with {action = "GetAll", controller = "Authors"}. Executing controller action with signature System.Threading.Tasks.Task`1[Microsoft.AspNetCore.Mvc.IActionResult] GetAll() on controller CatalogService.Api.Controllers.AuthorsController (CatalogService.Api).
2025-11-25 00:29:43.711 +02:00 [INF] Route matched with {action = "GetAll", controller = "Books"}. Executing controller action with signature System.Threading.Tasks.Task`1[Microsoft.AspNetCore.Mvc.IActionResult] GetAll() on controller CatalogService.Api.Controllers.BooksController (CatalogService.Api).
2025-11-25 00:29:45.609 +02:00 [INF] Executed DbCommand (30ms) [Parameters=[], CommandType='"Text"', CommandTimeout='30']
SELECT a.id, a.name
FROM authors AS a
2025-11-25 00:29:45.609 +02:00 [INF] Executed DbCommand (30ms) [Parameters=[], CommandType='"Text"', CommandTimeout='30']
SELECT b.id, b.authorid, b.genreid, b.title, a.id, a.name, g.id, g.name
FROM books AS b
INNER JOIN authors AS a ON b.authorid = a.id
INNER JOIN genres AS g ON b.genreid = g.id
2025-11-25 00:29:45.609 +02:00 [INF] Executed DbCommand (30ms) [Parameters=[], CommandType='"Text"', CommandTimeout='30']
SELECT g.id, g.name
FROM genres AS g
2025-11-25 00:29:45.761 +02:00 [INF] Executing OkObjectResult, writing value of type 'System.Collections.Generic.List`1[[CatalogService.Bll.Dtos.GenreDto, CatalogService.Bll, Version=1.0.0.0, Culture=neutral, PublicKeyToken=null]]'.
2025-11-25 00:29:45.761 +02:00 [INF] Executing OkObjectResult, writing value of type 'System.Collections.Generic.List`1[[CatalogService.Bll.Dtos.BookDto, CatalogService.Bll, Version=1.0.0.0, Culture=neutral, PublicKeyToken=null]]'.
2025-11-25 00:29:45.761 +02:00 [INF] Executing OkObjectResult, writing value of type 'System.Collections.Generic.List`1[[CatalogService.Bll.Dtos.AuthorDto, CatalogService.Bll, Version=1.0.0.0, Culture=neutral, PublicKeyToken=null]]'.
2025-11-25 00:29:45.817 +02:00 [INF] Executed action CatalogService.Api.Controllers.BooksController.GetAll (CatalogService.Api) in 2081.588ms
2025-11-25 00:29:45.817 +02:00 [INF] Executed action CatalogService.Api.Controllers.GenresController.GetAll (CatalogService.Api) in 2092.8604ms
2025-11-25 00:29:45.817 +02:00 [INF] Executed action CatalogService.Api.Controllers.AuthorsController.GetAll (CatalogService.Api) in 2086.9987ms
2025-11-25 00:29:45.822 +02:00 [INF] Request starting HTTP/1.1 GET http://localhost:5180/api/books - null null
2025-11-25 00:29:45.822 +02:00 [INF] Request starting HTTP/1.1 GET http://localhost:5180/api/genres - null null
2025-11-25 00:29:45.822 +02:00 [INF] Request starting HTTP/1.1 GET http://localhost:5180/api/authors - null null
2025-11-25 00:29:45.826 +02:00 [INF] Executed endpoint 'CatalogService.Api.Controllers.BooksController.GetAll (CatalogService.Api)'
2025-11-25 00:29:45.829 +02:00 [INF] Executed endpoint 'CatalogService.Api.Controllers.GenresController.GetAll (CatalogService.Api)'
2025-11-25 00:29:45.833 +02:00 [INF] Executed endpoint 'CatalogService.Api.Controllers.AuthorsController.GetAll (CatalogService.Api)'
2025-11-25 00:29:45.845 +02:00 [INF] Executing endpoint 'CatalogService.Api.Controllers.BooksController.GetAll (CatalogService.Api)'
2025-11-25 00:29:45.848 +02:00 [INF] Executing endpoint 'CatalogService.Api.Controllers.GenresController.GetAll (CatalogService.Api)'
2025-11-25 00:29:45.856 +02:00 [INF] Executing endpoint 'CatalogService.Api.Controllers.AuthorsController.GetAll (CatalogService.Api)'
2025-11-25 00:29:45.870 +02:00 [INF] Route matched with {action = "GetAll", controller = "Books"}. Executing controller action with signature System.Threading.Tasks.Task`1[Microsoft.AspNetCore.Mvc.IActionResult] GetAll() on controller CatalogService.Api.Controllers.BooksController (CatalogService.Api).
2025-11-25 00:29:45.872 +02:00 [INF] Request finished HTTP/1.1 GET http://localhost:5180/api/books - 200 null application/json; charset=utf-8 2259.2034ms
2025-11-25 00:29:45.872 +02:00 [INF] Request finished HTTP/1.1 GET http://localhost:5180/api/genres - 200 null application/json; charset=utf-8 2259.2561ms
2025-11-25 00:29:45.872 +02:00 [INF] Request finished HTTP/1.1 GET http://localhost:5180/api/authors - 200 null application/json; charset=utf-8 2259.2708ms
2025-11-25 00:29:45.873 +02:00 [INF] Route matched with {action = "GetAll", controller = "Genres"}. Executing controller action with signature System.Threading.Tasks.Task`1[Microsoft.AspNetCore.Mvc.IActionResult] GetAll() on controller CatalogService.Api.Controllers.GenresController (CatalogService.Api).
2025-11-25 00:29:45.875 +02:00 [INF] Route matched with {action = "GetAll", controller = "Authors"}. Executing controller action with signature System.Threading.Tasks.Task`1[Microsoft.AspNetCore.Mvc.IActionResult] GetAll() on controller CatalogService.Api.Controllers.AuthorsController (CatalogService.Api).
2025-11-25 00:29:45.966 +02:00 [INF] Executed DbCommand (6ms) [Parameters=[], CommandType='"Text"', CommandTimeout='30']
SELECT a.id, a.name
FROM authors AS a
2025-11-25 00:29:45.966 +02:00 [INF] Executed DbCommand (3ms) [Parameters=[], CommandType='"Text"', CommandTimeout='30']
SELECT b.id, b.authorid, b.genreid, b.title, a.id, a.name, g.id, g.name
FROM books AS b
INNER JOIN authors AS a ON b.authorid = a.id
INNER JOIN genres AS g ON b.genreid = g.id
2025-11-25 00:29:45.966 +02:00 [INF] Executed DbCommand (6ms) [Parameters=[], CommandType='"Text"', CommandTimeout='30']
SELECT g.id, g.name
FROM genres AS g
2025-11-25 00:29:45.975 +02:00 [INF] Executing OkObjectResult, writing value of type 'System.Collections.Generic.List`1[[CatalogService.Bll.Dtos.AuthorDto, CatalogService.Bll, Version=1.0.0.0, Culture=neutral, PublicKeyToken=null]]'.
2025-11-25 00:29:45.980 +02:00 [INF] Executing OkObjectResult, writing value of type 'System.Collections.Generic.List`1[[CatalogService.Bll.Dtos.BookDto, CatalogService.Bll, Version=1.0.0.0, Culture=neutral, PublicKeyToken=null]]'.
2025-11-25 00:29:45.987 +02:00 [INF] Executing OkObjectResult, writing value of type 'System.Collections.Generic.List`1[[CatalogService.Bll.Dtos.GenreDto, CatalogService.Bll, Version=1.0.0.0, Culture=neutral, PublicKeyToken=null]]'.
2025-11-25 00:29:45.990 +02:00 [INF] Executed action CatalogService.Api.Controllers.AuthorsController.GetAll (CatalogService.Api) in 86.582ms
2025-11-25 00:29:45.993 +02:00 [INF] Executed action CatalogService.Api.Controllers.BooksController.GetAll (CatalogService.Api) in 113.1164ms
2025-11-25 00:29:45.996 +02:00 [INF] Executed action CatalogService.Api.Controllers.GenresController.GetAll (CatalogService.Api) in 96.4331ms
2025-11-25 00:29:45.998 +02:00 [INF] Executed endpoint 'CatalogService.Api.Controllers.AuthorsController.GetAll (CatalogService.Api)'
2025-11-25 00:29:46.001 +02:00 [INF] Executed endpoint 'CatalogService.Api.Controllers.BooksController.GetAll (CatalogService.Api)'
2025-11-25 00:29:46.004 +02:00 [INF] Executed endpoint 'CatalogService.Api.Controllers.GenresController.GetAll (CatalogService.Api)'
2025-11-25 00:29:46.006 +02:00 [INF] Request finished HTTP/1.1 GET http://localhost:5180/api/authors - 200 null application/json; charset=utf-8 183.9012ms
2025-11-25 00:29:46.008 +02:00 [INF] Request finished HTTP/1.1 GET http://localhost:5180/api/books - 200 null application/json; charset=utf-8 185.8888ms
2025-11-25 00:29:46.010 +02:00 [INF] Request finished HTTP/1.1 GET http://localhost:5180/api/genres - 200 null application/json; charset=utf-8 188.4297ms
2025-11-25 00:29:52.836 +02:00 [INF] Request starting HTTP/1.1 GET http://localhost:5180/api/books/1 - null null
2025-11-25 00:29:52.846 +02:00 [INF] Executing endpoint 'CatalogService.Api.Controllers.BooksController.GetById (CatalogService.Api)'
2025-11-25 00:29:52.861 +02:00 [INF] Route matched with {action = "GetById", controller = "Books"}. Executing controller action with signature System.Threading.Tasks.Task`1[Microsoft.AspNetCore.Mvc.IActionResult] GetById(Int32) on controller CatalogService.Api.Controllers.BooksController (CatalogService.Api).
2025-11-25 00:29:53.022 +02:00 [INF] Executed DbCommand (24ms) [Parameters=[@__id_0='?' (DbType = Int32)], CommandType='"Text"', CommandTimeout='30']
SELECT b.id, b.authorid, b.genreid, b.title, a.id, a.name, g.id, g.name
FROM books AS b
INNER JOIN authors AS a ON b.authorid = a.id
INNER JOIN genres AS g ON b.genreid = g.id
WHERE b.id = @__id_0
LIMIT 1
2025-11-25 00:29:53.043 +02:00 [INF] Executing OkObjectResult, writing value of type 'CatalogService.Bll.Dtos.BookDto'.
2025-11-25 00:29:53.050 +02:00 [INF] Executed action CatalogService.Api.Controllers.BooksController.GetById (CatalogService.Api) in 182.7388ms
2025-11-25 00:29:53.058 +02:00 [INF] Executed endpoint 'CatalogService.Api.Controllers.BooksController.GetById (CatalogService.Api)'
2025-11-25 00:29:53.065 +02:00 [INF] Request finished HTTP/1.1 GET http://localhost:5180/api/books/1 - 200 null application/json; charset=utf-8 228.3002ms
2025-11-25 00:29:53.233 +02:00 [INF] Request starting HTTP/1.1 GET http://localhost:5180/api/books - null null
2025-11-25 00:29:53.233 +02:00 [INF] Request starting HTTP/1.1 GET http://localhost:5180/api/authors - null null
2025-11-25 00:29:53.233 +02:00 [INF] Request starting HTTP/1.1 GET http://localhost:5180/api/genres - null null
2025-11-25 00:29:53.240 +02:00 [INF] Executing endpoint 'CatalogService.Api.Controllers.BooksController.GetAll (CatalogService.Api)'
2025-11-25 00:29:53.245 +02:00 [INF] Executing endpoint 'CatalogService.Api.Controllers.AuthorsController.GetAll (CatalogService.Api)'
2025-11-25 00:29:53.252 +02:00 [INF] Executing endpoint 'CatalogService.Api.Controllers.GenresController.GetAll (CatalogService.Api)'
2025-11-25 00:29:53.254 +02:00 [INF] Route matched with {action = "GetAll", controller = "Books"}. Executing controller action with signature System.Threading.Tasks.Task`1[Microsoft.AspNetCore.Mvc.IActionResult] GetAll() on controller CatalogService.Api.Controllers.BooksController (CatalogService.Api).
2025-11-25 00:29:53.257 +02:00 [INF] Route matched with {action = "GetAll", controller = "Authors"}. Executing controller action with signature System.Threading.Tasks.Task`1[Microsoft.AspNetCore.Mvc.IActionResult] GetAll() on controller CatalogService.Api.Controllers.AuthorsController (CatalogService.Api).
2025-11-25 00:29:53.261 +02:00 [INF] Route matched with {action = "GetAll", controller = "Genres"}. Executing controller action with signature System.Threading.Tasks.Task`1[Microsoft.AspNetCore.Mvc.IActionResult] GetAll() on controller CatalogService.Api.Controllers.GenresController (CatalogService.Api).
2025-11-25 00:29:53.268 +02:00 [INF] Executed DbCommand (1ms) [Parameters=[], CommandType='"Text"', CommandTimeout='30']
SELECT b.id, b.authorid, b.genreid, b.title, a.id, a.name, g.id, g.name
FROM books AS b
INNER JOIN authors AS a ON b.authorid = a.id
INNER JOIN genres AS g ON b.genreid = g.id
2025-11-25 00:29:53.273 +02:00 [INF] Executed DbCommand (1ms) [Parameters=[], CommandType='"Text"', CommandTimeout='30']
SELECT a.id, a.name
FROM authors AS a
2025-11-25 00:29:53.276 +02:00 [INF] Executed DbCommand (1ms) [Parameters=[], CommandType='"Text"', CommandTimeout='30']
SELECT g.id, g.name
FROM genres AS g
2025-11-25 00:29:53.281 +02:00 [INF] Executing OkObjectResult, writing value of type 'System.Collections.Generic.List`1[[CatalogService.Bll.Dtos.BookDto, CatalogService.Bll, Version=1.0.0.0, Culture=neutral, PublicKeyToken=null]]'.
2025-11-25 00:29:53.285 +02:00 [INF] Executing OkObjectResult, writing value of type 'System.Collections.Generic.List`1[[CatalogService.Bll.Dtos.AuthorDto, CatalogService.Bll, Version=1.0.0.0, Culture=neutral, PublicKeyToken=null]]'.
2025-11-25 00:29:53.289 +02:00 [INF] Executing OkObjectResult, writing value of type 'System.Collections.Generic.List`1[[CatalogService.Bll.Dtos.GenreDto, CatalogService.Bll, Version=1.0.0.0, Culture=neutral, PublicKeyToken=null]]'.
2025-11-25 00:29:53.292 +02:00 [INF] Executed action CatalogService.Api.Controllers.BooksController.GetAll (CatalogService.Api) in 26.9765ms
2025-11-25 00:29:53.295 +02:00 [INF] Executed action CatalogService.Api.Controllers.AuthorsController.GetAll (CatalogService.Api) in 25.5101ms
2025-11-25 00:29:53.298 +02:00 [INF] Executed action CatalogService.Api.Controllers.GenresController.GetAll (CatalogService.Api) in 24.7362ms
2025-11-25 00:29:53.301 +02:00 [INF] Executed endpoint 'CatalogService.Api.Controllers.BooksController.GetAll (CatalogService.Api)'
2025-11-25 00:29:53.303 +02:00 [INF] Executed endpoint 'CatalogService.Api.Controllers.AuthorsController.GetAll (CatalogService.Api)'
2025-11-25 00:29:53.306 +02:00 [INF] Executed endpoint 'CatalogService.Api.Controllers.GenresController.GetAll (CatalogService.Api)'
2025-11-25 00:29:53.308 +02:00 [INF] Request finished HTTP/1.1 GET http://localhost:5180/api/books - 200 null application/json; charset=utf-8 75.8086ms
2025-11-25 00:29:53.311 +02:00 [INF] Request finished HTTP/1.1 GET http://localhost:5180/api/authors - 200 null application/json; charset=utf-8 77.6873ms
2025-11-25 00:29:53.313 +02:00 [INF] Request finished HTTP/1.1 GET http://localhost:5180/api/genres - 200 null application/json; charset=utf-8 79.4002ms
2025-11-25 00:33:12.161 +02:00 [INF] Now listening on: http://localhost:5180
2025-11-25 00:33:12.236 +02:00 [INF] Application started. Press Ctrl+C to shut down.
2025-11-25 00:33:12.238 +02:00 [INF] Hosting environment: Development
2025-11-25 00:33:12.240 +02:00 [INF] Content root path: C:\Users\Admin\Documents\projects\LibrarySystem\CatalogService\CatalogService.Api
2025-11-25 00:33:19.448 +02:00 [INF] Request starting HTTP/1.1 GET http://localhost:5180/api/genres - null null
2025-11-25 00:33:19.448 +02:00 [INF] Request starting HTTP/1.1 GET http://localhost:5180/api/authors - null null
2025-11-25 00:33:19.448 +02:00 [INF] Request starting HTTP/1.1 GET http://localhost:5180/api/books - null null
2025-11-25 00:33:19.517 +02:00 [INF] Executing endpoint 'CatalogService.Api.Controllers.AuthorsController.GetAll (CatalogService.Api)'
2025-11-25 00:33:19.517 +02:00 [INF] Executing endpoint 'CatalogService.Api.Controllers.GenresController.GetAll (CatalogService.Api)'
2025-11-25 00:33:19.517 +02:00 [INF] Executing endpoint 'CatalogService.Api.Controllers.BooksController.GetAll (CatalogService.Api)'
2025-11-25 00:33:19.545 +02:00 [INF] Route matched with {action = "GetAll", controller = "Authors"}. Executing controller action with signature System.Threading.Tasks.Task`1[Microsoft.AspNetCore.Mvc.IActionResult] GetAll() on controller CatalogService.Api.Controllers.AuthorsController (CatalogService.Api).
2025-11-25 00:33:19.545 +02:00 [INF] Route matched with {action = "GetAll", controller = "Books"}. Executing controller action with signature System.Threading.Tasks.Task`1[Microsoft.AspNetCore.Mvc.IActionResult] GetAll() on controller CatalogService.Api.Controllers.BooksController (CatalogService.Api).
2025-11-25 00:33:19.545 +02:00 [INF] Route matched with {action = "GetAll", controller = "Genres"}. Executing controller action with signature System.Threading.Tasks.Task`1[Microsoft.AspNetCore.Mvc.IActionResult] GetAll() on controller CatalogService.Api.Controllers.GenresController (CatalogService.Api).
2025-11-25 00:33:21.197 +02:00 [INF] Executed DbCommand (30ms) [Parameters=[], CommandType='"Text"', CommandTimeout='30']
SELECT b.id, b.authorid, b.genreid, b.title, a.id, a.name, g.id, g.name
FROM books AS b
INNER JOIN authors AS a ON b.authorid = a.id
INNER JOIN genres AS g ON b.genreid = g.id
2025-11-25 00:33:21.197 +02:00 [INF] Executed DbCommand (30ms) [Parameters=[], CommandType='"Text"', CommandTimeout='30']
SELECT g.id, g.name
FROM genres AS g
2025-11-25 00:33:21.197 +02:00 [INF] Executed DbCommand (30ms) [Parameters=[], CommandType='"Text"', CommandTimeout='30']
SELECT a.id, a.name
FROM authors AS a
2025-11-25 00:33:21.346 +02:00 [INF] Executing OkObjectResult, writing value of type 'System.Collections.Generic.List`1[[CatalogService.Bll.Dtos.BookDto, CatalogService.Bll, Version=1.0.0.0, Culture=neutral, PublicKeyToken=null]]'.
2025-11-25 00:33:21.346 +02:00 [INF] Executing OkObjectResult, writing value of type 'System.Collections.Generic.List`1[[CatalogService.Bll.Dtos.GenreDto, CatalogService.Bll, Version=1.0.0.0, Culture=neutral, PublicKeyToken=null]]'.
2025-11-25 00:33:21.346 +02:00 [INF] Executing OkObjectResult, writing value of type 'System.Collections.Generic.List`1[[CatalogService.Bll.Dtos.AuthorDto, CatalogService.Bll, Version=1.0.0.0, Culture=neutral, PublicKeyToken=null]]'.
2025-11-25 00:33:21.403 +02:00 [INF] Executed action CatalogService.Api.Controllers.AuthorsController.GetAll (CatalogService.Api) in 1845.9116ms
2025-11-25 00:33:21.403 +02:00 [INF] Executed action CatalogService.Api.Controllers.BooksController.GetAll (CatalogService.Api) in 1839.735ms
2025-11-25 00:33:21.403 +02:00 [INF] Executed action CatalogService.Api.Controllers.GenresController.GetAll (CatalogService.Api) in 1834.8853ms
2025-11-25 00:33:21.410 +02:00 [INF] Request starting HTTP/1.1 GET http://localhost:5180/api/authors - null null
2025-11-25 00:33:21.410 +02:00 [INF] Request starting HTTP/1.1 GET http://localhost:5180/api/genres - null null
2025-11-25 00:33:21.410 +02:00 [INF] Request starting HTTP/1.1 GET http://localhost:5180/api/books - null null
2025-11-25 00:33:21.414 +02:00 [INF] Executed endpoint 'CatalogService.Api.Controllers.AuthorsController.GetAll (CatalogService.Api)'
2025-11-25 00:33:21.416 +02:00 [INF] Executed endpoint 'CatalogService.Api.Controllers.BooksController.GetAll (CatalogService.Api)'
2025-11-25 00:33:21.420 +02:00 [INF] Executed endpoint 'CatalogService.Api.Controllers.GenresController.GetAll (CatalogService.Api)'
2025-11-25 00:33:21.431 +02:00 [INF] Executing endpoint 'CatalogService.Api.Controllers.AuthorsController.GetAll (CatalogService.Api)'
2025-11-25 00:33:21.433 +02:00 [INF] Executing endpoint 'CatalogService.Api.Controllers.GenresController.GetAll (CatalogService.Api)'
2025-11-25 00:33:21.440 +02:00 [INF] Executing endpoint 'CatalogService.Api.Controllers.BooksController.GetAll (CatalogService.Api)'
2025-11-25 00:33:21.451 +02:00 [INF] Route matched with {action = "GetAll", controller = "Authors"}. Executing controller action with signature System.Threading.Tasks.Task`1[Microsoft.AspNetCore.Mvc.IActionResult] GetAll() on controller CatalogService.Api.Controllers.AuthorsController (CatalogService.Api).
2025-11-25 00:33:21.454 +02:00 [INF] Route matched with {action = "GetAll", controller = "Genres"}. Executing controller action with signature System.Threading.Tasks.Task`1[Microsoft.AspNetCore.Mvc.IActionResult] GetAll() on controller CatalogService.Api.Controllers.GenresController (CatalogService.Api).
2025-11-25 00:33:21.454 +02:00 [INF] Request finished HTTP/1.1 GET http://localhost:5180/api/books - 200 null application/json; charset=utf-8 2007.6623ms
2025-11-25 00:33:21.454 +02:00 [INF] Request finished HTTP/1.1 GET http://localhost:5180/api/genres - 200 null application/json; charset=utf-8 2007.6719ms
2025-11-25 00:33:21.454 +02:00 [INF] Request finished HTTP/1.1 GET http://localhost:5180/api/authors - 200 null application/json; charset=utf-8 2007.6131ms
2025-11-25 00:33:21.456 +02:00 [INF] Route matched with {action = "GetAll", controller = "Books"}. Executing controller action with signature System.Threading.Tasks.Task`1[Microsoft.AspNetCore.Mvc.IActionResult] GetAll() on controller CatalogService.Api.Controllers.BooksController (CatalogService.Api).
2025-11-25 00:33:21.528 +02:00 [INF] Executed DbCommand (2ms) [Parameters=[], CommandType='"Text"', CommandTimeout='30']
SELECT b.id, b.authorid, b.genreid, b.title, a.id, a.name, g.id, g.name
FROM books AS b
INNER JOIN authors AS a ON b.authorid = a.id
INNER JOIN genres AS g ON b.genreid = g.id
2025-11-25 00:33:21.528 +02:00 [INF] Executed DbCommand (3ms) [Parameters=[], CommandType='"Text"', CommandTimeout='30']
SELECT a.id, a.name
FROM authors AS a
2025-11-25 00:33:21.528 +02:00 [INF] Executed DbCommand (3ms) [Parameters=[], CommandType='"Text"', CommandTimeout='30']
SELECT g.id, g.name
FROM genres AS g
2025-11-25 00:33:21.535 +02:00 [INF] Executing OkObjectResult, writing value of type 'System.Collections.Generic.List`1[[CatalogService.Bll.Dtos.BookDto, CatalogService.Bll, Version=1.0.0.0, Culture=neutral, PublicKeyToken=null]]'.
2025-11-25 00:33:21.538 +02:00 [INF] Executing OkObjectResult, writing value of type 'System.Collections.Generic.List`1[[CatalogService.Bll.Dtos.AuthorDto, CatalogService.Bll, Version=1.0.0.0, Culture=neutral, PublicKeyToken=null]]'.
2025-11-25 00:33:21.542 +02:00 [INF] Executing OkObjectResult, writing value of type 'System.Collections.Generic.List`1[[CatalogService.Bll.Dtos.GenreDto, CatalogService.Bll, Version=1.0.0.0, Culture=neutral, PublicKeyToken=null]]'.
2025-11-25 00:33:21.544 +02:00 [INF] Executed action CatalogService.Api.Controllers.BooksController.GetAll (CatalogService.Api) in 57.8379ms
2025-11-25 00:33:21.546 +02:00 [INF] Executed action CatalogService.Api.Controllers.AuthorsController.GetAll (CatalogService.Api) in 85.4699ms
2025-11-25 00:33:21.548 +02:00 [INF] Executed action CatalogService.Api.Controllers.GenresController.GetAll (CatalogService.Api) in 83.6409ms
2025-11-25 00:33:21.551 +02:00 [INF] Executed endpoint 'CatalogService.Api.Controllers.BooksController.GetAll (CatalogService.Api)'
2025-11-25 00:33:21.552 +02:00 [INF] Executed endpoint 'CatalogService.Api.Controllers.AuthorsController.GetAll (CatalogService.Api)'
2025-11-25 00:33:21.555 +02:00 [INF] Executed endpoint 'CatalogService.Api.Controllers.GenresController.GetAll (CatalogService.Api)'
2025-11-25 00:33:21.556 +02:00 [INF] Request finished HTTP/1.1 GET http://localhost:5180/api/books - 200 null application/json; charset=utf-8 146.1933ms
2025-11-25 00:33:21.558 +02:00 [INF] Request finished HTTP/1.1 GET http://localhost:5180/api/authors - 200 null application/json; charset=utf-8 147.6867ms
2025-11-25 00:33:21.560 +02:00 [INF] Request finished HTTP/1.1 GET http://localhost:5180/api/genres - 200 null application/json; charset=utf-8 149.4133ms
2025-11-25 00:33:31.330 +02:00 [INF] Request starting HTTP/1.1 POST http://localhost:5180/api/books - application/json 45
2025-11-25 00:33:31.343 +02:00 [INF] CORS policy execution successful.
2025-11-25 00:33:31.346 +02:00 [INF] Executing endpoint 'CatalogService.Api.Controllers.BooksController.Create (CatalogService.Api)'
2025-11-25 00:33:31.358 +02:00 [INF] Route matched with {action = "Create", controller = "Books"}. Executing controller action with signature System.Threading.Tasks.Task`1[Microsoft.AspNetCore.Mvc.IActionResult] Create(CatalogService.Bll.Dtos.CreateBookDto) on controller CatalogService.Api.Controllers.BooksController (CatalogService.Api).
2025-11-25 00:33:31.643 +02:00 [INF] Executed DbCommand (14ms) [Parameters=[@p0='?' (DbType = Int32), @p1='?' (DbType = Int32), @p2='?'], CommandType='"Text"', CommandTimeout='30']
INSERT INTO books (authorid, genreid, title)
VALUES (@p0, @p1, @p2)
RETURNING id;
2025-11-25 00:33:31.681 +02:00 [INF] Executing CreatedAtActionResult, writing value of type 'CatalogService.Bll.Dtos.CreateBookDto'.
2025-11-25 00:33:31.723 +02:00 [INF] Executed action CatalogService.Api.Controllers.BooksController.Create (CatalogService.Api) in 360.5645ms
2025-11-25 00:33:31.730 +02:00 [INF] Executed endpoint 'CatalogService.Api.Controllers.BooksController.Create (CatalogService.Api)'
2025-11-25 00:33:31.733 +02:00 [INF] Request finished HTTP/1.1 POST http://localhost:5180/api/books - 201 null application/json; charset=utf-8 403.0129ms
2025-11-25 00:33:31.745 +02:00 [INF] Request starting HTTP/1.1 GET http://localhost:5180/api/books - null null
2025-11-25 00:33:31.746 +02:00 [INF] Request starting HTTP/1.1 GET http://localhost:5180/api/authors - null null
2025-11-25 00:33:31.747 +02:00 [INF] Request starting HTTP/1.1 GET http://localhost:5180/api/genres - null null
2025-11-25 00:33:31.751 +02:00 [INF] Executing endpoint 'CatalogService.Api.Controllers.BooksController.GetAll (CatalogService.Api)'
2025-11-25 00:33:31.757 +02:00 [INF] Executing endpoint 'CatalogService.Api.Controllers.AuthorsController.GetAll (CatalogService.Api)'
2025-11-25 00:33:31.762 +02:00 [INF] Executing endpoint 'CatalogService.Api.Controllers.GenresController.GetAll (CatalogService.Api)'
2025-11-25 00:33:31.764 +02:00 [INF] Route matched with {action = "GetAll", controller = "Books"}. Executing controller action with signature System.Threading.Tasks.Task`1[Microsoft.AspNetCore.Mvc.IActionResult] GetAll() on controller CatalogService.Api.Controllers.BooksController (CatalogService.Api).
2025-11-25 00:33:31.768 +02:00 [INF] Route matched with {action = "GetAll", controller = "Authors"}. Executing controller action with signature System.Threading.Tasks.Task`1[Microsoft.AspNetCore.Mvc.IActionResult] GetAll() on controller CatalogService.Api.Controllers.AuthorsController (CatalogService.Api).
2025-11-25 00:33:31.771 +02:00 [INF] Route matched with {action = "GetAll", controller = "Genres"}. Executing controller action with signature System.Threading.Tasks.Task`1[Microsoft.AspNetCore.Mvc.IActionResult] GetAll() on controller CatalogService.Api.Controllers.GenresController (CatalogService.Api).
2025-11-25 00:33:31.781 +02:00 [INF] Executed DbCommand (3ms) [Parameters=[], CommandType='"Text"', CommandTimeout='30']
SELECT b.id, b.authorid, b.genreid, b.title, a.id, a.name, g.id, g.name
FROM books AS b
INNER JOIN authors AS a ON b.authorid = a.id
INNER JOIN genres AS g ON b.genreid = g.id
2025-11-25 00:33:31.785 +02:00 [INF] Executed DbCommand (1ms) [Parameters=[], CommandType='"Text"', CommandTimeout='30']
SELECT a.id, a.name
FROM authors AS a
2025-11-25 00:33:31.789 +02:00 [INF] Executed DbCommand (1ms) [Parameters=[], CommandType='"Text"', CommandTimeout='30']
SELECT g.id, g.name
FROM genres AS g
2025-11-25 00:33:31.794 +02:00 [INF] Executing OkObjectResult, writing value of type 'System.Collections.Generic.List`1[[CatalogService.Bll.Dtos.BookDto, CatalogService.Bll, Version=1.0.0.0, Culture=neutral, PublicKeyToken=null]]'.
2025-11-25 00:33:31.799 +02:00 [INF] Executing OkObjectResult, writing value of type 'System.Collections.Generic.List`1[[CatalogService.Bll.Dtos.AuthorDto, CatalogService.Bll, Version=1.0.0.0, Culture=neutral, PublicKeyToken=null]]'.
2025-11-25 00:33:31.806 +02:00 [INF] Executing OkObjectResult, writing value of type 'System.Collections.Generic.List`1[[CatalogService.Bll.Dtos.GenreDto, CatalogService.Bll, Version=1.0.0.0, Culture=neutral, PublicKeyToken=null]]'.
2025-11-25 00:33:31.808 +02:00 [INF] Executed action CatalogService.Api.Controllers.BooksController.GetAll (CatalogService.Api) in 31.8468ms
2025-11-25 00:33:31.812 +02:00 [INF] Executed action CatalogService.Api.Controllers.AuthorsController.GetAll (CatalogService.Api) in 30.6292ms
2025-11-25 00:33:31.816 +02:00 [INF] Executed action CatalogService.Api.Controllers.GenresController.GetAll (CatalogService.Api) in 30.0341ms
2025-11-25 00:33:31.819 +02:00 [INF] Executed endpoint 'CatalogService.Api.Controllers.BooksController.GetAll (CatalogService.Api)'
2025-11-25 00:33:31.822 +02:00 [INF] Executed endpoint 'CatalogService.Api.Controllers.AuthorsController.GetAll (CatalogService.Api)'
2025-11-25 00:33:31.824 +02:00 [INF] Executed endpoint 'CatalogService.Api.Controllers.GenresController.GetAll (CatalogService.Api)'
2025-11-25 00:33:31.827 +02:00 [INF] Request finished HTTP/1.1 GET http://localhost:5180/api/books - 200 null application/json; charset=utf-8 81.5669ms
2025-11-25 00:33:31.830 +02:00 [INF] Request finished HTTP/1.1 GET http://localhost:5180/api/authors - 200 null application/json; charset=utf-8 83.2857ms
2025-11-25 00:33:31.833 +02:00 [INF] Request finished HTTP/1.1 GET http://localhost:5180/api/genres - 200 null application/json; charset=utf-8 85.8134ms
2025-11-25 00:33:38.268 +02:00 [INF] Request starting HTTP/1.1 GET http://localhost:5180/api/books/5 - null null
2025-11-25 00:33:38.276 +02:00 [INF] Executing endpoint 'CatalogService.Api.Controllers.BooksController.GetById (CatalogService.Api)'
2025-11-25 00:33:38.285 +02:00 [INF] Route matched with {action = "GetById", controller = "Books"}. Executing controller action with signature System.Threading.Tasks.Task`1[Microsoft.AspNetCore.Mvc.IActionResult] GetById(Int32) on controller CatalogService.Api.Controllers.BooksController (CatalogService.Api).
2025-11-25 00:33:38.352 +02:00 [INF] Executed DbCommand (2ms) [Parameters=[@__id_0='?' (DbType = Int32)], CommandType='"Text"', CommandTimeout='30']
SELECT b.id, b.authorid, b.genreid, b.title, a.id, a.name, g.id, g.name
FROM books AS b
INNER JOIN authors AS a ON b.authorid = a.id
INNER JOIN genres AS g ON b.genreid = g.id
WHERE b.id = @__id_0
LIMIT 1
2025-11-25 00:33:38.365 +02:00 [INF] Executing OkObjectResult, writing value of type 'CatalogService.Bll.Dtos.BookDto'.
2025-11-25 00:33:38.371 +02:00 [INF] Executed action CatalogService.Api.Controllers.BooksController.GetById (CatalogService.Api) in 79.6704ms
2025-11-25 00:33:38.375 +02:00 [INF] Executed endpoint 'CatalogService.Api.Controllers.BooksController.GetById (CatalogService.Api)'
2025-11-25 00:33:38.379 +02:00 [INF] Request finished HTTP/1.1 GET http://localhost:5180/api/books/5 - 200 null application/json; charset=utf-8 110.8584ms
2025-11-25 00:34:28.789 +02:00 [INF] Request starting HTTP/1.1 GET http://localhost:5180/api/books/5 - null null
2025-11-25 00:34:28.793 +02:00 [INF] Executing endpoint 'CatalogService.Api.Controllers.BooksController.GetById (CatalogService.Api)'
2025-11-25 00:34:28.795 +02:00 [INF] Route matched with {action = "GetById", controller = "Books"}. Executing controller action with signature System.Threading.Tasks.Task`1[Microsoft.AspNetCore.Mvc.IActionResult] GetById(Int32) on controller CatalogService.Api.Controllers.BooksController (CatalogService.Api).
2025-11-25 00:34:28.802 +02:00 [INF] Executed DbCommand (2ms) [Parameters=[@__id_0='?' (DbType = Int32)], CommandType='"Text"', CommandTimeout='30']
SELECT b.id, b.authorid, b.genreid, b.title, a.id, a.name, g.id, g.name
FROM books AS b
INNER JOIN authors AS a ON b.authorid = a.id
INNER JOIN genres AS g ON b.genreid = g.id
WHERE b.id = @__id_0
LIMIT 1
2025-11-25 00:34:28.807 +02:00 [INF] Executing OkObjectResult, writing value of type 'CatalogService.Bll.Dtos.BookDto'.
2025-11-25 00:34:28.809 +02:00 [INF] Executed action CatalogService.Api.Controllers.BooksController.GetById (CatalogService.Api) in 11.0422ms
2025-11-25 00:34:28.812 +02:00 [INF] Executed endpoint 'CatalogService.Api.Controllers.BooksController.GetById (CatalogService.Api)'
2025-11-25 00:34:28.814 +02:00 [INF] Request finished HTTP/1.1 GET http://localhost:5180/api/books/5 - 200 null application/json; charset=utf-8 25.576ms
2025-11-25 00:34:28.908 +02:00 [INF] Request starting HTTP/1.1 GET http://localhost:5180/api/books - null null
2025-11-25 00:34:28.908 +02:00 [INF] Request starting HTTP/1.1 GET http://localhost:5180/api/authors - null null
2025-11-25 00:34:28.909 +02:00 [INF] Request starting HTTP/1.1 GET http://localhost:5180/api/genres - null null
2025-11-25 00:34:28.913 +02:00 [INF] Executing endpoint 'CatalogService.Api.Controllers.BooksController.GetAll (CatalogService.Api)'
2025-11-25 00:34:28.917 +02:00 [INF] Executing endpoint 'CatalogService.Api.Controllers.AuthorsController.GetAll (CatalogService.Api)'
2025-11-25 00:34:28.921 +02:00 [INF] Executing endpoint 'CatalogService.Api.Controllers.GenresController.GetAll (CatalogService.Api)'
2025-11-25 00:34:28.922 +02:00 [INF] Route matched with {action = "GetAll", controller = "Books"}. Executing controller action with signature System.Threading.Tasks.Task`1[Microsoft.AspNetCore.Mvc.IActionResult] GetAll() on controller CatalogService.Api.Controllers.BooksController (CatalogService.Api).
2025-11-25 00:34:28.924 +02:00 [INF] Route matched with {action = "GetAll", controller = "Authors"}. Executing controller action with signature System.Threading.Tasks.Task`1[Microsoft.AspNetCore.Mvc.IActionResult] GetAll() on controller CatalogService.Api.Controllers.AuthorsController (CatalogService.Api).
2025-11-25 00:34:28.926 +02:00 [INF] Route matched with {action = "GetAll", controller = "Genres"}. Executing controller action with signature System.Threading.Tasks.Task`1[Microsoft.AspNetCore.Mvc.IActionResult] GetAll() on controller CatalogService.Api.Controllers.GenresController (CatalogService.Api).
2025-11-25 00:34:28.932 +02:00 [INF] Executed DbCommand (2ms) [Parameters=[], CommandType='"Text"', CommandTimeout='30']
SELECT b.id, b.authorid, b.genreid, b.title, a.id, a.name, g.id, g.name
FROM books AS b
INNER JOIN authors AS a ON b.authorid = a.id
INNER JOIN genres AS g ON b.genreid = g.id
2025-11-25 00:34:28.934 +02:00 [INF] Executed DbCommand (1ms) [Parameters=[], CommandType='"Text"', CommandTimeout='30']
SELECT a.id, a.name
FROM authors AS a
2025-11-25 00:34:28.938 +02:00 [INF] Executed DbCommand (1ms) [Parameters=[], CommandType='"Text"', CommandTimeout='30']
SELECT g.id, g.name
FROM genres AS g
2025-11-25 00:34:28.942 +02:00 [INF] Executing OkObjectResult, writing value of type 'System.Collections.Generic.List`1[[CatalogService.Bll.Dtos.BookDto, CatalogService.Bll, Version=1.0.0.0, Culture=neutral, PublicKeyToken=null]]'.
2025-11-25 00:34:28.946 +02:00 [INF] Executing OkObjectResult, writing value of type 'System.Collections.Generic.List`1[[CatalogService.Bll.Dtos.AuthorDto, CatalogService.Bll, Version=1.0.0.0, Culture=neutral, PublicKeyToken=null]]'.
2025-11-25 00:34:28.950 +02:00 [INF] Executing OkObjectResult, writing value of type 'System.Collections.Generic.List`1[[CatalogService.Bll.Dtos.GenreDto, CatalogService.Bll, Version=1.0.0.0, Culture=neutral, PublicKeyToken=null]]'.
2025-11-25 00:34:28.952 +02:00 [INF] Executed action CatalogService.Api.Controllers.BooksController.GetAll (CatalogService.Api) in 23.2934ms
2025-11-25 00:34:28.955 +02:00 [INF] Executed action CatalogService.Api.Controllers.AuthorsController.GetAll (CatalogService.Api) in 22.4154ms
2025-11-25 00:34:28.958 +02:00 [INF] Executed action CatalogService.Api.Controllers.GenresController.GetAll (CatalogService.Api) in 21.2834ms
2025-11-25 00:34:28.960 +02:00 [INF] Executed endpoint 'CatalogService.Api.Controllers.BooksController.GetAll (CatalogService.Api)'
2025-11-25 00:34:28.962 +02:00 [INF] Executed endpoint 'CatalogService.Api.Controllers.AuthorsController.GetAll (CatalogService.Api)'
2025-11-25 00:34:28.964 +02:00 [INF] Executed endpoint 'CatalogService.Api.Controllers.GenresController.GetAll (CatalogService.Api)'
2025-11-25 00:34:28.966 +02:00 [INF] Request finished HTTP/1.1 GET http://localhost:5180/api/books - 200 null application/json; charset=utf-8 57.8017ms
2025-11-25 00:34:28.967 +02:00 [INF] Request finished HTTP/1.1 GET http://localhost:5180/api/authors - 200 null application/json; charset=utf-8 59.2972ms
2025-11-25 00:34:28.969 +02:00 [INF] Request finished HTTP/1.1 GET http://localhost:5180/api/genres - 200 null application/json; charset=utf-8 60.3808ms
2025-11-25 00:38:45.746 +02:00 [INF] Now listening on: http://localhost:5180
2025-11-25 00:38:45.842 +02:00 [INF] Application started. Press Ctrl+C to shut down.
2025-11-25 00:38:45.846 +02:00 [INF] Hosting environment: Development
2025-11-25 00:38:45.849 +02:00 [INF] Content root path: C:\Users\Admin\Documents\projects\LibrarySystem\CatalogService\CatalogService.Api
2025-11-25 00:38:54.125 +02:00 [INF] Request starting HTTP/1.1 GET http://localhost:5180/api/authors - null null
2025-11-25 00:38:54.125 +02:00 [INF] Request starting HTTP/1.1 GET http://localhost:5180/api/books - null null
2025-11-25 00:38:54.125 +02:00 [INF] Request starting HTTP/1.1 GET http://localhost:5180/api/genres - null null
2025-11-25 00:38:54.194 +02:00 [INF] Executing endpoint 'CatalogService.Api.Controllers.AuthorsController.GetAll (CatalogService.Api)'
2025-11-25 00:38:54.194 +02:00 [INF] Executing endpoint 'CatalogService.Api.Controllers.BooksController.GetAll (CatalogService.Api)'
2025-11-25 00:38:54.194 +02:00 [INF] Executing endpoint 'CatalogService.Api.Controllers.GenresController.GetAll (CatalogService.Api)'
2025-11-25 00:38:54.221 +02:00 [INF] Route matched with {action = "GetAll", controller = "Genres"}. Executing controller action with signature System.Threading.Tasks.Task`1[Microsoft.AspNetCore.Mvc.IActionResult] GetAll() on controller CatalogService.Api.Controllers.GenresController (CatalogService.Api).
2025-11-25 00:38:54.221 +02:00 [INF] Route matched with {action = "GetAll", controller = "Books"}. Executing controller action with signature System.Threading.Tasks.Task`1[Microsoft.AspNetCore.Mvc.IActionResult] GetAll() on controller CatalogService.Api.Controllers.BooksController (CatalogService.Api).
2025-11-25 00:38:54.221 +02:00 [INF] Route matched with {action = "GetAll", controller = "Authors"}. Executing controller action with signature System.Threading.Tasks.Task`1[Microsoft.AspNetCore.Mvc.IActionResult] GetAll() on controller CatalogService.Api.Controllers.AuthorsController (CatalogService.Api).
2025-11-25 00:38:56.221 +02:00 [INF] Executed DbCommand (31ms) [Parameters=[], CommandType='"Text"', CommandTimeout='30']
SELECT b.id, b.authorid, b.genreid, b.title, a.id, a.name, g.id, g.name
FROM books AS b
INNER JOIN authors AS a ON b.authorid = a.id
INNER JOIN genres AS g ON b.genreid = g.id
2025-11-25 00:38:56.221 +02:00 [INF] Executed DbCommand (31ms) [Parameters=[], CommandType='"Text"', CommandTimeout='30']
SELECT a.id, a.name
FROM authors AS a
2025-11-25 00:38:56.221 +02:00 [INF] Executed DbCommand (31ms) [Parameters=[], CommandType='"Text"', CommandTimeout='30']
SELECT g.id, g.name
FROM genres AS g
2025-11-25 00:38:56.379 +02:00 [INF] Executing OkObjectResult, writing value of type 'System.Collections.Generic.List`1[[CatalogService.Bll.Dtos.BookDto, CatalogService.Bll, Version=1.0.0.0, Culture=neutral, PublicKeyToken=null]]'.
2025-11-25 00:38:56.381 +02:00 [INF] Executing OkObjectResult, writing value of type 'System.Collections.Generic.List`1[[CatalogService.Bll.Dtos.GenreDto, CatalogService.Bll, Version=1.0.0.0, Culture=neutral, PublicKeyToken=null]]'.
2025-11-25 00:38:56.382 +02:00 [INF] Executing OkObjectResult, writing value of type 'System.Collections.Generic.List`1[[CatalogService.Bll.Dtos.AuthorDto, CatalogService.Bll, Version=1.0.0.0, Culture=neutral, PublicKeyToken=null]]'.
2025-11-25 00:38:56.432 +02:00 [INF] Executed action CatalogService.Api.Controllers.AuthorsController.GetAll (CatalogService.Api) in 2187.1542ms
2025-11-25 00:38:56.432 +02:00 [INF] Executed action CatalogService.Api.Controllers.GenresController.GetAll (CatalogService.Api) in 2197.7959ms
2025-11-25 00:38:56.432 +02:00 [INF] Executed action CatalogService.Api.Controllers.BooksController.GetAll (CatalogService.Api) in 2192.5117ms
2025-11-25 00:38:56.438 +02:00 [INF] Request starting HTTP/1.1 GET http://localhost:5180/api/books - null null
2025-11-25 00:38:56.438 +02:00 [INF] Request starting HTTP/1.1 GET http://localhost:5180/api/genres - null null
2025-11-25 00:38:56.438 +02:00 [INF] Request starting HTTP/1.1 GET http://localhost:5180/api/authors - null null
2025-11-25 00:38:56.442 +02:00 [INF] Executed endpoint 'CatalogService.Api.Controllers.AuthorsController.GetAll (CatalogService.Api)'
2025-11-25 00:38:56.445 +02:00 [INF] Executed endpoint 'CatalogService.Api.Controllers.GenresController.GetAll (CatalogService.Api)'
2025-11-25 00:38:56.448 +02:00 [INF] Executed endpoint 'CatalogService.Api.Controllers.BooksController.GetAll (CatalogService.Api)'
2025-11-25 00:38:56.459 +02:00 [INF] Executing endpoint 'CatalogService.Api.Controllers.BooksController.GetAll (CatalogService.Api)'
2025-11-25 00:38:56.461 +02:00 [INF] Executing endpoint 'CatalogService.Api.Controllers.GenresController.GetAll (CatalogService.Api)'
2025-11-25 00:38:56.467 +02:00 [INF] Executing endpoint 'CatalogService.Api.Controllers.AuthorsController.GetAll (CatalogService.Api)'
2025-11-25 00:38:56.481 +02:00 [INF] Route matched with {action = "GetAll", controller = "Books"}. Executing controller action with signature System.Threading.Tasks.Task`1[Microsoft.AspNetCore.Mvc.IActionResult] GetAll() on controller CatalogService.Api.Controllers.BooksController (CatalogService.Api).
2025-11-25 00:38:56.483 +02:00 [INF] Request finished HTTP/1.1 GET http://localhost:5180/api/authors - 200 null application/json; charset=utf-8 2360.9868ms
2025-11-25 00:38:56.483 +02:00 [INF] Request finished HTTP/1.1 GET http://localhost:5180/api/genres - 200 null application/json; charset=utf-8 2360.958ms
2025-11-25 00:38:56.483 +02:00 [INF] Request finished HTTP/1.1 GET http://localhost:5180/api/books - 200 null application/json; charset=utf-8 2360.9762ms
2025-11-25 00:38:56.484 +02:00 [INF] Route matched with {action = "GetAll", controller = "Genres"}. Executing controller action with signature System.Threading.Tasks.Task`1[Microsoft.AspNetCore.Mvc.IActionResult] GetAll() on controller CatalogService.Api.Controllers.GenresController (CatalogService.Api).
2025-11-25 00:38:56.486 +02:00 [INF] Route matched with {action = "GetAll", controller = "Authors"}. Executing controller action with signature System.Threading.Tasks.Task`1[Microsoft.AspNetCore.Mvc.IActionResult] GetAll() on controller CatalogService.Api.Controllers.AuthorsController (CatalogService.Api).
2025-11-25 00:38:56.576 +02:00 [INF] Executed DbCommand (5ms) [Parameters=[], CommandType='"Text"', CommandTimeout='30']
SELECT g.id, g.name
FROM genres AS g
2025-11-25 00:38:56.576 +02:00 [INF] Executed DbCommand (3ms) [Parameters=[], CommandType='"Text"', CommandTimeout='30']
SELECT b.id, b.authorid, b.genreid, b.title, a.id, a.name, g.id, g.name
FROM books AS b
INNER JOIN authors AS a ON b.authorid = a.id
INNER JOIN genres AS g ON b.genreid = g.id
2025-11-25 00:38:56.576 +02:00 [INF] Executed DbCommand (5ms) [Parameters=[], CommandType='"Text"', CommandTimeout='30']
SELECT a.id, a.name
FROM authors AS a
2025-11-25 00:38:56.584 +02:00 [INF] Executing OkObjectResult, writing value of type 'System.Collections.Generic.List`1[[CatalogService.Bll.Dtos.GenreDto, CatalogService.Bll, Version=1.0.0.0, Culture=neutral, PublicKeyToken=null]]'.
2025-11-25 00:38:56.591 +02:00 [INF] Executing OkObjectResult, writing value of type 'System.Collections.Generic.List`1[[CatalogService.Bll.Dtos.BookDto, CatalogService.Bll, Version=1.0.0.0, Culture=neutral, PublicKeyToken=null]]'.
2025-11-25 00:38:56.596 +02:00 [INF] Executing OkObjectResult, writing value of type 'System.Collections.Generic.List`1[[CatalogService.Bll.Dtos.AuthorDto, CatalogService.Bll, Version=1.0.0.0, Culture=neutral, PublicKeyToken=null]]'.
2025-11-25 00:38:56.599 +02:00 [INF] Executed action CatalogService.Api.Controllers.GenresController.GetAll (CatalogService.Api) in 85.5112ms
2025-11-25 00:38:56.603 +02:00 [INF] Executed action CatalogService.Api.Controllers.BooksController.GetAll (CatalogService.Api) in 112.8602ms
2025-11-25 00:38:56.606 +02:00 [INF] Executed action CatalogService.Api.Controllers.AuthorsController.GetAll (CatalogService.Api) in 88.4077ms
2025-11-25 00:38:56.609 +02:00 [INF] Executed endpoint 'CatalogService.Api.Controllers.GenresController.GetAll (CatalogService.Api)'
2025-11-25 00:38:56.613 +02:00 [INF] Executed endpoint 'CatalogService.Api.Controllers.BooksController.GetAll (CatalogService.Api)'
2025-11-25 00:38:56.615 +02:00 [INF] Executed endpoint 'CatalogService.Api.Controllers.AuthorsController.GetAll (CatalogService.Api)'
2025-11-25 00:38:56.618 +02:00 [INF] Request finished HTTP/1.1 GET http://localhost:5180/api/genres - 200 null application/json; charset=utf-8 180.114ms
2025-11-25 00:38:56.620 +02:00 [INF] Request finished HTTP/1.1 GET http://localhost:5180/api/books - 200 null application/json; charset=utf-8 182.2322ms
2025-11-25 00:38:56.622 +02:00 [INF] Request finished HTTP/1.1 GET http://localhost:5180/api/authors - 200 null application/json; charset=utf-8 184.4505ms
2025-11-25 00:39:08.029 +02:00 [INF] Request starting HTTP/1.1 POST http://localhost:5180/api/books - application/json 56
2025-11-25 00:39:08.042 +02:00 [INF] CORS policy execution successful.
2025-11-25 00:39:08.045 +02:00 [INF] Executing endpoint 'CatalogService.Api.Controllers.BooksController.Create (CatalogService.Api)'
2025-11-25 00:39:08.059 +02:00 [INF] Route matched with {action = "Create", controller = "Books"}. Executing controller action with signature System.Threading.Tasks.Task`1[Microsoft.AspNetCore.Mvc.IActionResult] Create(CatalogService.Bll.Dtos.CreateBookDto) on controller CatalogService.Api.Controllers.BooksController (CatalogService.Api).
2025-11-25 00:39:08.315 +02:00 [INF] Executed DbCommand (21ms) [Parameters=[@p0='?' (DbType = Int32), @p1='?' (DbType = Int32), @p2='?'], CommandType='"Text"', CommandTimeout='30']
INSERT INTO books (authorid, genreid, title)
VALUES (@p0, @p1, @p2)
RETURNING id;
2025-11-25 00:39:08.354 +02:00 [INF] Executing CreatedAtActionResult, writing value of type 'CatalogService.Bll.Dtos.CreateBookDto'.
2025-11-25 00:39:08.380 +02:00 [INF] Executed action CatalogService.Api.Controllers.BooksController.Create (CatalogService.Api) in 315.9775ms
2025-11-25 00:39:08.386 +02:00 [INF] Executed endpoint 'CatalogService.Api.Controllers.BooksController.Create (CatalogService.Api)'
2025-11-25 00:39:08.390 +02:00 [INF] Request finished HTTP/1.1 POST http://localhost:5180/api/books - 201 null application/json; charset=utf-8 360.5729ms
2025-11-25 00:39:08.405 +02:00 [INF] Request starting HTTP/1.1 GET http://localhost:5180/api/books - null null
2025-11-25 00:39:08.405 +02:00 [INF] Request starting HTTP/1.1 GET http://localhost:5180/api/authors - null null
2025-11-25 00:39:08.405 +02:00 [INF] Request starting HTTP/1.1 GET http://localhost:5180/api/genres - null null
2025-11-25 00:39:08.412 +02:00 [INF] Executing endpoint 'CatalogService.Api.Controllers.BooksController.GetAll (CatalogService.Api)'
2025-11-25 00:39:08.418 +02:00 [INF] Executing endpoint 'CatalogService.Api.Controllers.AuthorsController.GetAll (CatalogService.Api)'
2025-11-25 00:39:08.426 +02:00 [INF] Executing endpoint 'CatalogService.Api.Controllers.GenresController.GetAll (CatalogService.Api)'
2025-11-25 00:39:08.428 +02:00 [INF] Route matched with {action = "GetAll", controller = "Books"}. Executing controller action with signature System.Threading.Tasks.Task`1[Microsoft.AspNetCore.Mvc.IActionResult] GetAll() on controller CatalogService.Api.Controllers.BooksController (CatalogService.Api).
2025-11-25 00:39:08.431 +02:00 [INF] Route matched with {action = "GetAll", controller = "Authors"}. Executing controller action with signature System.Threading.Tasks.Task`1[Microsoft.AspNetCore.Mvc.IActionResult] GetAll() on controller CatalogService.Api.Controllers.AuthorsController (CatalogService.Api).
2025-11-25 00:39:08.434 +02:00 [INF] Route matched with {action = "GetAll", controller = "Genres"}. Executing controller action with signature System.Threading.Tasks.Task`1[Microsoft.AspNetCore.Mvc.IActionResult] GetAll() on controller CatalogService.Api.Controllers.GenresController (CatalogService.Api).
2025-11-25 00:39:08.443 +02:00 [INF] Executed DbCommand (1ms) [Parameters=[], CommandType='"Text"', CommandTimeout='30']
SELECT b.id, b.authorid, b.genreid, b.title, a.id, a.name, g.id, g.name
FROM books AS b
INNER JOIN authors AS a ON b.authorid = a.id
INNER JOIN genres AS g ON b.genreid = g.id
2025-11-25 00:39:08.448 +02:00 [INF] Executed DbCommand (1ms) [Parameters=[], CommandType='"Text"', CommandTimeout='30']
SELECT a.id, a.name
FROM authors AS a
2025-11-25 00:39:08.452 +02:00 [INF] Executed DbCommand (1ms) [Parameters=[], CommandType='"Text"', CommandTimeout='30']
SELECT g.id, g.name
FROM genres AS g
2025-11-25 00:39:08.456 +02:00 [INF] Executing OkObjectResult, writing value of type 'System.Collections.Generic.List`1[[CatalogService.Bll.Dtos.BookDto, CatalogService.Bll, Version=1.0.0.0, Culture=neutral, PublicKeyToken=null]]'.
2025-11-25 00:39:08.462 +02:00 [INF] Executing OkObjectResult, writing value of type 'System.Collections.Generic.List`1[[CatalogService.Bll.Dtos.AuthorDto, CatalogService.Bll, Version=1.0.0.0, Culture=neutral, PublicKeyToken=null]]'.
2025-11-25 00:39:08.467 +02:00 [INF] Executing OkObjectResult, writing value of type 'System.Collections.Generic.List`1[[CatalogService.Bll.Dtos.GenreDto, CatalogService.Bll, Version=1.0.0.0, Culture=neutral, PublicKeyToken=null]]'.
2025-11-25 00:39:08.471 +02:00 [INF] Executed action CatalogService.Api.Controllers.BooksController.GetAll (CatalogService.Api) in 31.836ms
2025-11-25 00:39:08.476 +02:00 [INF] Executed action CatalogService.Api.Controllers.AuthorsController.GetAll (CatalogService.Api) in 30.7761ms
2025-11-25 00:39:08.480 +02:00 [INF] Executed action CatalogService.Api.Controllers.GenresController.GetAll (CatalogService.Api) in 30.3503ms
2025-11-25 00:39:08.483 +02:00 [INF] Executed endpoint 'CatalogService.Api.Controllers.BooksController.GetAll (CatalogService.Api)'
2025-11-25 00:39:08.486 +02:00 [INF] Executed endpoint 'CatalogService.Api.Controllers.AuthorsController.GetAll (CatalogService.Api)'
2025-11-25 00:39:08.489 +02:00 [INF] Executed endpoint 'CatalogService.Api.Controllers.GenresController.GetAll (CatalogService.Api)'
2025-11-25 00:39:08.492 +02:00 [INF] Request finished HTTP/1.1 GET http://localhost:5180/api/books - 200 null application/json; charset=utf-8 87.2979ms
2025-11-25 00:39:08.495 +02:00 [INF] Request finished HTTP/1.1 GET http://localhost:5180/api/authors - 200 null application/json; charset=utf-8 89.8558ms
2025-11-25 00:39:08.497 +02:00 [INF] Request finished HTTP/1.1 GET http://localhost:5180/api/genres - 200 null application/json; charset=utf-8 92.0902ms
2025-11-25 00:39:14.995 +02:00 [INF] Request starting HTTP/1.1 GET http://localhost:5180/api/books/6 - null null
2025-11-25 00:39:15.003 +02:00 [INF] Executing endpoint 'CatalogService.Api.Controllers.BooksController.GetById (CatalogService.Api)'
2025-11-25 00:39:15.010 +02:00 [INF] Route matched with {action = "GetById", controller = "Books"}. Executing controller action with signature System.Threading.Tasks.Task`1[Microsoft.AspNetCore.Mvc.IActionResult] GetById(Int32) on controller CatalogService.Api.Controllers.BooksController (CatalogService.Api).
2025-11-25 00:39:15.068 +02:00 [INF] Executed DbCommand (1ms) [Parameters=[@__id_0='?' (DbType = Int32)], CommandType='"Text"', CommandTimeout='30']
SELECT b.id, b.authorid, b.genreid, b.title, a.id, a.name, g.id, g.name
FROM books AS b
INNER JOIN authors AS a ON b.authorid = a.id
INNER JOIN genres AS g ON b.genreid = g.id
WHERE b.id = @__id_0
LIMIT 1
2025-11-25 00:39:15.079 +02:00 [INF] Executing OkObjectResult, writing value of type 'CatalogService.Bll.Dtos.BookDto'.
2025-11-25 00:39:15.084 +02:00 [INF] Executed action CatalogService.Api.Controllers.BooksController.GetById (CatalogService.Api) in 67.1292ms
2025-11-25 00:39:15.087 +02:00 [INF] Executed endpoint 'CatalogService.Api.Controllers.BooksController.GetById (CatalogService.Api)'
2025-11-25 00:39:15.091 +02:00 [INF] Request finished HTTP/1.1 GET http://localhost:5180/api/books/6 - 200 null application/json; charset=utf-8 95.7178ms
2025-11-25 00:39:16.953 +02:00 [INF] Request starting HTTP/1.1 GET http://localhost:5180/api/books/6 - null null
2025-11-25 00:39:16.957 +02:00 [INF] Executing endpoint 'CatalogService.Api.Controllers.BooksController.GetById (CatalogService.Api)'
2025-11-25 00:39:16.959 +02:00 [INF] Route matched with {action = "GetById", controller = "Books"}. Executing controller action with signature System.Threading.Tasks.Task`1[Microsoft.AspNetCore.Mvc.IActionResult] GetById(Int32) on controller CatalogService.Api.Controllers.BooksController (CatalogService.Api).
2025-11-25 00:39:16.967 +02:00 [INF] Executed DbCommand (3ms) [Parameters=[@__id_0='?' (DbType = Int32)], CommandType='"Text"', CommandTimeout='30']
SELECT b.id, b.authorid, b.genreid, b.title, a.id, a.name, g.id, g.name
FROM books AS b
INNER JOIN authors AS a ON b.authorid = a.id
INNER JOIN genres AS g ON b.genreid = g.id
WHERE b.id = @__id_0
LIMIT 1
2025-11-25 00:39:16.975 +02:00 [INF] Executing OkObjectResult, writing value of type 'CatalogService.Bll.Dtos.BookDto'.
2025-11-25 00:39:16.979 +02:00 [INF] Executed action CatalogService.Api.Controllers.BooksController.GetById (CatalogService.Api) in 16.2193ms
2025-11-25 00:39:16.983 +02:00 [INF] Executed endpoint 'CatalogService.Api.Controllers.BooksController.GetById (CatalogService.Api)'
2025-11-25 00:39:16.987 +02:00 [INF] Request finished HTTP/1.1 GET http://localhost:5180/api/books/6 - 200 null application/json; charset=utf-8 33.5908ms
2025-11-25 00:39:17.081 +02:00 [INF] Request starting HTTP/1.1 GET http://localhost:5180/api/authors - null null
2025-11-25 00:39:17.081 +02:00 [INF] Request starting HTTP/1.1 GET http://localhost:5180/api/books - null null
2025-11-25 00:39:17.082 +02:00 [INF] Request starting HTTP/1.1 GET http://localhost:5180/api/genres - null null
2025-11-25 00:39:17.086 +02:00 [INF] Executing endpoint 'CatalogService.Api.Controllers.AuthorsController.GetAll (CatalogService.Api)'
2025-11-25 00:39:17.093 +02:00 [INF] Executing endpoint 'CatalogService.Api.Controllers.BooksController.GetAll (CatalogService.Api)'
2025-11-25 00:39:17.098 +02:00 [INF] Executing endpoint 'CatalogService.Api.Controllers.GenresController.GetAll (CatalogService.Api)'
2025-11-25 00:39:17.100 +02:00 [INF] Route matched with {action = "GetAll", controller = "Authors"}. Executing controller action with signature System.Threading.Tasks.Task`1[Microsoft.AspNetCore.Mvc.IActionResult] GetAll() on controller CatalogService.Api.Controllers.AuthorsController (CatalogService.Api).
2025-11-25 00:39:17.103 +02:00 [INF] Route matched with {action = "GetAll", controller = "Books"}. Executing controller action with signature System.Threading.Tasks.Task`1[Microsoft.AspNetCore.Mvc.IActionResult] GetAll() on controller CatalogService.Api.Controllers.BooksController (CatalogService.Api).
2025-11-25 00:39:17.106 +02:00 [INF] Route matched with {action = "GetAll", controller = "Genres"}. Executing controller action with signature System.Threading.Tasks.Task`1[Microsoft.AspNetCore.Mvc.IActionResult] GetAll() on controller CatalogService.Api.Controllers.GenresController (CatalogService.Api).
2025-11-25 00:39:17.112 +02:00 [INF] Executed DbCommand (1ms) [Parameters=[], CommandType='"Text"', CommandTimeout='30']
SELECT a.id, a.name
FROM authors AS a
2025-11-25 00:39:17.117 +02:00 [INF] Executed DbCommand (1ms) [Parameters=[], CommandType='"Text"', CommandTimeout='30']
SELECT b.id, b.authorid, b.genreid, b.title, a.id, a.name, g.id, g.name
FROM books AS b
INNER JOIN authors AS a ON b.authorid = a.id
INNER JOIN genres AS g ON b.genreid = g.id
2025-11-25 00:39:17.121 +02:00 [INF] Executed DbCommand (1ms) [Parameters=[], CommandType='"Text"', CommandTimeout='30']
SELECT g.id, g.name
FROM genres AS g
2025-11-25 00:39:17.126 +02:00 [INF] Executing OkObjectResult, writing value of type 'System.Collections.Generic.List`1[[CatalogService.Bll.Dtos.AuthorDto, CatalogService.Bll, Version=1.0.0.0, Culture=neutral, PublicKeyToken=null]]'.
2025-11-25 00:39:17.132 +02:00 [INF] Executing OkObjectResult, writing value of type 'System.Collections.Generic.List`1[[CatalogService.Bll.Dtos.BookDto, CatalogService.Bll, Version=1.0.0.0, Culture=neutral, PublicKeyToken=null]]'.
2025-11-25 00:39:17.135 +02:00 [INF] Executing OkObjectResult, writing value of type 'System.Collections.Generic.List`1[[CatalogService.Bll.Dtos.GenreDto, CatalogService.Bll, Version=1.0.0.0, Culture=neutral, PublicKeyToken=null]]'.
2025-11-25 00:39:17.139 +02:00 [INF] Executed action CatalogService.Api.Controllers.AuthorsController.GetAll (CatalogService.Api) in 28.462ms
2025-11-25 00:39:17.143 +02:00 [INF] Executed action CatalogService.Api.Controllers.BooksController.GetAll (CatalogService.Api) in 28.2578ms
2025-11-25 00:39:17.146 +02:00 [INF] Executed action CatalogService.Api.Controllers.GenresController.GetAll (CatalogService.Api) in 26.7966ms
2025-11-25 00:39:17.148 +02:00 [INF] Executed endpoint 'CatalogService.Api.Controllers.AuthorsController.GetAll (CatalogService.Api)'
2025-11-25 00:39:17.150 +02:00 [INF] Executed endpoint 'CatalogService.Api.Controllers.BooksController.GetAll (CatalogService.Api)'
2025-11-25 00:39:17.153 +02:00 [INF] Executed endpoint 'CatalogService.Api.Controllers.GenresController.GetAll (CatalogService.Api)'
2025-11-25 00:39:17.155 +02:00 [INF] Request finished HTTP/1.1 GET http://localhost:5180/api/authors - 200 null application/json; charset=utf-8 73.9501ms
2025-11-25 00:39:17.158 +02:00 [INF] Request finished HTTP/1.1 GET http://localhost:5180/api/books - 200 null application/json; charset=utf-8 76.5189ms
2025-11-25 00:39:17.161 +02:00 [INF] Request finished HTTP/1.1 GET http://localhost:5180/api/genres - 200 null application/json; charset=utf-8 79.045ms
2025-11-25 00:39:35.694 +02:00 [INF] Request starting HTTP/1.1 GET http://localhost:5180/api/books - null null
2025-11-25 00:39:35.699 +02:00 [INF] Request starting HTTP/1.1 GET http://localhost:5180/api/authors - null null
2025-11-25 00:39:35.699 +02:00 [INF] Request starting HTTP/1.1 GET http://localhost:5180/api/genres - null null
2025-11-25 00:39:35.702 +02:00 [INF] Executing endpoint 'CatalogService.Api.Controllers.BooksController.GetAll (CatalogService.Api)'
2025-11-25 00:39:35.708 +02:00 [INF] Executing endpoint 'CatalogService.Api.Controllers.AuthorsController.GetAll (CatalogService.Api)'
2025-11-25 00:39:35.713 +02:00 [INF] Executing endpoint 'CatalogService.Api.Controllers.GenresController.GetAll (CatalogService.Api)'
2025-11-25 00:39:35.715 +02:00 [INF] Route matched with {action = "GetAll", controller = "Books"}. Executing controller action with signature System.Threading.Tasks.Task`1[Microsoft.AspNetCore.Mvc.IActionResult] GetAll() on controller CatalogService.Api.Controllers.BooksController (CatalogService.Api).
2025-11-25 00:39:35.717 +02:00 [INF] Route matched with {action = "GetAll", controller = "Authors"}. Executing controller action with signature System.Threading.Tasks.Task`1[Microsoft.AspNetCore.Mvc.IActionResult] GetAll() on controller CatalogService.Api.Controllers.AuthorsController (CatalogService.Api).
2025-11-25 00:39:35.720 +02:00 [INF] Route matched with {action = "GetAll", controller = "Genres"}. Executing controller action with signature System.Threading.Tasks.Task`1[Microsoft.AspNetCore.Mvc.IActionResult] GetAll() on controller CatalogService.Api.Controllers.GenresController (CatalogService.Api).
2025-11-25 00:39:35.726 +02:00 [INF] Executed DbCommand (2ms) [Parameters=[], CommandType='"Text"', CommandTimeout='30']
SELECT b.id, b.authorid, b.genreid, b.title, a.id, a.name, g.id, g.name
FROM books AS b
INNER JOIN authors AS a ON b.authorid = a.id
INNER JOIN genres AS g ON b.genreid = g.id
2025-11-25 00:39:35.729 +02:00 [INF] Executed DbCommand (1ms) [Parameters=[], CommandType='"Text"', CommandTimeout='30']
SELECT a.id, a.name
FROM authors AS a
2025-11-25 00:39:35.732 +02:00 [INF] Executed DbCommand (1ms) [Parameters=[], CommandType='"Text"', CommandTimeout='30']
SELECT g.id, g.name
FROM genres AS g
2025-11-25 00:39:35.737 +02:00 [INF] Executing OkObjectResult, writing value of type 'System.Collections.Generic.List`1[[CatalogService.Bll.Dtos.BookDto, CatalogService.Bll, Version=1.0.0.0, Culture=neutral, PublicKeyToken=null]]'.
2025-11-25 00:39:35.741 +02:00 [INF] Executing OkObjectResult, writing value of type 'System.Collections.Generic.List`1[[CatalogService.Bll.Dtos.AuthorDto, CatalogService.Bll, Version=1.0.0.0, Culture=neutral, PublicKeyToken=null]]'.
2025-11-25 00:39:35.746 +02:00 [INF] Executing OkObjectResult, writing value of type 'System.Collections.Generic.List`1[[CatalogService.Bll.Dtos.GenreDto, CatalogService.Bll, Version=1.0.0.0, Culture=neutral, PublicKeyToken=null]]'.
2025-11-25 00:39:35.748 +02:00 [INF] Executed action CatalogService.Api.Controllers.BooksController.GetAll (CatalogService.Api) in 25.0886ms
2025-11-25 00:39:35.752 +02:00 [INF] Executed action CatalogService.Api.Controllers.AuthorsController.GetAll (CatalogService.Api) in 24.3932ms
2025-11-25 00:39:35.755 +02:00 [INF] Executed action CatalogService.Api.Controllers.GenresController.GetAll (CatalogService.Api) in 24.2991ms
2025-11-25 00:39:35.754 +02:00 [INF] Request starting HTTP/1.1 GET http://localhost:5180/api/books - null null
2025-11-25 00:39:35.758 +02:00 [INF] Executed endpoint 'CatalogService.Api.Controllers.BooksController.GetAll (CatalogService.Api)'
2025-11-25 00:39:35.760 +02:00 [INF] Request starting HTTP/1.1 GET http://localhost:5180/api/authors - null null
2025-11-25 00:39:35.761 +02:00 [INF] Request starting HTTP/1.1 GET http://localhost:5180/api/genres - null null
2025-11-25 00:39:35.761 +02:00 [INF] Executed endpoint 'CatalogService.Api.Controllers.AuthorsController.GetAll (CatalogService.Api)'
2025-11-25 00:39:35.764 +02:00 [INF] Executed endpoint 'CatalogService.Api.Controllers.GenresController.GetAll (CatalogService.Api)'
2025-11-25 00:39:35.770 +02:00 [INF] Executing endpoint 'CatalogService.Api.Controllers.BooksController.GetAll (CatalogService.Api)'
2025-11-25 00:39:35.772 +02:00 [INF] Request finished HTTP/1.1 GET http://localhost:5180/api/books - 200 null application/json; charset=utf-8 77.5214ms
2025-11-25 00:39:35.777 +02:00 [INF] Executing endpoint 'CatalogService.Api.Controllers.AuthorsController.GetAll (CatalogService.Api)'
2025-11-25 00:39:35.782 +02:00 [INF] Executing endpoint 'CatalogService.Api.Controllers.GenresController.GetAll (CatalogService.Api)'
2025-11-25 00:39:35.784 +02:00 [INF] Request finished HTTP/1.1 GET http://localhost:5180/api/authors - 200 null application/json; charset=utf-8 85.5377ms
2025-11-25 00:39:35.788 +02:00 [INF] Request finished HTTP/1.1 GET http://localhost:5180/api/genres - 200 null application/json; charset=utf-8 88.8433ms
2025-11-25 00:39:35.790 +02:00 [INF] Route matched with {action = "GetAll", controller = "Books"}. Executing controller action with signature System.Threading.Tasks.Task`1[Microsoft.AspNetCore.Mvc.IActionResult] GetAll() on controller CatalogService.Api.Controllers.BooksController (CatalogService.Api).
2025-11-25 00:39:35.799 +02:00 [INF] Route matched with {action = "GetAll", controller = "Authors"}. Executing controller action with signature System.Threading.Tasks.Task`1[Microsoft.AspNetCore.Mvc.IActionResult] GetAll() on controller CatalogService.Api.Controllers.AuthorsController (CatalogService.Api).
2025-11-25 00:39:35.801 +02:00 [INF] Route matched with {action = "GetAll", controller = "Genres"}. Executing controller action with signature System.Threading.Tasks.Task`1[Microsoft.AspNetCore.Mvc.IActionResult] GetAll() on controller CatalogService.Api.Controllers.GenresController (CatalogService.Api).
2025-11-25 00:39:35.818 +02:00 [INF] Executed DbCommand (1ms) [Parameters=[], CommandType='"Text"', CommandTimeout='30']
SELECT b.id, b.authorid, b.genreid, b.title, a.id, a.name, g.id, g.name
FROM books AS b
INNER JOIN authors AS a ON b.authorid = a.id
INNER JOIN genres AS g ON b.genreid = g.id
2025-11-25 00:39:35.821 +02:00 [INF] Executed DbCommand (1ms) [Parameters=[], CommandType='"Text"', CommandTimeout='30']
SELECT a.id, a.name
FROM authors AS a
2025-11-25 00:39:35.825 +02:00 [INF] Executed DbCommand (1ms) [Parameters=[], CommandType='"Text"', CommandTimeout='30']
SELECT g.id, g.name
FROM genres AS g
2025-11-25 00:39:35.828 +02:00 [INF] Executing OkObjectResult, writing value of type 'System.Collections.Generic.List`1[[CatalogService.Bll.Dtos.BookDto, CatalogService.Bll, Version=1.0.0.0, Culture=neutral, PublicKeyToken=null]]'.
2025-11-25 00:39:35.833 +02:00 [INF] Executing OkObjectResult, writing value of type 'System.Collections.Generic.List`1[[CatalogService.Bll.Dtos.AuthorDto, CatalogService.Bll, Version=1.0.0.0, Culture=neutral, PublicKeyToken=null]]'.
2025-11-25 00:39:35.838 +02:00 [INF] Executing OkObjectResult, writing value of type 'System.Collections.Generic.List`1[[CatalogService.Bll.Dtos.GenreDto, CatalogService.Bll, Version=1.0.0.0, Culture=neutral, PublicKeyToken=null]]'.
2025-11-25 00:39:35.841 +02:00 [INF] Executed action CatalogService.Api.Controllers.BooksController.GetAll (CatalogService.Api) in 23.9431ms
2025-11-25 00:39:35.844 +02:00 [INF] Executed action CatalogService.Api.Controllers.AuthorsController.GetAll (CatalogService.Api) in 23.9674ms
2025-11-25 00:39:35.846 +02:00 [INF] Executed action CatalogService.Api.Controllers.GenresController.GetAll (CatalogService.Api) in 22.2934ms
2025-11-25 00:39:35.848 +02:00 [INF] Executed endpoint 'CatalogService.Api.Controllers.BooksController.GetAll (CatalogService.Api)'
2025-11-25 00:39:35.850 +02:00 [INF] Executed endpoint 'CatalogService.Api.Controllers.AuthorsController.GetAll (CatalogService.Api)'
2025-11-25 00:39:35.853 +02:00 [INF] Executed endpoint 'CatalogService.Api.Controllers.GenresController.GetAll (CatalogService.Api)'
2025-11-25 00:39:35.854 +02:00 [INF] Request finished HTTP/1.1 GET http://localhost:5180/api/books - 200 null application/json; charset=utf-8 100.0175ms
2025-11-25 00:39:35.857 +02:00 [INF] Request finished HTTP/1.1 GET http://localhost:5180/api/authors - 200 null application/json; charset=utf-8 96.9295ms
2025-11-25 00:39:35.858 +02:00 [INF] Request finished HTTP/1.1 GET http://localhost:5180/api/genres - 200 null application/json; charset=utf-8 97.7349ms
2025-11-25 00:40:00.142 +02:00 [INF] Request starting HTTP/1.1 GET http://localhost:5180/api/books/6 - null null
2025-11-25 00:40:00.148 +02:00 [INF] Executing endpoint 'CatalogService.Api.Controllers.BooksController.GetById (CatalogService.Api)'
2025-11-25 00:40:00.150 +02:00 [INF] Route matched with {action = "GetById", controller = "Books"}. Executing controller action with signature System.Threading.Tasks.Task`1[Microsoft.AspNetCore.Mvc.IActionResult] GetById(Int32) on controller CatalogService.Api.Controllers.BooksController (CatalogService.Api).
2025-11-25 00:40:00.157 +02:00 [INF] Executed DbCommand (1ms) [Parameters=[@__id_0='?' (DbType = Int32)], CommandType='"Text"', CommandTimeout='30']
SELECT b.id, b.authorid, b.genreid, b.title, a.id, a.name, g.id, g.name
FROM books AS b
INNER JOIN authors AS a ON b.authorid = a.id
INNER JOIN genres AS g ON b.genreid = g.id
WHERE b.id = @__id_0
LIMIT 1
2025-11-25 00:40:00.164 +02:00 [INF] Executing OkObjectResult, writing value of type 'CatalogService.Bll.Dtos.BookDto'.
2025-11-25 00:40:00.168 +02:00 [INF] Executed action CatalogService.Api.Controllers.BooksController.GetById (CatalogService.Api) in 13.9827ms
2025-11-25 00:40:00.172 +02:00 [INF] Executed endpoint 'CatalogService.Api.Controllers.BooksController.GetById (CatalogService.Api)'
2025-11-25 00:40:00.175 +02:00 [INF] Request finished HTTP/1.1 GET http://localhost:5180/api/books/6 - 200 null application/json; charset=utf-8 32.4518ms
2025-11-25 00:40:00.220 +02:00 [INF] Request starting HTTP/1.1 GET http://localhost:5180/api/books - null null
2025-11-25 00:40:00.220 +02:00 [INF] Request starting HTTP/1.1 GET http://localhost:5180/api/authors - null null
2025-11-25 00:40:00.221 +02:00 [INF] Request starting HTTP/1.1 GET http://localhost:5180/api/genres - null null
2025-11-25 00:40:00.226 +02:00 [INF] Executing endpoint 'CatalogService.Api.Controllers.BooksController.GetAll (CatalogService.Api)'
2025-11-25 00:40:00.231 +02:00 [INF] Executing endpoint 'CatalogService.Api.Controllers.AuthorsController.GetAll (CatalogService.Api)'
2025-11-25 00:40:00.237 +02:00 [INF] Executing endpoint 'CatalogService.Api.Controllers.GenresController.GetAll (CatalogService.Api)'
2025-11-25 00:40:00.239 +02:00 [INF] Route matched with {action = "GetAll", controller = "Books"}. Executing controller action with signature System.Threading.Tasks.Task`1[Microsoft.AspNetCore.Mvc.IActionResult] GetAll() on controller CatalogService.Api.Controllers.BooksController (CatalogService.Api).
2025-11-25 00:40:00.242 +02:00 [INF] Route matched with {action = "GetAll", controller = "Authors"}. Executing controller action with signature System.Threading.Tasks.Task`1[Microsoft.AspNetCore.Mvc.IActionResult] GetAll() on controller CatalogService.Api.Controllers.AuthorsController (CatalogService.Api).
2025-11-25 00:40:00.246 +02:00 [INF] Route matched with {action = "GetAll", controller = "Genres"}. Executing controller action with signature System.Threading.Tasks.Task`1[Microsoft.AspNetCore.Mvc.IActionResult] GetAll() on controller CatalogService.Api.Controllers.GenresController (CatalogService.Api).
2025-11-25 00:40:00.253 +02:00 [INF] Executed DbCommand (1ms) [Parameters=[], CommandType='"Text"', CommandTimeout='30']
SELECT b.id, b.authorid, b.genreid, b.title, a.id, a.name, g.id, g.name
FROM books AS b
INNER JOIN authors AS a ON b.authorid = a.id
INNER JOIN genres AS g ON b.genreid = g.id
2025-11-25 00:40:00.258 +02:00 [INF] Executed DbCommand (1ms) [Parameters=[], CommandType='"Text"', CommandTimeout='30']
SELECT a.id, a.name
FROM authors AS a
2025-11-25 00:40:00.262 +02:00 [INF] Executed DbCommand (1ms) [Parameters=[], CommandType='"Text"', CommandTimeout='30']
SELECT g.id, g.name
FROM genres AS g
2025-11-25 00:40:00.268 +02:00 [INF] Executing OkObjectResult, writing value of type 'System.Collections.Generic.List`1[[CatalogService.Bll.Dtos.BookDto, CatalogService.Bll, Version=1.0.0.0, Culture=neutral, PublicKeyToken=null]]'.
2025-11-25 00:40:00.273 +02:00 [INF] Executing OkObjectResult, writing value of type 'System.Collections.Generic.List`1[[CatalogService.Bll.Dtos.AuthorDto, CatalogService.Bll, Version=1.0.0.0, Culture=neutral, PublicKeyToken=null]]'.
2025-11-25 00:40:00.278 +02:00 [INF] Executing OkObjectResult, writing value of type 'System.Collections.Generic.List`1[[CatalogService.Bll.Dtos.GenreDto, CatalogService.Bll, Version=1.0.0.0, Culture=neutral, PublicKeyToken=null]]'.
2025-11-25 00:40:00.282 +02:00 [INF] Executed action CatalogService.Api.Controllers.BooksController.GetAll (CatalogService.Api) in 31.4061ms
2025-11-25 00:40:00.287 +02:00 [INF] Executed action CatalogService.Api.Controllers.AuthorsController.GetAll (CatalogService.Api) in 30.6661ms
2025-11-25 00:40:00.290 +02:00 [INF] Executed action CatalogService.Api.Controllers.GenresController.GetAll (CatalogService.Api) in 29.4023ms
2025-11-25 00:40:00.293 +02:00 [INF] Executed endpoint 'CatalogService.Api.Controllers.BooksController.GetAll (CatalogService.Api)'
2025-11-25 00:40:00.295 +02:00 [INF] Executed endpoint 'CatalogService.Api.Controllers.AuthorsController.GetAll (CatalogService.Api)'
2025-11-25 00:40:00.298 +02:00 [INF] Executed endpoint 'CatalogService.Api.Controllers.GenresController.GetAll (CatalogService.Api)'
2025-11-25 00:40:00.300 +02:00 [INF] Request finished HTTP/1.1 GET http://localhost:5180/api/books - 200 null application/json; charset=utf-8 80.1021ms
2025-11-25 00:40:00.302 +02:00 [INF] Request finished HTTP/1.1 GET http://localhost:5180/api/authors - 200 null application/json; charset=utf-8 81.9386ms
2025-11-25 00:40:00.304 +02:00 [INF] Request finished HTTP/1.1 GET http://localhost:5180/api/genres - 200 null application/json; charset=utf-8 83.7565ms
2025-11-25 00:47:04.068 +02:00 [INF] Now listening on: http://localhost:5180
2025-11-25 00:47:04.114 +02:00 [INF] Application started. Press Ctrl+C to shut down.
2025-11-25 00:47:04.116 +02:00 [INF] Hosting environment: Development
2025-11-25 00:47:04.118 +02:00 [INF] Content root path: C:\Users\Admin\Documents\projects\LibrarySystem\CatalogService\CatalogService.Api
2025-11-25 00:47:10.679 +02:00 [INF] Request starting HTTP/1.1 GET http://localhost:5180/api/genres - null null
2025-11-25 00:47:10.680 +02:00 [INF] Request starting HTTP/1.1 GET http://localhost:5180/api/books - null null
2025-11-25 00:47:10.680 +02:00 [INF] Request starting HTTP/1.1 GET http://localhost:5180/api/authors - null null
2025-11-25 00:47:10.745 +02:00 [INF] Executing endpoint 'CatalogService.Api.Controllers.AuthorsController.GetAll (CatalogService.Api)'
2025-11-25 00:47:10.745 +02:00 [INF] Executing endpoint 'CatalogService.Api.Controllers.BooksController.GetAll (CatalogService.Api)'
2025-11-25 00:47:10.745 +02:00 [INF] Executing endpoint 'CatalogService.Api.Controllers.GenresController.GetAll (CatalogService.Api)'
2025-11-25 00:47:10.772 +02:00 [INF] Route matched with {action = "GetAll", controller = "Books"}. Executing controller action with signature System.Threading.Tasks.Task`1[Microsoft.AspNetCore.Mvc.IActionResult] GetAll() on controller CatalogService.Api.Controllers.BooksController (CatalogService.Api).
2025-11-25 00:47:10.772 +02:00 [INF] Route matched with {action = "GetAll", controller = "Genres"}. Executing controller action with signature System.Threading.Tasks.Task`1[Microsoft.AspNetCore.Mvc.IActionResult] GetAll() on controller CatalogService.Api.Controllers.GenresController (CatalogService.Api).
2025-11-25 00:47:10.772 +02:00 [INF] Route matched with {action = "GetAll", controller = "Authors"}. Executing controller action with signature System.Threading.Tasks.Task`1[Microsoft.AspNetCore.Mvc.IActionResult] GetAll() on controller CatalogService.Api.Controllers.AuthorsController (CatalogService.Api).
2025-11-25 00:47:12.328 +02:00 [INF] Executed DbCommand (25ms) [Parameters=[], CommandType='"Text"', CommandTimeout='30']
SELECT b.id, b.authorid, b.genreid, b.title, a.id, a.name, g.id, g.name
FROM books AS b
INNER JOIN authors AS a ON b.authorid = a.id
INNER JOIN genres AS g ON b.genreid = g.id
2025-11-25 00:47:12.328 +02:00 [INF] Executed DbCommand (25ms) [Parameters=[], CommandType='"Text"', CommandTimeout='30']
SELECT g.id, g.name
FROM genres AS g
2025-11-25 00:47:12.328 +02:00 [INF] Executed DbCommand (25ms) [Parameters=[], CommandType='"Text"', CommandTimeout='30']
SELECT a.id, a.name
FROM authors AS a
2025-11-25 00:47:12.483 +02:00 [INF] Executing OkObjectResult, writing value of type 'System.Collections.Generic.List`1[[CatalogService.Bll.Dtos.GenreDto, CatalogService.Bll, Version=1.0.0.0, Culture=neutral, PublicKeyToken=null]]'.
2025-11-25 00:47:12.486 +02:00 [INF] Executing OkObjectResult, writing value of type 'System.Collections.Generic.List`1[[CatalogService.Bll.Dtos.BookDto, CatalogService.Bll, Version=1.0.0.0, Culture=neutral, PublicKeyToken=null]]'.
2025-11-25 00:47:12.486 +02:00 [INF] Executing OkObjectResult, writing value of type 'System.Collections.Generic.List`1[[CatalogService.Bll.Dtos.AuthorDto, CatalogService.Bll, Version=1.0.0.0, Culture=neutral, PublicKeyToken=null]]'.
2025-11-25 00:47:12.532 +02:00 [INF] Executed action CatalogService.Api.Controllers.AuthorsController.GetAll (CatalogService.Api) in 1738.644ms
2025-11-25 00:47:12.532 +02:00 [INF] Executed action CatalogService.Api.Controllers.BooksController.GetAll (CatalogService.Api) in 1748.0816ms
2025-11-25 00:47:12.532 +02:00 [INF] Executed action CatalogService.Api.Controllers.GenresController.GetAll (CatalogService.Api) in 1743.8871ms
2025-11-25 00:47:12.536 +02:00 [INF] Request starting HTTP/1.1 GET http://localhost:5180/api/genres - null null
2025-11-25 00:47:12.538 +02:00 [INF] Request starting HTTP/1.1 GET http://localhost:5180/api/authors - null null
2025-11-25 00:47:12.538 +02:00 [INF] Request starting HTTP/1.1 GET http://localhost:5180/api/books - null null
2025-11-25 00:47:12.542 +02:00 [INF] Executed endpoint 'CatalogService.Api.Controllers.AuthorsController.GetAll (CatalogService.Api)'
2025-11-25 00:47:12.544 +02:00 [INF] Executed endpoint 'CatalogService.Api.Controllers.BooksController.GetAll (CatalogService.Api)'
2025-11-25 00:47:12.548 +02:00 [INF] Executed endpoint 'CatalogService.Api.Controllers.GenresController.GetAll (CatalogService.Api)'
2025-11-25 00:47:12.560 +02:00 [INF] Executing endpoint 'CatalogService.Api.Controllers.GenresController.GetAll (CatalogService.Api)'
2025-11-25 00:47:12.563 +02:00 [INF] Executing endpoint 'CatalogService.Api.Controllers.AuthorsController.GetAll (CatalogService.Api)'
2025-11-25 00:47:12.571 +02:00 [INF] Executing endpoint 'CatalogService.Api.Controllers.BooksController.GetAll (CatalogService.Api)'
2025-11-25 00:47:12.583 +02:00 [INF] Route matched with {action = "GetAll", controller = "Genres"}. Executing controller action with signature System.Threading.Tasks.Task`1[Microsoft.AspNetCore.Mvc.IActionResult] GetAll() on controller CatalogService.Api.Controllers.GenresController (CatalogService.Api).
2025-11-25 00:47:12.585 +02:00 [INF] Route matched with {action = "GetAll", controller = "Authors"}. Executing controller action with signature System.Threading.Tasks.Task`1[Microsoft.AspNetCore.Mvc.IActionResult] GetAll() on controller CatalogService.Api.Controllers.AuthorsController (CatalogService.Api).
2025-11-25 00:47:12.586 +02:00 [INF] Request finished HTTP/1.1 GET http://localhost:5180/api/books - 200 null application/json; charset=utf-8 1911.1234ms
2025-11-25 00:47:12.586 +02:00 [INF] Request finished HTTP/1.1 GET http://localhost:5180/api/authors - 200 null application/json; charset=utf-8 1911.1032ms
2025-11-25 00:47:12.586 +02:00 [INF] Request finished HTTP/1.1 GET http://localhost:5180/api/genres - 200 null application/json; charset=utf-8 1911.1129ms
2025-11-25 00:47:12.588 +02:00 [INF] Route matched with {action = "GetAll", controller = "Books"}. Executing controller action with signature System.Threading.Tasks.Task`1[Microsoft.AspNetCore.Mvc.IActionResult] GetAll() on controller CatalogService.Api.Controllers.BooksController (CatalogService.Api).
2025-11-25 00:47:12.678 +02:00 [INF] Executed DbCommand (6ms) [Parameters=[], CommandType='"Text"', CommandTimeout='30']
SELECT g.id, g.name
FROM genres AS g
2025-11-25 00:47:12.678 +02:00 [INF] Executed DbCommand (6ms) [Parameters=[], CommandType='"Text"', CommandTimeout='30']
SELECT a.id, a.name
FROM authors AS a
2025-11-25 00:47:12.678 +02:00 [INF] Executed DbCommand (4ms) [Parameters=[], CommandType='"Text"', CommandTimeout='30']
SELECT b.id, b.authorid, b.genreid, b.title, a.id, a.name, g.id, g.name
FROM books AS b
INNER JOIN authors AS a ON b.authorid = a.id
INNER JOIN genres AS g ON b.genreid = g.id
2025-11-25 00:47:12.686 +02:00 [INF] Executing OkObjectResult, writing value of type 'System.Collections.Generic.List`1[[CatalogService.Bll.Dtos.GenreDto, CatalogService.Bll, Version=1.0.0.0, Culture=neutral, PublicKeyToken=null]]'.
2025-11-25 00:47:12.693 +02:00 [INF] Executing OkObjectResult, writing value of type 'System.Collections.Generic.List`1[[CatalogService.Bll.Dtos.AuthorDto, CatalogService.Bll, Version=1.0.0.0, Culture=neutral, PublicKeyToken=null]]'.
2025-11-25 00:47:12.697 +02:00 [INF] Executing OkObjectResult, writing value of type 'System.Collections.Generic.List`1[[CatalogService.Bll.Dtos.BookDto, CatalogService.Bll, Version=1.0.0.0, Culture=neutral, PublicKeyToken=null]]'.
2025-11-25 00:47:12.700 +02:00 [INF] Executed action CatalogService.Api.Controllers.GenresController.GetAll (CatalogService.Api) in 108.4449ms
2025-11-25 00:47:12.704 +02:00 [INF] Executed action CatalogService.Api.Controllers.AuthorsController.GetAll (CatalogService.Api) in 108.364ms
2025-11-25 00:47:12.708 +02:00 [INF] Executed action CatalogService.Api.Controllers.BooksController.GetAll (CatalogService.Api) in 89.6504ms
2025-11-25 00:47:12.714 +02:00 [INF] Executed endpoint 'CatalogService.Api.Controllers.GenresController.GetAll (CatalogService.Api)'
2025-11-25 00:47:12.716 +02:00 [INF] Executed endpoint 'CatalogService.Api.Controllers.AuthorsController.GetAll (CatalogService.Api)'
2025-11-25 00:47:12.719 +02:00 [INF] Executed endpoint 'CatalogService.Api.Controllers.BooksController.GetAll (CatalogService.Api)'
2025-11-25 00:47:12.722 +02:00 [INF] Request finished HTTP/1.1 GET http://localhost:5180/api/genres - 200 null application/json; charset=utf-8 185.4379ms
2025-11-25 00:47:12.724 +02:00 [INF] Request finished HTTP/1.1 GET http://localhost:5180/api/authors - 200 null application/json; charset=utf-8 185.9602ms
2025-11-25 00:47:12.726 +02:00 [INF] Request finished HTTP/1.1 GET http://localhost:5180/api/books - 200 null application/json; charset=utf-8 188.1256ms
2025-11-25 00:47:32.691 +02:00 [INF] Request starting HTTP/1.1 POST http://localhost:5180/api/books - application/json 65
2025-11-25 00:47:32.707 +02:00 [INF] CORS policy execution successful.
2025-11-25 00:47:32.710 +02:00 [INF] Executing endpoint 'CatalogService.Api.Controllers.BooksController.Create (CatalogService.Api)'
2025-11-25 00:47:32.734 +02:00 [INF] Route matched with {action = "Create", controller = "Books"}. Executing controller action with signature System.Threading.Tasks.Task`1[Microsoft.AspNetCore.Mvc.IActionResult] Create(CatalogService.Bll.Dtos.CreateBookDto) on controller CatalogService.Api.Controllers.BooksController (CatalogService.Api).
2025-11-25 00:47:32.963 +02:00 [INF] Executed DbCommand (18ms) [Parameters=[@p0='?' (DbType = Int32), @p1='?' (DbType = Int32), @p2='?'], CommandType='"Text"', CommandTimeout='30']
INSERT INTO books (authorid, genreid, title)
VALUES (@p0, @p1, @p2)
RETURNING id;
2025-11-25 00:47:33.004 +02:00 [INF] Executing CreatedAtActionResult, writing value of type 'CatalogService.Bll.Dtos.CreateBookDto'.
2025-11-25 00:47:33.032 +02:00 [INF] Executed action CatalogService.Api.Controllers.BooksController.Create (CatalogService.Api) in 292.5678ms
2025-11-25 00:47:33.037 +02:00 [INF] Executed endpoint 'CatalogService.Api.Controllers.BooksController.Create (CatalogService.Api)'
2025-11-25 00:47:33.042 +02:00 [INF] Request finished HTTP/1.1 POST http://localhost:5180/api/books - 201 null application/json; charset=utf-8 350.3622ms
2025-11-25 00:47:33.054 +02:00 [INF] Request starting HTTP/1.1 GET http://localhost:5180/api/books - null null
2025-11-25 00:47:33.055 +02:00 [INF] Request starting HTTP/1.1 GET http://localhost:5180/api/authors - null null
2025-11-25 00:47:33.055 +02:00 [INF] Request starting HTTP/1.1 GET http://localhost:5180/api/genres - null null
2025-11-25 00:47:33.060 +02:00 [INF] Executing endpoint 'CatalogService.Api.Controllers.BooksController.GetAll (CatalogService.Api)'
2025-11-25 00:47:33.066 +02:00 [INF] Executing endpoint 'CatalogService.Api.Controllers.AuthorsController.GetAll (CatalogService.Api)'
2025-11-25 00:47:33.071 +02:00 [INF] Executing endpoint 'CatalogService.Api.Controllers.GenresController.GetAll (CatalogService.Api)'
2025-11-25 00:47:33.073 +02:00 [INF] Route matched with {action = "GetAll", controller = "Books"}. Executing controller action with signature System.Threading.Tasks.Task`1[Microsoft.AspNetCore.Mvc.IActionResult] GetAll() on controller CatalogService.Api.Controllers.BooksController (CatalogService.Api).
2025-11-25 00:47:33.076 +02:00 [INF] Route matched with {action = "GetAll", controller = "Authors"}. Executing controller action with signature System.Threading.Tasks.Task`1[Microsoft.AspNetCore.Mvc.IActionResult] GetAll() on controller CatalogService.Api.Controllers.AuthorsController (CatalogService.Api).
2025-11-25 00:47:33.079 +02:00 [INF] Route matched with {action = "GetAll", controller = "Genres"}. Executing controller action with signature System.Threading.Tasks.Task`1[Microsoft.AspNetCore.Mvc.IActionResult] GetAll() on controller CatalogService.Api.Controllers.GenresController (CatalogService.Api).
2025-11-25 00:47:33.088 +02:00 [INF] Executed DbCommand (3ms) [Parameters=[], CommandType='"Text"', CommandTimeout='30']
SELECT b.id, b.authorid, b.genreid, b.title, a.id, a.name, g.id, g.name
FROM books AS b
INNER JOIN authors AS a ON b.authorid = a.id
INNER JOIN genres AS g ON b.genreid = g.id
2025-11-25 00:47:33.090 +02:00 [INF] Executed DbCommand (1ms) [Parameters=[], CommandType='"Text"', CommandTimeout='30']
SELECT a.id, a.name
FROM authors AS a
2025-11-25 00:47:33.094 +02:00 [INF] Executed DbCommand (1ms) [Parameters=[], CommandType='"Text"', CommandTimeout='30']
SELECT g.id, g.name
FROM genres AS g
2025-11-25 00:47:33.099 +02:00 [INF] Executing OkObjectResult, writing value of type 'System.Collections.Generic.List`1[[CatalogService.Bll.Dtos.BookDto, CatalogService.Bll, Version=1.0.0.0, Culture=neutral, PublicKeyToken=null]]'.
2025-11-25 00:47:33.104 +02:00 [INF] Executing OkObjectResult, writing value of type 'System.Collections.Generic.List`1[[CatalogService.Bll.Dtos.AuthorDto, CatalogService.Bll, Version=1.0.0.0, Culture=neutral, PublicKeyToken=null]]'.
2025-11-25 00:47:33.110 +02:00 [INF] Executing OkObjectResult, writing value of type 'System.Collections.Generic.List`1[[CatalogService.Bll.Dtos.GenreDto, CatalogService.Bll, Version=1.0.0.0, Culture=neutral, PublicKeyToken=null]]'.
2025-11-25 00:47:33.113 +02:00 [INF] Executed action CatalogService.Api.Controllers.BooksController.GetAll (CatalogService.Api) in 29.9208ms
2025-11-25 00:47:33.117 +02:00 [INF] Executed action CatalogService.Api.Controllers.AuthorsController.GetAll (CatalogService.Api) in 29.9093ms
2025-11-25 00:47:33.120 +02:00 [INF] Executed action CatalogService.Api.Controllers.GenresController.GetAll (CatalogService.Api) in 28.0163ms
2025-11-25 00:47:33.122 +02:00 [INF] Executed endpoint 'CatalogService.Api.Controllers.BooksController.GetAll (CatalogService.Api)'
2025-11-25 00:47:33.124 +02:00 [INF] Executed endpoint 'CatalogService.Api.Controllers.AuthorsController.GetAll (CatalogService.Api)'
2025-11-25 00:47:33.127 +02:00 [INF] Executed endpoint 'CatalogService.Api.Controllers.GenresController.GetAll (CatalogService.Api)'
2025-11-25 00:47:33.129 +02:00 [INF] Request finished HTTP/1.1 GET http://localhost:5180/api/books - 200 null application/json; charset=utf-8 75.5719ms
2025-11-25 00:47:33.132 +02:00 [INF] Request finished HTTP/1.1 GET http://localhost:5180/api/authors - 200 null application/json; charset=utf-8 76.5573ms
2025-11-25 00:47:33.134 +02:00 [INF] Request finished HTTP/1.1 GET http://localhost:5180/api/genres - 200 null application/json; charset=utf-8 78.6513ms
2025-11-25 00:47:43.088 +02:00 [INF] Request starting HTTP/1.1 GET http://localhost:5180/api/books/7 - null null
2025-11-25 00:47:43.096 +02:00 [INF] Executing endpoint 'CatalogService.Api.Controllers.BooksController.GetById (CatalogService.Api)'
2025-11-25 00:47:43.105 +02:00 [INF] Route matched with {action = "GetById", controller = "Books"}. Executing controller action with signature System.Threading.Tasks.Task`1[Microsoft.AspNetCore.Mvc.IActionResult] GetById(Int32) on controller CatalogService.Api.Controllers.BooksController (CatalogService.Api).
2025-11-25 00:47:43.163 +02:00 [INF] Executed DbCommand (2ms) [Parameters=[@__id_0='?' (DbType = Int32)], CommandType='"Text"', CommandTimeout='30']
SELECT b.id, b.authorid, b.genreid, b.title, a.id, a.name, g.id, g.name
FROM books AS b
INNER JOIN authors AS a ON b.authorid = a.id
INNER JOIN genres AS g ON b.genreid = g.id
WHERE b.id = @__id_0
LIMIT 1
2025-11-25 00:47:43.175 +02:00 [INF] Executing OkObjectResult, writing value of type 'CatalogService.Bll.Dtos.BookDto'.
2025-11-25 00:47:43.180 +02:00 [INF] Executed action CatalogService.Api.Controllers.BooksController.GetById (CatalogService.Api) in 68.6231ms
2025-11-25 00:47:43.183 +02:00 [INF] Executed endpoint 'CatalogService.Api.Controllers.BooksController.GetById (CatalogService.Api)'
2025-11-25 00:47:43.187 +02:00 [INF] Request finished HTTP/1.1 GET http://localhost:5180/api/books/7 - 200 null application/json; charset=utf-8 99.287ms
2025-11-25 12:59:41.253 +02:00 [INF] Now listening on: http://localhost:5180
2025-11-25 12:59:41.363 +02:00 [INF] Application started. Press Ctrl+C to shut down.
2025-11-25 12:59:41.367 +02:00 [INF] Hosting environment: Development
2025-11-25 12:59:41.370 +02:00 [INF] Content root path: C:\Users\Admin\Documents\projects\LibrarySystem\CatalogService\CatalogService.Api
2025-11-25 13:00:34.097 +02:00 [INF] Now listening on: http://localhost:5180
2025-11-25 13:00:34.175 +02:00 [INF] Application started. Press Ctrl+C to shut down.
2025-11-25 13:00:34.179 +02:00 [INF] Hosting environment: Development
2025-11-25 13:00:34.184 +02:00 [INF] Content root path: C:\Users\Admin\Documents\projects\LibrarySystem\CatalogService\CatalogService.Api
2025-11-25 13:01:50.633 +02:00 [INF] Now listening on: http://localhost:5180
2025-11-25 13:01:50.695 +02:00 [INF] Application started. Press Ctrl+C to shut down.
2025-11-25 13:01:50.698 +02:00 [INF] Hosting environment: Development
2025-11-25 13:01:50.699 +02:00 [INF] Content root path: C:\Users\Admin\Documents\projects\LibrarySystem\CatalogService\CatalogService.Api
2025-11-25 13:04:11.869 +02:00 [INF] Now listening on: http://localhost:5180
2025-11-25 13:04:11.989 +02:00 [INF] Application started. Press Ctrl+C to shut down.
2025-11-25 13:04:11.992 +02:00 [INF] Hosting environment: Development
2025-11-25 13:04:11.995 +02:00 [INF] Content root path: C:\Users\Admin\Documents\projects\LibrarySystem\CatalogService\CatalogService.Api
2025-11-25 13:05:31.810 +02:00 [INF] Now listening on: http://localhost:5180
2025-11-25 13:05:31.890 +02:00 [INF] Application started. Press Ctrl+C to shut down.
2025-11-25 13:05:31.892 +02:00 [INF] Hosting environment: Development
2025-11-25 13:05:31.894 +02:00 [INF] Content root path: C:\Users\Admin\Documents\projects\LibrarySystem\CatalogService\CatalogService.Api
2025-11-25 13:05:45.956 +02:00 [INF] Request starting HTTP/1.1 GET http://localhost:5180/ - null null
2025-11-25 13:05:46.067 +02:00 [INF] Executing ObjectResult, writing value of type 'Microsoft.AspNetCore.Mvc.ProblemDetails'.
2025-11-25 13:05:46.137 +02:00 [INF] Request finished HTTP/1.1 GET http://localhost:5180/ - 404 null application/problem+json; charset=utf-8 184.3357ms
2025-11-25 13:05:46.171 +02:00 [INF] Request reached the end of the middleware pipeline without being handled by application code. Request path: GET http://localhost:5180/, Response status code: 404
2025-11-25 13:05:46.218 +02:00 [INF] Request starting HTTP/1.1 GET http://localhost:5180/favicon.ico - null null
2025-11-25 13:05:46.236 +02:00 [INF] Executing ObjectResult, writing value of type 'Microsoft.AspNetCore.Mvc.ProblemDetails'.
2025-11-25 13:05:46.244 +02:00 [INF] Request finished HTTP/1.1 GET http://localhost:5180/favicon.ico - 404 null application/problem+json; charset=utf-8 26.2134ms
2025-11-25 13:05:46.256 +02:00 [INF] Request reached the end of the middleware pipeline without being handled by application code. Request path: GET http://localhost:5180/favicon.ico, Response status code: 404
2025-11-25 13:06:04.731 +02:00 [INF] Request starting HTTP/1.1 GET http://localhost:5180/api/authors - null null
2025-11-25 13:06:04.731 +02:00 [INF] Request starting HTTP/1.1 GET http://localhost:5180/api/genres - null null
2025-11-25 13:06:04.731 +02:00 [INF] Request starting HTTP/1.1 GET http://localhost:5180/api/books - null null
2025-11-25 13:06:04.742 +02:00 [INF] Executing endpoint 'CatalogService.Api.Controllers.GenresController.GetAll (CatalogService.Api)'
2025-11-25 13:06:04.742 +02:00 [INF] Executing endpoint 'CatalogService.Api.Controllers.AuthorsController.GetAll (CatalogService.Api)'
2025-11-25 13:06:04.746 +02:00 [INF] Executing endpoint 'CatalogService.Api.Controllers.BooksController.GetAll (CatalogService.Api)'
2025-11-25 13:06:04.764 +02:00 [INF] Route matched with {action = "GetAll", controller = "Books"}. Executing controller action with signature System.Threading.Tasks.Task`1[Microsoft.AspNetCore.Mvc.IActionResult] GetAll() on controller CatalogService.Api.Controllers.BooksController (CatalogService.Api).
2025-11-25 13:06:04.764 +02:00 [INF] Route matched with {action = "GetAll", controller = "Genres"}. Executing controller action with signature System.Threading.Tasks.Task`1[Microsoft.AspNetCore.Mvc.IActionResult] GetAll() on controller CatalogService.Api.Controllers.GenresController (CatalogService.Api).
2025-11-25 13:06:04.764 +02:00 [INF] Route matched with {action = "GetAll", controller = "Authors"}. Executing controller action with signature System.Threading.Tasks.Task`1[Microsoft.AspNetCore.Mvc.IActionResult] GetAll() on controller CatalogService.Api.Controllers.AuthorsController (CatalogService.Api).
2025-11-25 13:06:05.804 +02:00 [INF] Executed DbCommand (21ms) [Parameters=[], CommandType='"Text"', CommandTimeout='30']
SELECT g.id, g.name
FROM genres AS g
2025-11-25 13:06:05.804 +02:00 [INF] Executed DbCommand (21ms) [Parameters=[], CommandType='"Text"', CommandTimeout='30']
SELECT b.id, b.authorid, b.genreid, b.title, a.id, a.name, g.id, g.name
FROM books AS b
INNER JOIN authors AS a ON b.authorid = a.id
INNER JOIN genres AS g ON b.genreid = g.id
2025-11-25 13:06:05.804 +02:00 [INF] Executed DbCommand (21ms) [Parameters=[], CommandType='"Text"', CommandTimeout='30']
SELECT a.id, a.name
FROM authors AS a
2025-11-25 13:06:05.904 +02:00 [INF] Executing OkObjectResult, writing value of type 'System.Collections.Generic.List`1[[CatalogService.Bll.Dtos.GenreDto, CatalogService.Bll, Version=1.0.0.0, Culture=neutral, PublicKeyToken=null]]'.
2025-11-25 13:06:05.904 +02:00 [INF] Executing OkObjectResult, writing value of type 'System.Collections.Generic.List`1[[CatalogService.Bll.Dtos.AuthorDto, CatalogService.Bll, Version=1.0.0.0, Culture=neutral, PublicKeyToken=null]]'.
2025-11-25 13:06:05.904 +02:00 [INF] Executing OkObjectResult, writing value of type 'System.Collections.Generic.List`1[[CatalogService.Bll.Dtos.BookDto, CatalogService.Bll, Version=1.0.0.0, Culture=neutral, PublicKeyToken=null]]'.
2025-11-25 13:06:05.915 +02:00 [INF] Executed action CatalogService.Api.Controllers.AuthorsController.GetAll (CatalogService.Api) in 1136.751ms
2025-11-25 13:06:05.915 +02:00 [INF] Executed action CatalogService.Api.Controllers.BooksController.GetAll (CatalogService.Api) in 1145.4236ms
2025-11-25 13:06:05.915 +02:00 [INF] Executed action CatalogService.Api.Controllers.GenresController.GetAll (CatalogService.Api) in 1140.82ms
2025-11-25 13:06:05.919 +02:00 [INF] Executed endpoint 'CatalogService.Api.Controllers.AuthorsController.GetAll (CatalogService.Api)'
2025-11-25 13:06:05.921 +02:00 [INF] Executed endpoint 'CatalogService.Api.Controllers.BooksController.GetAll (CatalogService.Api)'
2025-11-25 13:06:05.921 +02:00 [INF] Request starting HTTP/1.1 GET http://localhost:5180/api/genres - null null
2025-11-25 13:06:05.921 +02:00 [INF] Request starting HTTP/1.1 GET http://localhost:5180/api/authors - null null
2025-11-25 13:06:05.921 +02:00 [INF] Request starting HTTP/1.1 GET http://localhost:5180/api/books - null null
2025-11-25 13:06:05.924 +02:00 [INF] Executed endpoint 'CatalogService.Api.Controllers.GenresController.GetAll (CatalogService.Api)'
2025-11-25 13:06:05.932 +02:00 [INF] Executing endpoint 'CatalogService.Api.Controllers.GenresController.GetAll (CatalogService.Api)'
2025-11-25 13:06:05.933 +02:00 [INF] Request finished HTTP/1.1 GET http://localhost:5180/api/books - 200 null application/json; charset=utf-8 1202.2115ms
2025-11-25 13:06:05.933 +02:00 [INF] Request finished HTTP/1.1 GET http://localhost:5180/api/authors - 200 null application/json; charset=utf-8 1202.5689ms
2025-11-25 13:06:05.936 +02:00 [INF] Executing endpoint 'CatalogService.Api.Controllers.AuthorsController.GetAll (CatalogService.Api)'
2025-11-25 13:06:05.941 +02:00 [INF] Executing endpoint 'CatalogService.Api.Controllers.BooksController.GetAll (CatalogService.Api)'
2025-11-25 13:06:05.943 +02:00 [INF] Request finished HTTP/1.1 GET http://localhost:5180/api/genres - 200 null application/json; charset=utf-8 1212.0601ms
2025-11-25 13:06:05.945 +02:00 [INF] Route matched with {action = "GetAll", controller = "Genres"}. Executing controller action with signature System.Threading.Tasks.Task`1[Microsoft.AspNetCore.Mvc.IActionResult] GetAll() on controller CatalogService.Api.Controllers.GenresController (CatalogService.Api).
2025-11-25 13:06:05.956 +02:00 [INF] Route matched with {action = "GetAll", controller = "Authors"}. Executing controller action with signature System.Threading.Tasks.Task`1[Microsoft.AspNetCore.Mvc.IActionResult] GetAll() on controller CatalogService.Api.Controllers.AuthorsController (CatalogService.Api).
2025-11-25 13:06:05.958 +02:00 [INF] Route matched with {action = "GetAll", controller = "Books"}. Executing controller action with signature System.Threading.Tasks.Task`1[Microsoft.AspNetCore.Mvc.IActionResult] GetAll() on controller CatalogService.Api.Controllers.BooksController (CatalogService.Api).
2025-11-25 13:06:06.023 +02:00 [INF] Executed DbCommand (3ms) [Parameters=[], CommandType='"Text"', CommandTimeout='30']
SELECT a.id, a.name
FROM authors AS a
2025-11-25 13:06:06.023 +02:00 [INF] Executed DbCommand (2ms) [Parameters=[], CommandType='"Text"', CommandTimeout='30']
SELECT b.id, b.authorid, b.genreid, b.title, a.id, a.name, g.id, g.name
FROM books AS b
INNER JOIN authors AS a ON b.authorid = a.id
INNER JOIN genres AS g ON b.genreid = g.id
2025-11-25 13:06:06.023 +02:00 [INF] Executed DbCommand (3ms) [Parameters=[], CommandType='"Text"', CommandTimeout='30']
SELECT g.id, g.name
FROM genres AS g
2025-11-25 13:06:06.030 +02:00 [INF] Executing OkObjectResult, writing value of type 'System.Collections.Generic.List`1[[CatalogService.Bll.Dtos.AuthorDto, CatalogService.Bll, Version=1.0.0.0, Culture=neutral, PublicKeyToken=null]]'.
2025-11-25 13:06:06.034 +02:00 [INF] Executing OkObjectResult, writing value of type 'System.Collections.Generic.List`1[[CatalogService.Bll.Dtos.BookDto, CatalogService.Bll, Version=1.0.0.0, Culture=neutral, PublicKeyToken=null]]'.
2025-11-25 13:06:06.037 +02:00 [INF] Executing OkObjectResult, writing value of type 'System.Collections.Generic.List`1[[CatalogService.Bll.Dtos.GenreDto, CatalogService.Bll, Version=1.0.0.0, Culture=neutral, PublicKeyToken=null]]'.
2025-11-25 13:06:06.039 +02:00 [INF] Executed action CatalogService.Api.Controllers.AuthorsController.GetAll (CatalogService.Api) in 71.0092ms
2025-11-25 13:06:06.041 +02:00 [INF] Executed action CatalogService.Api.Controllers.BooksController.GetAll (CatalogService.Api) in 70.4306ms
2025-11-25 13:06:06.043 +02:00 [INF] Executed action CatalogService.Api.Controllers.GenresController.GetAll (CatalogService.Api) in 77.5187ms
2025-11-25 13:06:06.044 +02:00 [INF] Executed endpoint 'CatalogService.Api.Controllers.AuthorsController.GetAll (CatalogService.Api)'
2025-11-25 13:06:06.046 +02:00 [INF] Executed endpoint 'CatalogService.Api.Controllers.BooksController.GetAll (CatalogService.Api)'
2025-11-25 13:06:06.048 +02:00 [INF] Executed endpoint 'CatalogService.Api.Controllers.GenresController.GetAll (CatalogService.Api)'
2025-11-25 13:06:06.050 +02:00 [INF] Request finished HTTP/1.1 GET http://localhost:5180/api/authors - 200 null application/json; charset=utf-8 128.4506ms
2025-11-25 13:06:06.052 +02:00 [INF] Request finished HTTP/1.1 GET http://localhost:5180/api/books - 200 null application/json; charset=utf-8 130.2221ms
2025-11-25 13:06:06.053 +02:00 [INF] Request finished HTTP/1.1 GET http://localhost:5180/api/genres - 200 null application/json; charset=utf-8 132.1691ms
2025-11-25 13:06:54.227 +02:00 [INF] Request starting HTTP/1.1 GET http://localhost:5180/api/books - null null
2025-11-25 13:06:54.227 +02:00 [INF] Request starting HTTP/1.1 GET http://localhost:5180/api/authors - null null
2025-11-25 13:06:54.227 +02:00 [INF] Request starting HTTP/1.1 GET http://localhost:5180/api/genres - null null
2025-11-25 13:06:54.235 +02:00 [INF] Executing endpoint 'CatalogService.Api.Controllers.BooksController.GetAll (CatalogService.Api)'
2025-11-25 13:06:54.240 +02:00 [INF] Executing endpoint 'CatalogService.Api.Controllers.AuthorsController.GetAll (CatalogService.Api)'
2025-11-25 13:06:54.246 +02:00 [INF] Executing endpoint 'CatalogService.Api.Controllers.GenresController.GetAll (CatalogService.Api)'
2025-11-25 13:06:54.249 +02:00 [INF] Route matched with {action = "GetAll", controller = "Books"}. Executing controller action with signature System.Threading.Tasks.Task`1[Microsoft.AspNetCore.Mvc.IActionResult] GetAll() on controller CatalogService.Api.Controllers.BooksController (CatalogService.Api).
2025-11-25 13:06:54.253 +02:00 [INF] Route matched with {action = "GetAll", controller = "Authors"}. Executing controller action with signature System.Threading.Tasks.Task`1[Microsoft.AspNetCore.Mvc.IActionResult] GetAll() on controller CatalogService.Api.Controllers.AuthorsController (CatalogService.Api).
2025-11-25 13:06:54.256 +02:00 [INF] Route matched with {action = "GetAll", controller = "Genres"}. Executing controller action with signature System.Threading.Tasks.Task`1[Microsoft.AspNetCore.Mvc.IActionResult] GetAll() on controller CatalogService.Api.Controllers.GenresController (CatalogService.Api).
2025-11-25 13:06:54.270 +02:00 [INF] Executed DbCommand (1ms) [Parameters=[], CommandType='"Text"', CommandTimeout='30']
SELECT a.id, a.name
FROM authors AS a
2025-11-25 13:06:54.270 +02:00 [INF] Executed DbCommand (1ms) [Parameters=[], CommandType='"Text"', CommandTimeout='30']
SELECT b.id, b.authorid, b.genreid, b.title, a.id, a.name, g.id, g.name
FROM books AS b
INNER JOIN authors AS a ON b.authorid = a.id
INNER JOIN genres AS g ON b.genreid = g.id
2025-11-25 13:06:54.289 +02:00 [INF] Executed DbCommand (1ms) [Parameters=[], CommandType='"Text"', CommandTimeout='30']
SELECT g.id, g.name
FROM genres AS g
2025-11-25 13:06:54.292 +02:00 [INF] Executing OkObjectResult, writing value of type 'System.Collections.Generic.List`1[[CatalogService.Bll.Dtos.AuthorDto, CatalogService.Bll, Version=1.0.0.0, Culture=neutral, PublicKeyToken=null]]'.
2025-11-25 13:06:54.300 +02:00 [INF] Executing OkObjectResult, writing value of type 'System.Collections.Generic.List`1[[CatalogService.Bll.Dtos.BookDto, CatalogService.Bll, Version=1.0.0.0, Culture=neutral, PublicKeyToken=null]]'.
2025-11-25 13:06:54.304 +02:00 [INF] Executing OkObjectResult, writing value of type 'System.Collections.Generic.List`1[[CatalogService.Bll.Dtos.GenreDto, CatalogService.Bll, Version=1.0.0.0, Culture=neutral, PublicKeyToken=null]]'.
2025-11-25 13:06:54.311 +02:00 [INF] Executed action CatalogService.Api.Controllers.BooksController.GetAll (CatalogService.Api) in 49.9907ms
2025-11-25 13:06:54.307 +02:00 [INF] Executed action CatalogService.Api.Controllers.AuthorsController.GetAll (CatalogService.Api) in 41.2771ms
2025-11-25 13:06:54.314 +02:00 [INF] Executed action CatalogService.Api.Controllers.GenresController.GetAll (CatalogService.Api) in 44.0633ms
2025-11-25 13:06:54.313 +02:00 [INF] Request starting HTTP/1.1 GET http://localhost:5180/api/authors - null null
2025-11-25 13:06:54.317 +02:00 [INF] Executed endpoint 'CatalogService.Api.Controllers.BooksController.GetAll (CatalogService.Api)'
2025-11-25 13:06:54.316 +02:00 [INF] Request starting HTTP/1.1 GET http://localhost:5180/api/books - null null
2025-11-25 13:06:54.320 +02:00 [INF] Request starting HTTP/1.1 GET http://localhost:5180/api/genres - null null
2025-11-25 13:06:54.320 +02:00 [INF] Executed endpoint 'CatalogService.Api.Controllers.AuthorsController.GetAll (CatalogService.Api)'
2025-11-25 13:06:54.323 +02:00 [INF] Executed endpoint 'CatalogService.Api.Controllers.GenresController.GetAll (CatalogService.Api)'
2025-11-25 13:06:54.328 +02:00 [INF] Executing endpoint 'CatalogService.Api.Controllers.AuthorsController.GetAll (CatalogService.Api)'
2025-11-25 13:06:54.331 +02:00 [INF] Request finished HTTP/1.1 GET http://localhost:5180/api/books - 200 null application/json; charset=utf-8 104.2192ms
2025-11-25 13:06:54.338 +02:00 [INF] Executing endpoint 'CatalogService.Api.Controllers.BooksController.GetAll (CatalogService.Api)'
2025-11-25 13:06:54.344 +02:00 [INF] Executing endpoint 'CatalogService.Api.Controllers.GenresController.GetAll (CatalogService.Api)'
2025-11-25 13:06:54.347 +02:00 [INF] Request finished HTTP/1.1 GET http://localhost:5180/api/authors - 200 null application/json; charset=utf-8 119.4334ms
2025-11-25 13:06:54.351 +02:00 [INF] Request finished HTTP/1.1 GET http://localhost:5180/api/genres - 200 null application/json; charset=utf-8 123.0963ms
2025-11-25 13:06:54.353 +02:00 [INF] Route matched with {action = "GetAll", controller = "Authors"}. Executing controller action with signature System.Threading.Tasks.Task`1[Microsoft.AspNetCore.Mvc.IActionResult] GetAll() on controller CatalogService.Api.Controllers.AuthorsController (CatalogService.Api).
2025-11-25 13:06:54.363 +02:00 [INF] Route matched with {action = "GetAll", controller = "Books"}. Executing controller action with signature System.Threading.Tasks.Task`1[Microsoft.AspNetCore.Mvc.IActionResult] GetAll() on controller CatalogService.Api.Controllers.BooksController (CatalogService.Api).
2025-11-25 13:06:54.365 +02:00 [INF] Route matched with {action = "GetAll", controller = "Genres"}. Executing controller action with signature System.Threading.Tasks.Task`1[Microsoft.AspNetCore.Mvc.IActionResult] GetAll() on controller CatalogService.Api.Controllers.GenresController (CatalogService.Api).
2025-11-25 13:06:54.381 +02:00 [INF] Executed DbCommand (1ms) [Parameters=[], CommandType='"Text"', CommandTimeout='30']
SELECT a.id, a.name
FROM authors AS a
2025-11-25 13:06:54.384 +02:00 [INF] Executed DbCommand (1ms) [Parameters=[], CommandType='"Text"', CommandTimeout='30']
SELECT b.id, b.authorid, b.genreid, b.title, a.id, a.name, g.id, g.name
FROM books AS b
INNER JOIN authors AS a ON b.authorid = a.id
INNER JOIN genres AS g ON b.genreid = g.id
2025-11-25 13:06:54.386 +02:00 [INF] Executed DbCommand (1ms) [Parameters=[], CommandType='"Text"', CommandTimeout='30']
SELECT g.id, g.name
FROM genres AS g
2025-11-25 13:06:54.389 +02:00 [INF] Executing OkObjectResult, writing value of type 'System.Collections.Generic.List`1[[CatalogService.Bll.Dtos.AuthorDto, CatalogService.Bll, Version=1.0.0.0, Culture=neutral, PublicKeyToken=null]]'.
2025-11-25 13:06:54.396 +02:00 [INF] Executing OkObjectResult, writing value of type 'System.Collections.Generic.List`1[[CatalogService.Bll.Dtos.BookDto, CatalogService.Bll, Version=1.0.0.0, Culture=neutral, PublicKeyToken=null]]'.
2025-11-25 13:06:54.401 +02:00 [INF] Executing OkObjectResult, writing value of type 'System.Collections.Generic.List`1[[CatalogService.Bll.Dtos.GenreDto, CatalogService.Bll, Version=1.0.0.0, Culture=neutral, PublicKeyToken=null]]'.
2025-11-25 13:06:54.404 +02:00 [INF] Executed action CatalogService.Api.Controllers.AuthorsController.GetAll (CatalogService.Api) in 25.3449ms
2025-11-25 13:06:54.408 +02:00 [INF] Executed action CatalogService.Api.Controllers.BooksController.GetAll (CatalogService.Api) in 26.3581ms
2025-11-25 13:06:54.411 +02:00 [INF] Executed action CatalogService.Api.Controllers.GenresController.GetAll (CatalogService.Api) in 26.4692ms
2025-11-25 13:06:54.414 +02:00 [INF] Executed endpoint 'CatalogService.Api.Controllers.AuthorsController.GetAll (CatalogService.Api)'
2025-11-25 13:06:54.417 +02:00 [INF] Executed endpoint 'CatalogService.Api.Controllers.BooksController.GetAll (CatalogService.Api)'
2025-11-25 13:06:54.419 +02:00 [INF] Executed endpoint 'CatalogService.Api.Controllers.GenresController.GetAll (CatalogService.Api)'
2025-11-25 13:06:54.422 +02:00 [INF] Request finished HTTP/1.1 GET http://localhost:5180/api/authors - 200 null application/json; charset=utf-8 108.5159ms
2025-11-25 13:06:54.424 +02:00 [INF] Request finished HTTP/1.1 GET http://localhost:5180/api/books - 200 null application/json; charset=utf-8 107.8515ms
2025-11-25 13:06:54.426 +02:00 [INF] Request finished HTTP/1.1 GET http://localhost:5180/api/genres - 200 null application/json; charset=utf-8 106.7193ms
2025-11-25 13:24:07.359 +02:00 [INF] Now listening on: http://localhost:5180
2025-11-25 13:24:07.449 +02:00 [INF] Application started. Press Ctrl+C to shut down.
2025-11-25 13:24:07.463 +02:00 [INF] Hosting environment: Development
2025-11-25 13:24:07.470 +02:00 [INF] Content root path: C:\Users\Admin\Documents\projects\LibrarySystem\CatalogService\CatalogService.Api
2025-11-25 13:24:28.670 +02:00 [INF] Request starting HTTP/1.1 GET http://localhost:5180/api/genres - null null
2025-11-25 13:24:28.670 +02:00 [INF] Request starting HTTP/1.1 GET http://localhost:5180/api/authors - null null
2025-11-25 13:24:28.670 +02:00 [INF] Request starting HTTP/1.1 GET http://localhost:5180/api/books - null null
2025-11-25 13:24:28.727 +02:00 [INF] Executing endpoint 'CatalogService.Api.Controllers.GenresController.GetAll (CatalogService.Api)'
2025-11-25 13:24:28.727 +02:00 [INF] Executing endpoint 'CatalogService.Api.Controllers.BooksController.GetAll (CatalogService.Api)'
2025-11-25 13:24:28.727 +02:00 [INF] Executing endpoint 'CatalogService.Api.Controllers.AuthorsController.GetAll (CatalogService.Api)'
2025-11-25 13:24:28.746 +02:00 [INF] Route matched with {action = "GetAll", controller = "Genres"}. Executing controller action with signature System.Threading.Tasks.Task`1[Microsoft.AspNetCore.Mvc.IActionResult] GetAll() on controller CatalogService.Api.Controllers.GenresController (CatalogService.Api).
2025-11-25 13:24:28.746 +02:00 [INF] Route matched with {action = "GetAll", controller = "Books"}. Executing controller action with signature System.Threading.Tasks.Task`1[Microsoft.AspNetCore.Mvc.IActionResult] GetAll() on controller CatalogService.Api.Controllers.BooksController (CatalogService.Api).
2025-11-25 13:24:28.746 +02:00 [INF] Route matched with {action = "GetAll", controller = "Authors"}. Executing controller action with signature System.Threading.Tasks.Task`1[Microsoft.AspNetCore.Mvc.IActionResult] GetAll() on controller CatalogService.Api.Controllers.AuthorsController (CatalogService.Api).
2025-11-25 13:24:30.432 +02:00 [INF] Executed DbCommand (34ms) [Parameters=[], CommandType='"Text"', CommandTimeout='30']
SELECT a.id, a.name
FROM authors AS a
2025-11-25 13:24:30.432 +02:00 [INF] Executed DbCommand (34ms) [Parameters=[], CommandType='"Text"', CommandTimeout='30']
SELECT b.id, b.authorid, b.genreid, b.title, a.id, a.name, g.id, g.name
FROM books AS b
INNER JOIN authors AS a ON b.authorid = a.id
INNER JOIN genres AS g ON b.genreid = g.id
2025-11-25 13:24:30.432 +02:00 [INF] Executed DbCommand (34ms) [Parameters=[], CommandType='"Text"', CommandTimeout='30']
SELECT g.id, g.name
FROM genres AS g
2025-11-25 13:24:30.606 +02:00 [INF] Executing OkObjectResult, writing value of type 'System.Collections.Generic.List`1[[CatalogService.Bll.Dtos.GenreDto, CatalogService.Bll, Version=1.0.0.0, Culture=neutral, PublicKeyToken=null]]'.
2025-11-25 13:24:30.606 +02:00 [INF] Executing OkObjectResult, writing value of type 'System.Collections.Generic.List`1[[CatalogService.Bll.Dtos.AuthorDto, CatalogService.Bll, Version=1.0.0.0, Culture=neutral, PublicKeyToken=null]]'.
2025-11-25 13:24:30.606 +02:00 [INF] Executing OkObjectResult, writing value of type 'System.Collections.Generic.List`1[[CatalogService.Bll.Dtos.BookDto, CatalogService.Bll, Version=1.0.0.0, Culture=neutral, PublicKeyToken=null]]'.
2025-11-25 13:24:30.665 +02:00 [INF] Executed action CatalogService.Api.Controllers.GenresController.GetAll (CatalogService.Api) in 1910.3085ms
2025-11-25 13:24:30.665 +02:00 [INF] Executed action CatalogService.Api.Controllers.BooksController.GetAll (CatalogService.Api) in 1907.9479ms
2025-11-25 13:24:30.665 +02:00 [INF] Executed action CatalogService.Api.Controllers.AuthorsController.GetAll (CatalogService.Api) in 1904.8617ms
2025-11-25 13:24:30.672 +02:00 [INF] Request starting HTTP/1.1 GET http://localhost:5180/api/genres - null null
2025-11-25 13:24:30.672 +02:00 [INF] Request starting HTTP/1.1 GET http://localhost:5180/api/authors - null null
2025-11-25 13:24:30.672 +02:00 [INF] Request starting HTTP/1.1 GET http://localhost:5180/api/books - null null
2025-11-25 13:24:30.676 +02:00 [INF] Executed endpoint 'CatalogService.Api.Controllers.GenresController.GetAll (CatalogService.Api)'
2025-11-25 13:24:30.678 +02:00 [INF] Executed endpoint 'CatalogService.Api.Controllers.BooksController.GetAll (CatalogService.Api)'
2025-11-25 13:24:30.681 +02:00 [INF] Executed endpoint 'CatalogService.Api.Controllers.AuthorsController.GetAll (CatalogService.Api)'
2025-11-25 13:24:30.689 +02:00 [INF] Executing endpoint 'CatalogService.Api.Controllers.GenresController.GetAll (CatalogService.Api)'
2025-11-25 13:24:30.690 +02:00 [INF] Executing endpoint 'CatalogService.Api.Controllers.AuthorsController.GetAll (CatalogService.Api)'
2025-11-25 13:24:30.696 +02:00 [INF] Executing endpoint 'CatalogService.Api.Controllers.BooksController.GetAll (CatalogService.Api)'
2025-11-25 13:24:30.707 +02:00 [INF] Route matched with {action = "GetAll", controller = "Genres"}. Executing controller action with signature System.Threading.Tasks.Task`1[Microsoft.AspNetCore.Mvc.IActionResult] GetAll() on controller CatalogService.Api.Controllers.GenresController (CatalogService.Api).
2025-11-25 13:24:30.709 +02:00 [INF] Route matched with {action = "GetAll", controller = "Authors"}. Executing controller action with signature System.Threading.Tasks.Task`1[Microsoft.AspNetCore.Mvc.IActionResult] GetAll() on controller CatalogService.Api.Controllers.AuthorsController (CatalogService.Api).
2025-11-25 13:24:30.710 +02:00 [INF] Request finished HTTP/1.1 GET http://localhost:5180/api/books - 200 null application/json; charset=utf-8 2043.2938ms
2025-11-25 13:24:30.710 +02:00 [INF] Request finished HTTP/1.1 GET http://localhost:5180/api/genres - 200 null application/json; charset=utf-8 2043.3398ms
2025-11-25 13:24:30.710 +02:00 [INF] Request finished HTTP/1.1 GET http://localhost:5180/api/authors - 200 null application/json; charset=utf-8 2043.2851ms
2025-11-25 13:24:30.711 +02:00 [INF] Route matched with {action = "GetAll", controller = "Books"}. Executing controller action with signature System.Threading.Tasks.Task`1[Microsoft.AspNetCore.Mvc.IActionResult] GetAll() on controller CatalogService.Api.Controllers.BooksController (CatalogService.Api).
2025-11-25 13:24:30.798 +02:00 [INF] Executed DbCommand (3ms) [Parameters=[], CommandType='"Text"', CommandTimeout='30']
SELECT b.id, b.authorid, b.genreid, b.title, a.id, a.name, g.id, g.name
FROM books AS b
INNER JOIN authors AS a ON b.authorid = a.id
INNER JOIN genres AS g ON b.genreid = g.id
2025-11-25 13:24:30.798 +02:00 [INF] Executed DbCommand (5ms) [Parameters=[], CommandType='"Text"', CommandTimeout='30']
SELECT a.id, a.name
FROM authors AS a
2025-11-25 13:24:30.798 +02:00 [INF] Executed DbCommand (5ms) [Parameters=[], CommandType='"Text"', CommandTimeout='30']
SELECT g.id, g.name
FROM genres AS g
2025-11-25 13:24:30.804 +02:00 [INF] Executing OkObjectResult, writing value of type 'System.Collections.Generic.List`1[[CatalogService.Bll.Dtos.BookDto, CatalogService.Bll, Version=1.0.0.0, Culture=neutral, PublicKeyToken=null]]'.
2025-11-25 13:24:30.807 +02:00 [INF] Executing OkObjectResult, writing value of type 'System.Collections.Generic.List`1[[CatalogService.Bll.Dtos.AuthorDto, CatalogService.Bll, Version=1.0.0.0, Culture=neutral, PublicKeyToken=null]]'.
2025-11-25 13:24:30.811 +02:00 [INF] Executing OkObjectResult, writing value of type 'System.Collections.Generic.List`1[[CatalogService.Bll.Dtos.GenreDto, CatalogService.Bll, Version=1.0.0.0, Culture=neutral, PublicKeyToken=null]]'.
2025-11-25 13:24:30.815 +02:00 [INF] Executed action CatalogService.Api.Controllers.BooksController.GetAll (CatalogService.Api) in 76.5087ms
2025-11-25 13:24:30.818 +02:00 [INF] Executed action CatalogService.Api.Controllers.AuthorsController.GetAll (CatalogService.Api) in 100.3316ms
2025-11-25 13:24:30.821 +02:00 [INF] Executed action CatalogService.Api.Controllers.GenresController.GetAll (CatalogService.Api) in 107.304ms
2025-11-25 13:24:30.824 +02:00 [INF] Executed endpoint 'CatalogService.Api.Controllers.BooksController.GetAll (CatalogService.Api)'
2025-11-25 13:24:30.826 +02:00 [INF] Executed endpoint 'CatalogService.Api.Controllers.AuthorsController.GetAll (CatalogService.Api)'
2025-11-25 13:24:30.828 +02:00 [INF] Executed endpoint 'CatalogService.Api.Controllers.GenresController.GetAll (CatalogService.Api)'
2025-11-25 13:24:30.830 +02:00 [INF] Request finished HTTP/1.1 GET http://localhost:5180/api/books - 200 null application/json; charset=utf-8 158.3267ms
2025-11-25 13:24:30.832 +02:00 [INF] Request finished HTTP/1.1 GET http://localhost:5180/api/authors - 200 null application/json; charset=utf-8 159.871ms
2025-11-25 13:24:30.833 +02:00 [INF] Request finished HTTP/1.1 GET http://localhost:5180/api/genres - 200 null application/json; charset=utf-8 161.4936ms
2025-11-25 13:36:39.323 +02:00 [INF] Now listening on: http://localhost:5180
2025-11-25 13:36:39.394 +02:00 [INF] Application started. Press Ctrl+C to shut down.
2025-11-25 13:36:39.396 +02:00 [INF] Hosting environment: Development
2025-11-25 13:36:39.398 +02:00 [INF] Content root path: C:\Users\Admin\Documents\projects\LibrarySystem\CatalogService\CatalogService.Api
2025-11-25 13:39:45.825 +02:00 [INF] Now listening on: http://localhost:5180
2025-11-25 13:39:45.920 +02:00 [INF] Application started. Press Ctrl+C to shut down.
2025-11-25 13:39:45.921 +02:00 [INF] Hosting environment: Development
2025-11-25 13:39:45.924 +02:00 [INF] Content root path: C:\Users\Admin\Documents\projects\LibrarySystem\CatalogService\CatalogService.Api
2025-11-25 13:39:55.401 +02:00 [INF] Request starting HTTP/1.1 GET http://localhost:5180/api/books - null null
2025-11-25 13:39:55.401 +02:00 [INF] Request starting HTTP/1.1 GET http://localhost:5180/api/authors - null null
2025-11-25 13:39:55.401 +02:00 [INF] Request starting HTTP/1.1 GET http://localhost:5180/api/genres - null null
2025-11-25 13:39:55.468 +02:00 [INF] Executing endpoint 'CatalogService.Api.Controllers.GenresController.GetAll (CatalogService.Api)'
2025-11-25 13:39:55.468 +02:00 [INF] Executing endpoint 'CatalogService.Api.Controllers.AuthorsController.GetAll (CatalogService.Api)'
2025-11-25 13:39:55.468 +02:00 [INF] Executing endpoint 'CatalogService.Api.Controllers.BooksController.GetAll (CatalogService.Api)'
2025-11-25 13:39:55.494 +02:00 [INF] Route matched with {action = "GetAll", controller = "Authors"}. Executing controller action with signature System.Threading.Tasks.Task`1[Microsoft.AspNetCore.Mvc.IActionResult] GetAll() on controller CatalogService.Api.Controllers.AuthorsController (CatalogService.Api).
2025-11-25 13:39:55.494 +02:00 [INF] Route matched with {action = "GetAll", controller = "Books"}. Executing controller action with signature System.Threading.Tasks.Task`1[Microsoft.AspNetCore.Mvc.IActionResult] GetAll() on controller CatalogService.Api.Controllers.BooksController (CatalogService.Api).
2025-11-25 13:39:55.494 +02:00 [INF] Route matched with {action = "GetAll", controller = "Genres"}. Executing controller action with signature System.Threading.Tasks.Task`1[Microsoft.AspNetCore.Mvc.IActionResult] GetAll() on controller CatalogService.Api.Controllers.GenresController (CatalogService.Api).
2025-11-25 13:39:57.051 +02:00 [INF] Executed DbCommand (33ms) [Parameters=[], CommandType='"Text"', CommandTimeout='30']
SELECT a.id, a.name
FROM authors AS a
2025-11-25 13:39:57.051 +02:00 [INF] Executed DbCommand (33ms) [Parameters=[], CommandType='"Text"', CommandTimeout='30']
SELECT g.id, g.name
FROM genres AS g
2025-11-25 13:39:57.051 +02:00 [INF] Executed DbCommand (33ms) [Parameters=[], CommandType='"Text"', CommandTimeout='30']
SELECT b.id, b.authorid, b.genreid, b.title, a.id, a.name, g.id, g.name
FROM books AS b
INNER JOIN authors AS a ON b.authorid = a.id
INNER JOIN genres AS g ON b.genreid = g.id
2025-11-25 13:39:57.230 +02:00 [INF] Executing OkObjectResult, writing value of type 'System.Collections.Generic.List`1[[CatalogService.Bll.Dtos.BookDto, CatalogService.Bll, Version=1.0.0.0, Culture=neutral, PublicKeyToken=null]]'.
2025-11-25 13:39:57.230 +02:00 [INF] Executing OkObjectResult, writing value of type 'System.Collections.Generic.List`1[[CatalogService.Bll.Dtos.AuthorDto, CatalogService.Bll, Version=1.0.0.0, Culture=neutral, PublicKeyToken=null]]'.
2025-11-25 13:39:57.230 +02:00 [INF] Executing OkObjectResult, writing value of type 'System.Collections.Generic.List`1[[CatalogService.Bll.Dtos.GenreDto, CatalogService.Bll, Version=1.0.0.0, Culture=neutral, PublicKeyToken=null]]'.
2025-11-25 13:39:57.278 +02:00 [INF] Executed action CatalogService.Api.Controllers.GenresController.GetAll (CatalogService.Api) in 1763.3401ms
2025-11-25 13:39:57.278 +02:00 [INF] Executed action CatalogService.Api.Controllers.BooksController.GetAll (CatalogService.Api) in 1767.7222ms
2025-11-25 13:39:57.278 +02:00 [INF] Executed action CatalogService.Api.Controllers.AuthorsController.GetAll (CatalogService.Api) in 1772.8796ms
2025-11-25 13:39:57.283 +02:00 [INF] Request starting HTTP/1.1 GET http://localhost:5180/api/genres - null null
2025-11-25 13:39:57.283 +02:00 [INF] Request starting HTTP/1.1 GET http://localhost:5180/api/books - null null
2025-11-25 13:39:57.284 +02:00 [INF] Request starting HTTP/1.1 GET http://localhost:5180/api/authors - null null
2025-11-25 13:39:57.287 +02:00 [INF] Executed endpoint 'CatalogService.Api.Controllers.GenresController.GetAll (CatalogService.Api)'
2025-11-25 13:39:57.288 +02:00 [INF] Executed endpoint 'CatalogService.Api.Controllers.BooksController.GetAll (CatalogService.Api)'
2025-11-25 13:39:57.291 +02:00 [INF] Executed endpoint 'CatalogService.Api.Controllers.AuthorsController.GetAll (CatalogService.Api)'
2025-11-25 13:39:57.301 +02:00 [INF] Executing endpoint 'CatalogService.Api.Controllers.GenresController.GetAll (CatalogService.Api)'
2025-11-25 13:39:57.303 +02:00 [INF] Executing endpoint 'CatalogService.Api.Controllers.BooksController.GetAll (CatalogService.Api)'
2025-11-25 13:39:57.309 +02:00 [INF] Executing endpoint 'CatalogService.Api.Controllers.AuthorsController.GetAll (CatalogService.Api)'
2025-11-25 13:39:57.321 +02:00 [INF] Route matched with {action = "GetAll", controller = "Genres"}. Executing controller action with signature System.Threading.Tasks.Task`1[Microsoft.AspNetCore.Mvc.IActionResult] GetAll() on controller CatalogService.Api.Controllers.GenresController (CatalogService.Api).
2025-11-25 13:39:57.323 +02:00 [INF] Route matched with {action = "GetAll", controller = "Books"}. Executing controller action with signature System.Threading.Tasks.Task`1[Microsoft.AspNetCore.Mvc.IActionResult] GetAll() on controller CatalogService.Api.Controllers.BooksController (CatalogService.Api).
2025-11-25 13:39:57.324 +02:00 [INF] Request finished HTTP/1.1 GET http://localhost:5180/api/authors - 200 null application/json; charset=utf-8 1926.9504ms
2025-11-25 13:39:57.324 +02:00 [INF] Request finished HTTP/1.1 GET http://localhost:5180/api/books - 200 null application/json; charset=utf-8 1926.9452ms
2025-11-25 13:39:57.324 +02:00 [INF] Request finished HTTP/1.1 GET http://localhost:5180/api/genres - 200 null application/json; charset=utf-8 1926.8825ms
2025-11-25 13:39:57.326 +02:00 [INF] Route matched with {action = "GetAll", controller = "Authors"}. Executing controller action with signature System.Threading.Tasks.Task`1[Microsoft.AspNetCore.Mvc.IActionResult] GetAll() on controller CatalogService.Api.Controllers.AuthorsController (CatalogService.Api).
2025-11-25 13:39:57.424 +02:00 [INF] Executed DbCommand (3ms) [Parameters=[], CommandType='"Text"', CommandTimeout='30']
SELECT b.id, b.authorid, b.genreid, b.title, a.id, a.name, g.id, g.name
FROM books AS b
INNER JOIN authors AS a ON b.authorid = a.id
INNER JOIN genres AS g ON b.genreid = g.id
2025-11-25 13:39:57.424 +02:00 [INF] Executed DbCommand (5ms) [Parameters=[], CommandType='"Text"', CommandTimeout='30']
SELECT a.id, a.name
FROM authors AS a
2025-11-25 13:39:57.424 +02:00 [INF] Executed DbCommand (5ms) [Parameters=[], CommandType='"Text"', CommandTimeout='30']
SELECT g.id, g.name
FROM genres AS g
2025-11-25 13:39:57.431 +02:00 [INF] Executing OkObjectResult, writing value of type 'System.Collections.Generic.List`1[[CatalogService.Bll.Dtos.BookDto, CatalogService.Bll, Version=1.0.0.0, Culture=neutral, PublicKeyToken=null]]'.
2025-11-25 13:39:57.435 +02:00 [INF] Executing OkObjectResult, writing value of type 'System.Collections.Generic.List`1[[CatalogService.Bll.Dtos.AuthorDto, CatalogService.Bll, Version=1.0.0.0, Culture=neutral, PublicKeyToken=null]]'.
2025-11-25 13:39:57.439 +02:00 [INF] Executing OkObjectResult, writing value of type 'System.Collections.Generic.List`1[[CatalogService.Bll.Dtos.GenreDto, CatalogService.Bll, Version=1.0.0.0, Culture=neutral, PublicKeyToken=null]]'.
2025-11-25 13:39:57.441 +02:00 [INF] Executed action CatalogService.Api.Controllers.BooksController.GetAll (CatalogService.Api) in 107.504ms
2025-11-25 13:39:57.445 +02:00 [INF] Executed action CatalogService.Api.Controllers.AuthorsController.GetAll (CatalogService.Api) in 89.0952ms
2025-11-25 13:39:57.449 +02:00 [INF] Executed action CatalogService.Api.Controllers.GenresController.GetAll (CatalogService.Api) in 118.8766ms
2025-11-25 13:39:57.453 +02:00 [INF] Executed endpoint 'CatalogService.Api.Controllers.BooksController.GetAll (CatalogService.Api)'
2025-11-25 13:39:57.455 +02:00 [INF] Executed endpoint 'CatalogService.Api.Controllers.AuthorsController.GetAll (CatalogService.Api)'
2025-11-25 13:39:57.458 +02:00 [INF] Executed endpoint 'CatalogService.Api.Controllers.GenresController.GetAll (CatalogService.Api)'
2025-11-25 13:39:57.461 +02:00 [INF] Request finished HTTP/1.1 GET http://localhost:5180/api/books - 200 null application/json; charset=utf-8 177.0715ms
2025-11-25 13:39:57.463 +02:00 [INF] Request finished HTTP/1.1 GET http://localhost:5180/api/authors - 200 null application/json; charset=utf-8 179.2753ms
2025-11-25 13:39:57.466 +02:00 [INF] Request finished HTTP/1.1 GET http://localhost:5180/api/genres - 200 null application/json; charset=utf-8 182.6561ms
2025-11-25 13:40:07.219 +02:00 [INF] Request starting HTTP/1.1 GET http://localhost:5180/api/books/6 - null null
2025-11-25 13:40:07.228 +02:00 [INF] Executing endpoint 'CatalogService.Api.Controllers.BooksController.GetById (CatalogService.Api)'
2025-11-25 13:40:07.243 +02:00 [INF] Route matched with {action = "GetById", controller = "Books"}. Executing controller action with signature System.Threading.Tasks.Task`1[Microsoft.AspNetCore.Mvc.IActionResult] GetById(Int32) on controller CatalogService.Api.Controllers.BooksController (CatalogService.Api).
2025-11-25 13:40:07.383 +02:00 [INF] Executed DbCommand (13ms) [Parameters=[@__id_0='?' (DbType = Int32)], CommandType='"Text"', CommandTimeout='30']
SELECT b.id, b.authorid, b.genreid, b.title, a.id, a.name, g.id, g.name
FROM books AS b
INNER JOIN authors AS a ON b.authorid = a.id
INNER JOIN genres AS g ON b.genreid = g.id
WHERE b.id = @__id_0
LIMIT 1
2025-11-25 13:40:07.396 +02:00 [INF] Executing OkObjectResult, writing value of type 'CatalogService.Bll.Dtos.BookDto'.
2025-11-25 13:40:07.401 +02:00 [INF] Executed action CatalogService.Api.Controllers.BooksController.GetById (CatalogService.Api) in 149.3694ms
2025-11-25 13:40:07.406 +02:00 [INF] Executed endpoint 'CatalogService.Api.Controllers.BooksController.GetById (CatalogService.Api)'
2025-11-25 13:40:07.408 +02:00 [INF] Request finished HTTP/1.1 GET http://localhost:5180/api/books/6 - 200 null application/json; charset=utf-8 189.943ms
2025-11-25 13:40:07.534 +02:00 [INF] Request starting HTTP/1.1 GET http://localhost:5180/api/books - null null
2025-11-25 13:40:07.534 +02:00 [INF] Request starting HTTP/1.1 GET http://localhost:5180/api/authors - null null
2025-11-25 13:40:07.534 +02:00 [INF] Request starting HTTP/1.1 GET http://localhost:5180/api/genres - null null
2025-11-25 13:40:07.541 +02:00 [INF] Executing endpoint 'CatalogService.Api.Controllers.BooksController.GetAll (CatalogService.Api)'
2025-11-25 13:40:07.547 +02:00 [INF] Executing endpoint 'CatalogService.Api.Controllers.AuthorsController.GetAll (CatalogService.Api)'
2025-11-25 13:40:07.554 +02:00 [INF] Executing endpoint 'CatalogService.Api.Controllers.GenresController.GetAll (CatalogService.Api)'
2025-11-25 13:40:07.556 +02:00 [INF] Route matched with {action = "GetAll", controller = "Books"}. Executing controller action with signature System.Threading.Tasks.Task`1[Microsoft.AspNetCore.Mvc.IActionResult] GetAll() on controller CatalogService.Api.Controllers.BooksController (CatalogService.Api).
2025-11-25 13:40:07.558 +02:00 [INF] Route matched with {action = "GetAll", controller = "Authors"}. Executing controller action with signature System.Threading.Tasks.Task`1[Microsoft.AspNetCore.Mvc.IActionResult] GetAll() on controller CatalogService.Api.Controllers.AuthorsController (CatalogService.Api).
2025-11-25 13:40:07.562 +02:00 [INF] Route matched with {action = "GetAll", controller = "Genres"}. Executing controller action with signature System.Threading.Tasks.Task`1[Microsoft.AspNetCore.Mvc.IActionResult] GetAll() on controller CatalogService.Api.Controllers.GenresController (CatalogService.Api).
2025-11-25 13:40:07.572 +02:00 [INF] Executed DbCommand (3ms) [Parameters=[], CommandType='"Text"', CommandTimeout='30']
SELECT b.id, b.authorid, b.genreid, b.title, a.id, a.name, g.id, g.name
FROM books AS b
INNER JOIN authors AS a ON b.authorid = a.id
INNER JOIN genres AS g ON b.genreid = g.id
2025-11-25 13:40:07.576 +02:00 [INF] Executed DbCommand (1ms) [Parameters=[], CommandType='"Text"', CommandTimeout='30']
SELECT a.id, a.name
FROM authors AS a
2025-11-25 13:40:07.580 +02:00 [INF] Executed DbCommand (1ms) [Parameters=[], CommandType='"Text"', CommandTimeout='30']
SELECT g.id, g.name
FROM genres AS g
2025-11-25 13:40:07.586 +02:00 [INF] Executing OkObjectResult, writing value of type 'System.Collections.Generic.List`1[[CatalogService.Bll.Dtos.BookDto, CatalogService.Bll, Version=1.0.0.0, Culture=neutral, PublicKeyToken=null]]'.
2025-11-25 13:40:07.590 +02:00 [INF] Executing OkObjectResult, writing value of type 'System.Collections.Generic.List`1[[CatalogService.Bll.Dtos.AuthorDto, CatalogService.Bll, Version=1.0.0.0, Culture=neutral, PublicKeyToken=null]]'.
2025-11-25 13:40:07.597 +02:00 [INF] Executing OkObjectResult, writing value of type 'System.Collections.Generic.List`1[[CatalogService.Bll.Dtos.GenreDto, CatalogService.Bll, Version=1.0.0.0, Culture=neutral, PublicKeyToken=null]]'.
2025-11-25 13:40:07.601 +02:00 [INF] Executed action CatalogService.Api.Controllers.BooksController.GetAll (CatalogService.Api) in 33.3155ms
2025-11-25 13:40:07.604 +02:00 [INF] Executed action CatalogService.Api.Controllers.AuthorsController.GetAll (CatalogService.Api) in 31.4655ms
2025-11-25 13:40:07.607 +02:00 [INF] Executed action CatalogService.Api.Controllers.GenresController.GetAll (CatalogService.Api) in 30.2722ms
2025-11-25 13:40:07.610 +02:00 [INF] Executed endpoint 'CatalogService.Api.Controllers.BooksController.GetAll (CatalogService.Api)'
2025-11-25 13:40:07.612 +02:00 [INF] Executed endpoint 'CatalogService.Api.Controllers.AuthorsController.GetAll (CatalogService.Api)'
2025-11-25 13:40:07.616 +02:00 [INF] Executed endpoint 'CatalogService.Api.Controllers.GenresController.GetAll (CatalogService.Api)'
2025-11-25 13:40:07.619 +02:00 [INF] Request finished HTTP/1.1 GET http://localhost:5180/api/books - 200 null application/json; charset=utf-8 84.6317ms
2025-11-25 13:40:07.621 +02:00 [INF] Request finished HTTP/1.1 GET http://localhost:5180/api/authors - 200 null application/json; charset=utf-8 87.0121ms
2025-11-25 13:40:07.624 +02:00 [INF] Request finished HTTP/1.1 GET http://localhost:5180/api/genres - 200 null application/json; charset=utf-8 89.1364ms
2025-11-25 16:22:51.319 +02:00 [INF] Request starting HTTP/1.1 GET http://localhost:5180/api/books - null null
2025-11-25 16:22:51.319 +02:00 [INF] Request starting HTTP/1.1 GET http://localhost:5180/api/authors - null null
2025-11-25 16:22:51.320 +02:00 [INF] Request starting HTTP/1.1 GET http://localhost:5180/api/genres - null null
2025-11-25 16:22:51.325 +02:00 [INF] Executing endpoint 'CatalogService.Api.Controllers.BooksController.GetAll (CatalogService.Api)'
2025-11-25 16:22:51.328 +02:00 [INF] Executing endpoint 'CatalogService.Api.Controllers.AuthorsController.GetAll (CatalogService.Api)'
2025-11-25 16:22:51.332 +02:00 [INF] Executing endpoint 'CatalogService.Api.Controllers.GenresController.GetAll (CatalogService.Api)'
2025-11-25 16:22:51.334 +02:00 [INF] Route matched with {action = "GetAll", controller = "Books"}. Executing controller action with signature System.Threading.Tasks.Task`1[Microsoft.AspNetCore.Mvc.IActionResult] GetAll() on controller CatalogService.Api.Controllers.BooksController (CatalogService.Api).
2025-11-25 16:22:51.336 +02:00 [INF] Route matched with {action = "GetAll", controller = "Authors"}. Executing controller action with signature System.Threading.Tasks.Task`1[Microsoft.AspNetCore.Mvc.IActionResult] GetAll() on controller CatalogService.Api.Controllers.AuthorsController (CatalogService.Api).
2025-11-25 16:22:51.338 +02:00 [INF] Route matched with {action = "GetAll", controller = "Genres"}. Executing controller action with signature System.Threading.Tasks.Task`1[Microsoft.AspNetCore.Mvc.IActionResult] GetAll() on controller CatalogService.Api.Controllers.GenresController (CatalogService.Api).
2025-11-25 16:22:51.408 +02:00 [INF] Executed DbCommand (3ms) [Parameters=[], CommandType='"Text"', CommandTimeout='30']
SELECT b.id, b.authorid, b.genreid, b.title, a.id, a.name, g.id, g.name
FROM books AS b
INNER JOIN authors AS a ON b.authorid = a.id
INNER JOIN genres AS g ON b.genreid = g.id
2025-11-25 16:22:51.413 +02:00 [INF] Executing OkObjectResult, writing value of type 'System.Collections.Generic.List`1[[CatalogService.Bll.Dtos.BookDto, CatalogService.Bll, Version=1.0.0.0, Culture=neutral, PublicKeyToken=null]]'.
2025-11-25 16:22:51.416 +02:00 [INF] Executed action CatalogService.Api.Controllers.BooksController.GetAll (CatalogService.Api) in 75.1788ms
2025-11-25 16:22:51.418 +02:00 [INF] Executed DbCommand (2ms) [Parameters=[], CommandType='"Text"', CommandTimeout='30']
SELECT a.id, a.name
FROM authors AS a
2025-11-25 16:22:51.419 +02:00 [INF] Executed endpoint 'CatalogService.Api.Controllers.BooksController.GetAll (CatalogService.Api)'
2025-11-25 16:22:51.421 +02:00 [INF] Request starting HTTP/1.1 GET http://localhost:5180/api/books - null null
2025-11-25 16:22:51.423 +02:00 [INF] Executing OkObjectResult, writing value of type 'System.Collections.Generic.List`1[[CatalogService.Bll.Dtos.AuthorDto, CatalogService.Bll, Version=1.0.0.0, Culture=neutral, PublicKeyToken=null]]'.
2025-11-25 16:22:51.424 +02:00 [INF] Request finished HTTP/1.1 GET http://localhost:5180/api/books - 200 null application/json; charset=utf-8 105.2587ms
2025-11-25 16:22:51.426 +02:00 [INF] Executed DbCommand (1ms) [Parameters=[], CommandType='"Text"', CommandTimeout='30']
SELECT g.id, g.name
FROM genres AS g
2025-11-25 16:22:51.429 +02:00 [INF] Executing endpoint 'CatalogService.Api.Controllers.BooksController.GetAll (CatalogService.Api)'
2025-11-25 16:22:51.432 +02:00 [INF] Executed action CatalogService.Api.Controllers.AuthorsController.GetAll (CatalogService.Api) in 87.7434ms
2025-11-25 16:22:51.436 +02:00 [INF] Request starting HTTP/1.1 GET http://localhost:5180/api/authors - null null
2025-11-25 16:22:51.440 +02:00 [INF] Executing OkObjectResult, writing value of type 'System.Collections.Generic.List`1[[CatalogService.Bll.Dtos.GenreDto, CatalogService.Bll, Version=1.0.0.0, Culture=neutral, PublicKeyToken=null]]'.
2025-11-25 16:22:51.441 +02:00 [INF] Route matched with {action = "GetAll", controller = "Books"}. Executing controller action with signature System.Threading.Tasks.Task`1[Microsoft.AspNetCore.Mvc.IActionResult] GetAll() on controller CatalogService.Api.Controllers.BooksController (CatalogService.Api).
2025-11-25 16:22:51.443 +02:00 [INF] Executed endpoint 'CatalogService.Api.Controllers.AuthorsController.GetAll (CatalogService.Api)'
2025-11-25 16:22:51.450 +02:00 [INF] Executed action CatalogService.Api.Controllers.GenresController.GetAll (CatalogService.Api) in 103.1792ms
2025-11-25 16:22:51.448 +02:00 [INF] Executing endpoint 'CatalogService.Api.Controllers.AuthorsController.GetAll (CatalogService.Api)'
2025-11-25 16:22:51.454 +02:00 [INF] Request starting HTTP/1.1 GET http://localhost:5180/api/genres - null null
2025-11-25 16:22:51.455 +02:00 [INF] Request finished HTTP/1.1 GET http://localhost:5180/api/authors - 200 null application/json; charset=utf-8 135.9011ms
2025-11-25 16:22:51.455 +02:00 [INF] Executed DbCommand (1ms) [Parameters=[], CommandType='"Text"', CommandTimeout='30']
SELECT b.id, b.authorid, b.genreid, b.title, a.id, a.name, g.id, g.name
FROM books AS b
INNER JOIN authors AS a ON b.authorid = a.id
INNER JOIN genres AS g ON b.genreid = g.id
2025-11-25 16:22:51.457 +02:00 [INF] Executed endpoint 'CatalogService.Api.Controllers.GenresController.GetAll (CatalogService.Api)'
2025-11-25 16:22:51.459 +02:00 [INF] Route matched with {action = "GetAll", controller = "Authors"}. Executing controller action with signature System.Threading.Tasks.Task`1[Microsoft.AspNetCore.Mvc.IActionResult] GetAll() on controller CatalogService.Api.Controllers.AuthorsController (CatalogService.Api).
2025-11-25 16:22:51.463 +02:00 [INF] Executing endpoint 'CatalogService.Api.Controllers.GenresController.GetAll (CatalogService.Api)'
2025-11-25 16:22:51.475 +02:00 [INF] Executing OkObjectResult, writing value of type 'System.Collections.Generic.List`1[[CatalogService.Bll.Dtos.BookDto, CatalogService.Bll, Version=1.0.0.0, Culture=neutral, PublicKeyToken=null]]'.
2025-11-25 16:22:51.476 +02:00 [INF] Request finished HTTP/1.1 GET http://localhost:5180/api/genres - 200 null application/json; charset=utf-8 155.6094ms
2025-11-25 16:22:51.482 +02:00 [INF] Executed DbCommand (1ms) [Parameters=[], CommandType='"Text"', CommandTimeout='30']
SELECT a.id, a.name
FROM authors AS a
2025-11-25 16:22:51.482 +02:00 [INF] Route matched with {action = "GetAll", controller = "Genres"}. Executing controller action with signature System.Threading.Tasks.Task`1[Microsoft.AspNetCore.Mvc.IActionResult] GetAll() on controller CatalogService.Api.Controllers.GenresController (CatalogService.Api).
2025-11-25 16:22:51.485 +02:00 [INF] Executed action CatalogService.Api.Controllers.BooksController.GetAll (CatalogService.Api) in 31.2752ms
2025-11-25 16:22:51.494 +02:00 [INF] Executing OkObjectResult, writing value of type 'System.Collections.Generic.List`1[[CatalogService.Bll.Dtos.AuthorDto, CatalogService.Bll, Version=1.0.0.0, Culture=neutral, PublicKeyToken=null]]'.
2025-11-25 16:22:51.498 +02:00 [INF] Executed DbCommand (1ms) [Parameters=[], CommandType='"Text"', CommandTimeout='30']
SELECT g.id, g.name
FROM genres AS g
2025-11-25 16:22:51.498 +02:00 [INF] Executed endpoint 'CatalogService.Api.Controllers.BooksController.GetAll (CatalogService.Api)'
2025-11-25 16:22:51.501 +02:00 [INF] Executed action CatalogService.Api.Controllers.AuthorsController.GetAll (CatalogService.Api) in 20.544ms
2025-11-25 16:22:51.504 +02:00 [INF] Executing OkObjectResult, writing value of type 'System.Collections.Generic.List`1[[CatalogService.Bll.Dtos.GenreDto, CatalogService.Bll, Version=1.0.0.0, Culture=neutral, PublicKeyToken=null]]'.
2025-11-25 16:22:51.505 +02:00 [INF] Request finished HTTP/1.1 GET http://localhost:5180/api/books - 200 null application/json; charset=utf-8 84.4684ms
2025-11-25 16:22:51.507 +02:00 [INF] Executed endpoint 'CatalogService.Api.Controllers.AuthorsController.GetAll (CatalogService.Api)'
2025-11-25 16:22:51.509 +02:00 [INF] Executed action CatalogService.Api.Controllers.GenresController.GetAll (CatalogService.Api) in 12.6831ms
2025-11-25 16:22:51.515 +02:00 [INF] Request finished HTTP/1.1 GET http://localhost:5180/api/authors - 200 null application/json; charset=utf-8 78.4187ms
2025-11-25 16:22:51.517 +02:00 [INF] Executed endpoint 'CatalogService.Api.Controllers.GenresController.GetAll (CatalogService.Api)'
2025-11-25 16:22:51.524 +02:00 [INF] Request finished HTTP/1.1 GET http://localhost:5180/api/genres - 200 null application/json; charset=utf-8 70.5008ms
2025-11-25 16:23:05.171 +02:00 [INF] Request starting HTTP/1.1 GET http://localhost:5180/api/books/7 - null null
2025-11-25 16:23:05.180 +02:00 [INF] Executing endpoint 'CatalogService.Api.Controllers.BooksController.GetById (CatalogService.Api)'
2025-11-25 16:23:05.183 +02:00 [INF] Route matched with {action = "GetById", controller = "Books"}. Executing controller action with signature System.Threading.Tasks.Task`1[Microsoft.AspNetCore.Mvc.IActionResult] GetById(Int32) on controller CatalogService.Api.Controllers.BooksController (CatalogService.Api).
2025-11-25 16:23:05.193 +02:00 [INF] Executed DbCommand (1ms) [Parameters=[@__id_0='?' (DbType = Int32)], CommandType='"Text"', CommandTimeout='30']
SELECT b.id, b.authorid, b.genreid, b.title, a.id, a.name, g.id, g.name
FROM books AS b
INNER JOIN authors AS a ON b.authorid = a.id
INNER JOIN genres AS g ON b.genreid = g.id
WHERE b.id = @__id_0
LIMIT 1
2025-11-25 16:23:05.199 +02:00 [INF] Executing OkObjectResult, writing value of type 'CatalogService.Bll.Dtos.BookDto'.
2025-11-25 16:23:05.203 +02:00 [INF] Executed action CatalogService.Api.Controllers.BooksController.GetById (CatalogService.Api) in 14.4537ms
2025-11-25 16:23:05.206 +02:00 [INF] Executed endpoint 'CatalogService.Api.Controllers.BooksController.GetById (CatalogService.Api)'
2025-11-25 16:23:05.209 +02:00 [INF] Request finished HTTP/1.1 GET http://localhost:5180/api/books/7 - 200 null application/json; charset=utf-8 37.7287ms
2025-11-25 16:23:05.234 +02:00 [INF] Request starting HTTP/1.1 GET http://localhost:5180/api/books - null null
2025-11-25 16:23:05.234 +02:00 [INF] Request starting HTTP/1.1 GET http://localhost:5180/api/authors - null null
2025-11-25 16:23:05.234 +02:00 [INF] Request starting HTTP/1.1 GET http://localhost:5180/api/genres - null null
2025-11-25 16:23:05.239 +02:00 [INF] Executing endpoint 'CatalogService.Api.Controllers.BooksController.GetAll (CatalogService.Api)'
2025-11-25 16:23:05.243 +02:00 [INF] Executing endpoint 'CatalogService.Api.Controllers.AuthorsController.GetAll (CatalogService.Api)'
2025-11-25 16:23:05.248 +02:00 [INF] Executing endpoint 'CatalogService.Api.Controllers.GenresController.GetAll (CatalogService.Api)'
2025-11-25 16:23:05.250 +02:00 [INF] Route matched with {action = "GetAll", controller = "Books"}. Executing controller action with signature System.Threading.Tasks.Task`1[Microsoft.AspNetCore.Mvc.IActionResult] GetAll() on controller CatalogService.Api.Controllers.BooksController (CatalogService.Api).
2025-11-25 16:23:05.252 +02:00 [INF] Route matched with {action = "GetAll", controller = "Authors"}. Executing controller action with signature System.Threading.Tasks.Task`1[Microsoft.AspNetCore.Mvc.IActionResult] GetAll() on controller CatalogService.Api.Controllers.AuthorsController (CatalogService.Api).
2025-11-25 16:23:05.254 +02:00 [INF] Route matched with {action = "GetAll", controller = "Genres"}. Executing controller action with signature System.Threading.Tasks.Task`1[Microsoft.AspNetCore.Mvc.IActionResult] GetAll() on controller CatalogService.Api.Controllers.GenresController (CatalogService.Api).
2025-11-25 16:23:05.260 +02:00 [INF] Executed DbCommand (2ms) [Parameters=[], CommandType='"Text"', CommandTimeout='30']
SELECT b.id, b.authorid, b.genreid, b.title, a.id, a.name, g.id, g.name
FROM books AS b
INNER JOIN authors AS a ON b.authorid = a.id
INNER JOIN genres AS g ON b.genreid = g.id
2025-11-25 16:23:05.261 +02:00 [INF] Executed DbCommand (1ms) [Parameters=[], CommandType='"Text"', CommandTimeout='30']
SELECT a.id, a.name
FROM authors AS a
2025-11-25 16:23:05.264 +02:00 [INF] Executed DbCommand (1ms) [Parameters=[], CommandType='"Text"', CommandTimeout='30']
SELECT g.id, g.name
FROM genres AS g
2025-11-25 16:23:05.267 +02:00 [INF] Executing OkObjectResult, writing value of type 'System.Collections.Generic.List`1[[CatalogService.Bll.Dtos.BookDto, CatalogService.Bll, Version=1.0.0.0, Culture=neutral, PublicKeyToken=null]]'.
2025-11-25 16:23:05.271 +02:00 [INF] Executing OkObjectResult, writing value of type 'System.Collections.Generic.List`1[[CatalogService.Bll.Dtos.AuthorDto, CatalogService.Bll, Version=1.0.0.0, Culture=neutral, PublicKeyToken=null]]'.
2025-11-25 16:23:05.276 +02:00 [INF] Executing OkObjectResult, writing value of type 'System.Collections.Generic.List`1[[CatalogService.Bll.Dtos.GenreDto, CatalogService.Bll, Version=1.0.0.0, Culture=neutral, PublicKeyToken=null]]'.
2025-11-25 16:23:05.279 +02:00 [INF] Executed action CatalogService.Api.Controllers.BooksController.GetAll (CatalogService.Api) in 22.3853ms
2025-11-25 16:23:05.283 +02:00 [INF] Executed action CatalogService.Api.Controllers.AuthorsController.GetAll (CatalogService.Api) in 23.934ms
2025-11-25 16:23:05.287 +02:00 [INF] Executed action CatalogService.Api.Controllers.GenresController.GetAll (CatalogService.Api) in 24.1478ms
2025-11-25 16:23:05.289 +02:00 [INF] Executed endpoint 'CatalogService.Api.Controllers.BooksController.GetAll (CatalogService.Api)'
2025-11-25 16:23:05.292 +02:00 [INF] Executed endpoint 'CatalogService.Api.Controllers.AuthorsController.GetAll (CatalogService.Api)'
2025-11-25 16:23:05.294 +02:00 [INF] Executed endpoint 'CatalogService.Api.Controllers.GenresController.GetAll (CatalogService.Api)'
2025-11-25 16:23:05.296 +02:00 [INF] Request finished HTTP/1.1 GET http://localhost:5180/api/books - 200 null application/json; charset=utf-8 61.9751ms
2025-11-25 16:23:05.298 +02:00 [INF] Request finished HTTP/1.1 GET http://localhost:5180/api/authors - 200 null application/json; charset=utf-8 63.9852ms
2025-11-25 16:23:05.300 +02:00 [INF] Request finished HTTP/1.1 GET http://localhost:5180/api/genres - 200 null application/json; charset=utf-8 66.1905ms
2025-11-25 16:23:15.401 +02:00 [INF] Request starting HTTP/1.1 POST http://localhost:5180/api/books - application/json 45
2025-11-25 16:23:15.416 +02:00 [INF] CORS policy execution successful.
2025-11-25 16:23:15.418 +02:00 [INF] Executing endpoint 'CatalogService.Api.Controllers.BooksController.Create (CatalogService.Api)'
2025-11-25 16:23:15.424 +02:00 [INF] Route matched with {action = "Create", controller = "Books"}. Executing controller action with signature System.Threading.Tasks.Task`1[Microsoft.AspNetCore.Mvc.IActionResult] Create(CatalogService.Bll.Dtos.CreateBookDto) on controller CatalogService.Api.Controllers.BooksController (CatalogService.Api).
2025-11-25 16:23:15.631 +02:00 [INF] Executed DbCommand (6ms) [Parameters=[@p0='?' (DbType = Int32), @p1='?' (DbType = Int32), @p2='?'], CommandType='"Text"', CommandTimeout='30']
INSERT INTO books (authorid, genreid, title)
VALUES (@p0, @p1, @p2)
RETURNING id;
2025-11-25 16:23:15.665 +02:00 [INF] Executing CreatedAtActionResult, writing value of type 'CatalogService.Bll.Dtos.CreateBookDto'.
2025-11-25 16:23:15.689 +02:00 [INF] Executed action CatalogService.Api.Controllers.BooksController.Create (CatalogService.Api) in 258.5642ms
2025-11-25 16:23:15.694 +02:00 [INF] Executed endpoint 'CatalogService.Api.Controllers.BooksController.Create (CatalogService.Api)'
2025-11-25 16:23:15.698 +02:00 [INF] Request finished HTTP/1.1 POST http://localhost:5180/api/books - 201 null application/json; charset=utf-8 297.4597ms
2025-11-25 16:23:15.711 +02:00 [INF] Request starting HTTP/1.1 GET http://localhost:5180/api/books - null null
2025-11-25 16:23:15.713 +02:00 [INF] Request starting HTTP/1.1 GET http://localhost:5180/api/genres - null null
2025-11-25 16:23:15.713 +02:00 [INF] Request starting HTTP/1.1 GET http://localhost:5180/api/authors - null null
2025-11-25 16:23:15.719 +02:00 [INF] Executing endpoint 'CatalogService.Api.Controllers.BooksController.GetAll (CatalogService.Api)'
2025-11-25 16:23:15.725 +02:00 [INF] Executing endpoint 'CatalogService.Api.Controllers.GenresController.GetAll (CatalogService.Api)'
2025-11-25 16:23:15.733 +02:00 [INF] Executing endpoint 'CatalogService.Api.Controllers.AuthorsController.GetAll (CatalogService.Api)'
2025-11-25 16:23:15.736 +02:00 [INF] Route matched with {action = "GetAll", controller = "Books"}. Executing controller action with signature System.Threading.Tasks.Task`1[Microsoft.AspNetCore.Mvc.IActionResult] GetAll() on controller CatalogService.Api.Controllers.BooksController (CatalogService.Api).
2025-11-25 16:23:15.739 +02:00 [INF] Route matched with {action = "GetAll", controller = "Genres"}. Executing controller action with signature System.Threading.Tasks.Task`1[Microsoft.AspNetCore.Mvc.IActionResult] GetAll() on controller CatalogService.Api.Controllers.GenresController (CatalogService.Api).
2025-11-25 16:23:15.742 +02:00 [INF] Route matched with {action = "GetAll", controller = "Authors"}. Executing controller action with signature System.Threading.Tasks.Task`1[Microsoft.AspNetCore.Mvc.IActionResult] GetAll() on controller CatalogService.Api.Controllers.AuthorsController (CatalogService.Api).
2025-11-25 16:23:15.751 +02:00 [INF] Executed DbCommand (3ms) [Parameters=[], CommandType='"Text"', CommandTimeout='30']
SELECT b.id, b.authorid, b.genreid, b.title, a.id, a.name, g.id, g.name
FROM books AS b
INNER JOIN authors AS a ON b.authorid = a.id
INNER JOIN genres AS g ON b.genreid = g.id
2025-11-25 16:23:15.753 +02:00 [INF] Executed DbCommand (1ms) [Parameters=[], CommandType='"Text"', CommandTimeout='30']
SELECT g.id, g.name
FROM genres AS g
2025-11-25 16:23:15.759 +02:00 [INF] Executed DbCommand (1ms) [Parameters=[], CommandType='"Text"', CommandTimeout='30']
SELECT a.id, a.name
FROM authors AS a
2025-11-25 16:23:15.765 +02:00 [INF] Executing OkObjectResult, writing value of type 'System.Collections.Generic.List`1[[CatalogService.Bll.Dtos.BookDto, CatalogService.Bll, Version=1.0.0.0, Culture=neutral, PublicKeyToken=null]]'.
2025-11-25 16:23:15.770 +02:00 [INF] Executing OkObjectResult, writing value of type 'System.Collections.Generic.List`1[[CatalogService.Bll.Dtos.GenreDto, CatalogService.Bll, Version=1.0.0.0, Culture=neutral, PublicKeyToken=null]]'.
2025-11-25 16:23:15.776 +02:00 [INF] Executing OkObjectResult, writing value of type 'System.Collections.Generic.List`1[[CatalogService.Bll.Dtos.AuthorDto, CatalogService.Bll, Version=1.0.0.0, Culture=neutral, PublicKeyToken=null]]'.
2025-11-25 16:23:15.779 +02:00 [INF] Executed action CatalogService.Api.Controllers.BooksController.GetAll (CatalogService.Api) in 31.8866ms
2025-11-25 16:23:15.782 +02:00 [INF] Executed action CatalogService.Api.Controllers.GenresController.GetAll (CatalogService.Api) in 30.3114ms
2025-11-25 16:23:15.785 +02:00 [INF] Executed action CatalogService.Api.Controllers.AuthorsController.GetAll (CatalogService.Api) in 27.8812ms
2025-11-25 16:23:15.788 +02:00 [INF] Executed endpoint 'CatalogService.Api.Controllers.BooksController.GetAll (CatalogService.Api)'
2025-11-25 16:23:15.790 +02:00 [INF] Executed endpoint 'CatalogService.Api.Controllers.GenresController.GetAll (CatalogService.Api)'
2025-11-25 16:23:15.793 +02:00 [INF] Executed endpoint 'CatalogService.Api.Controllers.AuthorsController.GetAll (CatalogService.Api)'
2025-11-25 16:23:15.795 +02:00 [INF] Request finished HTTP/1.1 GET http://localhost:5180/api/books - 200 null application/json; charset=utf-8 84.1794ms
2025-11-25 16:23:15.797 +02:00 [INF] Request finished HTTP/1.1 GET http://localhost:5180/api/genres - 200 null application/json; charset=utf-8 84.2582ms
2025-11-25 16:23:15.799 +02:00 [INF] Request finished HTTP/1.1 GET http://localhost:5180/api/authors - 200 null application/json; charset=utf-8 86.2483ms
2025-11-25 16:23:38.143 +02:00 [INF] Request starting HTTP/1.1 GET http://localhost:5180/api/books/8 - null null
2025-11-25 16:23:38.150 +02:00 [INF] Executing endpoint 'CatalogService.Api.Controllers.BooksController.GetById (CatalogService.Api)'
2025-11-25 16:23:38.153 +02:00 [INF] Route matched with {action = "GetById", controller = "Books"}. Executing controller action with signature System.Threading.Tasks.Task`1[Microsoft.AspNetCore.Mvc.IActionResult] GetById(Int32) on controller CatalogService.Api.Controllers.BooksController (CatalogService.Api).
2025-11-25 16:23:38.161 +02:00 [INF] Executed DbCommand (1ms) [Parameters=[@__id_0='?' (DbType = Int32)], CommandType='"Text"', CommandTimeout='30']
SELECT b.id, b.authorid, b.genreid, b.title, a.id, a.name, g.id, g.name
FROM books AS b
INNER JOIN authors AS a ON b.authorid = a.id
INNER JOIN genres AS g ON b.genreid = g.id
WHERE b.id = @__id_0
LIMIT 1
2025-11-25 16:23:38.168 +02:00 [INF] Executing OkObjectResult, writing value of type 'CatalogService.Bll.Dtos.BookDto'.
2025-11-25 16:23:38.171 +02:00 [INF] Executed action CatalogService.Api.Controllers.BooksController.GetById (CatalogService.Api) in 12.8059ms
2025-11-25 16:23:38.175 +02:00 [INF] Executed endpoint 'CatalogService.Api.Controllers.BooksController.GetById (CatalogService.Api)'
2025-11-25 16:23:38.178 +02:00 [INF] Request finished HTTP/1.1 GET http://localhost:5180/api/books/8 - 200 null application/json; charset=utf-8 35.4414ms
2025-11-25 16:23:38.210 +02:00 [INF] Request starting HTTP/1.1 GET http://localhost:5180/api/books - null null
2025-11-25 16:23:38.210 +02:00 [INF] Request starting HTTP/1.1 GET http://localhost:5180/api/genres - null null
2025-11-25 16:23:38.211 +02:00 [INF] Request starting HTTP/1.1 GET http://localhost:5180/api/authors - null null
2025-11-25 16:23:38.217 +02:00 [INF] Executing endpoint 'CatalogService.Api.Controllers.BooksController.GetAll (CatalogService.Api)'
2025-11-25 16:23:38.222 +02:00 [INF] Executing endpoint 'CatalogService.Api.Controllers.GenresController.GetAll (CatalogService.Api)'
2025-11-25 16:23:38.228 +02:00 [INF] Executing endpoint 'CatalogService.Api.Controllers.AuthorsController.GetAll (CatalogService.Api)'
2025-11-25 16:23:38.230 +02:00 [INF] Route matched with {action = "GetAll", controller = "Books"}. Executing controller action with signature System.Threading.Tasks.Task`1[Microsoft.AspNetCore.Mvc.IActionResult] GetAll() on controller CatalogService.Api.Controllers.BooksController (CatalogService.Api).
2025-11-25 16:23:38.231 +02:00 [INF] Route matched with {action = "GetAll", controller = "Genres"}. Executing controller action with signature System.Threading.Tasks.Task`1[Microsoft.AspNetCore.Mvc.IActionResult] GetAll() on controller CatalogService.Api.Controllers.GenresController (CatalogService.Api).
2025-11-25 16:23:38.234 +02:00 [INF] Route matched with {action = "GetAll", controller = "Authors"}. Executing controller action with signature System.Threading.Tasks.Task`1[Microsoft.AspNetCore.Mvc.IActionResult] GetAll() on controller CatalogService.Api.Controllers.AuthorsController (CatalogService.Api).
2025-11-25 16:23:38.240 +02:00 [INF] Executed DbCommand (1ms) [Parameters=[], CommandType='"Text"', CommandTimeout='30']
SELECT b.id, b.authorid, b.genreid, b.title, a.id, a.name, g.id, g.name
FROM books AS b
INNER JOIN authors AS a ON b.authorid = a.id
INNER JOIN genres AS g ON b.genreid = g.id
2025-11-25 16:23:38.245 +02:00 [INF] Executed DbCommand (1ms) [Parameters=[], CommandType='"Text"', CommandTimeout='30']
SELECT g.id, g.name
FROM genres AS g
2025-11-25 16:23:38.251 +02:00 [INF] Executed DbCommand (1ms) [Parameters=[], CommandType='"Text"', CommandTimeout='30']
SELECT a.id, a.name
FROM authors AS a
2025-11-25 16:23:38.255 +02:00 [INF] Executing OkObjectResult, writing value of type 'System.Collections.Generic.List`1[[CatalogService.Bll.Dtos.BookDto, CatalogService.Bll, Version=1.0.0.0, Culture=neutral, PublicKeyToken=null]]'.
2025-11-25 16:23:38.260 +02:00 [INF] Executing OkObjectResult, writing value of type 'System.Collections.Generic.List`1[[CatalogService.Bll.Dtos.GenreDto, CatalogService.Bll, Version=1.0.0.0, Culture=neutral, PublicKeyToken=null]]'.
2025-11-25 16:23:38.265 +02:00 [INF] Executing OkObjectResult, writing value of type 'System.Collections.Generic.List`1[[CatalogService.Bll.Dtos.AuthorDto, CatalogService.Bll, Version=1.0.0.0, Culture=neutral, PublicKeyToken=null]]'.
2025-11-25 16:23:38.268 +02:00 [INF] Executed action CatalogService.Api.Controllers.BooksController.GetAll (CatalogService.Api) in 29.2268ms
2025-11-25 16:23:38.270 +02:00 [INF] Executed action CatalogService.Api.Controllers.GenresController.GetAll (CatalogService.Api) in 26.5747ms
2025-11-25 16:23:38.273 +02:00 [INF] Executed action CatalogService.Api.Controllers.AuthorsController.GetAll (CatalogService.Api) in 23.595ms
2025-11-25 16:23:38.276 +02:00 [INF] Executed endpoint 'CatalogService.Api.Controllers.BooksController.GetAll (CatalogService.Api)'
2025-11-25 16:23:38.279 +02:00 [INF] Executed endpoint 'CatalogService.Api.Controllers.GenresController.GetAll (CatalogService.Api)'
2025-11-25 16:23:38.281 +02:00 [INF] Executed endpoint 'CatalogService.Api.Controllers.AuthorsController.GetAll (CatalogService.Api)'
2025-11-25 16:23:38.284 +02:00 [INF] Request finished HTTP/1.1 GET http://localhost:5180/api/books - 200 null application/json; charset=utf-8 73.6685ms
2025-11-25 16:23:38.286 +02:00 [INF] Request finished HTTP/1.1 GET http://localhost:5180/api/genres - 200 null application/json; charset=utf-8 75.4731ms
2025-11-25 16:23:38.288 +02:00 [INF] Request finished HTTP/1.1 GET http://localhost:5180/api/authors - 200 null application/json; charset=utf-8 77.2727ms
2025-11-25 16:24:01.434 +02:00 [INF] Request starting HTTP/1.1 GET http://localhost:5180/api/authors - null null
2025-11-25 16:24:01.434 +02:00 [INF] Request starting HTTP/1.1 GET http://localhost:5180/api/books - null null
2025-11-25 16:24:01.435 +02:00 [INF] Request starting HTTP/1.1 GET http://localhost:5180/api/genres - null null
2025-11-25 16:24:01.440 +02:00 [INF] Executing endpoint 'CatalogService.Api.Controllers.AuthorsController.GetAll (CatalogService.Api)'
2025-11-25 16:24:01.445 +02:00 [INF] Executing endpoint 'CatalogService.Api.Controllers.BooksController.GetAll (CatalogService.Api)'
2025-11-25 16:24:01.449 +02:00 [INF] Executing endpoint 'CatalogService.Api.Controllers.GenresController.GetAll (CatalogService.Api)'
2025-11-25 16:24:01.451 +02:00 [INF] Route matched with {action = "GetAll", controller = "Authors"}. Executing controller action with signature System.Threading.Tasks.Task`1[Microsoft.AspNetCore.Mvc.IActionResult] GetAll() on controller CatalogService.Api.Controllers.AuthorsController (CatalogService.Api).
2025-11-25 16:24:01.453 +02:00 [INF] Route matched with {action = "GetAll", controller = "Books"}. Executing controller action with signature System.Threading.Tasks.Task`1[Microsoft.AspNetCore.Mvc.IActionResult] GetAll() on controller CatalogService.Api.Controllers.BooksController (CatalogService.Api).
2025-11-25 16:24:01.456 +02:00 [INF] Route matched with {action = "GetAll", controller = "Genres"}. Executing controller action with signature System.Threading.Tasks.Task`1[Microsoft.AspNetCore.Mvc.IActionResult] GetAll() on controller CatalogService.Api.Controllers.GenresController (CatalogService.Api).
2025-11-25 16:24:01.461 +02:00 [INF] Executed DbCommand (1ms) [Parameters=[], CommandType='"Text"', CommandTimeout='30']
SELECT a.id, a.name
FROM authors AS a
2025-11-25 16:24:01.465 +02:00 [INF] Executed DbCommand (1ms) [Parameters=[], CommandType='"Text"', CommandTimeout='30']
SELECT b.id, b.authorid, b.genreid, b.title, a.id, a.name, g.id, g.name
FROM books AS b
INNER JOIN authors AS a ON b.authorid = a.id
INNER JOIN genres AS g ON b.genreid = g.id
2025-11-25 16:24:01.468 +02:00 [INF] Executed DbCommand (1ms) [Parameters=[], CommandType='"Text"', CommandTimeout='30']
SELECT g.id, g.name
FROM genres AS g
2025-11-25 16:24:01.473 +02:00 [INF] Executing OkObjectResult, writing value of type 'System.Collections.Generic.List`1[[CatalogService.Bll.Dtos.AuthorDto, CatalogService.Bll, Version=1.0.0.0, Culture=neutral, PublicKeyToken=null]]'.
2025-11-25 16:24:01.478 +02:00 [INF] Executing OkObjectResult, writing value of type 'System.Collections.Generic.List`1[[CatalogService.Bll.Dtos.BookDto, CatalogService.Bll, Version=1.0.0.0, Culture=neutral, PublicKeyToken=null]]'.
2025-11-25 16:24:01.482 +02:00 [INF] Executing OkObjectResult, writing value of type 'System.Collections.Generic.List`1[[CatalogService.Bll.Dtos.GenreDto, CatalogService.Bll, Version=1.0.0.0, Culture=neutral, PublicKeyToken=null]]'.
2025-11-25 16:24:01.489 +02:00 [INF] Executed action CatalogService.Api.Controllers.BooksController.GetAll (CatalogService.Api) in 26.332ms
2025-11-25 16:24:01.485 +02:00 [INF] Executed action CatalogService.Api.Controllers.AuthorsController.GetAll (CatalogService.Api) in 25.5535ms
2025-11-25 16:24:01.492 +02:00 [INF] Executed action CatalogService.Api.Controllers.GenresController.GetAll (CatalogService.Api) in 25.3408ms
2025-11-25 16:24:01.492 +02:00 [INF] Request starting HTTP/1.1 GET http://localhost:5180/api/authors - null null
2025-11-25 16:24:01.494 +02:00 [INF] Request starting HTTP/1.1 GET http://localhost:5180/api/books - null null
2025-11-25 16:24:01.495 +02:00 [INF] Executed endpoint 'CatalogService.Api.Controllers.BooksController.GetAll (CatalogService.Api)'
2025-11-25 16:24:01.496 +02:00 [INF] Request starting HTTP/1.1 GET http://localhost:5180/api/genres - null null
2025-11-25 16:24:01.498 +02:00 [INF] Executed endpoint 'CatalogService.Api.Controllers.AuthorsController.GetAll (CatalogService.Api)'
2025-11-25 16:24:01.501 +02:00 [INF] Executed endpoint 'CatalogService.Api.Controllers.GenresController.GetAll (CatalogService.Api)'
2025-11-25 16:24:01.508 +02:00 [INF] Executing endpoint 'CatalogService.Api.Controllers.AuthorsController.GetAll (CatalogService.Api)'
2025-11-25 16:24:01.512 +02:00 [INF] Executing endpoint 'CatalogService.Api.Controllers.BooksController.GetAll (CatalogService.Api)'
2025-11-25 16:24:01.514 +02:00 [INF] Request finished HTTP/1.1 GET http://localhost:5180/api/books - 200 null application/json; charset=utf-8 79.7438ms
2025-11-25 16:24:01.520 +02:00 [INF] Executing endpoint 'CatalogService.Api.Controllers.GenresController.GetAll (CatalogService.Api)'
2025-11-25 16:24:01.523 +02:00 [INF] Request finished HTTP/1.1 GET http://localhost:5180/api/authors - 200 null application/json; charset=utf-8 89.0044ms
2025-11-25 16:24:01.526 +02:00 [INF] Request finished HTTP/1.1 GET http://localhost:5180/api/genres - 200 null application/json; charset=utf-8 91.0604ms
2025-11-25 16:24:01.528 +02:00 [INF] Route matched with {action = "GetAll", controller = "Authors"}. Executing controller action with signature System.Threading.Tasks.Task`1[Microsoft.AspNetCore.Mvc.IActionResult] GetAll() on controller CatalogService.Api.Controllers.AuthorsController (CatalogService.Api).
2025-11-25 16:24:01.531 +02:00 [INF] Route matched with {action = "GetAll", controller = "Books"}. Executing controller action with signature System.Threading.Tasks.Task`1[Microsoft.AspNetCore.Mvc.IActionResult] GetAll() on controller CatalogService.Api.Controllers.BooksController (CatalogService.Api).
2025-11-25 16:24:01.539 +02:00 [INF] Route matched with {action = "GetAll", controller = "Genres"}. Executing controller action with signature System.Threading.Tasks.Task`1[Microsoft.AspNetCore.Mvc.IActionResult] GetAll() on controller CatalogService.Api.Controllers.GenresController (CatalogService.Api).
2025-11-25 16:24:01.555 +02:00 [INF] Executed DbCommand (1ms) [Parameters=[], CommandType='"Text"', CommandTimeout='30']
SELECT a.id, a.name
FROM authors AS a
2025-11-25 16:24:01.559 +02:00 [INF] Executed DbCommand (1ms) [Parameters=[], CommandType='"Text"', CommandTimeout='30']
SELECT b.id, b.authorid, b.genreid, b.title, a.id, a.name, g.id, g.name
FROM books AS b
INNER JOIN authors AS a ON b.authorid = a.id
INNER JOIN genres AS g ON b.genreid = g.id
2025-11-25 16:24:01.562 +02:00 [INF] Executed DbCommand (0ms) [Parameters=[], CommandType='"Text"', CommandTimeout='30']
SELECT g.id, g.name
FROM genres AS g
2025-11-25 16:24:01.565 +02:00 [INF] Executing OkObjectResult, writing value of type 'System.Collections.Generic.List`1[[CatalogService.Bll.Dtos.AuthorDto, CatalogService.Bll, Version=1.0.0.0, Culture=neutral, PublicKeyToken=null]]'.
2025-11-25 16:24:01.569 +02:00 [INF] Executing OkObjectResult, writing value of type 'System.Collections.Generic.List`1[[CatalogService.Bll.Dtos.BookDto, CatalogService.Bll, Version=1.0.0.0, Culture=neutral, PublicKeyToken=null]]'.
2025-11-25 16:24:01.574 +02:00 [INF] Executing OkObjectResult, writing value of type 'System.Collections.Generic.List`1[[CatalogService.Bll.Dtos.GenreDto, CatalogService.Bll, Version=1.0.0.0, Culture=neutral, PublicKeyToken=null]]'.
2025-11-25 16:24:01.577 +02:00 [INF] Executed action CatalogService.Api.Controllers.AuthorsController.GetAll (CatalogService.Api) in 23.884ms
2025-11-25 16:24:01.580 +02:00 [INF] Executed action CatalogService.Api.Controllers.BooksController.GetAll (CatalogService.Api) in 23.1749ms
2025-11-25 16:24:01.583 +02:00 [INF] Executed action CatalogService.Api.Controllers.GenresController.GetAll (CatalogService.Api) in 21.7771ms
2025-11-25 16:24:01.585 +02:00 [INF] Executed endpoint 'CatalogService.Api.Controllers.AuthorsController.GetAll (CatalogService.Api)'
2025-11-25 16:24:01.587 +02:00 [INF] Executed endpoint 'CatalogService.Api.Controllers.BooksController.GetAll (CatalogService.Api)'
2025-11-25 16:24:01.589 +02:00 [INF] Executed endpoint 'CatalogService.Api.Controllers.GenresController.GetAll (CatalogService.Api)'
2025-11-25 16:24:01.591 +02:00 [INF] Request finished HTTP/1.1 GET http://localhost:5180/api/authors - 200 null application/json; charset=utf-8 99.4804ms
2025-11-25 16:24:01.593 +02:00 [INF] Request finished HTTP/1.1 GET http://localhost:5180/api/books - 200 null application/json; charset=utf-8 99.0507ms
2025-11-25 16:24:01.595 +02:00 [INF] Request finished HTTP/1.1 GET http://localhost:5180/api/genres - 200 null application/json; charset=utf-8 98.4783ms
2025-11-25 16:24:16.548 +02:00 [INF] Request starting HTTP/1.1 GET http://localhost:5180/api/books - null null
2025-11-25 16:24:16.548 +02:00 [INF] Request starting HTTP/1.1 GET http://localhost:5180/api/authors - null null
2025-11-25 16:24:16.548 +02:00 [INF] Request starting HTTP/1.1 GET http://localhost:5180/api/genres - null null
2025-11-25 16:24:16.554 +02:00 [INF] Executing endpoint 'CatalogService.Api.Controllers.BooksController.GetAll (CatalogService.Api)'
2025-11-25 16:24:16.560 +02:00 [INF] Executing endpoint 'CatalogService.Api.Controllers.AuthorsController.GetAll (CatalogService.Api)'
2025-11-25 16:24:16.564 +02:00 [INF] Executing endpoint 'CatalogService.Api.Controllers.GenresController.GetAll (CatalogService.Api)'
2025-11-25 16:24:16.566 +02:00 [INF] Route matched with {action = "GetAll", controller = "Books"}. Executing controller action with signature System.Threading.Tasks.Task`1[Microsoft.AspNetCore.Mvc.IActionResult] GetAll() on controller CatalogService.Api.Controllers.BooksController (CatalogService.Api).
2025-11-25 16:24:16.567 +02:00 [INF] Route matched with {action = "GetAll", controller = "Authors"}. Executing controller action with signature System.Threading.Tasks.Task`1[Microsoft.AspNetCore.Mvc.IActionResult] GetAll() on controller CatalogService.Api.Controllers.AuthorsController (CatalogService.Api).
2025-11-25 16:24:16.569 +02:00 [INF] Route matched with {action = "GetAll", controller = "Genres"}. Executing controller action with signature System.Threading.Tasks.Task`1[Microsoft.AspNetCore.Mvc.IActionResult] GetAll() on controller CatalogService.Api.Controllers.GenresController (CatalogService.Api).
2025-11-25 16:24:16.574 +02:00 [INF] Executed DbCommand (1ms) [Parameters=[], CommandType='"Text"', CommandTimeout='30']
SELECT b.id, b.authorid, b.genreid, b.title, a.id, a.name, g.id, g.name
FROM books AS b
INNER JOIN authors AS a ON b.authorid = a.id
INNER JOIN genres AS g ON b.genreid = g.id
2025-11-25 16:24:16.576 +02:00 [INF] Executed DbCommand (0ms) [Parameters=[], CommandType='"Text"', CommandTimeout='30']
SELECT a.id, a.name
FROM authors AS a
2025-11-25 16:24:16.579 +02:00 [INF] Executed DbCommand (0ms) [Parameters=[], CommandType='"Text"', CommandTimeout='30']
SELECT g.id, g.name
FROM genres AS g
2025-11-25 16:24:16.582 +02:00 [INF] Executing OkObjectResult, writing value of type 'System.Collections.Generic.List`1[[CatalogService.Bll.Dtos.BookDto, CatalogService.Bll, Version=1.0.0.0, Culture=neutral, PublicKeyToken=null]]'.
2025-11-25 16:24:16.587 +02:00 [INF] Executing OkObjectResult, writing value of type 'System.Collections.Generic.List`1[[CatalogService.Bll.Dtos.AuthorDto, CatalogService.Bll, Version=1.0.0.0, Culture=neutral, PublicKeyToken=null]]'.
2025-11-25 16:24:16.592 +02:00 [INF] Executing OkObjectResult, writing value of type 'System.Collections.Generic.List`1[[CatalogService.Bll.Dtos.GenreDto, CatalogService.Bll, Version=1.0.0.0, Culture=neutral, PublicKeyToken=null]]'.
2025-11-25 16:24:16.595 +02:00 [INF] Executed action CatalogService.Api.Controllers.BooksController.GetAll (CatalogService.Api) in 22.9392ms
2025-11-25 16:24:16.598 +02:00 [INF] Executed action CatalogService.Api.Controllers.AuthorsController.GetAll (CatalogService.Api) in 23.1477ms
2025-11-25 16:24:16.600 +02:00 [INF] Request starting HTTP/1.1 GET http://localhost:5180/api/books - null null
2025-11-25 16:24:16.601 +02:00 [INF] Executed action CatalogService.Api.Controllers.GenresController.GetAll (CatalogService.Api) in 23.306ms
2025-11-25 16:24:16.603 +02:00 [INF] Request starting HTTP/1.1 GET http://localhost:5180/api/authors - null null
2025-11-25 16:24:16.604 +02:00 [INF] Executed endpoint 'CatalogService.Api.Controllers.BooksController.GetAll (CatalogService.Api)'
2025-11-25 16:24:16.606 +02:00 [INF] Request starting HTTP/1.1 GET http://localhost:5180/api/genres - null null
2025-11-25 16:24:16.607 +02:00 [INF] Executed endpoint 'CatalogService.Api.Controllers.AuthorsController.GetAll (CatalogService.Api)'
2025-11-25 16:24:16.612 +02:00 [INF] Executing endpoint 'CatalogService.Api.Controllers.BooksController.GetAll (CatalogService.Api)'
2025-11-25 16:24:16.615 +02:00 [INF] Executed endpoint 'CatalogService.Api.Controllers.GenresController.GetAll (CatalogService.Api)'
2025-11-25 16:24:16.621 +02:00 [INF] Executing endpoint 'CatalogService.Api.Controllers.AuthorsController.GetAll (CatalogService.Api)'
2025-11-25 16:24:16.624 +02:00 [INF] Request finished HTTP/1.1 GET http://localhost:5180/api/books - 200 null application/json; charset=utf-8 76.274ms
2025-11-25 16:24:16.629 +02:00 [INF] Executing endpoint 'CatalogService.Api.Controllers.GenresController.GetAll (CatalogService.Api)'
2025-11-25 16:24:16.631 +02:00 [INF] Request finished HTTP/1.1 GET http://localhost:5180/api/authors - 200 null application/json; charset=utf-8 83.3875ms
2025-11-25 16:24:16.634 +02:00 [INF] Route matched with {action = "GetAll", controller = "Books"}. Executing controller action with signature System.Threading.Tasks.Task`1[Microsoft.AspNetCore.Mvc.IActionResult] GetAll() on controller CatalogService.Api.Controllers.BooksController (CatalogService.Api).
2025-11-25 16:24:16.637 +02:00 [INF] Request finished HTTP/1.1 GET http://localhost:5180/api/genres - 200 null application/json; charset=utf-8 88.9605ms
2025-11-25 16:24:16.640 +02:00 [INF] Route matched with {action = "GetAll", controller = "Authors"}. Executing controller action with signature System.Threading.Tasks.Task`1[Microsoft.AspNetCore.Mvc.IActionResult] GetAll() on controller CatalogService.Api.Controllers.AuthorsController (CatalogService.Api).
2025-11-25 16:24:16.648 +02:00 [INF] Route matched with {action = "GetAll", controller = "Genres"}. Executing controller action with signature System.Threading.Tasks.Task`1[Microsoft.AspNetCore.Mvc.IActionResult] GetAll() on controller CatalogService.Api.Controllers.GenresController (CatalogService.Api).
2025-11-25 16:24:16.658 +02:00 [INF] Executed DbCommand (1ms) [Parameters=[], CommandType='"Text"', CommandTimeout='30']
SELECT b.id, b.authorid, b.genreid, b.title, a.id, a.name, g.id, g.name
FROM books AS b
INNER JOIN authors AS a ON b.authorid = a.id
INNER JOIN genres AS g ON b.genreid = g.id
2025-11-25 16:24:16.666 +02:00 [INF] Executed DbCommand (0ms) [Parameters=[], CommandType='"Text"', CommandTimeout='30']
SELECT a.id, a.name
FROM authors AS a
2025-11-25 16:24:16.670 +02:00 [INF] Executed DbCommand (0ms) [Parameters=[], CommandType='"Text"', CommandTimeout='30']
SELECT g.id, g.name
FROM genres AS g
2025-11-25 16:24:16.673 +02:00 [INF] Executing OkObjectResult, writing value of type 'System.Collections.Generic.List`1[[CatalogService.Bll.Dtos.BookDto, CatalogService.Bll, Version=1.0.0.0, Culture=neutral, PublicKeyToken=null]]'.
2025-11-25 16:24:16.677 +02:00 [INF] Executing OkObjectResult, writing value of type 'System.Collections.Generic.List`1[[CatalogService.Bll.Dtos.AuthorDto, CatalogService.Bll, Version=1.0.0.0, Culture=neutral, PublicKeyToken=null]]'.
2025-11-25 16:24:16.680 +02:00 [INF] Executing OkObjectResult, writing value of type 'System.Collections.Generic.List`1[[CatalogService.Bll.Dtos.GenreDto, CatalogService.Bll, Version=1.0.0.0, Culture=neutral, PublicKeyToken=null]]'.
2025-11-25 16:24:16.683 +02:00 [INF] Executed action CatalogService.Api.Controllers.BooksController.GetAll (CatalogService.Api) in 27.1475ms
2025-11-25 16:24:16.687 +02:00 [INF] Executed action CatalogService.Api.Controllers.AuthorsController.GetAll (CatalogService.Api) in 21.6046ms
2025-11-25 16:24:16.690 +02:00 [INF] Executed action CatalogService.Api.Controllers.GenresController.GetAll (CatalogService.Api) in 21.5983ms
2025-11-25 16:24:16.693 +02:00 [INF] Executed endpoint 'CatalogService.Api.Controllers.BooksController.GetAll (CatalogService.Api)'
2025-11-25 16:24:16.695 +02:00 [INF] Executed endpoint 'CatalogService.Api.Controllers.AuthorsController.GetAll (CatalogService.Api)'
2025-11-25 16:24:16.698 +02:00 [INF] Executed endpoint 'CatalogService.Api.Controllers.GenresController.GetAll (CatalogService.Api)'
2025-11-25 16:24:16.700 +02:00 [INF] Request finished HTTP/1.1 GET http://localhost:5180/api/books - 200 null application/json; charset=utf-8 100.1737ms
2025-11-25 16:24:16.702 +02:00 [INF] Request finished HTTP/1.1 GET http://localhost:5180/api/authors - 200 null application/json; charset=utf-8 99.7881ms
2025-11-25 16:24:16.705 +02:00 [INF] Request finished HTTP/1.1 GET http://localhost:5180/api/genres - 200 null application/json; charset=utf-8 98.4868ms
2025-11-25 17:26:15.437 +02:00 [INF] Request starting HTTP/1.1 GET http://localhost:5180/api/genres - null null
2025-11-25 17:26:15.437 +02:00 [INF] Request starting HTTP/1.1 GET http://localhost:5180/api/authors - null null
2025-11-25 17:26:15.437 +02:00 [INF] Request starting HTTP/1.1 GET http://localhost:5180/api/books?page=1&pageSize=10 - null null
2025-11-25 17:26:15.446 +02:00 [INF] Executing endpoint 'CatalogService.Api.Controllers.GenresController.GetAll (CatalogService.Api)'
2025-11-25 17:26:15.449 +02:00 [INF] Executing endpoint 'CatalogService.Api.Controllers.AuthorsController.GetAll (CatalogService.Api)'
2025-11-25 17:26:15.453 +02:00 [INF] Executing endpoint 'CatalogService.Api.Controllers.BooksController.GetAll (CatalogService.Api)'
2025-11-25 17:26:15.456 +02:00 [INF] Route matched with {action = "GetAll", controller = "Genres"}. Executing controller action with signature System.Threading.Tasks.Task`1[Microsoft.AspNetCore.Mvc.IActionResult] GetAll() on controller CatalogService.Api.Controllers.GenresController (CatalogService.Api).
2025-11-25 17:26:15.458 +02:00 [INF] Route matched with {action = "GetAll", controller = "Authors"}. Executing controller action with signature System.Threading.Tasks.Task`1[Microsoft.AspNetCore.Mvc.IActionResult] GetAll() on controller CatalogService.Api.Controllers.AuthorsController (CatalogService.Api).
2025-11-25 17:26:15.460 +02:00 [INF] Route matched with {action = "GetAll", controller = "Books"}. Executing controller action with signature System.Threading.Tasks.Task`1[Microsoft.AspNetCore.Mvc.IActionResult] GetAll() on controller CatalogService.Api.Controllers.BooksController (CatalogService.Api).
2025-11-25 17:26:15.533 +02:00 [INF] Executed DbCommand (2ms) [Parameters=[], CommandType='"Text"', CommandTimeout='30']
SELECT a.id, a.name
FROM authors AS a
2025-11-25 17:26:15.538 +02:00 [INF] Executing OkObjectResult, writing value of type 'System.Collections.Generic.List`1[[CatalogService.Bll.Dtos.AuthorDto, CatalogService.Bll, Version=1.0.0.0, Culture=neutral, PublicKeyToken=null]]'.
2025-11-25 17:26:15.540 +02:00 [INF] Executed action CatalogService.Api.Controllers.AuthorsController.GetAll (CatalogService.Api) in 73.8247ms
2025-11-25 17:26:15.543 +02:00 [INF] Executed endpoint 'CatalogService.Api.Controllers.AuthorsController.GetAll (CatalogService.Api)'
2025-11-25 17:26:15.545 +02:00 [INF] Request finished HTTP/1.1 GET http://localhost:5180/api/authors - 200 null application/json; charset=utf-8 107.9548ms
2025-11-25 17:26:15.549 +02:00 [INF] Executed DbCommand (1ms) [Parameters=[], CommandType='"Text"', CommandTimeout='30']
SELECT g.id, g.name
FROM genres AS g
2025-11-25 17:26:15.554 +02:00 [INF] Executing OkObjectResult, writing value of type 'System.Collections.Generic.List`1[[CatalogService.Bll.Dtos.GenreDto, CatalogService.Bll, Version=1.0.0.0, Culture=neutral, PublicKeyToken=null]]'.
2025-11-25 17:26:15.556 +02:00 [INF] Executed action CatalogService.Api.Controllers.GenresController.GetAll (CatalogService.Api) in 92.7776ms
2025-11-25 17:26:15.558 +02:00 [INF] Executed endpoint 'CatalogService.Api.Controllers.GenresController.GetAll (CatalogService.Api)'
2025-11-25 17:26:15.560 +02:00 [INF] Request finished HTTP/1.1 GET http://localhost:5180/api/genres - 200 null application/json; charset=utf-8 122.9598ms
2025-11-25 17:26:15.561 +02:00 [INF] Executed DbCommand (4ms) [Parameters=[], CommandType='"Text"', CommandTimeout='30']
SELECT b.id, b.authorid, b.genreid, b.title, a.id, a.name, g.id, g.name
FROM books AS b
INNER JOIN authors AS a ON b.authorid = a.id
INNER JOIN genres AS g ON b.genreid = g.id
2025-11-25 17:26:15.567 +02:00 [INF] Executing OkObjectResult, writing value of type 'System.Collections.Generic.List`1[[CatalogService.Bll.Dtos.BookDto, CatalogService.Bll, Version=1.0.0.0, Culture=neutral, PublicKeyToken=null]]'.
2025-11-25 17:26:15.569 +02:00 [INF] Executed action CatalogService.Api.Controllers.BooksController.GetAll (CatalogService.Api) in 99.9514ms
2025-11-25 17:26:15.571 +02:00 [INF] Executed endpoint 'CatalogService.Api.Controllers.BooksController.GetAll (CatalogService.Api)'
2025-11-25 17:26:15.573 +02:00 [INF] Request finished HTTP/1.1 GET http://localhost:5180/api/books?page=1&pageSize=10 - 200 null application/json; charset=utf-8 135.5584ms
2025-11-25 21:32:34.856 +02:00 [INF] Now listening on: http://localhost:5180
2025-11-25 21:32:34.958 +02:00 [INF] Application started. Press Ctrl+C to shut down.
2025-11-25 21:32:34.963 +02:00 [INF] Hosting environment: Development
2025-11-25 21:32:34.967 +02:00 [INF] Content root path: C:\Users\Admin\Documents\projects\LibrarySystem\CatalogService\CatalogService.Api
2025-11-25 21:33:01.500 +02:00 [INF] Request starting HTTP/1.1 GET http://localhost:5180/api/genres - null null
2025-11-25 21:33:01.500 +02:00 [INF] Request starting HTTP/1.1 GET http://localhost:5180/api/authors - null null
2025-11-25 21:33:01.500 +02:00 [INF] Request starting HTTP/1.1 GET http://localhost:5180/api/books - null null
2025-11-25 21:33:01.633 +02:00 [ERR] An unhandled exception has occurred while executing the request.
Microsoft.AspNetCore.Routing.Matching.AmbiguousMatchException: The request matched multiple endpoints. Matches: 

CatalogService.Api.Controllers.BooksController.GetAll (CatalogService.Api)
CatalogService.Api.Controllers.BooksController.GetPaged (CatalogService.Api)
   at Microsoft.AspNetCore.Routing.Matching.DefaultEndpointSelector.ReportAmbiguity(Span`1 candidateState)
   at Microsoft.AspNetCore.Routing.Matching.DefaultEndpointSelector.ProcessFinalCandidates(HttpContext httpContext, Span`1 candidateState)
   at Microsoft.AspNetCore.Routing.Matching.DefaultEndpointSelector.Select(HttpContext httpContext, Span`1 candidateState)
   at Microsoft.AspNetCore.Routing.Matching.DfaMatcher.MatchAsync(HttpContext httpContext)
   at Microsoft.AspNetCore.Routing.EndpointRoutingMiddleware.<Invoke>g__AwaitMatcher|10_0(EndpointRoutingMiddleware middleware, HttpContext httpContext, Task`1 matcherTask)
   at Microsoft.AspNetCore.Diagnostics.DeveloperExceptionPageMiddlewareImpl.Invoke(HttpContext context)
2025-11-25 21:33:01.716 +02:00 [INF] Executing endpoint 'CatalogService.Api.Controllers.AuthorsController.GetAll (CatalogService.Api)'
2025-11-25 21:33:01.716 +02:00 [INF] Executing endpoint 'CatalogService.Api.Controllers.GenresController.GetAll (CatalogService.Api)'
2025-11-25 21:33:01.743 +02:00 [INF] Request finished HTTP/1.1 GET http://localhost:5180/api/books - 500 null text/plain; charset=utf-8 248.9955ms
2025-11-25 21:33:01.771 +02:00 [INF] Request starting HTTP/1.1 GET http://localhost:5180/api/books - null null
2025-11-25 21:33:01.824 +02:00 [INF] Route matched with {action = "GetAll", controller = "Authors"}. Executing controller action with signature System.Threading.Tasks.Task`1[Microsoft.AspNetCore.Mvc.ActionResult`1[System.Collections.Generic.IEnumerable`1[CatalogService.Bll.Dtos.AuthorDto]]] GetAll() on controller CatalogService.Api.Controllers.AuthorsController (CatalogService.Api).
2025-11-25 21:33:01.824 +02:00 [INF] Route matched with {action = "GetAll", controller = "Genres"}. Executing controller action with signature System.Threading.Tasks.Task`1[Microsoft.AspNetCore.Mvc.ActionResult`1[System.Collections.Generic.IEnumerable`1[CatalogService.Bll.Dtos.GenreDto]]] GetAll() on controller CatalogService.Api.Controllers.GenresController (CatalogService.Api).
2025-11-25 21:33:01.855 +02:00 [ERR] An unhandled exception has occurred while executing the request.
Microsoft.AspNetCore.Routing.Matching.AmbiguousMatchException: The request matched multiple endpoints. Matches: 

CatalogService.Api.Controllers.BooksController.GetAll (CatalogService.Api)
CatalogService.Api.Controllers.BooksController.GetPaged (CatalogService.Api)
   at Microsoft.AspNetCore.Routing.Matching.DefaultEndpointSelector.ReportAmbiguity(Span`1 candidateState)
   at Microsoft.AspNetCore.Routing.Matching.DefaultEndpointSelector.ProcessFinalCandidates(HttpContext httpContext, Span`1 candidateState)
   at Microsoft.AspNetCore.Routing.Matching.DefaultEndpointSelector.Select(HttpContext httpContext, Span`1 candidateState)
   at Microsoft.AspNetCore.Routing.Matching.DfaMatcher.MatchAsync(HttpContext httpContext)
   at Microsoft.AspNetCore.Routing.EndpointRoutingMiddleware.Invoke(HttpContext httpContext)
   at Microsoft.AspNetCore.Diagnostics.DeveloperExceptionPageMiddlewareImpl.Invoke(HttpContext context)
2025-11-25 21:33:01.877 +02:00 [INF] Request finished HTTP/1.1 GET http://localhost:5180/api/books - 500 null text/plain; charset=utf-8 106.1937ms
2025-11-25 21:33:05.046 +02:00 [INF] Executed DbCommand (62ms) [Parameters=[], CommandType='"Text"', CommandTimeout='30']
SELECT a.id, a.name
FROM authors AS a
2025-11-25 21:33:05.046 +02:00 [INF] Executed DbCommand (62ms) [Parameters=[], CommandType='"Text"', CommandTimeout='30']
SELECT g.id, g.name
FROM genres AS g
2025-11-25 21:33:05.331 +02:00 [INF] Executing OkObjectResult, writing value of type 'System.Collections.Generic.List`1[[CatalogService.Bll.Dtos.AuthorDto, CatalogService.Bll, Version=1.0.0.0, Culture=neutral, PublicKeyToken=null]]'.
2025-11-25 21:33:05.331 +02:00 [INF] Executing OkObjectResult, writing value of type 'System.Collections.Generic.List`1[[CatalogService.Bll.Dtos.GenreDto, CatalogService.Bll, Version=1.0.0.0, Culture=neutral, PublicKeyToken=null]]'.
2025-11-25 21:33:05.436 +02:00 [INF] Executed action CatalogService.Api.Controllers.GenresController.GetAll (CatalogService.Api) in 3558.1923ms
2025-11-25 21:33:05.436 +02:00 [INF] Executed action CatalogService.Api.Controllers.AuthorsController.GetAll (CatalogService.Api) in 3564.575ms
2025-11-25 21:33:05.437 +02:00 [INF] Request starting HTTP/1.1 GET http://localhost:5180/api/authors - null null
2025-11-25 21:33:05.437 +02:00 [INF] Request starting HTTP/1.1 GET http://localhost:5180/api/genres - null null
2025-11-25 21:33:05.447 +02:00 [INF] Executed endpoint 'CatalogService.Api.Controllers.GenresController.GetAll (CatalogService.Api)'
2025-11-25 21:33:05.455 +02:00 [INF] Executed endpoint 'CatalogService.Api.Controllers.AuthorsController.GetAll (CatalogService.Api)'
2025-11-25 21:33:05.480 +02:00 [INF] Executing endpoint 'CatalogService.Api.Controllers.AuthorsController.GetAll (CatalogService.Api)'
2025-11-25 21:33:05.492 +02:00 [INF] Executing endpoint 'CatalogService.Api.Controllers.GenresController.GetAll (CatalogService.Api)'
2025-11-25 21:33:05.516 +02:00 [INF] Route matched with {action = "GetAll", controller = "Authors"}. Executing controller action with signature System.Threading.Tasks.Task`1[Microsoft.AspNetCore.Mvc.ActionResult`1[System.Collections.Generic.IEnumerable`1[CatalogService.Bll.Dtos.AuthorDto]]] GetAll() on controller CatalogService.Api.Controllers.AuthorsController (CatalogService.Api).
2025-11-25 21:33:05.522 +02:00 [INF] Route matched with {action = "GetAll", controller = "Genres"}. Executing controller action with signature System.Threading.Tasks.Task`1[Microsoft.AspNetCore.Mvc.ActionResult`1[System.Collections.Generic.IEnumerable`1[CatalogService.Bll.Dtos.GenreDto]]] GetAll() on controller CatalogService.Api.Controllers.GenresController (CatalogService.Api).
2025-11-25 21:33:05.526 +02:00 [INF] Request finished HTTP/1.1 GET http://localhost:5180/api/genres - 200 null application/json; charset=utf-8 4035.9912ms
2025-11-25 21:33:05.526 +02:00 [INF] Request finished HTTP/1.1 GET http://localhost:5180/api/authors - 200 null application/json; charset=utf-8 4035.9236ms
2025-11-25 21:33:05.743 +02:00 [INF] Executed DbCommand (8ms) [Parameters=[], CommandType='"Text"', CommandTimeout='30']
SELECT a.id, a.name
FROM authors AS a
2025-11-25 21:33:05.743 +02:00 [INF] Executed DbCommand (8ms) [Parameters=[], CommandType='"Text"', CommandTimeout='30']
SELECT g.id, g.name
FROM genres AS g
2025-11-25 21:33:05.757 +02:00 [INF] Executing OkObjectResult, writing value of type 'System.Collections.Generic.List`1[[CatalogService.Bll.Dtos.AuthorDto, CatalogService.Bll, Version=1.0.0.0, Culture=neutral, PublicKeyToken=null]]'.
2025-11-25 21:33:05.766 +02:00 [INF] Executing OkObjectResult, writing value of type 'System.Collections.Generic.List`1[[CatalogService.Bll.Dtos.GenreDto, CatalogService.Bll, Version=1.0.0.0, Culture=neutral, PublicKeyToken=null]]'.
2025-11-25 21:33:05.772 +02:00 [INF] Executed action CatalogService.Api.Controllers.AuthorsController.GetAll (CatalogService.Api) in 237.7666ms
2025-11-25 21:33:05.779 +02:00 [INF] Executed action CatalogService.Api.Controllers.GenresController.GetAll (CatalogService.Api) in 232.2565ms
2025-11-25 21:33:05.785 +02:00 [INF] Executed endpoint 'CatalogService.Api.Controllers.AuthorsController.GetAll (CatalogService.Api)'
2025-11-25 21:33:05.792 +02:00 [INF] Executed endpoint 'CatalogService.Api.Controllers.GenresController.GetAll (CatalogService.Api)'
2025-11-25 21:33:05.798 +02:00 [INF] Request finished HTTP/1.1 GET http://localhost:5180/api/authors - 200 null application/json; charset=utf-8 360.8115ms
2025-11-25 21:33:05.803 +02:00 [INF] Request finished HTTP/1.1 GET http://localhost:5180/api/genres - 200 null application/json; charset=utf-8 366.1555ms
2025-11-25 21:35:05.621 +02:00 [INF] Now listening on: http://localhost:5180
2025-11-25 21:35:05.783 +02:00 [INF] Application started. Press Ctrl+C to shut down.
2025-11-25 21:35:05.787 +02:00 [INF] Hosting environment: Development
2025-11-25 21:35:05.790 +02:00 [INF] Content root path: C:\Users\Admin\Documents\projects\LibrarySystem\CatalogService\CatalogService.Api
2025-11-25 21:35:13.628 +02:00 [INF] Request starting HTTP/1.1 GET http://localhost:5180/api/books - null null
2025-11-25 21:35:13.628 +02:00 [INF] Request starting HTTP/1.1 GET http://localhost:5180/api/authors - null null
2025-11-25 21:35:13.628 +02:00 [INF] Request starting HTTP/1.1 GET http://localhost:5180/api/genres - null null
2025-11-25 21:35:13.697 +02:00 [ERR] An unhandled exception has occurred while executing the request.
Microsoft.AspNetCore.Routing.Matching.AmbiguousMatchException: The request matched multiple endpoints. Matches: 

CatalogService.Api.Controllers.BooksController.GetAll (CatalogService.Api)
CatalogService.Api.Controllers.BooksController.GetPaged (CatalogService.Api)
   at Microsoft.AspNetCore.Routing.Matching.DefaultEndpointSelector.ReportAmbiguity(Span`1 candidateState)
   at Microsoft.AspNetCore.Routing.Matching.DefaultEndpointSelector.ProcessFinalCandidates(HttpContext httpContext, Span`1 candidateState)
   at Microsoft.AspNetCore.Routing.Matching.DefaultEndpointSelector.Select(HttpContext httpContext, Span`1 candidateState)
   at Microsoft.AspNetCore.Routing.Matching.DfaMatcher.MatchAsync(HttpContext httpContext)
   at Microsoft.AspNetCore.Routing.EndpointRoutingMiddleware.Invoke(HttpContext httpContext)
   at Microsoft.AspNetCore.Diagnostics.DeveloperExceptionPageMiddlewareImpl.Invoke(HttpContext context)
2025-11-25 21:35:13.740 +02:00 [INF] Executing endpoint 'CatalogService.Api.Controllers.GenresController.GetAll (CatalogService.Api)'
2025-11-25 21:35:13.740 +02:00 [INF] Executing endpoint 'CatalogService.Api.Controllers.AuthorsController.GetAll (CatalogService.Api)'
2025-11-25 21:35:13.744 +02:00 [INF] Request finished HTTP/1.1 GET http://localhost:5180/api/books - 500 null text/plain; charset=utf-8 121.7233ms
2025-11-25 21:35:13.753 +02:00 [INF] Request starting HTTP/1.1 GET http://localhost:5180/api/books - null null
2025-11-25 21:35:13.783 +02:00 [INF] Route matched with {action = "GetAll", controller = "Authors"}. Executing controller action with signature System.Threading.Tasks.Task`1[Microsoft.AspNetCore.Mvc.ActionResult`1[System.Collections.Generic.IEnumerable`1[CatalogService.Bll.Dtos.AuthorDto]]] GetAll() on controller CatalogService.Api.Controllers.AuthorsController (CatalogService.Api).
2025-11-25 21:35:13.783 +02:00 [INF] Route matched with {action = "GetAll", controller = "Genres"}. Executing controller action with signature System.Threading.Tasks.Task`1[Microsoft.AspNetCore.Mvc.ActionResult`1[System.Collections.Generic.IEnumerable`1[CatalogService.Bll.Dtos.GenreDto]]] GetAll() on controller CatalogService.Api.Controllers.GenresController (CatalogService.Api).
2025-11-25 21:35:13.801 +02:00 [ERR] An unhandled exception has occurred while executing the request.
Microsoft.AspNetCore.Routing.Matching.AmbiguousMatchException: The request matched multiple endpoints. Matches: 

CatalogService.Api.Controllers.BooksController.GetAll (CatalogService.Api)
CatalogService.Api.Controllers.BooksController.GetPaged (CatalogService.Api)
   at Microsoft.AspNetCore.Routing.Matching.DefaultEndpointSelector.ReportAmbiguity(Span`1 candidateState)
   at Microsoft.AspNetCore.Routing.Matching.DefaultEndpointSelector.ProcessFinalCandidates(HttpContext httpContext, Span`1 candidateState)
   at Microsoft.AspNetCore.Routing.Matching.DefaultEndpointSelector.Select(HttpContext httpContext, Span`1 candidateState)
   at Microsoft.AspNetCore.Routing.Matching.DfaMatcher.MatchAsync(HttpContext httpContext)
   at Microsoft.AspNetCore.Routing.EndpointRoutingMiddleware.Invoke(HttpContext httpContext)
   at Microsoft.AspNetCore.Diagnostics.DeveloperExceptionPageMiddlewareImpl.Invoke(HttpContext context)
2025-11-25 21:35:13.824 +02:00 [INF] Request finished HTTP/1.1 GET http://localhost:5180/api/books - 500 null text/plain; charset=utf-8 71.1505ms
2025-11-25 21:35:16.638 +02:00 [INF] Executed DbCommand (44ms) [Parameters=[], CommandType='"Text"', CommandTimeout='30']
SELECT g.id, g.name
FROM genres AS g
2025-11-25 21:35:16.638 +02:00 [INF] Executed DbCommand (44ms) [Parameters=[], CommandType='"Text"', CommandTimeout='30']
SELECT a.id, a.name
FROM authors AS a
2025-11-25 21:35:16.859 +02:00 [INF] Executing OkObjectResult, writing value of type 'System.Collections.Generic.List`1[[CatalogService.Bll.Dtos.GenreDto, CatalogService.Bll, Version=1.0.0.0, Culture=neutral, PublicKeyToken=null]]'.
2025-11-25 21:35:16.859 +02:00 [INF] Executing OkObjectResult, writing value of type 'System.Collections.Generic.List`1[[CatalogService.Bll.Dtos.AuthorDto, CatalogService.Bll, Version=1.0.0.0, Culture=neutral, PublicKeyToken=null]]'.
2025-11-25 21:35:16.924 +02:00 [INF] Executed action CatalogService.Api.Controllers.GenresController.GetAll (CatalogService.Api) in 3102.3562ms
2025-11-25 21:35:16.924 +02:00 [INF] Executed action CatalogService.Api.Controllers.AuthorsController.GetAll (CatalogService.Api) in 3108.9174ms
2025-11-25 21:35:16.927 +02:00 [INF] Request starting HTTP/1.1 GET http://localhost:5180/api/authors - null null
2025-11-25 21:35:16.927 +02:00 [INF] Request starting HTTP/1.1 GET http://localhost:5180/api/genres - null null
2025-11-25 21:35:16.931 +02:00 [INF] Executed endpoint 'CatalogService.Api.Controllers.GenresController.GetAll (CatalogService.Api)'
2025-11-25 21:35:16.935 +02:00 [INF] Executed endpoint 'CatalogService.Api.Controllers.AuthorsController.GetAll (CatalogService.Api)'
2025-11-25 21:35:16.949 +02:00 [INF] Executing endpoint 'CatalogService.Api.Controllers.AuthorsController.GetAll (CatalogService.Api)'
2025-11-25 21:35:16.955 +02:00 [INF] Executing endpoint 'CatalogService.Api.Controllers.GenresController.GetAll (CatalogService.Api)'
2025-11-25 21:35:16.969 +02:00 [INF] Route matched with {action = "GetAll", controller = "Authors"}. Executing controller action with signature System.Threading.Tasks.Task`1[Microsoft.AspNetCore.Mvc.ActionResult`1[System.Collections.Generic.IEnumerable`1[CatalogService.Bll.Dtos.AuthorDto]]] GetAll() on controller CatalogService.Api.Controllers.AuthorsController (CatalogService.Api).
2025-11-25 21:35:16.973 +02:00 [INF] Route matched with {action = "GetAll", controller = "Genres"}. Executing controller action with signature System.Threading.Tasks.Task`1[Microsoft.AspNetCore.Mvc.ActionResult`1[System.Collections.Generic.IEnumerable`1[CatalogService.Bll.Dtos.GenreDto]]] GetAll() on controller CatalogService.Api.Controllers.GenresController (CatalogService.Api).
2025-11-25 21:35:16.977 +02:00 [INF] Request finished HTTP/1.1 GET http://localhost:5180/api/authors - 200 null application/json; charset=utf-8 3355.1907ms
2025-11-25 21:35:16.977 +02:00 [INF] Request finished HTTP/1.1 GET http://localhost:5180/api/genres - 200 null application/json; charset=utf-8 3355.158ms
2025-11-25 21:35:17.162 +02:00 [INF] Executed DbCommand (10ms) [Parameters=[], CommandType='"Text"', CommandTimeout='30']
SELECT a.id, a.name
FROM authors AS a
2025-11-25 21:35:17.162 +02:00 [INF] Executed DbCommand (10ms) [Parameters=[], CommandType='"Text"', CommandTimeout='30']
SELECT g.id, g.name
FROM genres AS g
2025-11-25 21:35:17.177 +02:00 [INF] Executing OkObjectResult, writing value of type 'System.Collections.Generic.List`1[[CatalogService.Bll.Dtos.AuthorDto, CatalogService.Bll, Version=1.0.0.0, Culture=neutral, PublicKeyToken=null]]'.
2025-11-25 21:35:17.185 +02:00 [INF] Executing OkObjectResult, writing value of type 'System.Collections.Generic.List`1[[CatalogService.Bll.Dtos.GenreDto, CatalogService.Bll, Version=1.0.0.0, Culture=neutral, PublicKeyToken=null]]'.
2025-11-25 21:35:17.191 +02:00 [INF] Executed action CatalogService.Api.Controllers.AuthorsController.GetAll (CatalogService.Api) in 210.6149ms
2025-11-25 21:35:17.198 +02:00 [INF] Executed action CatalogService.Api.Controllers.GenresController.GetAll (CatalogService.Api) in 209.8765ms
2025-11-25 21:35:17.205 +02:00 [INF] Executed endpoint 'CatalogService.Api.Controllers.AuthorsController.GetAll (CatalogService.Api)'
2025-11-25 21:35:17.212 +02:00 [INF] Executed endpoint 'CatalogService.Api.Controllers.GenresController.GetAll (CatalogService.Api)'
2025-11-25 21:35:17.219 +02:00 [INF] Request finished HTTP/1.1 GET http://localhost:5180/api/authors - 200 null application/json; charset=utf-8 291.702ms
2025-11-25 21:35:17.224 +02:00 [INF] Request finished HTTP/1.1 GET http://localhost:5180/api/genres - 200 null application/json; charset=utf-8 296.9729ms
2025-11-25 21:36:31.638 +02:00 [INF] Now listening on: http://localhost:5180
2025-11-25 21:36:31.789 +02:00 [INF] Application started. Press Ctrl+C to shut down.
2025-11-25 21:36:31.792 +02:00 [INF] Hosting environment: Development
2025-11-25 21:36:31.796 +02:00 [INF] Content root path: C:\Users\Admin\Documents\projects\LibrarySystem\CatalogService\CatalogService.Api
2025-11-25 21:36:34.068 +02:00 [INF] Request starting HTTP/1.1 GET http://localhost:5180/api/genres - null null
2025-11-25 21:36:34.068 +02:00 [INF] Request starting HTTP/1.1 GET http://localhost:5180/api/books - null null
2025-11-25 21:36:34.068 +02:00 [INF] Request starting HTTP/1.1 GET http://localhost:5180/api/authors - null null
2025-11-25 21:36:34.182 +02:00 [INF] Executing endpoint 'CatalogService.Api.Controllers.BooksController.GetPaged (CatalogService.Api)'
2025-11-25 21:36:34.182 +02:00 [INF] Executing endpoint 'CatalogService.Api.Controllers.GenresController.GetAll (CatalogService.Api)'
2025-11-25 21:36:34.182 +02:00 [INF] Executing endpoint 'CatalogService.Api.Controllers.AuthorsController.GetAll (CatalogService.Api)'
2025-11-25 21:36:34.227 +02:00 [INF] Route matched with {action = "GetAll", controller = "Genres"}. Executing controller action with signature System.Threading.Tasks.Task`1[Microsoft.AspNetCore.Mvc.ActionResult`1[System.Collections.Generic.IEnumerable`1[CatalogService.Bll.Dtos.GenreDto]]] GetAll() on controller CatalogService.Api.Controllers.GenresController (CatalogService.Api).
2025-11-25 21:36:34.227 +02:00 [INF] Route matched with {action = "GetAll", controller = "Authors"}. Executing controller action with signature System.Threading.Tasks.Task`1[Microsoft.AspNetCore.Mvc.ActionResult`1[System.Collections.Generic.IEnumerable`1[CatalogService.Bll.Dtos.AuthorDto]]] GetAll() on controller CatalogService.Api.Controllers.AuthorsController (CatalogService.Api).
2025-11-25 21:36:34.253 +02:00 [INF] Route matched with {action = "GetPaged", controller = "Books"}. Executing controller action with signature System.Threading.Tasks.Task`1[Microsoft.AspNetCore.Mvc.ActionResult`1[CatalogService.Bll.Dtos.PagedResult`1[CatalogService.Bll.Dtos.BookDto]]] GetPaged(CatalogService.Bll.Dtos.QueryParameters) on controller CatalogService.Api.Controllers.BooksController (CatalogService.Api).
2025-11-25 21:36:37.361 +02:00 [INF] Executed DbCommand (49ms) [Parameters=[], CommandType='"Text"', CommandTimeout='30']
SELECT g.id, g.name
FROM genres AS g
2025-11-25 21:36:37.361 +02:00 [INF] Executed DbCommand (49ms) [Parameters=[], CommandType='"Text"', CommandTimeout='30']
SELECT a.id, a.name
FROM authors AS a
2025-11-25 21:36:37.381 +02:00 [INF] Executed DbCommand (85ms) [Parameters=[@__p_0='?' (DbType = Int32)], CommandType='"Text"', CommandTimeout='30']
SELECT b0.id, b0.authorid, b0.genreid, b0.title, a.id, a.name, g.id, g.name
FROM (
    SELECT b.id, b.authorid, b.genreid, b.title
    FROM books AS b
    ORDER BY b.title
    LIMIT @__p_0
) AS b0
INNER JOIN authors AS a ON b0.authorid = a.id
INNER JOIN genres AS g ON b0.genreid = g.id
ORDER BY b0.title
2025-11-25 21:36:37.521 +02:00 [INF] Executing OkObjectResult, writing value of type 'System.Collections.Generic.List`1[[CatalogService.Bll.Dtos.GenreDto, CatalogService.Bll, Version=1.0.0.0, Culture=neutral, PublicKeyToken=null]]'.
2025-11-25 21:36:37.521 +02:00 [INF] Executing OkObjectResult, writing value of type 'System.Collections.Generic.List`1[[CatalogService.Bll.Dtos.AuthorDto, CatalogService.Bll, Version=1.0.0.0, Culture=neutral, PublicKeyToken=null]]'.
2025-11-25 21:36:37.575 +02:00 [INF] Executed DbCommand (5ms) [Parameters=[], CommandType='"Text"', CommandTimeout='30']
SELECT count(*)::int
FROM books AS b
2025-11-25 21:36:37.617 +02:00 [INF] Executing OkObjectResult, writing value of type 'CatalogService.Bll.Dtos.PagedResult`1[[CatalogService.Bll.Dtos.BookDto, CatalogService.Bll, Version=1.0.0.0, Culture=neutral, PublicKeyToken=null]]'.
2025-11-25 21:36:37.619 +02:00 [INF] Executed action CatalogService.Api.Controllers.GenresController.GetAll (CatalogService.Api) in 3374.9151ms
2025-11-25 21:36:37.619 +02:00 [INF] Executed action CatalogService.Api.Controllers.AuthorsController.GetAll (CatalogService.Api) in 3366.1602ms
2025-11-25 21:36:37.626 +02:00 [INF] Request starting HTTP/1.1 GET http://localhost:5180/api/authors - null null
2025-11-25 21:36:37.634 +02:00 [INF] Executed action CatalogService.Api.Controllers.BooksController.GetPaged (CatalogService.Api) in 3369.8835ms
2025-11-25 21:36:37.641 +02:00 [INF] Executed endpoint 'CatalogService.Api.Controllers.GenresController.GetAll (CatalogService.Api)'
2025-11-25 21:36:37.644 +02:00 [INF] Executed endpoint 'CatalogService.Api.Controllers.AuthorsController.GetAll (CatalogService.Api)'
2025-11-25 21:36:37.626 +02:00 [INF] Request starting HTTP/1.1 GET http://localhost:5180/api/genres - null null
2025-11-25 21:36:37.652 +02:00 [INF] Request starting HTTP/1.1 GET http://localhost:5180/api/books - null null
2025-11-25 21:36:37.659 +02:00 [INF] Executing endpoint 'CatalogService.Api.Controllers.AuthorsController.GetAll (CatalogService.Api)'
2025-11-25 21:36:37.659 +02:00 [INF] Executed endpoint 'CatalogService.Api.Controllers.BooksController.GetPaged (CatalogService.Api)'
2025-11-25 21:36:37.675 +02:00 [INF] Executing endpoint 'CatalogService.Api.Controllers.GenresController.GetAll (CatalogService.Api)'
2025-11-25 21:36:37.678 +02:00 [INF] Request finished HTTP/1.1 GET http://localhost:5180/api/genres - 200 null application/json; charset=utf-8 3615.7252ms
2025-11-25 21:36:37.678 +02:00 [INF] Request finished HTTP/1.1 GET http://localhost:5180/api/authors - 200 null application/json; charset=utf-8 3615.6845ms
2025-11-25 21:36:37.682 +02:00 [INF] Executing endpoint 'CatalogService.Api.Controllers.BooksController.GetPaged (CatalogService.Api)'
2025-11-25 21:36:37.686 +02:00 [INF] Route matched with {action = "GetAll", controller = "Authors"}. Executing controller action with signature System.Threading.Tasks.Task`1[Microsoft.AspNetCore.Mvc.ActionResult`1[System.Collections.Generic.IEnumerable`1[CatalogService.Bll.Dtos.AuthorDto]]] GetAll() on controller CatalogService.Api.Controllers.AuthorsController (CatalogService.Api).
2025-11-25 21:36:37.690 +02:00 [INF] Request finished HTTP/1.1 GET http://localhost:5180/api/books - 200 null application/json; charset=utf-8 3628.8996ms
2025-11-25 21:36:37.694 +02:00 [INF] Route matched with {action = "GetAll", controller = "Genres"}. Executing controller action with signature System.Threading.Tasks.Task`1[Microsoft.AspNetCore.Mvc.ActionResult`1[System.Collections.Generic.IEnumerable`1[CatalogService.Bll.Dtos.GenreDto]]] GetAll() on controller CatalogService.Api.Controllers.GenresController (CatalogService.Api).
2025-11-25 21:36:37.722 +02:00 [INF] Route matched with {action = "GetPaged", controller = "Books"}. Executing controller action with signature System.Threading.Tasks.Task`1[Microsoft.AspNetCore.Mvc.ActionResult`1[CatalogService.Bll.Dtos.PagedResult`1[CatalogService.Bll.Dtos.BookDto]]] GetPaged(CatalogService.Bll.Dtos.QueryParameters) on controller CatalogService.Api.Controllers.BooksController (CatalogService.Api).
2025-11-25 21:36:37.852 +02:00 [INF] Executed DbCommand (1ms) [Parameters=[], CommandType='"Text"', CommandTimeout='30']
SELECT g.id, g.name
FROM genres AS g
2025-11-25 21:36:37.853 +02:00 [INF] Executed DbCommand (1ms) [Parameters=[], CommandType='"Text"', CommandTimeout='30']
SELECT a.id, a.name
FROM authors AS a
2025-11-25 21:36:37.863 +02:00 [INF] Executing OkObjectResult, writing value of type 'System.Collections.Generic.List`1[[CatalogService.Bll.Dtos.GenreDto, CatalogService.Bll, Version=1.0.0.0, Culture=neutral, PublicKeyToken=null]]'.
2025-11-25 21:36:37.871 +02:00 [INF] Executing OkObjectResult, writing value of type 'System.Collections.Generic.List`1[[CatalogService.Bll.Dtos.AuthorDto, CatalogService.Bll, Version=1.0.0.0, Culture=neutral, PublicKeyToken=null]]'.
2025-11-25 21:36:37.875 +02:00 [INF] Executed action CatalogService.Api.Controllers.GenresController.GetAll (CatalogService.Api) in 128.2067ms
2025-11-25 21:36:37.878 +02:00 [INF] Executed DbCommand (4ms) [Parameters=[@__p_0='?' (DbType = Int32)], CommandType='"Text"', CommandTimeout='30']
SELECT b0.id, b0.authorid, b0.genreid, b0.title, a.id, a.name, g.id, g.name
FROM (
    SELECT b.id, b.authorid, b.genreid, b.title
    FROM books AS b
    ORDER BY b.title
    LIMIT @__p_0
) AS b0
INNER JOIN authors AS a ON b0.authorid = a.id
INNER JOIN genres AS g ON b0.genreid = g.id
ORDER BY b0.title
2025-11-25 21:36:37.879 +02:00 [INF] Executed action CatalogService.Api.Controllers.AuthorsController.GetAll (CatalogService.Api) in 150.947ms
2025-11-25 21:36:37.884 +02:00 [INF] Executed endpoint 'CatalogService.Api.Controllers.GenresController.GetAll (CatalogService.Api)'
2025-11-25 21:36:37.895 +02:00 [INF] Executed DbCommand (1ms) [Parameters=[], CommandType='"Text"', CommandTimeout='30']
SELECT count(*)::int
FROM books AS b
2025-11-25 21:36:37.896 +02:00 [INF] Executed endpoint 'CatalogService.Api.Controllers.AuthorsController.GetAll (CatalogService.Api)'
2025-11-25 21:36:37.900 +02:00 [INF] Request finished HTTP/1.1 GET http://localhost:5180/api/genres - 200 null application/json; charset=utf-8 274.0355ms
2025-11-25 21:36:37.907 +02:00 [INF] Executing OkObjectResult, writing value of type 'CatalogService.Bll.Dtos.PagedResult`1[[CatalogService.Bll.Dtos.BookDto, CatalogService.Bll, Version=1.0.0.0, Culture=neutral, PublicKeyToken=null]]'.
2025-11-25 21:36:37.910 +02:00 [INF] Request finished HTTP/1.1 GET http://localhost:5180/api/authors - 200 null application/json; charset=utf-8 284.3447ms
2025-11-25 21:36:37.926 +02:00 [INF] Executed action CatalogService.Api.Controllers.BooksController.GetPaged (CatalogService.Api) in 171.5246ms
2025-11-25 21:36:37.942 +02:00 [INF] Executed endpoint 'CatalogService.Api.Controllers.BooksController.GetPaged (CatalogService.Api)'
2025-11-25 21:36:37.946 +02:00 [INF] Request finished HTTP/1.1 GET http://localhost:5180/api/books - 200 null application/json; charset=utf-8 293.6371ms
