2025-11-18 17:19:48.022 +02:00 [INF] Now listening on: http://localhost:5180
2025-11-18 17:19:48.105 +02:00 [INF] Application started. Press Ctrl+C to shut down.
2025-11-18 17:19:48.107 +02:00 [INF] Hosting environment: Development
2025-11-18 17:19:48.109 +02:00 [INF] Content root path: C:\Users\Admin\Documents\projects\LibrarySystem\CatalogService\CatalogService.Api
2025-11-18 17:20:29.198 +02:00 [INF] Request starting HTTP/1.1 GET http://localhost:5180/api/authors - null null
2025-11-18 17:20:29.198 +02:00 [INF] Request starting HTTP/1.1 GET http://localhost:5180/api/genres - null null
2025-11-18 17:20:29.198 +02:00 [INF] Request starting HTTP/1.1 GET http://localhost:5180/api/books - null null
2025-11-18 17:20:29.272 +02:00 [INF] Executing endpoint 'CatalogService.Api.Controllers.GenresController.GetAll (CatalogService.Api)'
2025-11-18 17:20:29.272 +02:00 [INF] Executing endpoint 'CatalogService.Api.Controllers.AuthorsController.GetAll (CatalogService.Api)'
2025-11-18 17:20:29.272 +02:00 [INF] Executing endpoint 'CatalogService.Api.Controllers.BooksController.GetAll (CatalogService.Api)'
2025-11-18 17:20:29.300 +02:00 [INF] Route matched with {action = "GetAll", controller = "Authors"}. Executing controller action with signature System.Threading.Tasks.Task`1[Microsoft.AspNetCore.Mvc.IActionResult] GetAll() on controller CatalogService.Api.Controllers.AuthorsController (CatalogService.Api).
2025-11-18 17:20:29.300 +02:00 [INF] Route matched with {action = "GetAll", controller = "Books"}. Executing controller action with signature System.Threading.Tasks.Task`1[Microsoft.AspNetCore.Mvc.IActionResult] GetAll() on controller CatalogService.Api.Controllers.BooksController (CatalogService.Api).
2025-11-18 17:20:29.300 +02:00 [INF] Route matched with {action = "GetAll", controller = "Genres"}. Executing controller action with signature System.Threading.Tasks.Task`1[Microsoft.AspNetCore.Mvc.IActionResult] GetAll() on controller CatalogService.Api.Controllers.GenresController (CatalogService.Api).
2025-11-18 17:20:30.382 +02:00 [WRN] No instantiatable types implementing `IEntityTypeConfiguration` were found while while scanning assembly 'CatalogService.Dal, Version=1.0.0.0, Culture=neutral, PublicKeyToken=null'.
2025-11-18 17:20:31.334 +02:00 [ERR] Failed executing DbCommand (36ms) [Parameters=[], CommandType='"Text"', CommandTimeout='30']
SELECT b."Id", b."AuthorId", b."GenreId", b."Title", a."Id", a."Name", g."Id", g."Name"
FROM "Books" AS b
INNER JOIN "Authors" AS a ON b."AuthorId" = a."Id"
INNER JOIN "Genres" AS g ON b."GenreId" = g."Id"
2025-11-18 17:20:31.334 +02:00 [ERR] Failed executing DbCommand (36ms) [Parameters=[], CommandType='"Text"', CommandTimeout='30']
SELECT a."Id", a."Name"
FROM "Authors" AS a
2025-11-18 17:20:31.334 +02:00 [ERR] Failed executing DbCommand (36ms) [Parameters=[], CommandType='"Text"', CommandTimeout='30']
SELECT g."Id", g."Name"
FROM "Genres" AS g
2025-11-18 17:20:31.378 +02:00 [ERR] An exception occurred while iterating over the results of a query for context type 'CatalogService.Dal.CatalogDbContext'.
Npgsql.PostgresException (0x80004005): 42P01: relation "Authors" does not exist

POSITION: 31
   at Npgsql.Internal.NpgsqlConnector.ReadMessageLong(Boolean async, DataRowLoadingMode dataRowLoadingMode, Boolean readingNotifications, Boolean isReadingPrependedMessage)
   at System.Runtime.CompilerServices.PoolingAsyncValueTaskMethodBuilder`1.StateMachineBox`1.System.Threading.Tasks.Sources.IValueTaskSource<TResult>.GetResult(Int16 token)
   at Npgsql.NpgsqlDataReader.NextResult(Boolean async, Boolean isConsuming, CancellationToken cancellationToken)
   at Npgsql.NpgsqlDataReader.NextResult(Boolean async, Boolean isConsuming, CancellationToken cancellationToken)
   at Npgsql.NpgsqlCommand.ExecuteReader(Boolean async, CommandBehavior behavior, CancellationToken cancellationToken)
   at Npgsql.NpgsqlCommand.ExecuteReader(Boolean async, CommandBehavior behavior, CancellationToken cancellationToken)
   at Npgsql.NpgsqlCommand.ExecuteDbDataReaderAsync(CommandBehavior behavior, CancellationToken cancellationToken)
   at Microsoft.EntityFrameworkCore.Storage.RelationalCommand.ExecuteReaderAsync(RelationalCommandParameterObject parameterObject, CancellationToken cancellationToken)
   at Microsoft.EntityFrameworkCore.Storage.RelationalCommand.ExecuteReaderAsync(RelationalCommandParameterObject parameterObject, CancellationToken cancellationToken)
   at Microsoft.EntityFrameworkCore.Query.Internal.SingleQueryingEnumerable`1.AsyncEnumerator.InitializeReaderAsync(AsyncEnumerator enumerator, CancellationToken cancellationToken)
   at Npgsql.EntityFrameworkCore.PostgreSQL.Storage.Internal.NpgsqlExecutionStrategy.ExecuteAsync[TState,TResult](TState state, Func`4 operation, Func`4 verifySucceeded, CancellationToken cancellationToken)
   at Microsoft.EntityFrameworkCore.Query.Internal.SingleQueryingEnumerable`1.AsyncEnumerator.MoveNextAsync()
  Exception data:
    Severity: ERROR
    SqlState: 42P01
    MessageText: relation "Authors" does not exist
    Position: 31
    File: parse_relation.c
    Line: 1452
    Routine: parserOpenTable
Npgsql.PostgresException (0x80004005): 42P01: relation "Authors" does not exist

POSITION: 31
   at Npgsql.Internal.NpgsqlConnector.ReadMessageLong(Boolean async, DataRowLoadingMode dataRowLoadingMode, Boolean readingNotifications, Boolean isReadingPrependedMessage)
   at System.Runtime.CompilerServices.PoolingAsyncValueTaskMethodBuilder`1.StateMachineBox`1.System.Threading.Tasks.Sources.IValueTaskSource<TResult>.GetResult(Int16 token)
   at Npgsql.NpgsqlDataReader.NextResult(Boolean async, Boolean isConsuming, CancellationToken cancellationToken)
   at Npgsql.NpgsqlDataReader.NextResult(Boolean async, Boolean isConsuming, CancellationToken cancellationToken)
   at Npgsql.NpgsqlCommand.ExecuteReader(Boolean async, CommandBehavior behavior, CancellationToken cancellationToken)
   at Npgsql.NpgsqlCommand.ExecuteReader(Boolean async, CommandBehavior behavior, CancellationToken cancellationToken)
   at Npgsql.NpgsqlCommand.ExecuteDbDataReaderAsync(CommandBehavior behavior, CancellationToken cancellationToken)
   at Microsoft.EntityFrameworkCore.Storage.RelationalCommand.ExecuteReaderAsync(RelationalCommandParameterObject parameterObject, CancellationToken cancellationToken)
   at Microsoft.EntityFrameworkCore.Storage.RelationalCommand.ExecuteReaderAsync(RelationalCommandParameterObject parameterObject, CancellationToken cancellationToken)
   at Microsoft.EntityFrameworkCore.Query.Internal.SingleQueryingEnumerable`1.AsyncEnumerator.InitializeReaderAsync(AsyncEnumerator enumerator, CancellationToken cancellationToken)
   at Npgsql.EntityFrameworkCore.PostgreSQL.Storage.Internal.NpgsqlExecutionStrategy.ExecuteAsync[TState,TResult](TState state, Func`4 operation, Func`4 verifySucceeded, CancellationToken cancellationToken)
   at Microsoft.EntityFrameworkCore.Query.Internal.SingleQueryingEnumerable`1.AsyncEnumerator.MoveNextAsync()
  Exception data:
    Severity: ERROR
    SqlState: 42P01
    MessageText: relation "Authors" does not exist
    Position: 31
    File: parse_relation.c
    Line: 1452
    Routine: parserOpenTable
2025-11-18 17:20:31.378 +02:00 [ERR] An exception occurred while iterating over the results of a query for context type 'CatalogService.Dal.CatalogDbContext'.
Npgsql.PostgresException (0x80004005): 42P01: relation "Books" does not exist

POSITION: 95
   at Npgsql.Internal.NpgsqlConnector.ReadMessageLong(Boolean async, DataRowLoadingMode dataRowLoadingMode, Boolean readingNotifications, Boolean isReadingPrependedMessage)
   at System.Runtime.CompilerServices.PoolingAsyncValueTaskMethodBuilder`1.StateMachineBox`1.System.Threading.Tasks.Sources.IValueTaskSource<TResult>.GetResult(Int16 token)
   at Npgsql.NpgsqlDataReader.NextResult(Boolean async, Boolean isConsuming, CancellationToken cancellationToken)
   at Npgsql.NpgsqlDataReader.NextResult(Boolean async, Boolean isConsuming, CancellationToken cancellationToken)
   at Npgsql.NpgsqlCommand.ExecuteReader(Boolean async, CommandBehavior behavior, CancellationToken cancellationToken)
   at Npgsql.NpgsqlCommand.ExecuteReader(Boolean async, CommandBehavior behavior, CancellationToken cancellationToken)
   at Npgsql.NpgsqlCommand.ExecuteDbDataReaderAsync(CommandBehavior behavior, CancellationToken cancellationToken)
   at Microsoft.EntityFrameworkCore.Storage.RelationalCommand.ExecuteReaderAsync(RelationalCommandParameterObject parameterObject, CancellationToken cancellationToken)
   at Microsoft.EntityFrameworkCore.Storage.RelationalCommand.ExecuteReaderAsync(RelationalCommandParameterObject parameterObject, CancellationToken cancellationToken)
   at Microsoft.EntityFrameworkCore.Query.Internal.SingleQueryingEnumerable`1.AsyncEnumerator.InitializeReaderAsync(AsyncEnumerator enumerator, CancellationToken cancellationToken)
   at Npgsql.EntityFrameworkCore.PostgreSQL.Storage.Internal.NpgsqlExecutionStrategy.ExecuteAsync[TState,TResult](TState state, Func`4 operation, Func`4 verifySucceeded, CancellationToken cancellationToken)
   at Microsoft.EntityFrameworkCore.Query.Internal.SingleQueryingEnumerable`1.AsyncEnumerator.MoveNextAsync()
  Exception data:
    Severity: ERROR
    SqlState: 42P01
    MessageText: relation "Books" does not exist
    Position: 95
    File: parse_relation.c
    Line: 1452
    Routine: parserOpenTable
Npgsql.PostgresException (0x80004005): 42P01: relation "Books" does not exist

POSITION: 95
   at Npgsql.Internal.NpgsqlConnector.ReadMessageLong(Boolean async, DataRowLoadingMode dataRowLoadingMode, Boolean readingNotifications, Boolean isReadingPrependedMessage)
   at System.Runtime.CompilerServices.PoolingAsyncValueTaskMethodBuilder`1.StateMachineBox`1.System.Threading.Tasks.Sources.IValueTaskSource<TResult>.GetResult(Int16 token)
   at Npgsql.NpgsqlDataReader.NextResult(Boolean async, Boolean isConsuming, CancellationToken cancellationToken)
   at Npgsql.NpgsqlDataReader.NextResult(Boolean async, Boolean isConsuming, CancellationToken cancellationToken)
   at Npgsql.NpgsqlCommand.ExecuteReader(Boolean async, CommandBehavior behavior, CancellationToken cancellationToken)
   at Npgsql.NpgsqlCommand.ExecuteReader(Boolean async, CommandBehavior behavior, CancellationToken cancellationToken)
   at Npgsql.NpgsqlCommand.ExecuteDbDataReaderAsync(CommandBehavior behavior, CancellationToken cancellationToken)
   at Microsoft.EntityFrameworkCore.Storage.RelationalCommand.ExecuteReaderAsync(RelationalCommandParameterObject parameterObject, CancellationToken cancellationToken)
   at Microsoft.EntityFrameworkCore.Storage.RelationalCommand.ExecuteReaderAsync(RelationalCommandParameterObject parameterObject, CancellationToken cancellationToken)
   at Microsoft.EntityFrameworkCore.Query.Internal.SingleQueryingEnumerable`1.AsyncEnumerator.InitializeReaderAsync(AsyncEnumerator enumerator, CancellationToken cancellationToken)
   at Npgsql.EntityFrameworkCore.PostgreSQL.Storage.Internal.NpgsqlExecutionStrategy.ExecuteAsync[TState,TResult](TState state, Func`4 operation, Func`4 verifySucceeded, CancellationToken cancellationToken)
   at Microsoft.EntityFrameworkCore.Query.Internal.SingleQueryingEnumerable`1.AsyncEnumerator.MoveNextAsync()
  Exception data:
    Severity: ERROR
    SqlState: 42P01
    MessageText: relation "Books" does not exist
    Position: 95
    File: parse_relation.c
    Line: 1452
    Routine: parserOpenTable
2025-11-18 17:20:31.378 +02:00 [ERR] An exception occurred while iterating over the results of a query for context type 'CatalogService.Dal.CatalogDbContext'.
Npgsql.PostgresException (0x80004005): 42P01: relation "Genres" does not exist

POSITION: 31
   at Npgsql.Internal.NpgsqlConnector.ReadMessageLong(Boolean async, DataRowLoadingMode dataRowLoadingMode, Boolean readingNotifications, Boolean isReadingPrependedMessage)
   at System.Runtime.CompilerServices.PoolingAsyncValueTaskMethodBuilder`1.StateMachineBox`1.System.Threading.Tasks.Sources.IValueTaskSource<TResult>.GetResult(Int16 token)
   at Npgsql.NpgsqlDataReader.NextResult(Boolean async, Boolean isConsuming, CancellationToken cancellationToken)
   at Npgsql.NpgsqlDataReader.NextResult(Boolean async, Boolean isConsuming, CancellationToken cancellationToken)
   at Npgsql.NpgsqlCommand.ExecuteReader(Boolean async, CommandBehavior behavior, CancellationToken cancellationToken)
   at Npgsql.NpgsqlCommand.ExecuteReader(Boolean async, CommandBehavior behavior, CancellationToken cancellationToken)
   at Npgsql.NpgsqlCommand.ExecuteDbDataReaderAsync(CommandBehavior behavior, CancellationToken cancellationToken)
   at Microsoft.EntityFrameworkCore.Storage.RelationalCommand.ExecuteReaderAsync(RelationalCommandParameterObject parameterObject, CancellationToken cancellationToken)
   at Microsoft.EntityFrameworkCore.Storage.RelationalCommand.ExecuteReaderAsync(RelationalCommandParameterObject parameterObject, CancellationToken cancellationToken)
   at Microsoft.EntityFrameworkCore.Query.Internal.SingleQueryingEnumerable`1.AsyncEnumerator.InitializeReaderAsync(AsyncEnumerator enumerator, CancellationToken cancellationToken)
   at Npgsql.EntityFrameworkCore.PostgreSQL.Storage.Internal.NpgsqlExecutionStrategy.ExecuteAsync[TState,TResult](TState state, Func`4 operation, Func`4 verifySucceeded, CancellationToken cancellationToken)
   at Microsoft.EntityFrameworkCore.Query.Internal.SingleQueryingEnumerable`1.AsyncEnumerator.MoveNextAsync()
  Exception data:
    Severity: ERROR
    SqlState: 42P01
    MessageText: relation "Genres" does not exist
    Position: 31
    File: parse_relation.c
    Line: 1452
    Routine: parserOpenTable
Npgsql.PostgresException (0x80004005): 42P01: relation "Genres" does not exist

POSITION: 31
   at Npgsql.Internal.NpgsqlConnector.ReadMessageLong(Boolean async, DataRowLoadingMode dataRowLoadingMode, Boolean readingNotifications, Boolean isReadingPrependedMessage)
   at System.Runtime.CompilerServices.PoolingAsyncValueTaskMethodBuilder`1.StateMachineBox`1.System.Threading.Tasks.Sources.IValueTaskSource<TResult>.GetResult(Int16 token)
   at Npgsql.NpgsqlDataReader.NextResult(Boolean async, Boolean isConsuming, CancellationToken cancellationToken)
   at Npgsql.NpgsqlDataReader.NextResult(Boolean async, Boolean isConsuming, CancellationToken cancellationToken)
   at Npgsql.NpgsqlCommand.ExecuteReader(Boolean async, CommandBehavior behavior, CancellationToken cancellationToken)
   at Npgsql.NpgsqlCommand.ExecuteReader(Boolean async, CommandBehavior behavior, CancellationToken cancellationToken)
   at Npgsql.NpgsqlCommand.ExecuteDbDataReaderAsync(CommandBehavior behavior, CancellationToken cancellationToken)
   at Microsoft.EntityFrameworkCore.Storage.RelationalCommand.ExecuteReaderAsync(RelationalCommandParameterObject parameterObject, CancellationToken cancellationToken)
   at Microsoft.EntityFrameworkCore.Storage.RelationalCommand.ExecuteReaderAsync(RelationalCommandParameterObject parameterObject, CancellationToken cancellationToken)
   at Microsoft.EntityFrameworkCore.Query.Internal.SingleQueryingEnumerable`1.AsyncEnumerator.InitializeReaderAsync(AsyncEnumerator enumerator, CancellationToken cancellationToken)
   at Npgsql.EntityFrameworkCore.PostgreSQL.Storage.Internal.NpgsqlExecutionStrategy.ExecuteAsync[TState,TResult](TState state, Func`4 operation, Func`4 verifySucceeded, CancellationToken cancellationToken)
   at Microsoft.EntityFrameworkCore.Query.Internal.SingleQueryingEnumerable`1.AsyncEnumerator.MoveNextAsync()
  Exception data:
    Severity: ERROR
    SqlState: 42P01
    MessageText: relation "Genres" does not exist
    Position: 31
    File: parse_relation.c
    Line: 1452
    Routine: parserOpenTable
2025-11-18 17:20:31.409 +02:00 [INF] Executed action CatalogService.Api.Controllers.AuthorsController.GetAll (CatalogService.Api) in 2097.1524ms
2025-11-18 17:20:31.414 +02:00 [INF] Executed action CatalogService.Api.Controllers.BooksController.GetAll (CatalogService.Api) in 2101.5584ms
2025-11-18 17:20:31.426 +02:00 [INF] Executed action CatalogService.Api.Controllers.GenresController.GetAll (CatalogService.Api) in 2108.7578ms
2025-11-18 17:20:31.430 +02:00 [INF] Executed endpoint 'CatalogService.Api.Controllers.AuthorsController.GetAll (CatalogService.Api)'
2025-11-18 17:20:31.433 +02:00 [INF] Executed endpoint 'CatalogService.Api.Controllers.BooksController.GetAll (CatalogService.Api)'
2025-11-18 17:20:31.435 +02:00 [INF] Executed endpoint 'CatalogService.Api.Controllers.GenresController.GetAll (CatalogService.Api)'
2025-11-18 17:20:31.473 +02:00 [ERR] An unhandled exception has occurred while executing the request.
Npgsql.PostgresException (0x80004005): 42P01: relation "Genres" does not exist

POSITION: 31
   at Npgsql.Internal.NpgsqlConnector.ReadMessageLong(Boolean async, DataRowLoadingMode dataRowLoadingMode, Boolean readingNotifications, Boolean isReadingPrependedMessage)
   at System.Runtime.CompilerServices.PoolingAsyncValueTaskMethodBuilder`1.StateMachineBox`1.System.Threading.Tasks.Sources.IValueTaskSource<TResult>.GetResult(Int16 token)
   at Npgsql.NpgsqlDataReader.NextResult(Boolean async, Boolean isConsuming, CancellationToken cancellationToken)
   at Npgsql.NpgsqlDataReader.NextResult(Boolean async, Boolean isConsuming, CancellationToken cancellationToken)
   at Npgsql.NpgsqlCommand.ExecuteReader(Boolean async, CommandBehavior behavior, CancellationToken cancellationToken)
   at Npgsql.NpgsqlCommand.ExecuteReader(Boolean async, CommandBehavior behavior, CancellationToken cancellationToken)
   at Npgsql.NpgsqlCommand.ExecuteDbDataReaderAsync(CommandBehavior behavior, CancellationToken cancellationToken)
   at Microsoft.EntityFrameworkCore.Storage.RelationalCommand.ExecuteReaderAsync(RelationalCommandParameterObject parameterObject, CancellationToken cancellationToken)
   at Microsoft.EntityFrameworkCore.Storage.RelationalCommand.ExecuteReaderAsync(RelationalCommandParameterObject parameterObject, CancellationToken cancellationToken)
   at Microsoft.EntityFrameworkCore.Query.Internal.SingleQueryingEnumerable`1.AsyncEnumerator.InitializeReaderAsync(AsyncEnumerator enumerator, CancellationToken cancellationToken)
   at Npgsql.EntityFrameworkCore.PostgreSQL.Storage.Internal.NpgsqlExecutionStrategy.ExecuteAsync[TState,TResult](TState state, Func`4 operation, Func`4 verifySucceeded, CancellationToken cancellationToken)
   at Microsoft.EntityFrameworkCore.Query.Internal.SingleQueryingEnumerable`1.AsyncEnumerator.MoveNextAsync()
   at Microsoft.EntityFrameworkCore.EntityFrameworkQueryableExtensions.ToListAsync[TSource](IQueryable`1 source, CancellationToken cancellationToken)
   at Microsoft.EntityFrameworkCore.EntityFrameworkQueryableExtensions.ToListAsync[TSource](IQueryable`1 source, CancellationToken cancellationToken)
   at CatalogService.Dal.Repositories.GenericRepository`1.GetAllAsync() in C:\Users\Admin\Documents\projects\LibrarySystem\CatalogService\CatalogService.Dal\Repositories\GenericRepository.cs:line 10
   at CatalogService.Bll.Services.GenreService.GetAllAsync() in C:\Users\Admin\Documents\projects\LibrarySystem\CatalogService\CatalogService.Bll\Services\GenreService.cs:line 21
   at CatalogService.Api.Controllers.GenresController.GetAll() in C:\Users\Admin\Documents\projects\LibrarySystem\CatalogService\CatalogService.Api\Controllers\GenresController.cs:line 16
   at Microsoft.AspNetCore.Mvc.Infrastructure.ActionMethodExecutor.TaskOfIActionResultExecutor.Execute(ActionContext actionContext, IActionResultTypeMapper mapper, ObjectMethodExecutor executor, Object controller, Object[] arguments)
   at Microsoft.AspNetCore.Mvc.Infrastructure.ControllerActionInvoker.<InvokeActionMethodAsync>g__Awaited|12_0(ControllerActionInvoker invoker, ValueTask`1 actionResultValueTask)
   at Microsoft.AspNetCore.Mvc.Infrastructure.ControllerActionInvoker.<InvokeNextActionFilterAsync>g__Awaited|10_0(ControllerActionInvoker invoker, Task lastTask, State next, Scope scope, Object state, Boolean isCompleted)
   at Microsoft.AspNetCore.Mvc.Infrastructure.ControllerActionInvoker.Rethrow(ActionExecutedContextSealed context)
   at Microsoft.AspNetCore.Mvc.Infrastructure.ControllerActionInvoker.Next(State& next, Scope& scope, Object& state, Boolean& isCompleted)
   at Microsoft.AspNetCore.Mvc.Infrastructure.ControllerActionInvoker.<InvokeInnerFilterAsync>g__Awaited|13_0(ControllerActionInvoker invoker, Task lastTask, State next, Scope scope, Object state, Boolean isCompleted)
   at Microsoft.AspNetCore.Mvc.Infrastructure.ResourceInvoker.<InvokeFilterPipelineAsync>g__Awaited|20_0(ResourceInvoker invoker, Task lastTask, State next, Scope scope, Object state, Boolean isCompleted)
   at Microsoft.AspNetCore.Mvc.Infrastructure.ResourceInvoker.<InvokeAsync>g__Logged|17_1(ResourceInvoker invoker)
   at Microsoft.AspNetCore.Mvc.Infrastructure.ResourceInvoker.<InvokeAsync>g__Logged|17_1(ResourceInvoker invoker)
   at Microsoft.AspNetCore.Routing.EndpointMiddleware.<Invoke>g__AwaitRequestTask|7_0(Endpoint endpoint, Task requestTask, ILogger logger)
   at Swashbuckle.AspNetCore.SwaggerUI.SwaggerUIMiddleware.Invoke(HttpContext httpContext)
   at Swashbuckle.AspNetCore.Swagger.SwaggerMiddleware.Invoke(HttpContext httpContext, ISwaggerProvider swaggerProvider)
   at Hellang.Middleware.ProblemDetails.ProblemDetailsMiddleware.Invoke(HttpContext context)
  Exception data:
    Severity: ERROR
    SqlState: 42P01
    MessageText: relation "Genres" does not exist
    Position: 31
    File: parse_relation.c
    Line: 1452
    Routine: parserOpenTable
2025-11-18 17:20:31.473 +02:00 [ERR] An unhandled exception has occurred while executing the request.
Npgsql.PostgresException (0x80004005): 42P01: relation "Authors" does not exist

POSITION: 31
   at Npgsql.Internal.NpgsqlConnector.ReadMessageLong(Boolean async, DataRowLoadingMode dataRowLoadingMode, Boolean readingNotifications, Boolean isReadingPrependedMessage)
   at System.Runtime.CompilerServices.PoolingAsyncValueTaskMethodBuilder`1.StateMachineBox`1.System.Threading.Tasks.Sources.IValueTaskSource<TResult>.GetResult(Int16 token)
   at Npgsql.NpgsqlDataReader.NextResult(Boolean async, Boolean isConsuming, CancellationToken cancellationToken)
   at Npgsql.NpgsqlDataReader.NextResult(Boolean async, Boolean isConsuming, CancellationToken cancellationToken)
   at Npgsql.NpgsqlCommand.ExecuteReader(Boolean async, CommandBehavior behavior, CancellationToken cancellationToken)
   at Npgsql.NpgsqlCommand.ExecuteReader(Boolean async, CommandBehavior behavior, CancellationToken cancellationToken)
   at Npgsql.NpgsqlCommand.ExecuteDbDataReaderAsync(CommandBehavior behavior, CancellationToken cancellationToken)
   at Microsoft.EntityFrameworkCore.Storage.RelationalCommand.ExecuteReaderAsync(RelationalCommandParameterObject parameterObject, CancellationToken cancellationToken)
   at Microsoft.EntityFrameworkCore.Storage.RelationalCommand.ExecuteReaderAsync(RelationalCommandParameterObject parameterObject, CancellationToken cancellationToken)
   at Microsoft.EntityFrameworkCore.Query.Internal.SingleQueryingEnumerable`1.AsyncEnumerator.InitializeReaderAsync(AsyncEnumerator enumerator, CancellationToken cancellationToken)
   at Npgsql.EntityFrameworkCore.PostgreSQL.Storage.Internal.NpgsqlExecutionStrategy.ExecuteAsync[TState,TResult](TState state, Func`4 operation, Func`4 verifySucceeded, CancellationToken cancellationToken)
   at Microsoft.EntityFrameworkCore.Query.Internal.SingleQueryingEnumerable`1.AsyncEnumerator.MoveNextAsync()
   at Microsoft.EntityFrameworkCore.EntityFrameworkQueryableExtensions.ToListAsync[TSource](IQueryable`1 source, CancellationToken cancellationToken)
   at Microsoft.EntityFrameworkCore.EntityFrameworkQueryableExtensions.ToListAsync[TSource](IQueryable`1 source, CancellationToken cancellationToken)
   at CatalogService.Dal.Repositories.GenericRepository`1.GetAllAsync() in C:\Users\Admin\Documents\projects\LibrarySystem\CatalogService\CatalogService.Dal\Repositories\GenericRepository.cs:line 10
   at CatalogService.Bll.Services.AuthorService.GetAllAsync() in C:\Users\Admin\Documents\projects\LibrarySystem\CatalogService\CatalogService.Bll\Services\AuthorService.cs:line 21
   at CatalogService.Api.Controllers.AuthorsController.GetAll() in C:\Users\Admin\Documents\projects\LibrarySystem\CatalogService\CatalogService.Api\Controllers\AuthorsController.cs:line 16
   at Microsoft.AspNetCore.Mvc.Infrastructure.ActionMethodExecutor.TaskOfIActionResultExecutor.Execute(ActionContext actionContext, IActionResultTypeMapper mapper, ObjectMethodExecutor executor, Object controller, Object[] arguments)
   at Microsoft.AspNetCore.Mvc.Infrastructure.ControllerActionInvoker.<InvokeActionMethodAsync>g__Awaited|12_0(ControllerActionInvoker invoker, ValueTask`1 actionResultValueTask)
   at Microsoft.AspNetCore.Mvc.Infrastructure.ControllerActionInvoker.<InvokeNextActionFilterAsync>g__Awaited|10_0(ControllerActionInvoker invoker, Task lastTask, State next, Scope scope, Object state, Boolean isCompleted)
   at Microsoft.AspNetCore.Mvc.Infrastructure.ControllerActionInvoker.Rethrow(ActionExecutedContextSealed context)
   at Microsoft.AspNetCore.Mvc.Infrastructure.ControllerActionInvoker.Next(State& next, Scope& scope, Object& state, Boolean& isCompleted)
   at Microsoft.AspNetCore.Mvc.Infrastructure.ControllerActionInvoker.<InvokeInnerFilterAsync>g__Awaited|13_0(ControllerActionInvoker invoker, Task lastTask, State next, Scope scope, Object state, Boolean isCompleted)
   at Microsoft.AspNetCore.Mvc.Infrastructure.ResourceInvoker.<InvokeFilterPipelineAsync>g__Awaited|20_0(ResourceInvoker invoker, Task lastTask, State next, Scope scope, Object state, Boolean isCompleted)
   at Microsoft.AspNetCore.Mvc.Infrastructure.ResourceInvoker.<InvokeAsync>g__Logged|17_1(ResourceInvoker invoker)
   at Microsoft.AspNetCore.Mvc.Infrastructure.ResourceInvoker.<InvokeAsync>g__Logged|17_1(ResourceInvoker invoker)
   at Microsoft.AspNetCore.Routing.EndpointMiddleware.<Invoke>g__AwaitRequestTask|7_0(Endpoint endpoint, Task requestTask, ILogger logger)
   at Swashbuckle.AspNetCore.SwaggerUI.SwaggerUIMiddleware.Invoke(HttpContext httpContext)
   at Swashbuckle.AspNetCore.Swagger.SwaggerMiddleware.Invoke(HttpContext httpContext, ISwaggerProvider swaggerProvider)
   at Hellang.Middleware.ProblemDetails.ProblemDetailsMiddleware.Invoke(HttpContext context)
  Exception data:
    Severity: ERROR
    SqlState: 42P01
    MessageText: relation "Authors" does not exist
    Position: 31
    File: parse_relation.c
    Line: 1452
    Routine: parserOpenTable
2025-11-18 17:20:31.473 +02:00 [ERR] An unhandled exception has occurred while executing the request.
Npgsql.PostgresException (0x80004005): 42P01: relation "Books" does not exist

POSITION: 95
   at Npgsql.Internal.NpgsqlConnector.ReadMessageLong(Boolean async, DataRowLoadingMode dataRowLoadingMode, Boolean readingNotifications, Boolean isReadingPrependedMessage)
   at System.Runtime.CompilerServices.PoolingAsyncValueTaskMethodBuilder`1.StateMachineBox`1.System.Threading.Tasks.Sources.IValueTaskSource<TResult>.GetResult(Int16 token)
   at Npgsql.NpgsqlDataReader.NextResult(Boolean async, Boolean isConsuming, CancellationToken cancellationToken)
   at Npgsql.NpgsqlDataReader.NextResult(Boolean async, Boolean isConsuming, CancellationToken cancellationToken)
   at Npgsql.NpgsqlCommand.ExecuteReader(Boolean async, CommandBehavior behavior, CancellationToken cancellationToken)
   at Npgsql.NpgsqlCommand.ExecuteReader(Boolean async, CommandBehavior behavior, CancellationToken cancellationToken)
   at Npgsql.NpgsqlCommand.ExecuteDbDataReaderAsync(CommandBehavior behavior, CancellationToken cancellationToken)
   at Microsoft.EntityFrameworkCore.Storage.RelationalCommand.ExecuteReaderAsync(RelationalCommandParameterObject parameterObject, CancellationToken cancellationToken)
   at Microsoft.EntityFrameworkCore.Storage.RelationalCommand.ExecuteReaderAsync(RelationalCommandParameterObject parameterObject, CancellationToken cancellationToken)
   at Microsoft.EntityFrameworkCore.Query.Internal.SingleQueryingEnumerable`1.AsyncEnumerator.InitializeReaderAsync(AsyncEnumerator enumerator, CancellationToken cancellationToken)
   at Npgsql.EntityFrameworkCore.PostgreSQL.Storage.Internal.NpgsqlExecutionStrategy.ExecuteAsync[TState,TResult](TState state, Func`4 operation, Func`4 verifySucceeded, CancellationToken cancellationToken)
   at Microsoft.EntityFrameworkCore.Query.Internal.SingleQueryingEnumerable`1.AsyncEnumerator.MoveNextAsync()
   at Microsoft.EntityFrameworkCore.EntityFrameworkQueryableExtensions.ToListAsync[TSource](IQueryable`1 source, CancellationToken cancellationToken)
   at Microsoft.EntityFrameworkCore.EntityFrameworkQueryableExtensions.ToListAsync[TSource](IQueryable`1 source, CancellationToken cancellationToken)
   at CatalogService.Bll.Services.BookService.GetAllAsync() in C:\Users\Admin\Documents\projects\LibrarySystem\CatalogService\CatalogService.Bll\Services\BookService.cs:line 24
   at CatalogService.Api.Controllers.BooksController.GetAll() in C:\Users\Admin\Documents\projects\LibrarySystem\CatalogService\CatalogService.Api\Controllers\BooksController.cs:line 16
   at Microsoft.AspNetCore.Mvc.Infrastructure.ActionMethodExecutor.TaskOfIActionResultExecutor.Execute(ActionContext actionContext, IActionResultTypeMapper mapper, ObjectMethodExecutor executor, Object controller, Object[] arguments)
   at Microsoft.AspNetCore.Mvc.Infrastructure.ControllerActionInvoker.<InvokeActionMethodAsync>g__Awaited|12_0(ControllerActionInvoker invoker, ValueTask`1 actionResultValueTask)
   at Microsoft.AspNetCore.Mvc.Infrastructure.ControllerActionInvoker.<InvokeNextActionFilterAsync>g__Awaited|10_0(ControllerActionInvoker invoker, Task lastTask, State next, Scope scope, Object state, Boolean isCompleted)
   at Microsoft.AspNetCore.Mvc.Infrastructure.ControllerActionInvoker.Rethrow(ActionExecutedContextSealed context)
   at Microsoft.AspNetCore.Mvc.Infrastructure.ControllerActionInvoker.Next(State& next, Scope& scope, Object& state, Boolean& isCompleted)
   at Microsoft.AspNetCore.Mvc.Infrastructure.ControllerActionInvoker.<InvokeInnerFilterAsync>g__Awaited|13_0(ControllerActionInvoker invoker, Task lastTask, State next, Scope scope, Object state, Boolean isCompleted)
   at Microsoft.AspNetCore.Mvc.Infrastructure.ResourceInvoker.<InvokeFilterPipelineAsync>g__Awaited|20_0(ResourceInvoker invoker, Task lastTask, State next, Scope scope, Object state, Boolean isCompleted)
   at Microsoft.AspNetCore.Mvc.Infrastructure.ResourceInvoker.<InvokeAsync>g__Logged|17_1(ResourceInvoker invoker)
   at Microsoft.AspNetCore.Mvc.Infrastructure.ResourceInvoker.<InvokeAsync>g__Logged|17_1(ResourceInvoker invoker)
   at Microsoft.AspNetCore.Routing.EndpointMiddleware.<Invoke>g__AwaitRequestTask|7_0(Endpoint endpoint, Task requestTask, ILogger logger)
   at Swashbuckle.AspNetCore.SwaggerUI.SwaggerUIMiddleware.Invoke(HttpContext httpContext)
   at Swashbuckle.AspNetCore.Swagger.SwaggerMiddleware.Invoke(HttpContext httpContext, ISwaggerProvider swaggerProvider)
   at Hellang.Middleware.ProblemDetails.ProblemDetailsMiddleware.Invoke(HttpContext context)
  Exception data:
    Severity: ERROR
    SqlState: 42P01
    MessageText: relation "Books" does not exist
    Position: 95
    File: parse_relation.c
    Line: 1452
    Routine: parserOpenTable
2025-11-18 17:20:31.499 +02:00 [INF] Executing ObjectResult, writing value of type 'Microsoft.AspNetCore.Mvc.ProblemDetails'.
2025-11-18 17:20:31.510 +02:00 [INF] Executing ObjectResult, writing value of type 'Microsoft.AspNetCore.Mvc.ProblemDetails'.
2025-11-18 17:20:31.527 +02:00 [INF] Executing ObjectResult, writing value of type 'Microsoft.AspNetCore.Mvc.ProblemDetails'.
2025-11-18 17:20:31.602 +02:00 [INF] Request finished HTTP/1.1 GET http://localhost:5180/api/authors - 500 null application/problem+json; charset=utf-8 2406.7173ms
2025-11-18 17:20:31.602 +02:00 [INF] Request finished HTTP/1.1 GET http://localhost:5180/api/genres - 500 null application/problem+json; charset=utf-8 2406.7717ms
2025-11-18 17:20:31.602 +02:00 [INF] Request finished HTTP/1.1 GET http://localhost:5180/api/books - 500 null application/problem+json; charset=utf-8 2406.7662ms
2025-11-18 17:20:31.603 +02:00 [INF] Request starting HTTP/1.1 GET http://localhost:5180/api/authors - null null
2025-11-18 17:20:31.603 +02:00 [INF] Request starting HTTP/1.1 GET http://localhost:5180/api/genres - null null
2025-11-18 17:20:31.603 +02:00 [INF] Request starting HTTP/1.1 GET http://localhost:5180/api/books - null null
2025-11-18 17:20:31.628 +02:00 [INF] Executing endpoint 'CatalogService.Api.Controllers.AuthorsController.GetAll (CatalogService.Api)'
2025-11-18 17:20:31.630 +02:00 [INF] Executing endpoint 'CatalogService.Api.Controllers.GenresController.GetAll (CatalogService.Api)'
2025-11-18 17:20:31.635 +02:00 [INF] Executing endpoint 'CatalogService.Api.Controllers.BooksController.GetAll (CatalogService.Api)'
2025-11-18 17:20:31.637 +02:00 [INF] Route matched with {action = "GetAll", controller = "Authors"}. Executing controller action with signature System.Threading.Tasks.Task`1[Microsoft.AspNetCore.Mvc.IActionResult] GetAll() on controller CatalogService.Api.Controllers.AuthorsController (CatalogService.Api).
2025-11-18 17:20:31.639 +02:00 [INF] Route matched with {action = "GetAll", controller = "Genres"}. Executing controller action with signature System.Threading.Tasks.Task`1[Microsoft.AspNetCore.Mvc.IActionResult] GetAll() on controller CatalogService.Api.Controllers.GenresController (CatalogService.Api).
2025-11-18 17:20:31.641 +02:00 [INF] Route matched with {action = "GetAll", controller = "Books"}. Executing controller action with signature System.Threading.Tasks.Task`1[Microsoft.AspNetCore.Mvc.IActionResult] GetAll() on controller CatalogService.Api.Controllers.BooksController (CatalogService.Api).
2025-11-18 17:20:31.718 +02:00 [ERR] Failed executing DbCommand (1ms) [Parameters=[], CommandType='"Text"', CommandTimeout='30']
SELECT a."Id", a."Name"
FROM "Authors" AS a
2025-11-18 17:20:31.718 +02:00 [ERR] Failed executing DbCommand (1ms) [Parameters=[], CommandType='"Text"', CommandTimeout='30']
SELECT g."Id", g."Name"
FROM "Genres" AS g
2025-11-18 17:20:31.719 +02:00 [ERR] Failed executing DbCommand (1ms) [Parameters=[], CommandType='"Text"', CommandTimeout='30']
SELECT b."Id", b."AuthorId", b."GenreId", b."Title", a."Id", a."Name", g."Id", g."Name"
FROM "Books" AS b
INNER JOIN "Authors" AS a ON b."AuthorId" = a."Id"
INNER JOIN "Genres" AS g ON b."GenreId" = g."Id"
2025-11-18 17:20:31.726 +02:00 [ERR] An exception occurred while iterating over the results of a query for context type 'CatalogService.Dal.CatalogDbContext'.
Npgsql.PostgresException (0x80004005): 42P01: relation "Authors" does not exist

POSITION: 31
   at Npgsql.Internal.NpgsqlConnector.ReadMessageLong(Boolean async, DataRowLoadingMode dataRowLoadingMode, Boolean readingNotifications, Boolean isReadingPrependedMessage)
   at System.Runtime.CompilerServices.PoolingAsyncValueTaskMethodBuilder`1.StateMachineBox`1.System.Threading.Tasks.Sources.IValueTaskSource<TResult>.GetResult(Int16 token)
   at Npgsql.NpgsqlDataReader.NextResult(Boolean async, Boolean isConsuming, CancellationToken cancellationToken)
   at Npgsql.NpgsqlDataReader.NextResult(Boolean async, Boolean isConsuming, CancellationToken cancellationToken)
   at Npgsql.NpgsqlCommand.ExecuteReader(Boolean async, CommandBehavior behavior, CancellationToken cancellationToken)
   at Npgsql.NpgsqlCommand.ExecuteReader(Boolean async, CommandBehavior behavior, CancellationToken cancellationToken)
   at Npgsql.NpgsqlCommand.ExecuteDbDataReaderAsync(CommandBehavior behavior, CancellationToken cancellationToken)
   at Microsoft.EntityFrameworkCore.Storage.RelationalCommand.ExecuteReaderAsync(RelationalCommandParameterObject parameterObject, CancellationToken cancellationToken)
   at Microsoft.EntityFrameworkCore.Storage.RelationalCommand.ExecuteReaderAsync(RelationalCommandParameterObject parameterObject, CancellationToken cancellationToken)
   at Microsoft.EntityFrameworkCore.Query.Internal.SingleQueryingEnumerable`1.AsyncEnumerator.InitializeReaderAsync(AsyncEnumerator enumerator, CancellationToken cancellationToken)
   at Npgsql.EntityFrameworkCore.PostgreSQL.Storage.Internal.NpgsqlExecutionStrategy.ExecuteAsync[TState,TResult](TState state, Func`4 operation, Func`4 verifySucceeded, CancellationToken cancellationToken)
   at Microsoft.EntityFrameworkCore.Query.Internal.SingleQueryingEnumerable`1.AsyncEnumerator.MoveNextAsync()
  Exception data:
    Severity: ERROR
    SqlState: 42P01
    MessageText: relation "Authors" does not exist
    Position: 31
    File: parse_relation.c
    Line: 1452
    Routine: parserOpenTable
Npgsql.PostgresException (0x80004005): 42P01: relation "Authors" does not exist

POSITION: 31
   at Npgsql.Internal.NpgsqlConnector.ReadMessageLong(Boolean async, DataRowLoadingMode dataRowLoadingMode, Boolean readingNotifications, Boolean isReadingPrependedMessage)
   at System.Runtime.CompilerServices.PoolingAsyncValueTaskMethodBuilder`1.StateMachineBox`1.System.Threading.Tasks.Sources.IValueTaskSource<TResult>.GetResult(Int16 token)
   at Npgsql.NpgsqlDataReader.NextResult(Boolean async, Boolean isConsuming, CancellationToken cancellationToken)
   at Npgsql.NpgsqlDataReader.NextResult(Boolean async, Boolean isConsuming, CancellationToken cancellationToken)
   at Npgsql.NpgsqlCommand.ExecuteReader(Boolean async, CommandBehavior behavior, CancellationToken cancellationToken)
   at Npgsql.NpgsqlCommand.ExecuteReader(Boolean async, CommandBehavior behavior, CancellationToken cancellationToken)
   at Npgsql.NpgsqlCommand.ExecuteDbDataReaderAsync(CommandBehavior behavior, CancellationToken cancellationToken)
   at Microsoft.EntityFrameworkCore.Storage.RelationalCommand.ExecuteReaderAsync(RelationalCommandParameterObject parameterObject, CancellationToken cancellationToken)
   at Microsoft.EntityFrameworkCore.Storage.RelationalCommand.ExecuteReaderAsync(RelationalCommandParameterObject parameterObject, CancellationToken cancellationToken)
   at Microsoft.EntityFrameworkCore.Query.Internal.SingleQueryingEnumerable`1.AsyncEnumerator.InitializeReaderAsync(AsyncEnumerator enumerator, CancellationToken cancellationToken)
   at Npgsql.EntityFrameworkCore.PostgreSQL.Storage.Internal.NpgsqlExecutionStrategy.ExecuteAsync[TState,TResult](TState state, Func`4 operation, Func`4 verifySucceeded, CancellationToken cancellationToken)
   at Microsoft.EntityFrameworkCore.Query.Internal.SingleQueryingEnumerable`1.AsyncEnumerator.MoveNextAsync()
  Exception data:
    Severity: ERROR
    SqlState: 42P01
    MessageText: relation "Authors" does not exist
    Position: 31
    File: parse_relation.c
    Line: 1452
    Routine: parserOpenTable
2025-11-18 17:20:31.730 +02:00 [ERR] An exception occurred while iterating over the results of a query for context type 'CatalogService.Dal.CatalogDbContext'.
Npgsql.PostgresException (0x80004005): 42P01: relation "Genres" does not exist

POSITION: 31
   at Npgsql.Internal.NpgsqlConnector.ReadMessageLong(Boolean async, DataRowLoadingMode dataRowLoadingMode, Boolean readingNotifications, Boolean isReadingPrependedMessage)
   at System.Runtime.CompilerServices.PoolingAsyncValueTaskMethodBuilder`1.StateMachineBox`1.System.Threading.Tasks.Sources.IValueTaskSource<TResult>.GetResult(Int16 token)
   at Npgsql.NpgsqlDataReader.NextResult(Boolean async, Boolean isConsuming, CancellationToken cancellationToken)
   at Npgsql.NpgsqlDataReader.NextResult(Boolean async, Boolean isConsuming, CancellationToken cancellationToken)
   at Npgsql.NpgsqlCommand.ExecuteReader(Boolean async, CommandBehavior behavior, CancellationToken cancellationToken)
   at Npgsql.NpgsqlCommand.ExecuteReader(Boolean async, CommandBehavior behavior, CancellationToken cancellationToken)
   at Npgsql.NpgsqlCommand.ExecuteDbDataReaderAsync(CommandBehavior behavior, CancellationToken cancellationToken)
   at Microsoft.EntityFrameworkCore.Storage.RelationalCommand.ExecuteReaderAsync(RelationalCommandParameterObject parameterObject, CancellationToken cancellationToken)
   at Microsoft.EntityFrameworkCore.Storage.RelationalCommand.ExecuteReaderAsync(RelationalCommandParameterObject parameterObject, CancellationToken cancellationToken)
   at Microsoft.EntityFrameworkCore.Query.Internal.SingleQueryingEnumerable`1.AsyncEnumerator.InitializeReaderAsync(AsyncEnumerator enumerator, CancellationToken cancellationToken)
   at Npgsql.EntityFrameworkCore.PostgreSQL.Storage.Internal.NpgsqlExecutionStrategy.ExecuteAsync[TState,TResult](TState state, Func`4 operation, Func`4 verifySucceeded, CancellationToken cancellationToken)
   at Microsoft.EntityFrameworkCore.Query.Internal.SingleQueryingEnumerable`1.AsyncEnumerator.MoveNextAsync()
  Exception data:
    Severity: ERROR
    SqlState: 42P01
    MessageText: relation "Genres" does not exist
    Position: 31
    File: parse_relation.c
    Line: 1452
    Routine: parserOpenTable
Npgsql.PostgresException (0x80004005): 42P01: relation "Genres" does not exist

POSITION: 31
   at Npgsql.Internal.NpgsqlConnector.ReadMessageLong(Boolean async, DataRowLoadingMode dataRowLoadingMode, Boolean readingNotifications, Boolean isReadingPrependedMessage)
   at System.Runtime.CompilerServices.PoolingAsyncValueTaskMethodBuilder`1.StateMachineBox`1.System.Threading.Tasks.Sources.IValueTaskSource<TResult>.GetResult(Int16 token)
   at Npgsql.NpgsqlDataReader.NextResult(Boolean async, Boolean isConsuming, CancellationToken cancellationToken)
   at Npgsql.NpgsqlDataReader.NextResult(Boolean async, Boolean isConsuming, CancellationToken cancellationToken)
   at Npgsql.NpgsqlCommand.ExecuteReader(Boolean async, CommandBehavior behavior, CancellationToken cancellationToken)
   at Npgsql.NpgsqlCommand.ExecuteReader(Boolean async, CommandBehavior behavior, CancellationToken cancellationToken)
   at Npgsql.NpgsqlCommand.ExecuteDbDataReaderAsync(CommandBehavior behavior, CancellationToken cancellationToken)
   at Microsoft.EntityFrameworkCore.Storage.RelationalCommand.ExecuteReaderAsync(RelationalCommandParameterObject parameterObject, CancellationToken cancellationToken)
   at Microsoft.EntityFrameworkCore.Storage.RelationalCommand.ExecuteReaderAsync(RelationalCommandParameterObject parameterObject, CancellationToken cancellationToken)
   at Microsoft.EntityFrameworkCore.Query.Internal.SingleQueryingEnumerable`1.AsyncEnumerator.InitializeReaderAsync(AsyncEnumerator enumerator, CancellationToken cancellationToken)
   at Npgsql.EntityFrameworkCore.PostgreSQL.Storage.Internal.NpgsqlExecutionStrategy.ExecuteAsync[TState,TResult](TState state, Func`4 operation, Func`4 verifySucceeded, CancellationToken cancellationToken)
   at Microsoft.EntityFrameworkCore.Query.Internal.SingleQueryingEnumerable`1.AsyncEnumerator.MoveNextAsync()
  Exception data:
    Severity: ERROR
    SqlState: 42P01
    MessageText: relation "Genres" does not exist
    Position: 31
    File: parse_relation.c
    Line: 1452
    Routine: parserOpenTable
2025-11-18 17:20:31.733 +02:00 [ERR] An exception occurred while iterating over the results of a query for context type 'CatalogService.Dal.CatalogDbContext'.
Npgsql.PostgresException (0x80004005): 42P01: relation "Books" does not exist

POSITION: 95
   at Npgsql.Internal.NpgsqlConnector.ReadMessageLong(Boolean async, DataRowLoadingMode dataRowLoadingMode, Boolean readingNotifications, Boolean isReadingPrependedMessage)
   at System.Runtime.CompilerServices.PoolingAsyncValueTaskMethodBuilder`1.StateMachineBox`1.System.Threading.Tasks.Sources.IValueTaskSource<TResult>.GetResult(Int16 token)
   at Npgsql.NpgsqlDataReader.NextResult(Boolean async, Boolean isConsuming, CancellationToken cancellationToken)
   at Npgsql.NpgsqlDataReader.NextResult(Boolean async, Boolean isConsuming, CancellationToken cancellationToken)
   at Npgsql.NpgsqlCommand.ExecuteReader(Boolean async, CommandBehavior behavior, CancellationToken cancellationToken)
   at Npgsql.NpgsqlCommand.ExecuteReader(Boolean async, CommandBehavior behavior, CancellationToken cancellationToken)
   at Npgsql.NpgsqlCommand.ExecuteDbDataReaderAsync(CommandBehavior behavior, CancellationToken cancellationToken)
   at Microsoft.EntityFrameworkCore.Storage.RelationalCommand.ExecuteReaderAsync(RelationalCommandParameterObject parameterObject, CancellationToken cancellationToken)
   at Microsoft.EntityFrameworkCore.Storage.RelationalCommand.ExecuteReaderAsync(RelationalCommandParameterObject parameterObject, CancellationToken cancellationToken)
   at Microsoft.EntityFrameworkCore.Query.Internal.SingleQueryingEnumerable`1.AsyncEnumerator.InitializeReaderAsync(AsyncEnumerator enumerator, CancellationToken cancellationToken)
   at Npgsql.EntityFrameworkCore.PostgreSQL.Storage.Internal.NpgsqlExecutionStrategy.ExecuteAsync[TState,TResult](TState state, Func`4 operation, Func`4 verifySucceeded, CancellationToken cancellationToken)
   at Microsoft.EntityFrameworkCore.Query.Internal.SingleQueryingEnumerable`1.AsyncEnumerator.MoveNextAsync()
  Exception data:
    Severity: ERROR
    SqlState: 42P01
    MessageText: relation "Books" does not exist
    Position: 95
    File: parse_relation.c
    Line: 1452
    Routine: parserOpenTable
Npgsql.PostgresException (0x80004005): 42P01: relation "Books" does not exist

POSITION: 95
   at Npgsql.Internal.NpgsqlConnector.ReadMessageLong(Boolean async, DataRowLoadingMode dataRowLoadingMode, Boolean readingNotifications, Boolean isReadingPrependedMessage)
   at System.Runtime.CompilerServices.PoolingAsyncValueTaskMethodBuilder`1.StateMachineBox`1.System.Threading.Tasks.Sources.IValueTaskSource<TResult>.GetResult(Int16 token)
   at Npgsql.NpgsqlDataReader.NextResult(Boolean async, Boolean isConsuming, CancellationToken cancellationToken)
   at Npgsql.NpgsqlDataReader.NextResult(Boolean async, Boolean isConsuming, CancellationToken cancellationToken)
   at Npgsql.NpgsqlCommand.ExecuteReader(Boolean async, CommandBehavior behavior, CancellationToken cancellationToken)
   at Npgsql.NpgsqlCommand.ExecuteReader(Boolean async, CommandBehavior behavior, CancellationToken cancellationToken)
   at Npgsql.NpgsqlCommand.ExecuteDbDataReaderAsync(CommandBehavior behavior, CancellationToken cancellationToken)
   at Microsoft.EntityFrameworkCore.Storage.RelationalCommand.ExecuteReaderAsync(RelationalCommandParameterObject parameterObject, CancellationToken cancellationToken)
   at Microsoft.EntityFrameworkCore.Storage.RelationalCommand.ExecuteReaderAsync(RelationalCommandParameterObject parameterObject, CancellationToken cancellationToken)
   at Microsoft.EntityFrameworkCore.Query.Internal.SingleQueryingEnumerable`1.AsyncEnumerator.InitializeReaderAsync(AsyncEnumerator enumerator, CancellationToken cancellationToken)
   at Npgsql.EntityFrameworkCore.PostgreSQL.Storage.Internal.NpgsqlExecutionStrategy.ExecuteAsync[TState,TResult](TState state, Func`4 operation, Func`4 verifySucceeded, CancellationToken cancellationToken)
   at Microsoft.EntityFrameworkCore.Query.Internal.SingleQueryingEnumerable`1.AsyncEnumerator.MoveNextAsync()
  Exception data:
    Severity: ERROR
    SqlState: 42P01
    MessageText: relation "Books" does not exist
    Position: 95
    File: parse_relation.c
    Line: 1452
    Routine: parserOpenTable
2025-11-18 17:20:31.744 +02:00 [INF] Executed action CatalogService.Api.Controllers.AuthorsController.GetAll (CatalogService.Api) in 99.5445ms
2025-11-18 17:20:31.755 +02:00 [INF] Executed action CatalogService.Api.Controllers.GenresController.GetAll (CatalogService.Api) in 108.1156ms
2025-11-18 17:20:31.767 +02:00 [INF] Executed action CatalogService.Api.Controllers.BooksController.GetAll (CatalogService.Api) in 118.3345ms
2025-11-18 17:20:31.768 +02:00 [INF] Executed endpoint 'CatalogService.Api.Controllers.AuthorsController.GetAll (CatalogService.Api)'
2025-11-18 17:20:31.770 +02:00 [INF] Executed endpoint 'CatalogService.Api.Controllers.GenresController.GetAll (CatalogService.Api)'
2025-11-18 17:20:31.773 +02:00 [INF] Executed endpoint 'CatalogService.Api.Controllers.BooksController.GetAll (CatalogService.Api)'
2025-11-18 17:20:31.783 +02:00 [ERR] An unhandled exception has occurred while executing the request.
Npgsql.PostgresException (0x80004005): 42P01: relation "Authors" does not exist

POSITION: 31
   at Npgsql.Internal.NpgsqlConnector.ReadMessageLong(Boolean async, DataRowLoadingMode dataRowLoadingMode, Boolean readingNotifications, Boolean isReadingPrependedMessage)
   at System.Runtime.CompilerServices.PoolingAsyncValueTaskMethodBuilder`1.StateMachineBox`1.System.Threading.Tasks.Sources.IValueTaskSource<TResult>.GetResult(Int16 token)
   at Npgsql.NpgsqlDataReader.NextResult(Boolean async, Boolean isConsuming, CancellationToken cancellationToken)
   at Npgsql.NpgsqlDataReader.NextResult(Boolean async, Boolean isConsuming, CancellationToken cancellationToken)
   at Npgsql.NpgsqlCommand.ExecuteReader(Boolean async, CommandBehavior behavior, CancellationToken cancellationToken)
   at Npgsql.NpgsqlCommand.ExecuteReader(Boolean async, CommandBehavior behavior, CancellationToken cancellationToken)
   at Npgsql.NpgsqlCommand.ExecuteDbDataReaderAsync(CommandBehavior behavior, CancellationToken cancellationToken)
   at Microsoft.EntityFrameworkCore.Storage.RelationalCommand.ExecuteReaderAsync(RelationalCommandParameterObject parameterObject, CancellationToken cancellationToken)
   at Microsoft.EntityFrameworkCore.Storage.RelationalCommand.ExecuteReaderAsync(RelationalCommandParameterObject parameterObject, CancellationToken cancellationToken)
   at Microsoft.EntityFrameworkCore.Query.Internal.SingleQueryingEnumerable`1.AsyncEnumerator.InitializeReaderAsync(AsyncEnumerator enumerator, CancellationToken cancellationToken)
   at Npgsql.EntityFrameworkCore.PostgreSQL.Storage.Internal.NpgsqlExecutionStrategy.ExecuteAsync[TState,TResult](TState state, Func`4 operation, Func`4 verifySucceeded, CancellationToken cancellationToken)
   at Microsoft.EntityFrameworkCore.Query.Internal.SingleQueryingEnumerable`1.AsyncEnumerator.MoveNextAsync()
   at Microsoft.EntityFrameworkCore.EntityFrameworkQueryableExtensions.ToListAsync[TSource](IQueryable`1 source, CancellationToken cancellationToken)
   at Microsoft.EntityFrameworkCore.EntityFrameworkQueryableExtensions.ToListAsync[TSource](IQueryable`1 source, CancellationToken cancellationToken)
   at CatalogService.Dal.Repositories.GenericRepository`1.GetAllAsync() in C:\Users\Admin\Documents\projects\LibrarySystem\CatalogService\CatalogService.Dal\Repositories\GenericRepository.cs:line 10
   at CatalogService.Bll.Services.AuthorService.GetAllAsync() in C:\Users\Admin\Documents\projects\LibrarySystem\CatalogService\CatalogService.Bll\Services\AuthorService.cs:line 21
   at CatalogService.Api.Controllers.AuthorsController.GetAll() in C:\Users\Admin\Documents\projects\LibrarySystem\CatalogService\CatalogService.Api\Controllers\AuthorsController.cs:line 16
   at Microsoft.AspNetCore.Mvc.Infrastructure.ActionMethodExecutor.TaskOfIActionResultExecutor.Execute(ActionContext actionContext, IActionResultTypeMapper mapper, ObjectMethodExecutor executor, Object controller, Object[] arguments)
   at Microsoft.AspNetCore.Mvc.Infrastructure.ControllerActionInvoker.<InvokeActionMethodAsync>g__Awaited|12_0(ControllerActionInvoker invoker, ValueTask`1 actionResultValueTask)
   at Microsoft.AspNetCore.Mvc.Infrastructure.ControllerActionInvoker.<InvokeNextActionFilterAsync>g__Awaited|10_0(ControllerActionInvoker invoker, Task lastTask, State next, Scope scope, Object state, Boolean isCompleted)
   at Microsoft.AspNetCore.Mvc.Infrastructure.ControllerActionInvoker.Rethrow(ActionExecutedContextSealed context)
   at Microsoft.AspNetCore.Mvc.Infrastructure.ControllerActionInvoker.Next(State& next, Scope& scope, Object& state, Boolean& isCompleted)
   at Microsoft.AspNetCore.Mvc.Infrastructure.ControllerActionInvoker.<InvokeInnerFilterAsync>g__Awaited|13_0(ControllerActionInvoker invoker, Task lastTask, State next, Scope scope, Object state, Boolean isCompleted)
   at Microsoft.AspNetCore.Mvc.Infrastructure.ResourceInvoker.<InvokeFilterPipelineAsync>g__Awaited|20_0(ResourceInvoker invoker, Task lastTask, State next, Scope scope, Object state, Boolean isCompleted)
   at Microsoft.AspNetCore.Mvc.Infrastructure.ResourceInvoker.<InvokeAsync>g__Logged|17_1(ResourceInvoker invoker)
   at Microsoft.AspNetCore.Mvc.Infrastructure.ResourceInvoker.<InvokeAsync>g__Logged|17_1(ResourceInvoker invoker)
   at Microsoft.AspNetCore.Routing.EndpointMiddleware.<Invoke>g__AwaitRequestTask|7_0(Endpoint endpoint, Task requestTask, ILogger logger)
   at Swashbuckle.AspNetCore.SwaggerUI.SwaggerUIMiddleware.Invoke(HttpContext httpContext)
   at Swashbuckle.AspNetCore.Swagger.SwaggerMiddleware.Invoke(HttpContext httpContext, ISwaggerProvider swaggerProvider)
   at Hellang.Middleware.ProblemDetails.ProblemDetailsMiddleware.Invoke(HttpContext context)
  Exception data:
    Severity: ERROR
    SqlState: 42P01
    MessageText: relation "Authors" does not exist
    Position: 31
    File: parse_relation.c
    Line: 1452
    Routine: parserOpenTable
2025-11-18 17:20:31.784 +02:00 [ERR] An unhandled exception has occurred while executing the request.
Npgsql.PostgresException (0x80004005): 42P01: relation "Genres" does not exist

POSITION: 31
   at Npgsql.Internal.NpgsqlConnector.ReadMessageLong(Boolean async, DataRowLoadingMode dataRowLoadingMode, Boolean readingNotifications, Boolean isReadingPrependedMessage)
   at System.Runtime.CompilerServices.PoolingAsyncValueTaskMethodBuilder`1.StateMachineBox`1.System.Threading.Tasks.Sources.IValueTaskSource<TResult>.GetResult(Int16 token)
   at Npgsql.NpgsqlDataReader.NextResult(Boolean async, Boolean isConsuming, CancellationToken cancellationToken)
   at Npgsql.NpgsqlDataReader.NextResult(Boolean async, Boolean isConsuming, CancellationToken cancellationToken)
   at Npgsql.NpgsqlCommand.ExecuteReader(Boolean async, CommandBehavior behavior, CancellationToken cancellationToken)
   at Npgsql.NpgsqlCommand.ExecuteReader(Boolean async, CommandBehavior behavior, CancellationToken cancellationToken)
   at Npgsql.NpgsqlCommand.ExecuteDbDataReaderAsync(CommandBehavior behavior, CancellationToken cancellationToken)
   at Microsoft.EntityFrameworkCore.Storage.RelationalCommand.ExecuteReaderAsync(RelationalCommandParameterObject parameterObject, CancellationToken cancellationToken)
   at Microsoft.EntityFrameworkCore.Storage.RelationalCommand.ExecuteReaderAsync(RelationalCommandParameterObject parameterObject, CancellationToken cancellationToken)
   at Microsoft.EntityFrameworkCore.Query.Internal.SingleQueryingEnumerable`1.AsyncEnumerator.InitializeReaderAsync(AsyncEnumerator enumerator, CancellationToken cancellationToken)
   at Npgsql.EntityFrameworkCore.PostgreSQL.Storage.Internal.NpgsqlExecutionStrategy.ExecuteAsync[TState,TResult](TState state, Func`4 operation, Func`4 verifySucceeded, CancellationToken cancellationToken)
   at Microsoft.EntityFrameworkCore.Query.Internal.SingleQueryingEnumerable`1.AsyncEnumerator.MoveNextAsync()
   at Microsoft.EntityFrameworkCore.EntityFrameworkQueryableExtensions.ToListAsync[TSource](IQueryable`1 source, CancellationToken cancellationToken)
   at Microsoft.EntityFrameworkCore.EntityFrameworkQueryableExtensions.ToListAsync[TSource](IQueryable`1 source, CancellationToken cancellationToken)
   at CatalogService.Dal.Repositories.GenericRepository`1.GetAllAsync() in C:\Users\Admin\Documents\projects\LibrarySystem\CatalogService\CatalogService.Dal\Repositories\GenericRepository.cs:line 10
   at CatalogService.Bll.Services.GenreService.GetAllAsync() in C:\Users\Admin\Documents\projects\LibrarySystem\CatalogService\CatalogService.Bll\Services\GenreService.cs:line 21
   at CatalogService.Api.Controllers.GenresController.GetAll() in C:\Users\Admin\Documents\projects\LibrarySystem\CatalogService\CatalogService.Api\Controllers\GenresController.cs:line 16
   at Microsoft.AspNetCore.Mvc.Infrastructure.ActionMethodExecutor.TaskOfIActionResultExecutor.Execute(ActionContext actionContext, IActionResultTypeMapper mapper, ObjectMethodExecutor executor, Object controller, Object[] arguments)
   at Microsoft.AspNetCore.Mvc.Infrastructure.ControllerActionInvoker.<InvokeActionMethodAsync>g__Awaited|12_0(ControllerActionInvoker invoker, ValueTask`1 actionResultValueTask)
   at Microsoft.AspNetCore.Mvc.Infrastructure.ControllerActionInvoker.<InvokeNextActionFilterAsync>g__Awaited|10_0(ControllerActionInvoker invoker, Task lastTask, State next, Scope scope, Object state, Boolean isCompleted)
   at Microsoft.AspNetCore.Mvc.Infrastructure.ControllerActionInvoker.Rethrow(ActionExecutedContextSealed context)
   at Microsoft.AspNetCore.Mvc.Infrastructure.ControllerActionInvoker.Next(State& next, Scope& scope, Object& state, Boolean& isCompleted)
   at Microsoft.AspNetCore.Mvc.Infrastructure.ControllerActionInvoker.<InvokeInnerFilterAsync>g__Awaited|13_0(ControllerActionInvoker invoker, Task lastTask, State next, Scope scope, Object state, Boolean isCompleted)
   at Microsoft.AspNetCore.Mvc.Infrastructure.ResourceInvoker.<InvokeFilterPipelineAsync>g__Awaited|20_0(ResourceInvoker invoker, Task lastTask, State next, Scope scope, Object state, Boolean isCompleted)
   at Microsoft.AspNetCore.Mvc.Infrastructure.ResourceInvoker.<InvokeAsync>g__Logged|17_1(ResourceInvoker invoker)
   at Microsoft.AspNetCore.Mvc.Infrastructure.ResourceInvoker.<InvokeAsync>g__Logged|17_1(ResourceInvoker invoker)
   at Microsoft.AspNetCore.Routing.EndpointMiddleware.<Invoke>g__AwaitRequestTask|7_0(Endpoint endpoint, Task requestTask, ILogger logger)
   at Swashbuckle.AspNetCore.SwaggerUI.SwaggerUIMiddleware.Invoke(HttpContext httpContext)
   at Swashbuckle.AspNetCore.Swagger.SwaggerMiddleware.Invoke(HttpContext httpContext, ISwaggerProvider swaggerProvider)
   at Hellang.Middleware.ProblemDetails.ProblemDetailsMiddleware.Invoke(HttpContext context)
  Exception data:
    Severity: ERROR
    SqlState: 42P01
    MessageText: relation "Genres" does not exist
    Position: 31
    File: parse_relation.c
    Line: 1452
    Routine: parserOpenTable
2025-11-18 17:20:31.784 +02:00 [ERR] An unhandled exception has occurred while executing the request.
Npgsql.PostgresException (0x80004005): 42P01: relation "Books" does not exist

POSITION: 95
   at Npgsql.Internal.NpgsqlConnector.ReadMessageLong(Boolean async, DataRowLoadingMode dataRowLoadingMode, Boolean readingNotifications, Boolean isReadingPrependedMessage)
   at System.Runtime.CompilerServices.PoolingAsyncValueTaskMethodBuilder`1.StateMachineBox`1.System.Threading.Tasks.Sources.IValueTaskSource<TResult>.GetResult(Int16 token)
   at Npgsql.NpgsqlDataReader.NextResult(Boolean async, Boolean isConsuming, CancellationToken cancellationToken)
   at Npgsql.NpgsqlDataReader.NextResult(Boolean async, Boolean isConsuming, CancellationToken cancellationToken)
   at Npgsql.NpgsqlCommand.ExecuteReader(Boolean async, CommandBehavior behavior, CancellationToken cancellationToken)
   at Npgsql.NpgsqlCommand.ExecuteReader(Boolean async, CommandBehavior behavior, CancellationToken cancellationToken)
   at Npgsql.NpgsqlCommand.ExecuteDbDataReaderAsync(CommandBehavior behavior, CancellationToken cancellationToken)
   at Microsoft.EntityFrameworkCore.Storage.RelationalCommand.ExecuteReaderAsync(RelationalCommandParameterObject parameterObject, CancellationToken cancellationToken)
   at Microsoft.EntityFrameworkCore.Storage.RelationalCommand.ExecuteReaderAsync(RelationalCommandParameterObject parameterObject, CancellationToken cancellationToken)
   at Microsoft.EntityFrameworkCore.Query.Internal.SingleQueryingEnumerable`1.AsyncEnumerator.InitializeReaderAsync(AsyncEnumerator enumerator, CancellationToken cancellationToken)
   at Npgsql.EntityFrameworkCore.PostgreSQL.Storage.Internal.NpgsqlExecutionStrategy.ExecuteAsync[TState,TResult](TState state, Func`4 operation, Func`4 verifySucceeded, CancellationToken cancellationToken)
   at Microsoft.EntityFrameworkCore.Query.Internal.SingleQueryingEnumerable`1.AsyncEnumerator.MoveNextAsync()
   at Microsoft.EntityFrameworkCore.EntityFrameworkQueryableExtensions.ToListAsync[TSource](IQueryable`1 source, CancellationToken cancellationToken)
   at Microsoft.EntityFrameworkCore.EntityFrameworkQueryableExtensions.ToListAsync[TSource](IQueryable`1 source, CancellationToken cancellationToken)
   at CatalogService.Bll.Services.BookService.GetAllAsync() in C:\Users\Admin\Documents\projects\LibrarySystem\CatalogService\CatalogService.Bll\Services\BookService.cs:line 24
   at CatalogService.Api.Controllers.BooksController.GetAll() in C:\Users\Admin\Documents\projects\LibrarySystem\CatalogService\CatalogService.Api\Controllers\BooksController.cs:line 16
   at Microsoft.AspNetCore.Mvc.Infrastructure.ActionMethodExecutor.TaskOfIActionResultExecutor.Execute(ActionContext actionContext, IActionResultTypeMapper mapper, ObjectMethodExecutor executor, Object controller, Object[] arguments)
   at Microsoft.AspNetCore.Mvc.Infrastructure.ControllerActionInvoker.<InvokeActionMethodAsync>g__Awaited|12_0(ControllerActionInvoker invoker, ValueTask`1 actionResultValueTask)
   at Microsoft.AspNetCore.Mvc.Infrastructure.ControllerActionInvoker.<InvokeNextActionFilterAsync>g__Awaited|10_0(ControllerActionInvoker invoker, Task lastTask, State next, Scope scope, Object state, Boolean isCompleted)
   at Microsoft.AspNetCore.Mvc.Infrastructure.ControllerActionInvoker.Rethrow(ActionExecutedContextSealed context)
   at Microsoft.AspNetCore.Mvc.Infrastructure.ControllerActionInvoker.Next(State& next, Scope& scope, Object& state, Boolean& isCompleted)
   at Microsoft.AspNetCore.Mvc.Infrastructure.ControllerActionInvoker.<InvokeInnerFilterAsync>g__Awaited|13_0(ControllerActionInvoker invoker, Task lastTask, State next, Scope scope, Object state, Boolean isCompleted)
   at Microsoft.AspNetCore.Mvc.Infrastructure.ResourceInvoker.<InvokeFilterPipelineAsync>g__Awaited|20_0(ResourceInvoker invoker, Task lastTask, State next, Scope scope, Object state, Boolean isCompleted)
   at Microsoft.AspNetCore.Mvc.Infrastructure.ResourceInvoker.<InvokeAsync>g__Logged|17_1(ResourceInvoker invoker)
   at Microsoft.AspNetCore.Mvc.Infrastructure.ResourceInvoker.<InvokeAsync>g__Logged|17_1(ResourceInvoker invoker)
   at Microsoft.AspNetCore.Routing.EndpointMiddleware.<Invoke>g__AwaitRequestTask|7_0(Endpoint endpoint, Task requestTask, ILogger logger)
   at Swashbuckle.AspNetCore.SwaggerUI.SwaggerUIMiddleware.Invoke(HttpContext httpContext)
   at Swashbuckle.AspNetCore.Swagger.SwaggerMiddleware.Invoke(HttpContext httpContext, ISwaggerProvider swaggerProvider)
   at Hellang.Middleware.ProblemDetails.ProblemDetailsMiddleware.Invoke(HttpContext context)
  Exception data:
    Severity: ERROR
    SqlState: 42P01
    MessageText: relation "Books" does not exist
    Position: 95
    File: parse_relation.c
    Line: 1452
    Routine: parserOpenTable
2025-11-18 17:20:31.807 +02:00 [INF] Executing ObjectResult, writing value of type 'Microsoft.AspNetCore.Mvc.ProblemDetails'.
2025-11-18 17:20:31.824 +02:00 [INF] Executing ObjectResult, writing value of type 'Microsoft.AspNetCore.Mvc.ProblemDetails'.
2025-11-18 17:20:31.842 +02:00 [INF] Executing ObjectResult, writing value of type 'Microsoft.AspNetCore.Mvc.ProblemDetails'.
2025-11-18 17:20:31.843 +02:00 [INF] Request finished HTTP/1.1 GET http://localhost:5180/api/authors - 500 null application/problem+json; charset=utf-8 239.7453ms
2025-11-18 17:20:31.845 +02:00 [INF] Request finished HTTP/1.1 GET http://localhost:5180/api/genres - 500 null application/problem+json; charset=utf-8 241.6549ms
2025-11-18 17:20:31.847 +02:00 [INF] Request finished HTTP/1.1 GET http://localhost:5180/api/books - 500 null application/problem+json; charset=utf-8 244.2025ms
2025-11-18 17:30:13.152 +02:00 [INF] Request starting HTTP/1.1 GET http://localhost:5180/api/books - null null
2025-11-18 17:30:13.156 +02:00 [INF] Request starting HTTP/1.1 GET http://localhost:5180/api/authors - null null
2025-11-18 17:30:13.157 +02:00 [INF] Request starting HTTP/1.1 GET http://localhost:5180/api/genres - null null
2025-11-18 17:30:13.163 +02:00 [INF] Executing endpoint 'CatalogService.Api.Controllers.BooksController.GetAll (CatalogService.Api)'
2025-11-18 17:30:13.168 +02:00 [INF] Executing endpoint 'CatalogService.Api.Controllers.AuthorsController.GetAll (CatalogService.Api)'
2025-11-18 17:30:13.172 +02:00 [INF] Executing endpoint 'CatalogService.Api.Controllers.GenresController.GetAll (CatalogService.Api)'
2025-11-18 17:30:13.174 +02:00 [INF] Route matched with {action = "GetAll", controller = "Books"}. Executing controller action with signature System.Threading.Tasks.Task`1[Microsoft.AspNetCore.Mvc.IActionResult] GetAll() on controller CatalogService.Api.Controllers.BooksController (CatalogService.Api).
2025-11-18 17:30:13.177 +02:00 [INF] Route matched with {action = "GetAll", controller = "Authors"}. Executing controller action with signature System.Threading.Tasks.Task`1[Microsoft.AspNetCore.Mvc.IActionResult] GetAll() on controller CatalogService.Api.Controllers.AuthorsController (CatalogService.Api).
2025-11-18 17:30:13.180 +02:00 [INF] Route matched with {action = "GetAll", controller = "Genres"}. Executing controller action with signature System.Threading.Tasks.Task`1[Microsoft.AspNetCore.Mvc.IActionResult] GetAll() on controller CatalogService.Api.Controllers.GenresController (CatalogService.Api).
2025-11-18 17:30:13.262 +02:00 [ERR] Failed executing DbCommand (1ms) [Parameters=[], CommandType='"Text"', CommandTimeout='30']
SELECT a."Id", a."Name"
FROM "Authors" AS a
2025-11-18 17:30:13.268 +02:00 [ERR] An exception occurred while iterating over the results of a query for context type 'CatalogService.Dal.CatalogDbContext'.
Npgsql.PostgresException (0x80004005): 42P01: relation "Authors" does not exist

POSITION: 31
   at Npgsql.Internal.NpgsqlConnector.ReadMessageLong(Boolean async, DataRowLoadingMode dataRowLoadingMode, Boolean readingNotifications, Boolean isReadingPrependedMessage)
   at System.Runtime.CompilerServices.PoolingAsyncValueTaskMethodBuilder`1.StateMachineBox`1.System.Threading.Tasks.Sources.IValueTaskSource<TResult>.GetResult(Int16 token)
   at Npgsql.NpgsqlDataReader.NextResult(Boolean async, Boolean isConsuming, CancellationToken cancellationToken)
   at Npgsql.NpgsqlDataReader.NextResult(Boolean async, Boolean isConsuming, CancellationToken cancellationToken)
   at Npgsql.NpgsqlCommand.ExecuteReader(Boolean async, CommandBehavior behavior, CancellationToken cancellationToken)
   at Npgsql.NpgsqlCommand.ExecuteReader(Boolean async, CommandBehavior behavior, CancellationToken cancellationToken)
   at Npgsql.NpgsqlCommand.ExecuteDbDataReaderAsync(CommandBehavior behavior, CancellationToken cancellationToken)
   at Microsoft.EntityFrameworkCore.Storage.RelationalCommand.ExecuteReaderAsync(RelationalCommandParameterObject parameterObject, CancellationToken cancellationToken)
   at Microsoft.EntityFrameworkCore.Storage.RelationalCommand.ExecuteReaderAsync(RelationalCommandParameterObject parameterObject, CancellationToken cancellationToken)
   at Microsoft.EntityFrameworkCore.Query.Internal.SingleQueryingEnumerable`1.AsyncEnumerator.InitializeReaderAsync(AsyncEnumerator enumerator, CancellationToken cancellationToken)
   at Npgsql.EntityFrameworkCore.PostgreSQL.Storage.Internal.NpgsqlExecutionStrategy.ExecuteAsync[TState,TResult](TState state, Func`4 operation, Func`4 verifySucceeded, CancellationToken cancellationToken)
   at Microsoft.EntityFrameworkCore.Query.Internal.SingleQueryingEnumerable`1.AsyncEnumerator.MoveNextAsync()
  Exception data:
    Severity: ERROR
    SqlState: 42P01
    MessageText: relation "Authors" does not exist
    Position: 31
    File: parse_relation.c
    Line: 1452
    Routine: parserOpenTable
Npgsql.PostgresException (0x80004005): 42P01: relation "Authors" does not exist

POSITION: 31
   at Npgsql.Internal.NpgsqlConnector.ReadMessageLong(Boolean async, DataRowLoadingMode dataRowLoadingMode, Boolean readingNotifications, Boolean isReadingPrependedMessage)
   at System.Runtime.CompilerServices.PoolingAsyncValueTaskMethodBuilder`1.StateMachineBox`1.System.Threading.Tasks.Sources.IValueTaskSource<TResult>.GetResult(Int16 token)
   at Npgsql.NpgsqlDataReader.NextResult(Boolean async, Boolean isConsuming, CancellationToken cancellationToken)
   at Npgsql.NpgsqlDataReader.NextResult(Boolean async, Boolean isConsuming, CancellationToken cancellationToken)
   at Npgsql.NpgsqlCommand.ExecuteReader(Boolean async, CommandBehavior behavior, CancellationToken cancellationToken)
   at Npgsql.NpgsqlCommand.ExecuteReader(Boolean async, CommandBehavior behavior, CancellationToken cancellationToken)
   at Npgsql.NpgsqlCommand.ExecuteDbDataReaderAsync(CommandBehavior behavior, CancellationToken cancellationToken)
   at Microsoft.EntityFrameworkCore.Storage.RelationalCommand.ExecuteReaderAsync(RelationalCommandParameterObject parameterObject, CancellationToken cancellationToken)
   at Microsoft.EntityFrameworkCore.Storage.RelationalCommand.ExecuteReaderAsync(RelationalCommandParameterObject parameterObject, CancellationToken cancellationToken)
   at Microsoft.EntityFrameworkCore.Query.Internal.SingleQueryingEnumerable`1.AsyncEnumerator.InitializeReaderAsync(AsyncEnumerator enumerator, CancellationToken cancellationToken)
   at Npgsql.EntityFrameworkCore.PostgreSQL.Storage.Internal.NpgsqlExecutionStrategy.ExecuteAsync[TState,TResult](TState state, Func`4 operation, Func`4 verifySucceeded, CancellationToken cancellationToken)
   at Microsoft.EntityFrameworkCore.Query.Internal.SingleQueryingEnumerable`1.AsyncEnumerator.MoveNextAsync()
  Exception data:
    Severity: ERROR
    SqlState: 42P01
    MessageText: relation "Authors" does not exist
    Position: 31
    File: parse_relation.c
    Line: 1452
    Routine: parserOpenTable
2025-11-18 17:30:13.277 +02:00 [ERR] Failed executing DbCommand (1ms) [Parameters=[], CommandType='"Text"', CommandTimeout='30']
SELECT b."Id", b."AuthorId", b."GenreId", b."Title", a."Id", a."Name", g."Id", g."Name"
FROM "Books" AS b
INNER JOIN "Authors" AS a ON b."AuthorId" = a."Id"
INNER JOIN "Genres" AS g ON b."GenreId" = g."Id"
2025-11-18 17:30:13.282 +02:00 [ERR] Failed executing DbCommand (1ms) [Parameters=[], CommandType='"Text"', CommandTimeout='30']
SELECT g."Id", g."Name"
FROM "Genres" AS g
2025-11-18 17:30:13.283 +02:00 [INF] Executed action CatalogService.Api.Controllers.AuthorsController.GetAll (CatalogService.Api) in 95.934ms
2025-11-18 17:30:13.286 +02:00 [ERR] An exception occurred while iterating over the results of a query for context type 'CatalogService.Dal.CatalogDbContext'.
Npgsql.PostgresException (0x80004005): 42P01: relation "Books" does not exist

POSITION: 95
   at Npgsql.Internal.NpgsqlConnector.ReadMessageLong(Boolean async, DataRowLoadingMode dataRowLoadingMode, Boolean readingNotifications, Boolean isReadingPrependedMessage)
   at System.Runtime.CompilerServices.PoolingAsyncValueTaskMethodBuilder`1.StateMachineBox`1.System.Threading.Tasks.Sources.IValueTaskSource<TResult>.GetResult(Int16 token)
   at Npgsql.NpgsqlDataReader.NextResult(Boolean async, Boolean isConsuming, CancellationToken cancellationToken)
   at Npgsql.NpgsqlDataReader.NextResult(Boolean async, Boolean isConsuming, CancellationToken cancellationToken)
   at Npgsql.NpgsqlCommand.ExecuteReader(Boolean async, CommandBehavior behavior, CancellationToken cancellationToken)
   at Npgsql.NpgsqlCommand.ExecuteReader(Boolean async, CommandBehavior behavior, CancellationToken cancellationToken)
   at Npgsql.NpgsqlCommand.ExecuteDbDataReaderAsync(CommandBehavior behavior, CancellationToken cancellationToken)
   at Microsoft.EntityFrameworkCore.Storage.RelationalCommand.ExecuteReaderAsync(RelationalCommandParameterObject parameterObject, CancellationToken cancellationToken)
   at Microsoft.EntityFrameworkCore.Storage.RelationalCommand.ExecuteReaderAsync(RelationalCommandParameterObject parameterObject, CancellationToken cancellationToken)
   at Microsoft.EntityFrameworkCore.Query.Internal.SingleQueryingEnumerable`1.AsyncEnumerator.InitializeReaderAsync(AsyncEnumerator enumerator, CancellationToken cancellationToken)
   at Npgsql.EntityFrameworkCore.PostgreSQL.Storage.Internal.NpgsqlExecutionStrategy.ExecuteAsync[TState,TResult](TState state, Func`4 operation, Func`4 verifySucceeded, CancellationToken cancellationToken)
   at Microsoft.EntityFrameworkCore.Query.Internal.SingleQueryingEnumerable`1.AsyncEnumerator.MoveNextAsync()
  Exception data:
    Severity: ERROR
    SqlState: 42P01
    MessageText: relation "Books" does not exist
    Position: 95
    File: parse_relation.c
    Line: 1452
    Routine: parserOpenTable
Npgsql.PostgresException (0x80004005): 42P01: relation "Books" does not exist

POSITION: 95
   at Npgsql.Internal.NpgsqlConnector.ReadMessageLong(Boolean async, DataRowLoadingMode dataRowLoadingMode, Boolean readingNotifications, Boolean isReadingPrependedMessage)
   at System.Runtime.CompilerServices.PoolingAsyncValueTaskMethodBuilder`1.StateMachineBox`1.System.Threading.Tasks.Sources.IValueTaskSource<TResult>.GetResult(Int16 token)
   at Npgsql.NpgsqlDataReader.NextResult(Boolean async, Boolean isConsuming, CancellationToken cancellationToken)
   at Npgsql.NpgsqlDataReader.NextResult(Boolean async, Boolean isConsuming, CancellationToken cancellationToken)
   at Npgsql.NpgsqlCommand.ExecuteReader(Boolean async, CommandBehavior behavior, CancellationToken cancellationToken)
   at Npgsql.NpgsqlCommand.ExecuteReader(Boolean async, CommandBehavior behavior, CancellationToken cancellationToken)
   at Npgsql.NpgsqlCommand.ExecuteDbDataReaderAsync(CommandBehavior behavior, CancellationToken cancellationToken)
   at Microsoft.EntityFrameworkCore.Storage.RelationalCommand.ExecuteReaderAsync(RelationalCommandParameterObject parameterObject, CancellationToken cancellationToken)
   at Microsoft.EntityFrameworkCore.Storage.RelationalCommand.ExecuteReaderAsync(RelationalCommandParameterObject parameterObject, CancellationToken cancellationToken)
   at Microsoft.EntityFrameworkCore.Query.Internal.SingleQueryingEnumerable`1.AsyncEnumerator.InitializeReaderAsync(AsyncEnumerator enumerator, CancellationToken cancellationToken)
   at Npgsql.EntityFrameworkCore.PostgreSQL.Storage.Internal.NpgsqlExecutionStrategy.ExecuteAsync[TState,TResult](TState state, Func`4 operation, Func`4 verifySucceeded, CancellationToken cancellationToken)
   at Microsoft.EntityFrameworkCore.Query.Internal.SingleQueryingEnumerable`1.AsyncEnumerator.MoveNextAsync()
  Exception data:
    Severity: ERROR
    SqlState: 42P01
    MessageText: relation "Books" does not exist
    Position: 95
    File: parse_relation.c
    Line: 1452
    Routine: parserOpenTable
2025-11-18 17:30:13.288 +02:00 [INF] Executed endpoint 'CatalogService.Api.Controllers.AuthorsController.GetAll (CatalogService.Api)'
2025-11-18 17:30:13.289 +02:00 [ERR] An exception occurred while iterating over the results of a query for context type 'CatalogService.Dal.CatalogDbContext'.
Npgsql.PostgresException (0x80004005): 42P01: relation "Genres" does not exist

POSITION: 31
   at Npgsql.Internal.NpgsqlConnector.ReadMessageLong(Boolean async, DataRowLoadingMode dataRowLoadingMode, Boolean readingNotifications, Boolean isReadingPrependedMessage)
   at System.Runtime.CompilerServices.PoolingAsyncValueTaskMethodBuilder`1.StateMachineBox`1.System.Threading.Tasks.Sources.IValueTaskSource<TResult>.GetResult(Int16 token)
   at Npgsql.NpgsqlDataReader.NextResult(Boolean async, Boolean isConsuming, CancellationToken cancellationToken)
   at Npgsql.NpgsqlDataReader.NextResult(Boolean async, Boolean isConsuming, CancellationToken cancellationToken)
   at Npgsql.NpgsqlCommand.ExecuteReader(Boolean async, CommandBehavior behavior, CancellationToken cancellationToken)
   at Npgsql.NpgsqlCommand.ExecuteReader(Boolean async, CommandBehavior behavior, CancellationToken cancellationToken)
   at Npgsql.NpgsqlCommand.ExecuteDbDataReaderAsync(CommandBehavior behavior, CancellationToken cancellationToken)
   at Microsoft.EntityFrameworkCore.Storage.RelationalCommand.ExecuteReaderAsync(RelationalCommandParameterObject parameterObject, CancellationToken cancellationToken)
   at Microsoft.EntityFrameworkCore.Storage.RelationalCommand.ExecuteReaderAsync(RelationalCommandParameterObject parameterObject, CancellationToken cancellationToken)
   at Microsoft.EntityFrameworkCore.Query.Internal.SingleQueryingEnumerable`1.AsyncEnumerator.InitializeReaderAsync(AsyncEnumerator enumerator, CancellationToken cancellationToken)
   at Npgsql.EntityFrameworkCore.PostgreSQL.Storage.Internal.NpgsqlExecutionStrategy.ExecuteAsync[TState,TResult](TState state, Func`4 operation, Func`4 verifySucceeded, CancellationToken cancellationToken)
   at Microsoft.EntityFrameworkCore.Query.Internal.SingleQueryingEnumerable`1.AsyncEnumerator.MoveNextAsync()
  Exception data:
    Severity: ERROR
    SqlState: 42P01
    MessageText: relation "Genres" does not exist
    Position: 31
    File: parse_relation.c
    Line: 1452
    Routine: parserOpenTable
Npgsql.PostgresException (0x80004005): 42P01: relation "Genres" does not exist

POSITION: 31
   at Npgsql.Internal.NpgsqlConnector.ReadMessageLong(Boolean async, DataRowLoadingMode dataRowLoadingMode, Boolean readingNotifications, Boolean isReadingPrependedMessage)
   at System.Runtime.CompilerServices.PoolingAsyncValueTaskMethodBuilder`1.StateMachineBox`1.System.Threading.Tasks.Sources.IValueTaskSource<TResult>.GetResult(Int16 token)
   at Npgsql.NpgsqlDataReader.NextResult(Boolean async, Boolean isConsuming, CancellationToken cancellationToken)
   at Npgsql.NpgsqlDataReader.NextResult(Boolean async, Boolean isConsuming, CancellationToken cancellationToken)
   at Npgsql.NpgsqlCommand.ExecuteReader(Boolean async, CommandBehavior behavior, CancellationToken cancellationToken)
   at Npgsql.NpgsqlCommand.ExecuteReader(Boolean async, CommandBehavior behavior, CancellationToken cancellationToken)
   at Npgsql.NpgsqlCommand.ExecuteDbDataReaderAsync(CommandBehavior behavior, CancellationToken cancellationToken)
   at Microsoft.EntityFrameworkCore.Storage.RelationalCommand.ExecuteReaderAsync(RelationalCommandParameterObject parameterObject, CancellationToken cancellationToken)
   at Microsoft.EntityFrameworkCore.Storage.RelationalCommand.ExecuteReaderAsync(RelationalCommandParameterObject parameterObject, CancellationToken cancellationToken)
   at Microsoft.EntityFrameworkCore.Query.Internal.SingleQueryingEnumerable`1.AsyncEnumerator.InitializeReaderAsync(AsyncEnumerator enumerator, CancellationToken cancellationToken)
   at Npgsql.EntityFrameworkCore.PostgreSQL.Storage.Internal.NpgsqlExecutionStrategy.ExecuteAsync[TState,TResult](TState state, Func`4 operation, Func`4 verifySucceeded, CancellationToken cancellationToken)
   at Microsoft.EntityFrameworkCore.Query.Internal.SingleQueryingEnumerable`1.AsyncEnumerator.MoveNextAsync()
  Exception data:
    Severity: ERROR
    SqlState: 42P01
    MessageText: relation "Genres" does not exist
    Position: 31
    File: parse_relation.c
    Line: 1452
    Routine: parserOpenTable
2025-11-18 17:30:13.300 +02:00 [INF] Executed action CatalogService.Api.Controllers.BooksController.GetAll (CatalogService.Api) in 116.4795ms
2025-11-18 17:30:13.311 +02:00 [ERR] An unhandled exception has occurred while executing the request.
Npgsql.PostgresException (0x80004005): 42P01: relation "Authors" does not exist

POSITION: 31
   at Npgsql.Internal.NpgsqlConnector.ReadMessageLong(Boolean async, DataRowLoadingMode dataRowLoadingMode, Boolean readingNotifications, Boolean isReadingPrependedMessage)
   at System.Runtime.CompilerServices.PoolingAsyncValueTaskMethodBuilder`1.StateMachineBox`1.System.Threading.Tasks.Sources.IValueTaskSource<TResult>.GetResult(Int16 token)
   at Npgsql.NpgsqlDataReader.NextResult(Boolean async, Boolean isConsuming, CancellationToken cancellationToken)
   at Npgsql.NpgsqlDataReader.NextResult(Boolean async, Boolean isConsuming, CancellationToken cancellationToken)
   at Npgsql.NpgsqlCommand.ExecuteReader(Boolean async, CommandBehavior behavior, CancellationToken cancellationToken)
   at Npgsql.NpgsqlCommand.ExecuteReader(Boolean async, CommandBehavior behavior, CancellationToken cancellationToken)
   at Npgsql.NpgsqlCommand.ExecuteDbDataReaderAsync(CommandBehavior behavior, CancellationToken cancellationToken)
   at Microsoft.EntityFrameworkCore.Storage.RelationalCommand.ExecuteReaderAsync(RelationalCommandParameterObject parameterObject, CancellationToken cancellationToken)
   at Microsoft.EntityFrameworkCore.Storage.RelationalCommand.ExecuteReaderAsync(RelationalCommandParameterObject parameterObject, CancellationToken cancellationToken)
   at Microsoft.EntityFrameworkCore.Query.Internal.SingleQueryingEnumerable`1.AsyncEnumerator.InitializeReaderAsync(AsyncEnumerator enumerator, CancellationToken cancellationToken)
   at Npgsql.EntityFrameworkCore.PostgreSQL.Storage.Internal.NpgsqlExecutionStrategy.ExecuteAsync[TState,TResult](TState state, Func`4 operation, Func`4 verifySucceeded, CancellationToken cancellationToken)
   at Microsoft.EntityFrameworkCore.Query.Internal.SingleQueryingEnumerable`1.AsyncEnumerator.MoveNextAsync()
   at Microsoft.EntityFrameworkCore.EntityFrameworkQueryableExtensions.ToListAsync[TSource](IQueryable`1 source, CancellationToken cancellationToken)
   at Microsoft.EntityFrameworkCore.EntityFrameworkQueryableExtensions.ToListAsync[TSource](IQueryable`1 source, CancellationToken cancellationToken)
   at CatalogService.Dal.Repositories.GenericRepository`1.GetAllAsync() in C:\Users\Admin\Documents\projects\LibrarySystem\CatalogService\CatalogService.Dal\Repositories\GenericRepository.cs:line 10
   at CatalogService.Bll.Services.AuthorService.GetAllAsync() in C:\Users\Admin\Documents\projects\LibrarySystem\CatalogService\CatalogService.Bll\Services\AuthorService.cs:line 21
   at CatalogService.Api.Controllers.AuthorsController.GetAll() in C:\Users\Admin\Documents\projects\LibrarySystem\CatalogService\CatalogService.Api\Controllers\AuthorsController.cs:line 16
   at Microsoft.AspNetCore.Mvc.Infrastructure.ActionMethodExecutor.TaskOfIActionResultExecutor.Execute(ActionContext actionContext, IActionResultTypeMapper mapper, ObjectMethodExecutor executor, Object controller, Object[] arguments)
   at Microsoft.AspNetCore.Mvc.Infrastructure.ControllerActionInvoker.<InvokeActionMethodAsync>g__Awaited|12_0(ControllerActionInvoker invoker, ValueTask`1 actionResultValueTask)
   at Microsoft.AspNetCore.Mvc.Infrastructure.ControllerActionInvoker.<InvokeNextActionFilterAsync>g__Awaited|10_0(ControllerActionInvoker invoker, Task lastTask, State next, Scope scope, Object state, Boolean isCompleted)
   at Microsoft.AspNetCore.Mvc.Infrastructure.ControllerActionInvoker.Rethrow(ActionExecutedContextSealed context)
   at Microsoft.AspNetCore.Mvc.Infrastructure.ControllerActionInvoker.Next(State& next, Scope& scope, Object& state, Boolean& isCompleted)
   at Microsoft.AspNetCore.Mvc.Infrastructure.ControllerActionInvoker.<InvokeInnerFilterAsync>g__Awaited|13_0(ControllerActionInvoker invoker, Task lastTask, State next, Scope scope, Object state, Boolean isCompleted)
   at Microsoft.AspNetCore.Mvc.Infrastructure.ResourceInvoker.<InvokeFilterPipelineAsync>g__Awaited|20_0(ResourceInvoker invoker, Task lastTask, State next, Scope scope, Object state, Boolean isCompleted)
   at Microsoft.AspNetCore.Mvc.Infrastructure.ResourceInvoker.<InvokeAsync>g__Logged|17_1(ResourceInvoker invoker)
   at Microsoft.AspNetCore.Mvc.Infrastructure.ResourceInvoker.<InvokeAsync>g__Logged|17_1(ResourceInvoker invoker)
   at Microsoft.AspNetCore.Routing.EndpointMiddleware.<Invoke>g__AwaitRequestTask|7_0(Endpoint endpoint, Task requestTask, ILogger logger)
   at Swashbuckle.AspNetCore.SwaggerUI.SwaggerUIMiddleware.Invoke(HttpContext httpContext)
   at Swashbuckle.AspNetCore.Swagger.SwaggerMiddleware.Invoke(HttpContext httpContext, ISwaggerProvider swaggerProvider)
   at Hellang.Middleware.ProblemDetails.ProblemDetailsMiddleware.Invoke(HttpContext context)
  Exception data:
    Severity: ERROR
    SqlState: 42P01
    MessageText: relation "Authors" does not exist
    Position: 31
    File: parse_relation.c
    Line: 1452
    Routine: parserOpenTable
2025-11-18 17:30:13.315 +02:00 [INF] Executed endpoint 'CatalogService.Api.Controllers.BooksController.GetAll (CatalogService.Api)'
2025-11-18 17:30:13.315 +02:00 [INF] Executed action CatalogService.Api.Controllers.GenresController.GetAll (CatalogService.Api) in 124.223ms
2025-11-18 17:30:13.352 +02:00 [INF] Executing ObjectResult, writing value of type 'Microsoft.AspNetCore.Mvc.ProblemDetails'.
2025-11-18 17:30:13.352 +02:00 [INF] Executed endpoint 'CatalogService.Api.Controllers.GenresController.GetAll (CatalogService.Api)'
2025-11-18 17:30:13.366 +02:00 [INF] Request finished HTTP/1.1 GET http://localhost:5180/api/authors - 500 null application/problem+json; charset=utf-8 209.9607ms
2025-11-18 17:30:13.381 +02:00 [INF] Request starting HTTP/1.1 GET http://localhost:5180/api/authors - null null
2025-11-18 17:30:13.389 +02:00 [ERR] An unhandled exception has occurred while executing the request.
Npgsql.PostgresException (0x80004005): 42P01: relation "Books" does not exist

POSITION: 95
   at Npgsql.Internal.NpgsqlConnector.ReadMessageLong(Boolean async, DataRowLoadingMode dataRowLoadingMode, Boolean readingNotifications, Boolean isReadingPrependedMessage)
   at System.Runtime.CompilerServices.PoolingAsyncValueTaskMethodBuilder`1.StateMachineBox`1.System.Threading.Tasks.Sources.IValueTaskSource<TResult>.GetResult(Int16 token)
   at Npgsql.NpgsqlDataReader.NextResult(Boolean async, Boolean isConsuming, CancellationToken cancellationToken)
   at Npgsql.NpgsqlDataReader.NextResult(Boolean async, Boolean isConsuming, CancellationToken cancellationToken)
   at Npgsql.NpgsqlCommand.ExecuteReader(Boolean async, CommandBehavior behavior, CancellationToken cancellationToken)
   at Npgsql.NpgsqlCommand.ExecuteReader(Boolean async, CommandBehavior behavior, CancellationToken cancellationToken)
   at Npgsql.NpgsqlCommand.ExecuteDbDataReaderAsync(CommandBehavior behavior, CancellationToken cancellationToken)
   at Microsoft.EntityFrameworkCore.Storage.RelationalCommand.ExecuteReaderAsync(RelationalCommandParameterObject parameterObject, CancellationToken cancellationToken)
   at Microsoft.EntityFrameworkCore.Storage.RelationalCommand.ExecuteReaderAsync(RelationalCommandParameterObject parameterObject, CancellationToken cancellationToken)
   at Microsoft.EntityFrameworkCore.Query.Internal.SingleQueryingEnumerable`1.AsyncEnumerator.InitializeReaderAsync(AsyncEnumerator enumerator, CancellationToken cancellationToken)
   at Npgsql.EntityFrameworkCore.PostgreSQL.Storage.Internal.NpgsqlExecutionStrategy.ExecuteAsync[TState,TResult](TState state, Func`4 operation, Func`4 verifySucceeded, CancellationToken cancellationToken)
   at Microsoft.EntityFrameworkCore.Query.Internal.SingleQueryingEnumerable`1.AsyncEnumerator.MoveNextAsync()
   at Microsoft.EntityFrameworkCore.EntityFrameworkQueryableExtensions.ToListAsync[TSource](IQueryable`1 source, CancellationToken cancellationToken)
   at Microsoft.EntityFrameworkCore.EntityFrameworkQueryableExtensions.ToListAsync[TSource](IQueryable`1 source, CancellationToken cancellationToken)
   at CatalogService.Bll.Services.BookService.GetAllAsync() in C:\Users\Admin\Documents\projects\LibrarySystem\CatalogService\CatalogService.Bll\Services\BookService.cs:line 24
   at CatalogService.Api.Controllers.BooksController.GetAll() in C:\Users\Admin\Documents\projects\LibrarySystem\CatalogService\CatalogService.Api\Controllers\BooksController.cs:line 16
   at Microsoft.AspNetCore.Mvc.Infrastructure.ActionMethodExecutor.TaskOfIActionResultExecutor.Execute(ActionContext actionContext, IActionResultTypeMapper mapper, ObjectMethodExecutor executor, Object controller, Object[] arguments)
   at Microsoft.AspNetCore.Mvc.Infrastructure.ControllerActionInvoker.<InvokeActionMethodAsync>g__Awaited|12_0(ControllerActionInvoker invoker, ValueTask`1 actionResultValueTask)
   at Microsoft.AspNetCore.Mvc.Infrastructure.ControllerActionInvoker.<InvokeNextActionFilterAsync>g__Awaited|10_0(ControllerActionInvoker invoker, Task lastTask, State next, Scope scope, Object state, Boolean isCompleted)
   at Microsoft.AspNetCore.Mvc.Infrastructure.ControllerActionInvoker.Rethrow(ActionExecutedContextSealed context)
   at Microsoft.AspNetCore.Mvc.Infrastructure.ControllerActionInvoker.Next(State& next, Scope& scope, Object& state, Boolean& isCompleted)
   at Microsoft.AspNetCore.Mvc.Infrastructure.ControllerActionInvoker.<InvokeInnerFilterAsync>g__Awaited|13_0(ControllerActionInvoker invoker, Task lastTask, State next, Scope scope, Object state, Boolean isCompleted)
   at Microsoft.AspNetCore.Mvc.Infrastructure.ResourceInvoker.<InvokeFilterPipelineAsync>g__Awaited|20_0(ResourceInvoker invoker, Task lastTask, State next, Scope scope, Object state, Boolean isCompleted)
   at Microsoft.AspNetCore.Mvc.Infrastructure.ResourceInvoker.<InvokeAsync>g__Logged|17_1(ResourceInvoker invoker)
   at Microsoft.AspNetCore.Mvc.Infrastructure.ResourceInvoker.<InvokeAsync>g__Logged|17_1(ResourceInvoker invoker)
   at Microsoft.AspNetCore.Routing.EndpointMiddleware.<Invoke>g__AwaitRequestTask|7_0(Endpoint endpoint, Task requestTask, ILogger logger)
   at Swashbuckle.AspNetCore.SwaggerUI.SwaggerUIMiddleware.Invoke(HttpContext httpContext)
   at Swashbuckle.AspNetCore.Swagger.SwaggerMiddleware.Invoke(HttpContext httpContext, ISwaggerProvider swaggerProvider)
   at Hellang.Middleware.ProblemDetails.ProblemDetailsMiddleware.Invoke(HttpContext context)
  Exception data:
    Severity: ERROR
    SqlState: 42P01
    MessageText: relation "Books" does not exist
    Position: 95
    File: parse_relation.c
    Line: 1452
    Routine: parserOpenTable
2025-11-18 17:30:13.398 +02:00 [ERR] An unhandled exception has occurred while executing the request.
Npgsql.PostgresException (0x80004005): 42P01: relation "Genres" does not exist

POSITION: 31
   at Npgsql.Internal.NpgsqlConnector.ReadMessageLong(Boolean async, DataRowLoadingMode dataRowLoadingMode, Boolean readingNotifications, Boolean isReadingPrependedMessage)
   at System.Runtime.CompilerServices.PoolingAsyncValueTaskMethodBuilder`1.StateMachineBox`1.System.Threading.Tasks.Sources.IValueTaskSource<TResult>.GetResult(Int16 token)
   at Npgsql.NpgsqlDataReader.NextResult(Boolean async, Boolean isConsuming, CancellationToken cancellationToken)
   at Npgsql.NpgsqlDataReader.NextResult(Boolean async, Boolean isConsuming, CancellationToken cancellationToken)
   at Npgsql.NpgsqlCommand.ExecuteReader(Boolean async, CommandBehavior behavior, CancellationToken cancellationToken)
   at Npgsql.NpgsqlCommand.ExecuteReader(Boolean async, CommandBehavior behavior, CancellationToken cancellationToken)
   at Npgsql.NpgsqlCommand.ExecuteDbDataReaderAsync(CommandBehavior behavior, CancellationToken cancellationToken)
   at Microsoft.EntityFrameworkCore.Storage.RelationalCommand.ExecuteReaderAsync(RelationalCommandParameterObject parameterObject, CancellationToken cancellationToken)
   at Microsoft.EntityFrameworkCore.Storage.RelationalCommand.ExecuteReaderAsync(RelationalCommandParameterObject parameterObject, CancellationToken cancellationToken)
   at Microsoft.EntityFrameworkCore.Query.Internal.SingleQueryingEnumerable`1.AsyncEnumerator.InitializeReaderAsync(AsyncEnumerator enumerator, CancellationToken cancellationToken)
   at Npgsql.EntityFrameworkCore.PostgreSQL.Storage.Internal.NpgsqlExecutionStrategy.ExecuteAsync[TState,TResult](TState state, Func`4 operation, Func`4 verifySucceeded, CancellationToken cancellationToken)
   at Microsoft.EntityFrameworkCore.Query.Internal.SingleQueryingEnumerable`1.AsyncEnumerator.MoveNextAsync()
   at Microsoft.EntityFrameworkCore.EntityFrameworkQueryableExtensions.ToListAsync[TSource](IQueryable`1 source, CancellationToken cancellationToken)
   at Microsoft.EntityFrameworkCore.EntityFrameworkQueryableExtensions.ToListAsync[TSource](IQueryable`1 source, CancellationToken cancellationToken)
   at CatalogService.Dal.Repositories.GenericRepository`1.GetAllAsync() in C:\Users\Admin\Documents\projects\LibrarySystem\CatalogService\CatalogService.Dal\Repositories\GenericRepository.cs:line 10
   at CatalogService.Bll.Services.GenreService.GetAllAsync() in C:\Users\Admin\Documents\projects\LibrarySystem\CatalogService\CatalogService.Bll\Services\GenreService.cs:line 21
   at CatalogService.Api.Controllers.GenresController.GetAll() in C:\Users\Admin\Documents\projects\LibrarySystem\CatalogService\CatalogService.Api\Controllers\GenresController.cs:line 16
   at Microsoft.AspNetCore.Mvc.Infrastructure.ActionMethodExecutor.TaskOfIActionResultExecutor.Execute(ActionContext actionContext, IActionResultTypeMapper mapper, ObjectMethodExecutor executor, Object controller, Object[] arguments)
   at Microsoft.AspNetCore.Mvc.Infrastructure.ControllerActionInvoker.<InvokeActionMethodAsync>g__Awaited|12_0(ControllerActionInvoker invoker, ValueTask`1 actionResultValueTask)
   at Microsoft.AspNetCore.Mvc.Infrastructure.ControllerActionInvoker.<InvokeNextActionFilterAsync>g__Awaited|10_0(ControllerActionInvoker invoker, Task lastTask, State next, Scope scope, Object state, Boolean isCompleted)
   at Microsoft.AspNetCore.Mvc.Infrastructure.ControllerActionInvoker.Rethrow(ActionExecutedContextSealed context)
   at Microsoft.AspNetCore.Mvc.Infrastructure.ControllerActionInvoker.Next(State& next, Scope& scope, Object& state, Boolean& isCompleted)
   at Microsoft.AspNetCore.Mvc.Infrastructure.ControllerActionInvoker.<InvokeInnerFilterAsync>g__Awaited|13_0(ControllerActionInvoker invoker, Task lastTask, State next, Scope scope, Object state, Boolean isCompleted)
   at Microsoft.AspNetCore.Mvc.Infrastructure.ResourceInvoker.<InvokeFilterPipelineAsync>g__Awaited|20_0(ResourceInvoker invoker, Task lastTask, State next, Scope scope, Object state, Boolean isCompleted)
   at Microsoft.AspNetCore.Mvc.Infrastructure.ResourceInvoker.<InvokeAsync>g__Logged|17_1(ResourceInvoker invoker)
   at Microsoft.AspNetCore.Mvc.Infrastructure.ResourceInvoker.<InvokeAsync>g__Logged|17_1(ResourceInvoker invoker)
   at Microsoft.AspNetCore.Routing.EndpointMiddleware.<Invoke>g__AwaitRequestTask|7_0(Endpoint endpoint, Task requestTask, ILogger logger)
   at Swashbuckle.AspNetCore.SwaggerUI.SwaggerUIMiddleware.Invoke(HttpContext httpContext)
   at Swashbuckle.AspNetCore.Swagger.SwaggerMiddleware.Invoke(HttpContext httpContext, ISwaggerProvider swaggerProvider)
   at Hellang.Middleware.ProblemDetails.ProblemDetailsMiddleware.Invoke(HttpContext context)
  Exception data:
    Severity: ERROR
    SqlState: 42P01
    MessageText: relation "Genres" does not exist
    Position: 31
    File: parse_relation.c
    Line: 1452
    Routine: parserOpenTable
2025-11-18 17:30:13.401 +02:00 [INF] Executing endpoint 'CatalogService.Api.Controllers.AuthorsController.GetAll (CatalogService.Api)'
2025-11-18 17:30:13.425 +02:00 [INF] Executing ObjectResult, writing value of type 'Microsoft.AspNetCore.Mvc.ProblemDetails'.
2025-11-18 17:30:13.505 +02:00 [INF] Executing ObjectResult, writing value of type 'Microsoft.AspNetCore.Mvc.ProblemDetails'.
2025-11-18 17:30:13.505 +02:00 [INF] Route matched with {action = "GetAll", controller = "Authors"}. Executing controller action with signature System.Threading.Tasks.Task`1[Microsoft.AspNetCore.Mvc.IActionResult] GetAll() on controller CatalogService.Api.Controllers.AuthorsController (CatalogService.Api).
2025-11-18 17:30:13.506 +02:00 [INF] Request finished HTTP/1.1 GET http://localhost:5180/api/books - 500 null application/problem+json; charset=utf-8 353.764ms
2025-11-18 17:30:13.509 +02:00 [INF] Request finished HTTP/1.1 GET http://localhost:5180/api/genres - 500 null application/problem+json; charset=utf-8 351.9175ms
2025-11-18 17:30:13.515 +02:00 [INF] Request starting HTTP/1.1 GET http://localhost:5180/api/books - null null
2025-11-18 17:30:13.519 +02:00 [INF] Request starting HTTP/1.1 GET http://localhost:5180/api/genres - null null
2025-11-18 17:30:13.521 +02:00 [ERR] Failed executing DbCommand (1ms) [Parameters=[], CommandType='"Text"', CommandTimeout='30']
SELECT a."Id", a."Name"
FROM "Authors" AS a
2025-11-18 17:30:13.535 +02:00 [INF] Executing endpoint 'CatalogService.Api.Controllers.BooksController.GetAll (CatalogService.Api)'
2025-11-18 17:30:13.540 +02:00 [INF] Executing endpoint 'CatalogService.Api.Controllers.GenresController.GetAll (CatalogService.Api)'
2025-11-18 17:30:13.547 +02:00 [INF] Route matched with {action = "GetAll", controller = "Books"}. Executing controller action with signature System.Threading.Tasks.Task`1[Microsoft.AspNetCore.Mvc.IActionResult] GetAll() on controller CatalogService.Api.Controllers.BooksController (CatalogService.Api).
2025-11-18 17:30:13.549 +02:00 [ERR] An exception occurred while iterating over the results of a query for context type 'CatalogService.Dal.CatalogDbContext'.
Npgsql.PostgresException (0x80004005): 42P01: relation "Authors" does not exist

POSITION: 31
   at Npgsql.Internal.NpgsqlConnector.ReadMessageLong(Boolean async, DataRowLoadingMode dataRowLoadingMode, Boolean readingNotifications, Boolean isReadingPrependedMessage)
   at System.Runtime.CompilerServices.PoolingAsyncValueTaskMethodBuilder`1.StateMachineBox`1.System.Threading.Tasks.Sources.IValueTaskSource<TResult>.GetResult(Int16 token)
   at Npgsql.NpgsqlDataReader.NextResult(Boolean async, Boolean isConsuming, CancellationToken cancellationToken)
   at Npgsql.NpgsqlDataReader.NextResult(Boolean async, Boolean isConsuming, CancellationToken cancellationToken)
   at Npgsql.NpgsqlCommand.ExecuteReader(Boolean async, CommandBehavior behavior, CancellationToken cancellationToken)
   at Npgsql.NpgsqlCommand.ExecuteReader(Boolean async, CommandBehavior behavior, CancellationToken cancellationToken)
   at Npgsql.NpgsqlCommand.ExecuteDbDataReaderAsync(CommandBehavior behavior, CancellationToken cancellationToken)
   at Microsoft.EntityFrameworkCore.Storage.RelationalCommand.ExecuteReaderAsync(RelationalCommandParameterObject parameterObject, CancellationToken cancellationToken)
   at Microsoft.EntityFrameworkCore.Storage.RelationalCommand.ExecuteReaderAsync(RelationalCommandParameterObject parameterObject, CancellationToken cancellationToken)
   at Microsoft.EntityFrameworkCore.Query.Internal.SingleQueryingEnumerable`1.AsyncEnumerator.InitializeReaderAsync(AsyncEnumerator enumerator, CancellationToken cancellationToken)
   at Npgsql.EntityFrameworkCore.PostgreSQL.Storage.Internal.NpgsqlExecutionStrategy.ExecuteAsync[TState,TResult](TState state, Func`4 operation, Func`4 verifySucceeded, CancellationToken cancellationToken)
   at Microsoft.EntityFrameworkCore.Query.Internal.SingleQueryingEnumerable`1.AsyncEnumerator.MoveNextAsync()
  Exception data:
    Severity: ERROR
    SqlState: 42P01
    MessageText: relation "Authors" does not exist
    Position: 31
    File: parse_relation.c
    Line: 1452
    Routine: parserOpenTable
Npgsql.PostgresException (0x80004005): 42P01: relation "Authors" does not exist

POSITION: 31
   at Npgsql.Internal.NpgsqlConnector.ReadMessageLong(Boolean async, DataRowLoadingMode dataRowLoadingMode, Boolean readingNotifications, Boolean isReadingPrependedMessage)
   at System.Runtime.CompilerServices.PoolingAsyncValueTaskMethodBuilder`1.StateMachineBox`1.System.Threading.Tasks.Sources.IValueTaskSource<TResult>.GetResult(Int16 token)
   at Npgsql.NpgsqlDataReader.NextResult(Boolean async, Boolean isConsuming, CancellationToken cancellationToken)
   at Npgsql.NpgsqlDataReader.NextResult(Boolean async, Boolean isConsuming, CancellationToken cancellationToken)
   at Npgsql.NpgsqlCommand.ExecuteReader(Boolean async, CommandBehavior behavior, CancellationToken cancellationToken)
   at Npgsql.NpgsqlCommand.ExecuteReader(Boolean async, CommandBehavior behavior, CancellationToken cancellationToken)
   at Npgsql.NpgsqlCommand.ExecuteDbDataReaderAsync(CommandBehavior behavior, CancellationToken cancellationToken)
   at Microsoft.EntityFrameworkCore.Storage.RelationalCommand.ExecuteReaderAsync(RelationalCommandParameterObject parameterObject, CancellationToken cancellationToken)
   at Microsoft.EntityFrameworkCore.Storage.RelationalCommand.ExecuteReaderAsync(RelationalCommandParameterObject parameterObject, CancellationToken cancellationToken)
   at Microsoft.EntityFrameworkCore.Query.Internal.SingleQueryingEnumerable`1.AsyncEnumerator.InitializeReaderAsync(AsyncEnumerator enumerator, CancellationToken cancellationToken)
   at Npgsql.EntityFrameworkCore.PostgreSQL.Storage.Internal.NpgsqlExecutionStrategy.ExecuteAsync[TState,TResult](TState state, Func`4 operation, Func`4 verifySucceeded, CancellationToken cancellationToken)
   at Microsoft.EntityFrameworkCore.Query.Internal.SingleQueryingEnumerable`1.AsyncEnumerator.MoveNextAsync()
  Exception data:
    Severity: ERROR
    SqlState: 42P01
    MessageText: relation "Authors" does not exist
    Position: 31
    File: parse_relation.c
    Line: 1452
    Routine: parserOpenTable
2025-11-18 17:30:13.550 +02:00 [INF] Route matched with {action = "GetAll", controller = "Genres"}. Executing controller action with signature System.Threading.Tasks.Task`1[Microsoft.AspNetCore.Mvc.IActionResult] GetAll() on controller CatalogService.Api.Controllers.GenresController (CatalogService.Api).
2025-11-18 17:30:13.555 +02:00 [ERR] Failed executing DbCommand (1ms) [Parameters=[], CommandType='"Text"', CommandTimeout='30']
SELECT b."Id", b."AuthorId", b."GenreId", b."Title", a."Id", a."Name", g."Id", g."Name"
FROM "Books" AS b
INNER JOIN "Authors" AS a ON b."AuthorId" = a."Id"
INNER JOIN "Genres" AS g ON b."GenreId" = g."Id"
2025-11-18 17:30:13.570 +02:00 [INF] Executed action CatalogService.Api.Controllers.AuthorsController.GetAll (CatalogService.Api) in 50.9522ms
2025-11-18 17:30:13.572 +02:00 [ERR] Failed executing DbCommand (1ms) [Parameters=[], CommandType='"Text"', CommandTimeout='30']
SELECT g."Id", g."Name"
FROM "Genres" AS g
2025-11-18 17:30:13.575 +02:00 [INF] Executed endpoint 'CatalogService.Api.Controllers.AuthorsController.GetAll (CatalogService.Api)'
2025-11-18 17:30:13.576 +02:00 [ERR] An exception occurred while iterating over the results of a query for context type 'CatalogService.Dal.CatalogDbContext'.
Npgsql.PostgresException (0x80004005): 42P01: relation "Books" does not exist

POSITION: 95
   at Npgsql.Internal.NpgsqlConnector.ReadMessageLong(Boolean async, DataRowLoadingMode dataRowLoadingMode, Boolean readingNotifications, Boolean isReadingPrependedMessage)
   at System.Runtime.CompilerServices.PoolingAsyncValueTaskMethodBuilder`1.StateMachineBox`1.System.Threading.Tasks.Sources.IValueTaskSource<TResult>.GetResult(Int16 token)
   at Npgsql.NpgsqlDataReader.NextResult(Boolean async, Boolean isConsuming, CancellationToken cancellationToken)
   at Npgsql.NpgsqlDataReader.NextResult(Boolean async, Boolean isConsuming, CancellationToken cancellationToken)
   at Npgsql.NpgsqlCommand.ExecuteReader(Boolean async, CommandBehavior behavior, CancellationToken cancellationToken)
   at Npgsql.NpgsqlCommand.ExecuteReader(Boolean async, CommandBehavior behavior, CancellationToken cancellationToken)
   at Npgsql.NpgsqlCommand.ExecuteDbDataReaderAsync(CommandBehavior behavior, CancellationToken cancellationToken)
   at Microsoft.EntityFrameworkCore.Storage.RelationalCommand.ExecuteReaderAsync(RelationalCommandParameterObject parameterObject, CancellationToken cancellationToken)
   at Microsoft.EntityFrameworkCore.Storage.RelationalCommand.ExecuteReaderAsync(RelationalCommandParameterObject parameterObject, CancellationToken cancellationToken)
   at Microsoft.EntityFrameworkCore.Query.Internal.SingleQueryingEnumerable`1.AsyncEnumerator.InitializeReaderAsync(AsyncEnumerator enumerator, CancellationToken cancellationToken)
   at Npgsql.EntityFrameworkCore.PostgreSQL.Storage.Internal.NpgsqlExecutionStrategy.ExecuteAsync[TState,TResult](TState state, Func`4 operation, Func`4 verifySucceeded, CancellationToken cancellationToken)
   at Microsoft.EntityFrameworkCore.Query.Internal.SingleQueryingEnumerable`1.AsyncEnumerator.MoveNextAsync()
  Exception data:
    Severity: ERROR
    SqlState: 42P01
    MessageText: relation "Books" does not exist
    Position: 95
    File: parse_relation.c
    Line: 1452
    Routine: parserOpenTable
Npgsql.PostgresException (0x80004005): 42P01: relation "Books" does not exist

POSITION: 95
   at Npgsql.Internal.NpgsqlConnector.ReadMessageLong(Boolean async, DataRowLoadingMode dataRowLoadingMode, Boolean readingNotifications, Boolean isReadingPrependedMessage)
   at System.Runtime.CompilerServices.PoolingAsyncValueTaskMethodBuilder`1.StateMachineBox`1.System.Threading.Tasks.Sources.IValueTaskSource<TResult>.GetResult(Int16 token)
   at Npgsql.NpgsqlDataReader.NextResult(Boolean async, Boolean isConsuming, CancellationToken cancellationToken)
   at Npgsql.NpgsqlDataReader.NextResult(Boolean async, Boolean isConsuming, CancellationToken cancellationToken)
   at Npgsql.NpgsqlCommand.ExecuteReader(Boolean async, CommandBehavior behavior, CancellationToken cancellationToken)
   at Npgsql.NpgsqlCommand.ExecuteReader(Boolean async, CommandBehavior behavior, CancellationToken cancellationToken)
   at Npgsql.NpgsqlCommand.ExecuteDbDataReaderAsync(CommandBehavior behavior, CancellationToken cancellationToken)
   at Microsoft.EntityFrameworkCore.Storage.RelationalCommand.ExecuteReaderAsync(RelationalCommandParameterObject parameterObject, CancellationToken cancellationToken)
   at Microsoft.EntityFrameworkCore.Storage.RelationalCommand.ExecuteReaderAsync(RelationalCommandParameterObject parameterObject, CancellationToken cancellationToken)
   at Microsoft.EntityFrameworkCore.Query.Internal.SingleQueryingEnumerable`1.AsyncEnumerator.InitializeReaderAsync(AsyncEnumerator enumerator, CancellationToken cancellationToken)
   at Npgsql.EntityFrameworkCore.PostgreSQL.Storage.Internal.NpgsqlExecutionStrategy.ExecuteAsync[TState,TResult](TState state, Func`4 operation, Func`4 verifySucceeded, CancellationToken cancellationToken)
   at Microsoft.EntityFrameworkCore.Query.Internal.SingleQueryingEnumerable`1.AsyncEnumerator.MoveNextAsync()
  Exception data:
    Severity: ERROR
    SqlState: 42P01
    MessageText: relation "Books" does not exist
    Position: 95
    File: parse_relation.c
    Line: 1452
    Routine: parserOpenTable
2025-11-18 17:30:13.582 +02:00 [ERR] An exception occurred while iterating over the results of a query for context type 'CatalogService.Dal.CatalogDbContext'.
Npgsql.PostgresException (0x80004005): 42P01: relation "Genres" does not exist

POSITION: 31
   at Npgsql.Internal.NpgsqlConnector.ReadMessageLong(Boolean async, DataRowLoadingMode dataRowLoadingMode, Boolean readingNotifications, Boolean isReadingPrependedMessage)
   at System.Runtime.CompilerServices.PoolingAsyncValueTaskMethodBuilder`1.StateMachineBox`1.System.Threading.Tasks.Sources.IValueTaskSource<TResult>.GetResult(Int16 token)
   at Npgsql.NpgsqlDataReader.NextResult(Boolean async, Boolean isConsuming, CancellationToken cancellationToken)
   at Npgsql.NpgsqlDataReader.NextResult(Boolean async, Boolean isConsuming, CancellationToken cancellationToken)
   at Npgsql.NpgsqlCommand.ExecuteReader(Boolean async, CommandBehavior behavior, CancellationToken cancellationToken)
   at Npgsql.NpgsqlCommand.ExecuteReader(Boolean async, CommandBehavior behavior, CancellationToken cancellationToken)
   at Npgsql.NpgsqlCommand.ExecuteDbDataReaderAsync(CommandBehavior behavior, CancellationToken cancellationToken)
   at Microsoft.EntityFrameworkCore.Storage.RelationalCommand.ExecuteReaderAsync(RelationalCommandParameterObject parameterObject, CancellationToken cancellationToken)
   at Microsoft.EntityFrameworkCore.Storage.RelationalCommand.ExecuteReaderAsync(RelationalCommandParameterObject parameterObject, CancellationToken cancellationToken)
   at Microsoft.EntityFrameworkCore.Query.Internal.SingleQueryingEnumerable`1.AsyncEnumerator.InitializeReaderAsync(AsyncEnumerator enumerator, CancellationToken cancellationToken)
   at Npgsql.EntityFrameworkCore.PostgreSQL.Storage.Internal.NpgsqlExecutionStrategy.ExecuteAsync[TState,TResult](TState state, Func`4 operation, Func`4 verifySucceeded, CancellationToken cancellationToken)
   at Microsoft.EntityFrameworkCore.Query.Internal.SingleQueryingEnumerable`1.AsyncEnumerator.MoveNextAsync()
  Exception data:
    Severity: ERROR
    SqlState: 42P01
    MessageText: relation "Genres" does not exist
    Position: 31
    File: parse_relation.c
    Line: 1452
    Routine: parserOpenTable
Npgsql.PostgresException (0x80004005): 42P01: relation "Genres" does not exist

POSITION: 31
   at Npgsql.Internal.NpgsqlConnector.ReadMessageLong(Boolean async, DataRowLoadingMode dataRowLoadingMode, Boolean readingNotifications, Boolean isReadingPrependedMessage)
   at System.Runtime.CompilerServices.PoolingAsyncValueTaskMethodBuilder`1.StateMachineBox`1.System.Threading.Tasks.Sources.IValueTaskSource<TResult>.GetResult(Int16 token)
   at Npgsql.NpgsqlDataReader.NextResult(Boolean async, Boolean isConsuming, CancellationToken cancellationToken)
   at Npgsql.NpgsqlDataReader.NextResult(Boolean async, Boolean isConsuming, CancellationToken cancellationToken)
   at Npgsql.NpgsqlCommand.ExecuteReader(Boolean async, CommandBehavior behavior, CancellationToken cancellationToken)
   at Npgsql.NpgsqlCommand.ExecuteReader(Boolean async, CommandBehavior behavior, CancellationToken cancellationToken)
   at Npgsql.NpgsqlCommand.ExecuteDbDataReaderAsync(CommandBehavior behavior, CancellationToken cancellationToken)
   at Microsoft.EntityFrameworkCore.Storage.RelationalCommand.ExecuteReaderAsync(RelationalCommandParameterObject parameterObject, CancellationToken cancellationToken)
   at Microsoft.EntityFrameworkCore.Storage.RelationalCommand.ExecuteReaderAsync(RelationalCommandParameterObject parameterObject, CancellationToken cancellationToken)
   at Microsoft.EntityFrameworkCore.Query.Internal.SingleQueryingEnumerable`1.AsyncEnumerator.InitializeReaderAsync(AsyncEnumerator enumerator, CancellationToken cancellationToken)
   at Npgsql.EntityFrameworkCore.PostgreSQL.Storage.Internal.NpgsqlExecutionStrategy.ExecuteAsync[TState,TResult](TState state, Func`4 operation, Func`4 verifySucceeded, CancellationToken cancellationToken)
   at Microsoft.EntityFrameworkCore.Query.Internal.SingleQueryingEnumerable`1.AsyncEnumerator.MoveNextAsync()
  Exception data:
    Severity: ERROR
    SqlState: 42P01
    MessageText: relation "Genres" does not exist
    Position: 31
    File: parse_relation.c
    Line: 1452
    Routine: parserOpenTable
2025-11-18 17:30:13.591 +02:00 [ERR] An unhandled exception has occurred while executing the request.
Npgsql.PostgresException (0x80004005): 42P01: relation "Authors" does not exist

POSITION: 31
   at Npgsql.Internal.NpgsqlConnector.ReadMessageLong(Boolean async, DataRowLoadingMode dataRowLoadingMode, Boolean readingNotifications, Boolean isReadingPrependedMessage)
   at System.Runtime.CompilerServices.PoolingAsyncValueTaskMethodBuilder`1.StateMachineBox`1.System.Threading.Tasks.Sources.IValueTaskSource<TResult>.GetResult(Int16 token)
   at Npgsql.NpgsqlDataReader.NextResult(Boolean async, Boolean isConsuming, CancellationToken cancellationToken)
   at Npgsql.NpgsqlDataReader.NextResult(Boolean async, Boolean isConsuming, CancellationToken cancellationToken)
   at Npgsql.NpgsqlCommand.ExecuteReader(Boolean async, CommandBehavior behavior, CancellationToken cancellationToken)
   at Npgsql.NpgsqlCommand.ExecuteReader(Boolean async, CommandBehavior behavior, CancellationToken cancellationToken)
   at Npgsql.NpgsqlCommand.ExecuteDbDataReaderAsync(CommandBehavior behavior, CancellationToken cancellationToken)
   at Microsoft.EntityFrameworkCore.Storage.RelationalCommand.ExecuteReaderAsync(RelationalCommandParameterObject parameterObject, CancellationToken cancellationToken)
   at Microsoft.EntityFrameworkCore.Storage.RelationalCommand.ExecuteReaderAsync(RelationalCommandParameterObject parameterObject, CancellationToken cancellationToken)
   at Microsoft.EntityFrameworkCore.Query.Internal.SingleQueryingEnumerable`1.AsyncEnumerator.InitializeReaderAsync(AsyncEnumerator enumerator, CancellationToken cancellationToken)
   at Npgsql.EntityFrameworkCore.PostgreSQL.Storage.Internal.NpgsqlExecutionStrategy.ExecuteAsync[TState,TResult](TState state, Func`4 operation, Func`4 verifySucceeded, CancellationToken cancellationToken)
   at Microsoft.EntityFrameworkCore.Query.Internal.SingleQueryingEnumerable`1.AsyncEnumerator.MoveNextAsync()
   at Microsoft.EntityFrameworkCore.EntityFrameworkQueryableExtensions.ToListAsync[TSource](IQueryable`1 source, CancellationToken cancellationToken)
   at Microsoft.EntityFrameworkCore.EntityFrameworkQueryableExtensions.ToListAsync[TSource](IQueryable`1 source, CancellationToken cancellationToken)
   at CatalogService.Dal.Repositories.GenericRepository`1.GetAllAsync() in C:\Users\Admin\Documents\projects\LibrarySystem\CatalogService\CatalogService.Dal\Repositories\GenericRepository.cs:line 10
   at CatalogService.Bll.Services.AuthorService.GetAllAsync() in C:\Users\Admin\Documents\projects\LibrarySystem\CatalogService\CatalogService.Bll\Services\AuthorService.cs:line 21
   at CatalogService.Api.Controllers.AuthorsController.GetAll() in C:\Users\Admin\Documents\projects\LibrarySystem\CatalogService\CatalogService.Api\Controllers\AuthorsController.cs:line 16
   at Microsoft.AspNetCore.Mvc.Infrastructure.ActionMethodExecutor.TaskOfIActionResultExecutor.Execute(ActionContext actionContext, IActionResultTypeMapper mapper, ObjectMethodExecutor executor, Object controller, Object[] arguments)
   at Microsoft.AspNetCore.Mvc.Infrastructure.ControllerActionInvoker.<InvokeActionMethodAsync>g__Awaited|12_0(ControllerActionInvoker invoker, ValueTask`1 actionResultValueTask)
   at Microsoft.AspNetCore.Mvc.Infrastructure.ControllerActionInvoker.<InvokeNextActionFilterAsync>g__Awaited|10_0(ControllerActionInvoker invoker, Task lastTask, State next, Scope scope, Object state, Boolean isCompleted)
   at Microsoft.AspNetCore.Mvc.Infrastructure.ControllerActionInvoker.Rethrow(ActionExecutedContextSealed context)
   at Microsoft.AspNetCore.Mvc.Infrastructure.ControllerActionInvoker.Next(State& next, Scope& scope, Object& state, Boolean& isCompleted)
   at Microsoft.AspNetCore.Mvc.Infrastructure.ControllerActionInvoker.<InvokeInnerFilterAsync>g__Awaited|13_0(ControllerActionInvoker invoker, Task lastTask, State next, Scope scope, Object state, Boolean isCompleted)
   at Microsoft.AspNetCore.Mvc.Infrastructure.ResourceInvoker.<InvokeFilterPipelineAsync>g__Awaited|20_0(ResourceInvoker invoker, Task lastTask, State next, Scope scope, Object state, Boolean isCompleted)
   at Microsoft.AspNetCore.Mvc.Infrastructure.ResourceInvoker.<InvokeAsync>g__Logged|17_1(ResourceInvoker invoker)
   at Microsoft.AspNetCore.Mvc.Infrastructure.ResourceInvoker.<InvokeAsync>g__Logged|17_1(ResourceInvoker invoker)
   at Microsoft.AspNetCore.Routing.EndpointMiddleware.<Invoke>g__AwaitRequestTask|7_0(Endpoint endpoint, Task requestTask, ILogger logger)
   at Swashbuckle.AspNetCore.SwaggerUI.SwaggerUIMiddleware.Invoke(HttpContext httpContext)
   at Swashbuckle.AspNetCore.Swagger.SwaggerMiddleware.Invoke(HttpContext httpContext, ISwaggerProvider swaggerProvider)
   at Hellang.Middleware.ProblemDetails.ProblemDetailsMiddleware.Invoke(HttpContext context)
  Exception data:
    Severity: ERROR
    SqlState: 42P01
    MessageText: relation "Authors" does not exist
    Position: 31
    File: parse_relation.c
    Line: 1452
    Routine: parserOpenTable
2025-11-18 17:30:13.596 +02:00 [INF] Executed action CatalogService.Api.Controllers.BooksController.GetAll (CatalogService.Api) in 42.9345ms
2025-11-18 17:30:13.608 +02:00 [INF] Executed action CatalogService.Api.Controllers.GenresController.GetAll (CatalogService.Api) in 38.6264ms
2025-11-18 17:30:13.626 +02:00 [INF] Executing ObjectResult, writing value of type 'Microsoft.AspNetCore.Mvc.ProblemDetails'.
2025-11-18 17:30:13.626 +02:00 [INF] Executed endpoint 'CatalogService.Api.Controllers.BooksController.GetAll (CatalogService.Api)'
2025-11-18 17:30:13.626 +02:00 [INF] Executed endpoint 'CatalogService.Api.Controllers.GenresController.GetAll (CatalogService.Api)'
2025-11-18 17:30:13.630 +02:00 [INF] Request finished HTTP/1.1 GET http://localhost:5180/api/authors - 500 null application/problem+json; charset=utf-8 249.156ms
2025-11-18 17:30:13.642 +02:00 [ERR] An unhandled exception has occurred while executing the request.
Npgsql.PostgresException (0x80004005): 42P01: relation "Books" does not exist

POSITION: 95
   at Npgsql.Internal.NpgsqlConnector.ReadMessageLong(Boolean async, DataRowLoadingMode dataRowLoadingMode, Boolean readingNotifications, Boolean isReadingPrependedMessage)
   at System.Runtime.CompilerServices.PoolingAsyncValueTaskMethodBuilder`1.StateMachineBox`1.System.Threading.Tasks.Sources.IValueTaskSource<TResult>.GetResult(Int16 token)
   at Npgsql.NpgsqlDataReader.NextResult(Boolean async, Boolean isConsuming, CancellationToken cancellationToken)
   at Npgsql.NpgsqlDataReader.NextResult(Boolean async, Boolean isConsuming, CancellationToken cancellationToken)
   at Npgsql.NpgsqlCommand.ExecuteReader(Boolean async, CommandBehavior behavior, CancellationToken cancellationToken)
   at Npgsql.NpgsqlCommand.ExecuteReader(Boolean async, CommandBehavior behavior, CancellationToken cancellationToken)
   at Npgsql.NpgsqlCommand.ExecuteDbDataReaderAsync(CommandBehavior behavior, CancellationToken cancellationToken)
   at Microsoft.EntityFrameworkCore.Storage.RelationalCommand.ExecuteReaderAsync(RelationalCommandParameterObject parameterObject, CancellationToken cancellationToken)
   at Microsoft.EntityFrameworkCore.Storage.RelationalCommand.ExecuteReaderAsync(RelationalCommandParameterObject parameterObject, CancellationToken cancellationToken)
   at Microsoft.EntityFrameworkCore.Query.Internal.SingleQueryingEnumerable`1.AsyncEnumerator.InitializeReaderAsync(AsyncEnumerator enumerator, CancellationToken cancellationToken)
   at Npgsql.EntityFrameworkCore.PostgreSQL.Storage.Internal.NpgsqlExecutionStrategy.ExecuteAsync[TState,TResult](TState state, Func`4 operation, Func`4 verifySucceeded, CancellationToken cancellationToken)
   at Microsoft.EntityFrameworkCore.Query.Internal.SingleQueryingEnumerable`1.AsyncEnumerator.MoveNextAsync()
   at Microsoft.EntityFrameworkCore.EntityFrameworkQueryableExtensions.ToListAsync[TSource](IQueryable`1 source, CancellationToken cancellationToken)
   at Microsoft.EntityFrameworkCore.EntityFrameworkQueryableExtensions.ToListAsync[TSource](IQueryable`1 source, CancellationToken cancellationToken)
   at CatalogService.Bll.Services.BookService.GetAllAsync() in C:\Users\Admin\Documents\projects\LibrarySystem\CatalogService\CatalogService.Bll\Services\BookService.cs:line 24
   at CatalogService.Api.Controllers.BooksController.GetAll() in C:\Users\Admin\Documents\projects\LibrarySystem\CatalogService\CatalogService.Api\Controllers\BooksController.cs:line 16
   at Microsoft.AspNetCore.Mvc.Infrastructure.ActionMethodExecutor.TaskOfIActionResultExecutor.Execute(ActionContext actionContext, IActionResultTypeMapper mapper, ObjectMethodExecutor executor, Object controller, Object[] arguments)
   at Microsoft.AspNetCore.Mvc.Infrastructure.ControllerActionInvoker.<InvokeActionMethodAsync>g__Awaited|12_0(ControllerActionInvoker invoker, ValueTask`1 actionResultValueTask)
   at Microsoft.AspNetCore.Mvc.Infrastructure.ControllerActionInvoker.<InvokeNextActionFilterAsync>g__Awaited|10_0(ControllerActionInvoker invoker, Task lastTask, State next, Scope scope, Object state, Boolean isCompleted)
   at Microsoft.AspNetCore.Mvc.Infrastructure.ControllerActionInvoker.Rethrow(ActionExecutedContextSealed context)
   at Microsoft.AspNetCore.Mvc.Infrastructure.ControllerActionInvoker.Next(State& next, Scope& scope, Object& state, Boolean& isCompleted)
   at Microsoft.AspNetCore.Mvc.Infrastructure.ControllerActionInvoker.<InvokeInnerFilterAsync>g__Awaited|13_0(ControllerActionInvoker invoker, Task lastTask, State next, Scope scope, Object state, Boolean isCompleted)
   at Microsoft.AspNetCore.Mvc.Infrastructure.ResourceInvoker.<InvokeFilterPipelineAsync>g__Awaited|20_0(ResourceInvoker invoker, Task lastTask, State next, Scope scope, Object state, Boolean isCompleted)
   at Microsoft.AspNetCore.Mvc.Infrastructure.ResourceInvoker.<InvokeAsync>g__Logged|17_1(ResourceInvoker invoker)
   at Microsoft.AspNetCore.Mvc.Infrastructure.ResourceInvoker.<InvokeAsync>g__Logged|17_1(ResourceInvoker invoker)
   at Microsoft.AspNetCore.Routing.EndpointMiddleware.<Invoke>g__AwaitRequestTask|7_0(Endpoint endpoint, Task requestTask, ILogger logger)
   at Swashbuckle.AspNetCore.SwaggerUI.SwaggerUIMiddleware.Invoke(HttpContext httpContext)
   at Swashbuckle.AspNetCore.Swagger.SwaggerMiddleware.Invoke(HttpContext httpContext, ISwaggerProvider swaggerProvider)
   at Hellang.Middleware.ProblemDetails.ProblemDetailsMiddleware.Invoke(HttpContext context)
  Exception data:
    Severity: ERROR
    SqlState: 42P01
    MessageText: relation "Books" does not exist
    Position: 95
    File: parse_relation.c
    Line: 1452
    Routine: parserOpenTable
2025-11-18 17:30:13.643 +02:00 [ERR] An unhandled exception has occurred while executing the request.
Npgsql.PostgresException (0x80004005): 42P01: relation "Genres" does not exist

POSITION: 31
   at Npgsql.Internal.NpgsqlConnector.ReadMessageLong(Boolean async, DataRowLoadingMode dataRowLoadingMode, Boolean readingNotifications, Boolean isReadingPrependedMessage)
   at System.Runtime.CompilerServices.PoolingAsyncValueTaskMethodBuilder`1.StateMachineBox`1.System.Threading.Tasks.Sources.IValueTaskSource<TResult>.GetResult(Int16 token)
   at Npgsql.NpgsqlDataReader.NextResult(Boolean async, Boolean isConsuming, CancellationToken cancellationToken)
   at Npgsql.NpgsqlDataReader.NextResult(Boolean async, Boolean isConsuming, CancellationToken cancellationToken)
   at Npgsql.NpgsqlCommand.ExecuteReader(Boolean async, CommandBehavior behavior, CancellationToken cancellationToken)
   at Npgsql.NpgsqlCommand.ExecuteReader(Boolean async, CommandBehavior behavior, CancellationToken cancellationToken)
   at Npgsql.NpgsqlCommand.ExecuteDbDataReaderAsync(CommandBehavior behavior, CancellationToken cancellationToken)
   at Microsoft.EntityFrameworkCore.Storage.RelationalCommand.ExecuteReaderAsync(RelationalCommandParameterObject parameterObject, CancellationToken cancellationToken)
   at Microsoft.EntityFrameworkCore.Storage.RelationalCommand.ExecuteReaderAsync(RelationalCommandParameterObject parameterObject, CancellationToken cancellationToken)
   at Microsoft.EntityFrameworkCore.Query.Internal.SingleQueryingEnumerable`1.AsyncEnumerator.InitializeReaderAsync(AsyncEnumerator enumerator, CancellationToken cancellationToken)
   at Npgsql.EntityFrameworkCore.PostgreSQL.Storage.Internal.NpgsqlExecutionStrategy.ExecuteAsync[TState,TResult](TState state, Func`4 operation, Func`4 verifySucceeded, CancellationToken cancellationToken)
   at Microsoft.EntityFrameworkCore.Query.Internal.SingleQueryingEnumerable`1.AsyncEnumerator.MoveNextAsync()
   at Microsoft.EntityFrameworkCore.EntityFrameworkQueryableExtensions.ToListAsync[TSource](IQueryable`1 source, CancellationToken cancellationToken)
   at Microsoft.EntityFrameworkCore.EntityFrameworkQueryableExtensions.ToListAsync[TSource](IQueryable`1 source, CancellationToken cancellationToken)
   at CatalogService.Dal.Repositories.GenericRepository`1.GetAllAsync() in C:\Users\Admin\Documents\projects\LibrarySystem\CatalogService\CatalogService.Dal\Repositories\GenericRepository.cs:line 10
   at CatalogService.Bll.Services.GenreService.GetAllAsync() in C:\Users\Admin\Documents\projects\LibrarySystem\CatalogService\CatalogService.Bll\Services\GenreService.cs:line 21
   at CatalogService.Api.Controllers.GenresController.GetAll() in C:\Users\Admin\Documents\projects\LibrarySystem\CatalogService\CatalogService.Api\Controllers\GenresController.cs:line 16
   at Microsoft.AspNetCore.Mvc.Infrastructure.ActionMethodExecutor.TaskOfIActionResultExecutor.Execute(ActionContext actionContext, IActionResultTypeMapper mapper, ObjectMethodExecutor executor, Object controller, Object[] arguments)
   at Microsoft.AspNetCore.Mvc.Infrastructure.ControllerActionInvoker.<InvokeActionMethodAsync>g__Awaited|12_0(ControllerActionInvoker invoker, ValueTask`1 actionResultValueTask)
   at Microsoft.AspNetCore.Mvc.Infrastructure.ControllerActionInvoker.<InvokeNextActionFilterAsync>g__Awaited|10_0(ControllerActionInvoker invoker, Task lastTask, State next, Scope scope, Object state, Boolean isCompleted)
   at Microsoft.AspNetCore.Mvc.Infrastructure.ControllerActionInvoker.Rethrow(ActionExecutedContextSealed context)
   at Microsoft.AspNetCore.Mvc.Infrastructure.ControllerActionInvoker.Next(State& next, Scope& scope, Object& state, Boolean& isCompleted)
   at Microsoft.AspNetCore.Mvc.Infrastructure.ControllerActionInvoker.<InvokeInnerFilterAsync>g__Awaited|13_0(ControllerActionInvoker invoker, Task lastTask, State next, Scope scope, Object state, Boolean isCompleted)
   at Microsoft.AspNetCore.Mvc.Infrastructure.ResourceInvoker.<InvokeFilterPipelineAsync>g__Awaited|20_0(ResourceInvoker invoker, Task lastTask, State next, Scope scope, Object state, Boolean isCompleted)
   at Microsoft.AspNetCore.Mvc.Infrastructure.ResourceInvoker.<InvokeAsync>g__Logged|17_1(ResourceInvoker invoker)
   at Microsoft.AspNetCore.Mvc.Infrastructure.ResourceInvoker.<InvokeAsync>g__Logged|17_1(ResourceInvoker invoker)
   at Microsoft.AspNetCore.Routing.EndpointMiddleware.<Invoke>g__AwaitRequestTask|7_0(Endpoint endpoint, Task requestTask, ILogger logger)
   at Swashbuckle.AspNetCore.SwaggerUI.SwaggerUIMiddleware.Invoke(HttpContext httpContext)
   at Swashbuckle.AspNetCore.Swagger.SwaggerMiddleware.Invoke(HttpContext httpContext, ISwaggerProvider swaggerProvider)
   at Hellang.Middleware.ProblemDetails.ProblemDetailsMiddleware.Invoke(HttpContext context)
  Exception data:
    Severity: ERROR
    SqlState: 42P01
    MessageText: relation "Genres" does not exist
    Position: 31
    File: parse_relation.c
    Line: 1452
    Routine: parserOpenTable
2025-11-18 17:30:13.664 +02:00 [INF] Executing ObjectResult, writing value of type 'Microsoft.AspNetCore.Mvc.ProblemDetails'.
2025-11-18 17:30:13.676 +02:00 [INF] Executing ObjectResult, writing value of type 'Microsoft.AspNetCore.Mvc.ProblemDetails'.
2025-11-18 17:30:13.677 +02:00 [INF] Request finished HTTP/1.1 GET http://localhost:5180/api/books - 500 null application/problem+json; charset=utf-8 161.7223ms
2025-11-18 17:30:13.679 +02:00 [INF] Request finished HTTP/1.1 GET http://localhost:5180/api/genres - 500 null application/problem+json; charset=utf-8 160.3282ms
2025-11-18 17:54:04.403 +02:00 [INF] Now listening on: http://localhost:5180
2025-11-18 17:54:04.472 +02:00 [INF] Application started. Press Ctrl+C to shut down.
2025-11-18 17:54:04.474 +02:00 [INF] Hosting environment: Development
2025-11-18 17:54:04.476 +02:00 [INF] Content root path: C:\Users\Admin\Documents\projects\LibrarySystem\CatalogService\CatalogService.Api
2025-11-18 17:54:36.905 +02:00 [INF] Now listening on: http://localhost:5180
2025-11-18 17:54:36.982 +02:00 [INF] Application started. Press Ctrl+C to shut down.
2025-11-18 17:54:36.984 +02:00 [INF] Hosting environment: Development
2025-11-18 17:54:36.986 +02:00 [INF] Content root path: C:\Users\Admin\Documents\projects\LibrarySystem\CatalogService\CatalogService.Api
2025-11-18 17:54:45.120 +02:00 [INF] Request starting HTTP/1.1 GET http://localhost:5180/api/books - null null
2025-11-18 17:54:45.120 +02:00 [INF] Request starting HTTP/1.1 GET http://localhost:5180/api/genres - null null
2025-11-18 17:54:45.120 +02:00 [INF] Request starting HTTP/1.1 GET http://localhost:5180/api/authors - null null
2025-11-18 17:54:45.164 +02:00 [INF] Executing endpoint 'CatalogService.Api.Controllers.BooksController.GetAll (CatalogService.Api)'
2025-11-18 17:54:45.164 +02:00 [INF] Executing endpoint 'CatalogService.Api.Controllers.AuthorsController.GetAll (CatalogService.Api)'
2025-11-18 17:54:45.164 +02:00 [INF] Executing endpoint 'CatalogService.Api.Controllers.GenresController.GetAll (CatalogService.Api)'
2025-11-18 17:54:45.182 +02:00 [INF] Route matched with {action = "GetAll", controller = "Books"}. Executing controller action with signature System.Threading.Tasks.Task`1[Microsoft.AspNetCore.Mvc.IActionResult] GetAll() on controller CatalogService.Api.Controllers.BooksController (CatalogService.Api).
2025-11-18 17:54:45.182 +02:00 [INF] Route matched with {action = "GetAll", controller = "Genres"}. Executing controller action with signature System.Threading.Tasks.Task`1[Microsoft.AspNetCore.Mvc.IActionResult] GetAll() on controller CatalogService.Api.Controllers.GenresController (CatalogService.Api).
2025-11-18 17:54:45.182 +02:00 [INF] Route matched with {action = "GetAll", controller = "Authors"}. Executing controller action with signature System.Threading.Tasks.Task`1[Microsoft.AspNetCore.Mvc.IActionResult] GetAll() on controller CatalogService.Api.Controllers.AuthorsController (CatalogService.Api).
2025-11-18 17:54:45.636 +02:00 [WRN] No instantiatable types implementing `IEntityTypeConfiguration` were found while while scanning assembly 'CatalogService.Dal, Version=1.0.0.0, Culture=neutral, PublicKeyToken=null'.
2025-11-18 17:54:46.231 +02:00 [ERR] Failed executing DbCommand (25ms) [Parameters=[], CommandType='"Text"', CommandTimeout='30']
SELECT b."Id", b."AuthorId", b."GenreId", b."Title", a."Id", a."Name", g."Id", g."Name"
FROM "Books" AS b
INNER JOIN "Authors" AS a ON b."AuthorId" = a."Id"
INNER JOIN "Genres" AS g ON b."GenreId" = g."Id"
2025-11-18 17:54:46.231 +02:00 [ERR] Failed executing DbCommand (26ms) [Parameters=[], CommandType='"Text"', CommandTimeout='30']
SELECT a."Id", a."Name"
FROM "Authors" AS a
2025-11-18 17:54:46.231 +02:00 [ERR] Failed executing DbCommand (26ms) [Parameters=[], CommandType='"Text"', CommandTimeout='30']
SELECT g."Id", g."Name"
FROM "Genres" AS g
2025-11-18 17:54:46.262 +02:00 [ERR] An exception occurred while iterating over the results of a query for context type 'CatalogService.Dal.CatalogDbContext'.
Npgsql.PostgresException (0x80004005): 42P01: relation "Books" does not exist

POSITION: 95
   at Npgsql.Internal.NpgsqlConnector.ReadMessageLong(Boolean async, DataRowLoadingMode dataRowLoadingMode, Boolean readingNotifications, Boolean isReadingPrependedMessage)
   at System.Runtime.CompilerServices.PoolingAsyncValueTaskMethodBuilder`1.StateMachineBox`1.System.Threading.Tasks.Sources.IValueTaskSource<TResult>.GetResult(Int16 token)
   at Npgsql.NpgsqlDataReader.NextResult(Boolean async, Boolean isConsuming, CancellationToken cancellationToken)
   at Npgsql.NpgsqlDataReader.NextResult(Boolean async, Boolean isConsuming, CancellationToken cancellationToken)
   at Npgsql.NpgsqlCommand.ExecuteReader(Boolean async, CommandBehavior behavior, CancellationToken cancellationToken)
   at Npgsql.NpgsqlCommand.ExecuteReader(Boolean async, CommandBehavior behavior, CancellationToken cancellationToken)
   at Npgsql.NpgsqlCommand.ExecuteDbDataReaderAsync(CommandBehavior behavior, CancellationToken cancellationToken)
   at Microsoft.EntityFrameworkCore.Storage.RelationalCommand.ExecuteReaderAsync(RelationalCommandParameterObject parameterObject, CancellationToken cancellationToken)
   at Microsoft.EntityFrameworkCore.Storage.RelationalCommand.ExecuteReaderAsync(RelationalCommandParameterObject parameterObject, CancellationToken cancellationToken)
   at Microsoft.EntityFrameworkCore.Query.Internal.SingleQueryingEnumerable`1.AsyncEnumerator.InitializeReaderAsync(AsyncEnumerator enumerator, CancellationToken cancellationToken)
   at Npgsql.EntityFrameworkCore.PostgreSQL.Storage.Internal.NpgsqlExecutionStrategy.ExecuteAsync[TState,TResult](TState state, Func`4 operation, Func`4 verifySucceeded, CancellationToken cancellationToken)
   at Microsoft.EntityFrameworkCore.Query.Internal.SingleQueryingEnumerable`1.AsyncEnumerator.MoveNextAsync()
  Exception data:
    Severity: ERROR
    SqlState: 42P01
    MessageText: relation "Books" does not exist
    Position: 95
    File: parse_relation.c
    Line: 1452
    Routine: parserOpenTable
Npgsql.PostgresException (0x80004005): 42P01: relation "Books" does not exist

POSITION: 95
   at Npgsql.Internal.NpgsqlConnector.ReadMessageLong(Boolean async, DataRowLoadingMode dataRowLoadingMode, Boolean readingNotifications, Boolean isReadingPrependedMessage)
   at System.Runtime.CompilerServices.PoolingAsyncValueTaskMethodBuilder`1.StateMachineBox`1.System.Threading.Tasks.Sources.IValueTaskSource<TResult>.GetResult(Int16 token)
   at Npgsql.NpgsqlDataReader.NextResult(Boolean async, Boolean isConsuming, CancellationToken cancellationToken)
   at Npgsql.NpgsqlDataReader.NextResult(Boolean async, Boolean isConsuming, CancellationToken cancellationToken)
   at Npgsql.NpgsqlCommand.ExecuteReader(Boolean async, CommandBehavior behavior, CancellationToken cancellationToken)
   at Npgsql.NpgsqlCommand.ExecuteReader(Boolean async, CommandBehavior behavior, CancellationToken cancellationToken)
   at Npgsql.NpgsqlCommand.ExecuteDbDataReaderAsync(CommandBehavior behavior, CancellationToken cancellationToken)
   at Microsoft.EntityFrameworkCore.Storage.RelationalCommand.ExecuteReaderAsync(RelationalCommandParameterObject parameterObject, CancellationToken cancellationToken)
   at Microsoft.EntityFrameworkCore.Storage.RelationalCommand.ExecuteReaderAsync(RelationalCommandParameterObject parameterObject, CancellationToken cancellationToken)
   at Microsoft.EntityFrameworkCore.Query.Internal.SingleQueryingEnumerable`1.AsyncEnumerator.InitializeReaderAsync(AsyncEnumerator enumerator, CancellationToken cancellationToken)
   at Npgsql.EntityFrameworkCore.PostgreSQL.Storage.Internal.NpgsqlExecutionStrategy.ExecuteAsync[TState,TResult](TState state, Func`4 operation, Func`4 verifySucceeded, CancellationToken cancellationToken)
   at Microsoft.EntityFrameworkCore.Query.Internal.SingleQueryingEnumerable`1.AsyncEnumerator.MoveNextAsync()
  Exception data:
    Severity: ERROR
    SqlState: 42P01
    MessageText: relation "Books" does not exist
    Position: 95
    File: parse_relation.c
    Line: 1452
    Routine: parserOpenTable
2025-11-18 17:54:46.262 +02:00 [ERR] An exception occurred while iterating over the results of a query for context type 'CatalogService.Dal.CatalogDbContext'.
Npgsql.PostgresException (0x80004005): 42P01: relation "Genres" does not exist

POSITION: 31
   at Npgsql.Internal.NpgsqlConnector.ReadMessageLong(Boolean async, DataRowLoadingMode dataRowLoadingMode, Boolean readingNotifications, Boolean isReadingPrependedMessage)
   at System.Runtime.CompilerServices.PoolingAsyncValueTaskMethodBuilder`1.StateMachineBox`1.System.Threading.Tasks.Sources.IValueTaskSource<TResult>.GetResult(Int16 token)
   at Npgsql.NpgsqlDataReader.NextResult(Boolean async, Boolean isConsuming, CancellationToken cancellationToken)
   at Npgsql.NpgsqlDataReader.NextResult(Boolean async, Boolean isConsuming, CancellationToken cancellationToken)
   at Npgsql.NpgsqlCommand.ExecuteReader(Boolean async, CommandBehavior behavior, CancellationToken cancellationToken)
   at Npgsql.NpgsqlCommand.ExecuteReader(Boolean async, CommandBehavior behavior, CancellationToken cancellationToken)
   at Npgsql.NpgsqlCommand.ExecuteDbDataReaderAsync(CommandBehavior behavior, CancellationToken cancellationToken)
   at Microsoft.EntityFrameworkCore.Storage.RelationalCommand.ExecuteReaderAsync(RelationalCommandParameterObject parameterObject, CancellationToken cancellationToken)
   at Microsoft.EntityFrameworkCore.Storage.RelationalCommand.ExecuteReaderAsync(RelationalCommandParameterObject parameterObject, CancellationToken cancellationToken)
   at Microsoft.EntityFrameworkCore.Query.Internal.SingleQueryingEnumerable`1.AsyncEnumerator.InitializeReaderAsync(AsyncEnumerator enumerator, CancellationToken cancellationToken)
   at Npgsql.EntityFrameworkCore.PostgreSQL.Storage.Internal.NpgsqlExecutionStrategy.ExecuteAsync[TState,TResult](TState state, Func`4 operation, Func`4 verifySucceeded, CancellationToken cancellationToken)
   at Microsoft.EntityFrameworkCore.Query.Internal.SingleQueryingEnumerable`1.AsyncEnumerator.MoveNextAsync()
  Exception data:
    Severity: ERROR
    SqlState: 42P01
    MessageText: relation "Genres" does not exist
    Position: 31
    File: parse_relation.c
    Line: 1452
    Routine: parserOpenTable
Npgsql.PostgresException (0x80004005): 42P01: relation "Genres" does not exist

POSITION: 31
   at Npgsql.Internal.NpgsqlConnector.ReadMessageLong(Boolean async, DataRowLoadingMode dataRowLoadingMode, Boolean readingNotifications, Boolean isReadingPrependedMessage)
   at System.Runtime.CompilerServices.PoolingAsyncValueTaskMethodBuilder`1.StateMachineBox`1.System.Threading.Tasks.Sources.IValueTaskSource<TResult>.GetResult(Int16 token)
   at Npgsql.NpgsqlDataReader.NextResult(Boolean async, Boolean isConsuming, CancellationToken cancellationToken)
   at Npgsql.NpgsqlDataReader.NextResult(Boolean async, Boolean isConsuming, CancellationToken cancellationToken)
   at Npgsql.NpgsqlCommand.ExecuteReader(Boolean async, CommandBehavior behavior, CancellationToken cancellationToken)
   at Npgsql.NpgsqlCommand.ExecuteReader(Boolean async, CommandBehavior behavior, CancellationToken cancellationToken)
   at Npgsql.NpgsqlCommand.ExecuteDbDataReaderAsync(CommandBehavior behavior, CancellationToken cancellationToken)
   at Microsoft.EntityFrameworkCore.Storage.RelationalCommand.ExecuteReaderAsync(RelationalCommandParameterObject parameterObject, CancellationToken cancellationToken)
   at Microsoft.EntityFrameworkCore.Storage.RelationalCommand.ExecuteReaderAsync(RelationalCommandParameterObject parameterObject, CancellationToken cancellationToken)
   at Microsoft.EntityFrameworkCore.Query.Internal.SingleQueryingEnumerable`1.AsyncEnumerator.InitializeReaderAsync(AsyncEnumerator enumerator, CancellationToken cancellationToken)
   at Npgsql.EntityFrameworkCore.PostgreSQL.Storage.Internal.NpgsqlExecutionStrategy.ExecuteAsync[TState,TResult](TState state, Func`4 operation, Func`4 verifySucceeded, CancellationToken cancellationToken)
   at Microsoft.EntityFrameworkCore.Query.Internal.SingleQueryingEnumerable`1.AsyncEnumerator.MoveNextAsync()
  Exception data:
    Severity: ERROR
    SqlState: 42P01
    MessageText: relation "Genres" does not exist
    Position: 31
    File: parse_relation.c
    Line: 1452
    Routine: parserOpenTable
2025-11-18 17:54:46.262 +02:00 [ERR] An exception occurred while iterating over the results of a query for context type 'CatalogService.Dal.CatalogDbContext'.
Npgsql.PostgresException (0x80004005): 42P01: relation "Authors" does not exist

POSITION: 31
   at Npgsql.Internal.NpgsqlConnector.ReadMessageLong(Boolean async, DataRowLoadingMode dataRowLoadingMode, Boolean readingNotifications, Boolean isReadingPrependedMessage)
   at System.Runtime.CompilerServices.PoolingAsyncValueTaskMethodBuilder`1.StateMachineBox`1.System.Threading.Tasks.Sources.IValueTaskSource<TResult>.GetResult(Int16 token)
   at Npgsql.NpgsqlDataReader.NextResult(Boolean async, Boolean isConsuming, CancellationToken cancellationToken)
   at Npgsql.NpgsqlDataReader.NextResult(Boolean async, Boolean isConsuming, CancellationToken cancellationToken)
   at Npgsql.NpgsqlCommand.ExecuteReader(Boolean async, CommandBehavior behavior, CancellationToken cancellationToken)
   at Npgsql.NpgsqlCommand.ExecuteReader(Boolean async, CommandBehavior behavior, CancellationToken cancellationToken)
   at Npgsql.NpgsqlCommand.ExecuteDbDataReaderAsync(CommandBehavior behavior, CancellationToken cancellationToken)
   at Microsoft.EntityFrameworkCore.Storage.RelationalCommand.ExecuteReaderAsync(RelationalCommandParameterObject parameterObject, CancellationToken cancellationToken)
   at Microsoft.EntityFrameworkCore.Storage.RelationalCommand.ExecuteReaderAsync(RelationalCommandParameterObject parameterObject, CancellationToken cancellationToken)
   at Microsoft.EntityFrameworkCore.Query.Internal.SingleQueryingEnumerable`1.AsyncEnumerator.InitializeReaderAsync(AsyncEnumerator enumerator, CancellationToken cancellationToken)
   at Npgsql.EntityFrameworkCore.PostgreSQL.Storage.Internal.NpgsqlExecutionStrategy.ExecuteAsync[TState,TResult](TState state, Func`4 operation, Func`4 verifySucceeded, CancellationToken cancellationToken)
   at Microsoft.EntityFrameworkCore.Query.Internal.SingleQueryingEnumerable`1.AsyncEnumerator.MoveNextAsync()
  Exception data:
    Severity: ERROR
    SqlState: 42P01
    MessageText: relation "Authors" does not exist
    Position: 31
    File: parse_relation.c
    Line: 1452
    Routine: parserOpenTable
Npgsql.PostgresException (0x80004005): 42P01: relation "Authors" does not exist

POSITION: 31
   at Npgsql.Internal.NpgsqlConnector.ReadMessageLong(Boolean async, DataRowLoadingMode dataRowLoadingMode, Boolean readingNotifications, Boolean isReadingPrependedMessage)
   at System.Runtime.CompilerServices.PoolingAsyncValueTaskMethodBuilder`1.StateMachineBox`1.System.Threading.Tasks.Sources.IValueTaskSource<TResult>.GetResult(Int16 token)
   at Npgsql.NpgsqlDataReader.NextResult(Boolean async, Boolean isConsuming, CancellationToken cancellationToken)
   at Npgsql.NpgsqlDataReader.NextResult(Boolean async, Boolean isConsuming, CancellationToken cancellationToken)
   at Npgsql.NpgsqlCommand.ExecuteReader(Boolean async, CommandBehavior behavior, CancellationToken cancellationToken)
   at Npgsql.NpgsqlCommand.ExecuteReader(Boolean async, CommandBehavior behavior, CancellationToken cancellationToken)
   at Npgsql.NpgsqlCommand.ExecuteDbDataReaderAsync(CommandBehavior behavior, CancellationToken cancellationToken)
   at Microsoft.EntityFrameworkCore.Storage.RelationalCommand.ExecuteReaderAsync(RelationalCommandParameterObject parameterObject, CancellationToken cancellationToken)
   at Microsoft.EntityFrameworkCore.Storage.RelationalCommand.ExecuteReaderAsync(RelationalCommandParameterObject parameterObject, CancellationToken cancellationToken)
   at Microsoft.EntityFrameworkCore.Query.Internal.SingleQueryingEnumerable`1.AsyncEnumerator.InitializeReaderAsync(AsyncEnumerator enumerator, CancellationToken cancellationToken)
   at Npgsql.EntityFrameworkCore.PostgreSQL.Storage.Internal.NpgsqlExecutionStrategy.ExecuteAsync[TState,TResult](TState state, Func`4 operation, Func`4 verifySucceeded, CancellationToken cancellationToken)
   at Microsoft.EntityFrameworkCore.Query.Internal.SingleQueryingEnumerable`1.AsyncEnumerator.MoveNextAsync()
  Exception data:
    Severity: ERROR
    SqlState: 42P01
    MessageText: relation "Authors" does not exist
    Position: 31
    File: parse_relation.c
    Line: 1452
    Routine: parserOpenTable
2025-11-18 17:54:46.290 +02:00 [INF] Executed action CatalogService.Api.Controllers.BooksController.GetAll (CatalogService.Api) in 1101.6622ms
2025-11-18 17:54:46.294 +02:00 [INF] Executed action CatalogService.Api.Controllers.GenresController.GetAll (CatalogService.Api) in 1104.7149ms
2025-11-18 17:54:46.304 +02:00 [INF] Executed action CatalogService.Api.Controllers.AuthorsController.GetAll (CatalogService.Api) in 1111.7598ms
2025-11-18 17:54:46.308 +02:00 [INF] Executed endpoint 'CatalogService.Api.Controllers.BooksController.GetAll (CatalogService.Api)'
2025-11-18 17:54:46.310 +02:00 [INF] Executed endpoint 'CatalogService.Api.Controllers.GenresController.GetAll (CatalogService.Api)'
2025-11-18 17:54:46.313 +02:00 [INF] Executed endpoint 'CatalogService.Api.Controllers.AuthorsController.GetAll (CatalogService.Api)'
2025-11-18 17:54:46.343 +02:00 [ERR] An unhandled exception has occurred while executing the request.
Npgsql.PostgresException (0x80004005): 42P01: relation "Books" does not exist

POSITION: 95
   at Npgsql.Internal.NpgsqlConnector.ReadMessageLong(Boolean async, DataRowLoadingMode dataRowLoadingMode, Boolean readingNotifications, Boolean isReadingPrependedMessage)
   at System.Runtime.CompilerServices.PoolingAsyncValueTaskMethodBuilder`1.StateMachineBox`1.System.Threading.Tasks.Sources.IValueTaskSource<TResult>.GetResult(Int16 token)
   at Npgsql.NpgsqlDataReader.NextResult(Boolean async, Boolean isConsuming, CancellationToken cancellationToken)
   at Npgsql.NpgsqlDataReader.NextResult(Boolean async, Boolean isConsuming, CancellationToken cancellationToken)
   at Npgsql.NpgsqlCommand.ExecuteReader(Boolean async, CommandBehavior behavior, CancellationToken cancellationToken)
   at Npgsql.NpgsqlCommand.ExecuteReader(Boolean async, CommandBehavior behavior, CancellationToken cancellationToken)
   at Npgsql.NpgsqlCommand.ExecuteDbDataReaderAsync(CommandBehavior behavior, CancellationToken cancellationToken)
   at Microsoft.EntityFrameworkCore.Storage.RelationalCommand.ExecuteReaderAsync(RelationalCommandParameterObject parameterObject, CancellationToken cancellationToken)
   at Microsoft.EntityFrameworkCore.Storage.RelationalCommand.ExecuteReaderAsync(RelationalCommandParameterObject parameterObject, CancellationToken cancellationToken)
   at Microsoft.EntityFrameworkCore.Query.Internal.SingleQueryingEnumerable`1.AsyncEnumerator.InitializeReaderAsync(AsyncEnumerator enumerator, CancellationToken cancellationToken)
   at Npgsql.EntityFrameworkCore.PostgreSQL.Storage.Internal.NpgsqlExecutionStrategy.ExecuteAsync[TState,TResult](TState state, Func`4 operation, Func`4 verifySucceeded, CancellationToken cancellationToken)
   at Microsoft.EntityFrameworkCore.Query.Internal.SingleQueryingEnumerable`1.AsyncEnumerator.MoveNextAsync()
   at Microsoft.EntityFrameworkCore.EntityFrameworkQueryableExtensions.ToListAsync[TSource](IQueryable`1 source, CancellationToken cancellationToken)
   at Microsoft.EntityFrameworkCore.EntityFrameworkQueryableExtensions.ToListAsync[TSource](IQueryable`1 source, CancellationToken cancellationToken)
   at CatalogService.Bll.Services.BookService.GetAllAsync() in C:\Users\Admin\Documents\projects\LibrarySystem\CatalogService\CatalogService.Bll\Services\BookService.cs:line 24
   at CatalogService.Api.Controllers.BooksController.GetAll() in C:\Users\Admin\Documents\projects\LibrarySystem\CatalogService\CatalogService.Api\Controllers\BooksController.cs:line 16
   at Microsoft.AspNetCore.Mvc.Infrastructure.ActionMethodExecutor.TaskOfIActionResultExecutor.Execute(ActionContext actionContext, IActionResultTypeMapper mapper, ObjectMethodExecutor executor, Object controller, Object[] arguments)
   at Microsoft.AspNetCore.Mvc.Infrastructure.ControllerActionInvoker.<InvokeActionMethodAsync>g__Awaited|12_0(ControllerActionInvoker invoker, ValueTask`1 actionResultValueTask)
   at Microsoft.AspNetCore.Mvc.Infrastructure.ControllerActionInvoker.<InvokeNextActionFilterAsync>g__Awaited|10_0(ControllerActionInvoker invoker, Task lastTask, State next, Scope scope, Object state, Boolean isCompleted)
   at Microsoft.AspNetCore.Mvc.Infrastructure.ControllerActionInvoker.Rethrow(ActionExecutedContextSealed context)
   at Microsoft.AspNetCore.Mvc.Infrastructure.ControllerActionInvoker.Next(State& next, Scope& scope, Object& state, Boolean& isCompleted)
   at Microsoft.AspNetCore.Mvc.Infrastructure.ControllerActionInvoker.<InvokeInnerFilterAsync>g__Awaited|13_0(ControllerActionInvoker invoker, Task lastTask, State next, Scope scope, Object state, Boolean isCompleted)
   at Microsoft.AspNetCore.Mvc.Infrastructure.ResourceInvoker.<InvokeFilterPipelineAsync>g__Awaited|20_0(ResourceInvoker invoker, Task lastTask, State next, Scope scope, Object state, Boolean isCompleted)
   at Microsoft.AspNetCore.Mvc.Infrastructure.ResourceInvoker.<InvokeAsync>g__Logged|17_1(ResourceInvoker invoker)
   at Microsoft.AspNetCore.Mvc.Infrastructure.ResourceInvoker.<InvokeAsync>g__Logged|17_1(ResourceInvoker invoker)
   at Microsoft.AspNetCore.Routing.EndpointMiddleware.<Invoke>g__AwaitRequestTask|7_0(Endpoint endpoint, Task requestTask, ILogger logger)
   at Swashbuckle.AspNetCore.SwaggerUI.SwaggerUIMiddleware.Invoke(HttpContext httpContext)
   at Swashbuckle.AspNetCore.Swagger.SwaggerMiddleware.Invoke(HttpContext httpContext, ISwaggerProvider swaggerProvider)
   at Hellang.Middleware.ProblemDetails.ProblemDetailsMiddleware.Invoke(HttpContext context)
  Exception data:
    Severity: ERROR
    SqlState: 42P01
    MessageText: relation "Books" does not exist
    Position: 95
    File: parse_relation.c
    Line: 1452
    Routine: parserOpenTable
2025-11-18 17:54:46.343 +02:00 [ERR] An unhandled exception has occurred while executing the request.
Npgsql.PostgresException (0x80004005): 42P01: relation "Authors" does not exist

POSITION: 31
   at Npgsql.Internal.NpgsqlConnector.ReadMessageLong(Boolean async, DataRowLoadingMode dataRowLoadingMode, Boolean readingNotifications, Boolean isReadingPrependedMessage)
   at System.Runtime.CompilerServices.PoolingAsyncValueTaskMethodBuilder`1.StateMachineBox`1.System.Threading.Tasks.Sources.IValueTaskSource<TResult>.GetResult(Int16 token)
   at Npgsql.NpgsqlDataReader.NextResult(Boolean async, Boolean isConsuming, CancellationToken cancellationToken)
   at Npgsql.NpgsqlDataReader.NextResult(Boolean async, Boolean isConsuming, CancellationToken cancellationToken)
   at Npgsql.NpgsqlCommand.ExecuteReader(Boolean async, CommandBehavior behavior, CancellationToken cancellationToken)
   at Npgsql.NpgsqlCommand.ExecuteReader(Boolean async, CommandBehavior behavior, CancellationToken cancellationToken)
   at Npgsql.NpgsqlCommand.ExecuteDbDataReaderAsync(CommandBehavior behavior, CancellationToken cancellationToken)
   at Microsoft.EntityFrameworkCore.Storage.RelationalCommand.ExecuteReaderAsync(RelationalCommandParameterObject parameterObject, CancellationToken cancellationToken)
   at Microsoft.EntityFrameworkCore.Storage.RelationalCommand.ExecuteReaderAsync(RelationalCommandParameterObject parameterObject, CancellationToken cancellationToken)
   at Microsoft.EntityFrameworkCore.Query.Internal.SingleQueryingEnumerable`1.AsyncEnumerator.InitializeReaderAsync(AsyncEnumerator enumerator, CancellationToken cancellationToken)
   at Npgsql.EntityFrameworkCore.PostgreSQL.Storage.Internal.NpgsqlExecutionStrategy.ExecuteAsync[TState,TResult](TState state, Func`4 operation, Func`4 verifySucceeded, CancellationToken cancellationToken)
   at Microsoft.EntityFrameworkCore.Query.Internal.SingleQueryingEnumerable`1.AsyncEnumerator.MoveNextAsync()
   at Microsoft.EntityFrameworkCore.EntityFrameworkQueryableExtensions.ToListAsync[TSource](IQueryable`1 source, CancellationToken cancellationToken)
   at Microsoft.EntityFrameworkCore.EntityFrameworkQueryableExtensions.ToListAsync[TSource](IQueryable`1 source, CancellationToken cancellationToken)
   at CatalogService.Dal.Repositories.GenericRepository`1.GetAllAsync() in C:\Users\Admin\Documents\projects\LibrarySystem\CatalogService\CatalogService.Dal\Repositories\GenericRepository.cs:line 10
   at CatalogService.Bll.Services.AuthorService.GetAllAsync() in C:\Users\Admin\Documents\projects\LibrarySystem\CatalogService\CatalogService.Bll\Services\AuthorService.cs:line 21
   at CatalogService.Api.Controllers.AuthorsController.GetAll() in C:\Users\Admin\Documents\projects\LibrarySystem\CatalogService\CatalogService.Api\Controllers\AuthorsController.cs:line 16
   at Microsoft.AspNetCore.Mvc.Infrastructure.ActionMethodExecutor.TaskOfIActionResultExecutor.Execute(ActionContext actionContext, IActionResultTypeMapper mapper, ObjectMethodExecutor executor, Object controller, Object[] arguments)
   at Microsoft.AspNetCore.Mvc.Infrastructure.ControllerActionInvoker.<InvokeActionMethodAsync>g__Awaited|12_0(ControllerActionInvoker invoker, ValueTask`1 actionResultValueTask)
   at Microsoft.AspNetCore.Mvc.Infrastructure.ControllerActionInvoker.<InvokeNextActionFilterAsync>g__Awaited|10_0(ControllerActionInvoker invoker, Task lastTask, State next, Scope scope, Object state, Boolean isCompleted)
   at Microsoft.AspNetCore.Mvc.Infrastructure.ControllerActionInvoker.Rethrow(ActionExecutedContextSealed context)
   at Microsoft.AspNetCore.Mvc.Infrastructure.ControllerActionInvoker.Next(State& next, Scope& scope, Object& state, Boolean& isCompleted)
   at Microsoft.AspNetCore.Mvc.Infrastructure.ControllerActionInvoker.<InvokeInnerFilterAsync>g__Awaited|13_0(ControllerActionInvoker invoker, Task lastTask, State next, Scope scope, Object state, Boolean isCompleted)
   at Microsoft.AspNetCore.Mvc.Infrastructure.ResourceInvoker.<InvokeFilterPipelineAsync>g__Awaited|20_0(ResourceInvoker invoker, Task lastTask, State next, Scope scope, Object state, Boolean isCompleted)
   at Microsoft.AspNetCore.Mvc.Infrastructure.ResourceInvoker.<InvokeAsync>g__Logged|17_1(ResourceInvoker invoker)
   at Microsoft.AspNetCore.Mvc.Infrastructure.ResourceInvoker.<InvokeAsync>g__Logged|17_1(ResourceInvoker invoker)
   at Microsoft.AspNetCore.Routing.EndpointMiddleware.<Invoke>g__AwaitRequestTask|7_0(Endpoint endpoint, Task requestTask, ILogger logger)
   at Swashbuckle.AspNetCore.SwaggerUI.SwaggerUIMiddleware.Invoke(HttpContext httpContext)
   at Swashbuckle.AspNetCore.Swagger.SwaggerMiddleware.Invoke(HttpContext httpContext, ISwaggerProvider swaggerProvider)
   at Hellang.Middleware.ProblemDetails.ProblemDetailsMiddleware.Invoke(HttpContext context)
  Exception data:
    Severity: ERROR
    SqlState: 42P01
    MessageText: relation "Authors" does not exist
    Position: 31
    File: parse_relation.c
    Line: 1452
    Routine: parserOpenTable
2025-11-18 17:54:46.343 +02:00 [ERR] An unhandled exception has occurred while executing the request.
Npgsql.PostgresException (0x80004005): 42P01: relation "Genres" does not exist

POSITION: 31
   at Npgsql.Internal.NpgsqlConnector.ReadMessageLong(Boolean async, DataRowLoadingMode dataRowLoadingMode, Boolean readingNotifications, Boolean isReadingPrependedMessage)
   at System.Runtime.CompilerServices.PoolingAsyncValueTaskMethodBuilder`1.StateMachineBox`1.System.Threading.Tasks.Sources.IValueTaskSource<TResult>.GetResult(Int16 token)
   at Npgsql.NpgsqlDataReader.NextResult(Boolean async, Boolean isConsuming, CancellationToken cancellationToken)
   at Npgsql.NpgsqlDataReader.NextResult(Boolean async, Boolean isConsuming, CancellationToken cancellationToken)
   at Npgsql.NpgsqlCommand.ExecuteReader(Boolean async, CommandBehavior behavior, CancellationToken cancellationToken)
   at Npgsql.NpgsqlCommand.ExecuteReader(Boolean async, CommandBehavior behavior, CancellationToken cancellationToken)
   at Npgsql.NpgsqlCommand.ExecuteDbDataReaderAsync(CommandBehavior behavior, CancellationToken cancellationToken)
   at Microsoft.EntityFrameworkCore.Storage.RelationalCommand.ExecuteReaderAsync(RelationalCommandParameterObject parameterObject, CancellationToken cancellationToken)
   at Microsoft.EntityFrameworkCore.Storage.RelationalCommand.ExecuteReaderAsync(RelationalCommandParameterObject parameterObject, CancellationToken cancellationToken)
   at Microsoft.EntityFrameworkCore.Query.Internal.SingleQueryingEnumerable`1.AsyncEnumerator.InitializeReaderAsync(AsyncEnumerator enumerator, CancellationToken cancellationToken)
   at Npgsql.EntityFrameworkCore.PostgreSQL.Storage.Internal.NpgsqlExecutionStrategy.ExecuteAsync[TState,TResult](TState state, Func`4 operation, Func`4 verifySucceeded, CancellationToken cancellationToken)
   at Microsoft.EntityFrameworkCore.Query.Internal.SingleQueryingEnumerable`1.AsyncEnumerator.MoveNextAsync()
   at Microsoft.EntityFrameworkCore.EntityFrameworkQueryableExtensions.ToListAsync[TSource](IQueryable`1 source, CancellationToken cancellationToken)
   at Microsoft.EntityFrameworkCore.EntityFrameworkQueryableExtensions.ToListAsync[TSource](IQueryable`1 source, CancellationToken cancellationToken)
   at CatalogService.Dal.Repositories.GenericRepository`1.GetAllAsync() in C:\Users\Admin\Documents\projects\LibrarySystem\CatalogService\CatalogService.Dal\Repositories\GenericRepository.cs:line 10
   at CatalogService.Bll.Services.GenreService.GetAllAsync() in C:\Users\Admin\Documents\projects\LibrarySystem\CatalogService\CatalogService.Bll\Services\GenreService.cs:line 21
   at CatalogService.Api.Controllers.GenresController.GetAll() in C:\Users\Admin\Documents\projects\LibrarySystem\CatalogService\CatalogService.Api\Controllers\GenresController.cs:line 16
   at Microsoft.AspNetCore.Mvc.Infrastructure.ActionMethodExecutor.TaskOfIActionResultExecutor.Execute(ActionContext actionContext, IActionResultTypeMapper mapper, ObjectMethodExecutor executor, Object controller, Object[] arguments)
   at Microsoft.AspNetCore.Mvc.Infrastructure.ControllerActionInvoker.<InvokeActionMethodAsync>g__Awaited|12_0(ControllerActionInvoker invoker, ValueTask`1 actionResultValueTask)
   at Microsoft.AspNetCore.Mvc.Infrastructure.ControllerActionInvoker.<InvokeNextActionFilterAsync>g__Awaited|10_0(ControllerActionInvoker invoker, Task lastTask, State next, Scope scope, Object state, Boolean isCompleted)
   at Microsoft.AspNetCore.Mvc.Infrastructure.ControllerActionInvoker.Rethrow(ActionExecutedContextSealed context)
   at Microsoft.AspNetCore.Mvc.Infrastructure.ControllerActionInvoker.Next(State& next, Scope& scope, Object& state, Boolean& isCompleted)
   at Microsoft.AspNetCore.Mvc.Infrastructure.ControllerActionInvoker.<InvokeInnerFilterAsync>g__Awaited|13_0(ControllerActionInvoker invoker, Task lastTask, State next, Scope scope, Object state, Boolean isCompleted)
   at Microsoft.AspNetCore.Mvc.Infrastructure.ResourceInvoker.<InvokeFilterPipelineAsync>g__Awaited|20_0(ResourceInvoker invoker, Task lastTask, State next, Scope scope, Object state, Boolean isCompleted)
   at Microsoft.AspNetCore.Mvc.Infrastructure.ResourceInvoker.<InvokeAsync>g__Logged|17_1(ResourceInvoker invoker)
   at Microsoft.AspNetCore.Mvc.Infrastructure.ResourceInvoker.<InvokeAsync>g__Logged|17_1(ResourceInvoker invoker)
   at Microsoft.AspNetCore.Routing.EndpointMiddleware.<Invoke>g__AwaitRequestTask|7_0(Endpoint endpoint, Task requestTask, ILogger logger)
   at Swashbuckle.AspNetCore.SwaggerUI.SwaggerUIMiddleware.Invoke(HttpContext httpContext)
   at Swashbuckle.AspNetCore.Swagger.SwaggerMiddleware.Invoke(HttpContext httpContext, ISwaggerProvider swaggerProvider)
   at Hellang.Middleware.ProblemDetails.ProblemDetailsMiddleware.Invoke(HttpContext context)
  Exception data:
    Severity: ERROR
    SqlState: 42P01
    MessageText: relation "Genres" does not exist
    Position: 31
    File: parse_relation.c
    Line: 1452
    Routine: parserOpenTable
2025-11-18 17:54:46.368 +02:00 [INF] Executing ObjectResult, writing value of type 'Microsoft.AspNetCore.Mvc.ProblemDetails'.
2025-11-18 17:54:46.378 +02:00 [INF] Executing ObjectResult, writing value of type 'Microsoft.AspNetCore.Mvc.ProblemDetails'.
2025-11-18 17:54:46.390 +02:00 [INF] Executing ObjectResult, writing value of type 'Microsoft.AspNetCore.Mvc.ProblemDetails'.
2025-11-18 17:54:46.447 +02:00 [INF] Request finished HTTP/1.1 GET http://localhost:5180/api/authors - 500 null application/problem+json; charset=utf-8 1329.5716ms
2025-11-18 17:54:46.447 +02:00 [INF] Request finished HTTP/1.1 GET http://localhost:5180/api/genres - 500 null application/problem+json; charset=utf-8 1329.5797ms
2025-11-18 17:54:46.447 +02:00 [INF] Request finished HTTP/1.1 GET http://localhost:5180/api/books - 500 null application/problem+json; charset=utf-8 1329.5709ms
2025-11-18 17:54:46.448 +02:00 [INF] Request starting HTTP/1.1 GET http://localhost:5180/api/books - null null
2025-11-18 17:54:46.448 +02:00 [INF] Request starting HTTP/1.1 GET http://localhost:5180/api/genres - null null
2025-11-18 17:54:46.448 +02:00 [INF] Request starting HTTP/1.1 GET http://localhost:5180/api/authors - null null
2025-11-18 17:54:46.472 +02:00 [INF] Executing endpoint 'CatalogService.Api.Controllers.BooksController.GetAll (CatalogService.Api)'
2025-11-18 17:54:46.475 +02:00 [INF] Executing endpoint 'CatalogService.Api.Controllers.GenresController.GetAll (CatalogService.Api)'
2025-11-18 17:54:46.479 +02:00 [INF] Executing endpoint 'CatalogService.Api.Controllers.AuthorsController.GetAll (CatalogService.Api)'
2025-11-18 17:54:46.481 +02:00 [INF] Route matched with {action = "GetAll", controller = "Books"}. Executing controller action with signature System.Threading.Tasks.Task`1[Microsoft.AspNetCore.Mvc.IActionResult] GetAll() on controller CatalogService.Api.Controllers.BooksController (CatalogService.Api).
2025-11-18 17:54:46.482 +02:00 [INF] Route matched with {action = "GetAll", controller = "Genres"}. Executing controller action with signature System.Threading.Tasks.Task`1[Microsoft.AspNetCore.Mvc.IActionResult] GetAll() on controller CatalogService.Api.Controllers.GenresController (CatalogService.Api).
2025-11-18 17:54:46.484 +02:00 [INF] Route matched with {action = "GetAll", controller = "Authors"}. Executing controller action with signature System.Threading.Tasks.Task`1[Microsoft.AspNetCore.Mvc.IActionResult] GetAll() on controller CatalogService.Api.Controllers.AuthorsController (CatalogService.Api).
2025-11-18 17:54:46.546 +02:00 [ERR] Failed executing DbCommand (4ms) [Parameters=[], CommandType='"Text"', CommandTimeout='30']
SELECT a."Id", a."Name"
FROM "Authors" AS a
2025-11-18 17:54:46.546 +02:00 [ERR] Failed executing DbCommand (4ms) [Parameters=[], CommandType='"Text"', CommandTimeout='30']
SELECT g."Id", g."Name"
FROM "Genres" AS g
2025-11-18 17:54:46.546 +02:00 [ERR] Failed executing DbCommand (2ms) [Parameters=[], CommandType='"Text"', CommandTimeout='30']
SELECT b."Id", b."AuthorId", b."GenreId", b."Title", a."Id", a."Name", g."Id", g."Name"
FROM "Books" AS b
INNER JOIN "Authors" AS a ON b."AuthorId" = a."Id"
INNER JOIN "Genres" AS g ON b."GenreId" = g."Id"
2025-11-18 17:54:46.552 +02:00 [ERR] An exception occurred while iterating over the results of a query for context type 'CatalogService.Dal.CatalogDbContext'.
Npgsql.PostgresException (0x80004005): 42P01: relation "Authors" does not exist

POSITION: 31
   at Npgsql.Internal.NpgsqlConnector.ReadMessageLong(Boolean async, DataRowLoadingMode dataRowLoadingMode, Boolean readingNotifications, Boolean isReadingPrependedMessage)
   at System.Runtime.CompilerServices.PoolingAsyncValueTaskMethodBuilder`1.StateMachineBox`1.System.Threading.Tasks.Sources.IValueTaskSource<TResult>.GetResult(Int16 token)
   at Npgsql.NpgsqlDataReader.NextResult(Boolean async, Boolean isConsuming, CancellationToken cancellationToken)
   at Npgsql.NpgsqlDataReader.NextResult(Boolean async, Boolean isConsuming, CancellationToken cancellationToken)
   at Npgsql.NpgsqlCommand.ExecuteReader(Boolean async, CommandBehavior behavior, CancellationToken cancellationToken)
   at Npgsql.NpgsqlCommand.ExecuteReader(Boolean async, CommandBehavior behavior, CancellationToken cancellationToken)
   at Npgsql.NpgsqlCommand.ExecuteDbDataReaderAsync(CommandBehavior behavior, CancellationToken cancellationToken)
   at Microsoft.EntityFrameworkCore.Storage.RelationalCommand.ExecuteReaderAsync(RelationalCommandParameterObject parameterObject, CancellationToken cancellationToken)
   at Microsoft.EntityFrameworkCore.Storage.RelationalCommand.ExecuteReaderAsync(RelationalCommandParameterObject parameterObject, CancellationToken cancellationToken)
   at Microsoft.EntityFrameworkCore.Query.Internal.SingleQueryingEnumerable`1.AsyncEnumerator.InitializeReaderAsync(AsyncEnumerator enumerator, CancellationToken cancellationToken)
   at Npgsql.EntityFrameworkCore.PostgreSQL.Storage.Internal.NpgsqlExecutionStrategy.ExecuteAsync[TState,TResult](TState state, Func`4 operation, Func`4 verifySucceeded, CancellationToken cancellationToken)
   at Microsoft.EntityFrameworkCore.Query.Internal.SingleQueryingEnumerable`1.AsyncEnumerator.MoveNextAsync()
  Exception data:
    Severity: ERROR
    SqlState: 42P01
    MessageText: relation "Authors" does not exist
    Position: 31
    File: parse_relation.c
    Line: 1452
    Routine: parserOpenTable
Npgsql.PostgresException (0x80004005): 42P01: relation "Authors" does not exist

POSITION: 31
   at Npgsql.Internal.NpgsqlConnector.ReadMessageLong(Boolean async, DataRowLoadingMode dataRowLoadingMode, Boolean readingNotifications, Boolean isReadingPrependedMessage)
   at System.Runtime.CompilerServices.PoolingAsyncValueTaskMethodBuilder`1.StateMachineBox`1.System.Threading.Tasks.Sources.IValueTaskSource<TResult>.GetResult(Int16 token)
   at Npgsql.NpgsqlDataReader.NextResult(Boolean async, Boolean isConsuming, CancellationToken cancellationToken)
   at Npgsql.NpgsqlDataReader.NextResult(Boolean async, Boolean isConsuming, CancellationToken cancellationToken)
   at Npgsql.NpgsqlCommand.ExecuteReader(Boolean async, CommandBehavior behavior, CancellationToken cancellationToken)
   at Npgsql.NpgsqlCommand.ExecuteReader(Boolean async, CommandBehavior behavior, CancellationToken cancellationToken)
   at Npgsql.NpgsqlCommand.ExecuteDbDataReaderAsync(CommandBehavior behavior, CancellationToken cancellationToken)
   at Microsoft.EntityFrameworkCore.Storage.RelationalCommand.ExecuteReaderAsync(RelationalCommandParameterObject parameterObject, CancellationToken cancellationToken)
   at Microsoft.EntityFrameworkCore.Storage.RelationalCommand.ExecuteReaderAsync(RelationalCommandParameterObject parameterObject, CancellationToken cancellationToken)
   at Microsoft.EntityFrameworkCore.Query.Internal.SingleQueryingEnumerable`1.AsyncEnumerator.InitializeReaderAsync(AsyncEnumerator enumerator, CancellationToken cancellationToken)
   at Npgsql.EntityFrameworkCore.PostgreSQL.Storage.Internal.NpgsqlExecutionStrategy.ExecuteAsync[TState,TResult](TState state, Func`4 operation, Func`4 verifySucceeded, CancellationToken cancellationToken)
   at Microsoft.EntityFrameworkCore.Query.Internal.SingleQueryingEnumerable`1.AsyncEnumerator.MoveNextAsync()
  Exception data:
    Severity: ERROR
    SqlState: 42P01
    MessageText: relation "Authors" does not exist
    Position: 31
    File: parse_relation.c
    Line: 1452
    Routine: parserOpenTable
2025-11-18 17:54:46.557 +02:00 [ERR] An exception occurred while iterating over the results of a query for context type 'CatalogService.Dal.CatalogDbContext'.
Npgsql.PostgresException (0x80004005): 42P01: relation "Genres" does not exist

POSITION: 31
   at Npgsql.Internal.NpgsqlConnector.ReadMessageLong(Boolean async, DataRowLoadingMode dataRowLoadingMode, Boolean readingNotifications, Boolean isReadingPrependedMessage)
   at System.Runtime.CompilerServices.PoolingAsyncValueTaskMethodBuilder`1.StateMachineBox`1.System.Threading.Tasks.Sources.IValueTaskSource<TResult>.GetResult(Int16 token)
   at Npgsql.NpgsqlDataReader.NextResult(Boolean async, Boolean isConsuming, CancellationToken cancellationToken)
   at Npgsql.NpgsqlDataReader.NextResult(Boolean async, Boolean isConsuming, CancellationToken cancellationToken)
   at Npgsql.NpgsqlCommand.ExecuteReader(Boolean async, CommandBehavior behavior, CancellationToken cancellationToken)
   at Npgsql.NpgsqlCommand.ExecuteReader(Boolean async, CommandBehavior behavior, CancellationToken cancellationToken)
   at Npgsql.NpgsqlCommand.ExecuteDbDataReaderAsync(CommandBehavior behavior, CancellationToken cancellationToken)
   at Microsoft.EntityFrameworkCore.Storage.RelationalCommand.ExecuteReaderAsync(RelationalCommandParameterObject parameterObject, CancellationToken cancellationToken)
   at Microsoft.EntityFrameworkCore.Storage.RelationalCommand.ExecuteReaderAsync(RelationalCommandParameterObject parameterObject, CancellationToken cancellationToken)
   at Microsoft.EntityFrameworkCore.Query.Internal.SingleQueryingEnumerable`1.AsyncEnumerator.InitializeReaderAsync(AsyncEnumerator enumerator, CancellationToken cancellationToken)
   at Npgsql.EntityFrameworkCore.PostgreSQL.Storage.Internal.NpgsqlExecutionStrategy.ExecuteAsync[TState,TResult](TState state, Func`4 operation, Func`4 verifySucceeded, CancellationToken cancellationToken)
   at Microsoft.EntityFrameworkCore.Query.Internal.SingleQueryingEnumerable`1.AsyncEnumerator.MoveNextAsync()
  Exception data:
    Severity: ERROR
    SqlState: 42P01
    MessageText: relation "Genres" does not exist
    Position: 31
    File: parse_relation.c
    Line: 1452
    Routine: parserOpenTable
Npgsql.PostgresException (0x80004005): 42P01: relation "Genres" does not exist

POSITION: 31
   at Npgsql.Internal.NpgsqlConnector.ReadMessageLong(Boolean async, DataRowLoadingMode dataRowLoadingMode, Boolean readingNotifications, Boolean isReadingPrependedMessage)
   at System.Runtime.CompilerServices.PoolingAsyncValueTaskMethodBuilder`1.StateMachineBox`1.System.Threading.Tasks.Sources.IValueTaskSource<TResult>.GetResult(Int16 token)
   at Npgsql.NpgsqlDataReader.NextResult(Boolean async, Boolean isConsuming, CancellationToken cancellationToken)
   at Npgsql.NpgsqlDataReader.NextResult(Boolean async, Boolean isConsuming, CancellationToken cancellationToken)
   at Npgsql.NpgsqlCommand.ExecuteReader(Boolean async, CommandBehavior behavior, CancellationToken cancellationToken)
   at Npgsql.NpgsqlCommand.ExecuteReader(Boolean async, CommandBehavior behavior, CancellationToken cancellationToken)
   at Npgsql.NpgsqlCommand.ExecuteDbDataReaderAsync(CommandBehavior behavior, CancellationToken cancellationToken)
   at Microsoft.EntityFrameworkCore.Storage.RelationalCommand.ExecuteReaderAsync(RelationalCommandParameterObject parameterObject, CancellationToken cancellationToken)
   at Microsoft.EntityFrameworkCore.Storage.RelationalCommand.ExecuteReaderAsync(RelationalCommandParameterObject parameterObject, CancellationToken cancellationToken)
   at Microsoft.EntityFrameworkCore.Query.Internal.SingleQueryingEnumerable`1.AsyncEnumerator.InitializeReaderAsync(AsyncEnumerator enumerator, CancellationToken cancellationToken)
   at Npgsql.EntityFrameworkCore.PostgreSQL.Storage.Internal.NpgsqlExecutionStrategy.ExecuteAsync[TState,TResult](TState state, Func`4 operation, Func`4 verifySucceeded, CancellationToken cancellationToken)
   at Microsoft.EntityFrameworkCore.Query.Internal.SingleQueryingEnumerable`1.AsyncEnumerator.MoveNextAsync()
  Exception data:
    Severity: ERROR
    SqlState: 42P01
    MessageText: relation "Genres" does not exist
    Position: 31
    File: parse_relation.c
    Line: 1452
    Routine: parserOpenTable
2025-11-18 17:54:46.561 +02:00 [ERR] An exception occurred while iterating over the results of a query for context type 'CatalogService.Dal.CatalogDbContext'.
Npgsql.PostgresException (0x80004005): 42P01: relation "Books" does not exist

POSITION: 95
   at Npgsql.Internal.NpgsqlConnector.ReadMessageLong(Boolean async, DataRowLoadingMode dataRowLoadingMode, Boolean readingNotifications, Boolean isReadingPrependedMessage)
   at System.Runtime.CompilerServices.PoolingAsyncValueTaskMethodBuilder`1.StateMachineBox`1.System.Threading.Tasks.Sources.IValueTaskSource<TResult>.GetResult(Int16 token)
   at Npgsql.NpgsqlDataReader.NextResult(Boolean async, Boolean isConsuming, CancellationToken cancellationToken)
   at Npgsql.NpgsqlDataReader.NextResult(Boolean async, Boolean isConsuming, CancellationToken cancellationToken)
   at Npgsql.NpgsqlCommand.ExecuteReader(Boolean async, CommandBehavior behavior, CancellationToken cancellationToken)
   at Npgsql.NpgsqlCommand.ExecuteReader(Boolean async, CommandBehavior behavior, CancellationToken cancellationToken)
   at Npgsql.NpgsqlCommand.ExecuteDbDataReaderAsync(CommandBehavior behavior, CancellationToken cancellationToken)
   at Microsoft.EntityFrameworkCore.Storage.RelationalCommand.ExecuteReaderAsync(RelationalCommandParameterObject parameterObject, CancellationToken cancellationToken)
   at Microsoft.EntityFrameworkCore.Storage.RelationalCommand.ExecuteReaderAsync(RelationalCommandParameterObject parameterObject, CancellationToken cancellationToken)
   at Microsoft.EntityFrameworkCore.Query.Internal.SingleQueryingEnumerable`1.AsyncEnumerator.InitializeReaderAsync(AsyncEnumerator enumerator, CancellationToken cancellationToken)
   at Npgsql.EntityFrameworkCore.PostgreSQL.Storage.Internal.NpgsqlExecutionStrategy.ExecuteAsync[TState,TResult](TState state, Func`4 operation, Func`4 verifySucceeded, CancellationToken cancellationToken)
   at Microsoft.EntityFrameworkCore.Query.Internal.SingleQueryingEnumerable`1.AsyncEnumerator.MoveNextAsync()
  Exception data:
    Severity: ERROR
    SqlState: 42P01
    MessageText: relation "Books" does not exist
    Position: 95
    File: parse_relation.c
    Line: 1452
    Routine: parserOpenTable
Npgsql.PostgresException (0x80004005): 42P01: relation "Books" does not exist

POSITION: 95
   at Npgsql.Internal.NpgsqlConnector.ReadMessageLong(Boolean async, DataRowLoadingMode dataRowLoadingMode, Boolean readingNotifications, Boolean isReadingPrependedMessage)
   at System.Runtime.CompilerServices.PoolingAsyncValueTaskMethodBuilder`1.StateMachineBox`1.System.Threading.Tasks.Sources.IValueTaskSource<TResult>.GetResult(Int16 token)
   at Npgsql.NpgsqlDataReader.NextResult(Boolean async, Boolean isConsuming, CancellationToken cancellationToken)
   at Npgsql.NpgsqlDataReader.NextResult(Boolean async, Boolean isConsuming, CancellationToken cancellationToken)
   at Npgsql.NpgsqlCommand.ExecuteReader(Boolean async, CommandBehavior behavior, CancellationToken cancellationToken)
   at Npgsql.NpgsqlCommand.ExecuteReader(Boolean async, CommandBehavior behavior, CancellationToken cancellationToken)
   at Npgsql.NpgsqlCommand.ExecuteDbDataReaderAsync(CommandBehavior behavior, CancellationToken cancellationToken)
   at Microsoft.EntityFrameworkCore.Storage.RelationalCommand.ExecuteReaderAsync(RelationalCommandParameterObject parameterObject, CancellationToken cancellationToken)
   at Microsoft.EntityFrameworkCore.Storage.RelationalCommand.ExecuteReaderAsync(RelationalCommandParameterObject parameterObject, CancellationToken cancellationToken)
   at Microsoft.EntityFrameworkCore.Query.Internal.SingleQueryingEnumerable`1.AsyncEnumerator.InitializeReaderAsync(AsyncEnumerator enumerator, CancellationToken cancellationToken)
   at Npgsql.EntityFrameworkCore.PostgreSQL.Storage.Internal.NpgsqlExecutionStrategy.ExecuteAsync[TState,TResult](TState state, Func`4 operation, Func`4 verifySucceeded, CancellationToken cancellationToken)
   at Microsoft.EntityFrameworkCore.Query.Internal.SingleQueryingEnumerable`1.AsyncEnumerator.MoveNextAsync()
  Exception data:
    Severity: ERROR
    SqlState: 42P01
    MessageText: relation "Books" does not exist
    Position: 95
    File: parse_relation.c
    Line: 1452
    Routine: parserOpenTable
2025-11-18 17:54:46.570 +02:00 [INF] Executed action CatalogService.Api.Controllers.AuthorsController.GetAll (CatalogService.Api) in 78.2098ms
2025-11-18 17:54:46.579 +02:00 [INF] Executed action CatalogService.Api.Controllers.GenresController.GetAll (CatalogService.Api) in 89.7974ms
2025-11-18 17:54:46.590 +02:00 [INF] Executed endpoint 'CatalogService.Api.Controllers.AuthorsController.GetAll (CatalogService.Api)'
2025-11-18 17:54:46.590 +02:00 [INF] Executed action CatalogService.Api.Controllers.BooksController.GetAll (CatalogService.Api) in 103.7772ms
2025-11-18 17:54:46.592 +02:00 [INF] Executed endpoint 'CatalogService.Api.Controllers.GenresController.GetAll (CatalogService.Api)'
2025-11-18 17:54:46.596 +02:00 [INF] Executed endpoint 'CatalogService.Api.Controllers.BooksController.GetAll (CatalogService.Api)'
2025-11-18 17:54:46.601 +02:00 [ERR] An unhandled exception has occurred while executing the request.
Npgsql.PostgresException (0x80004005): 42P01: relation "Authors" does not exist

POSITION: 31
   at Npgsql.Internal.NpgsqlConnector.ReadMessageLong(Boolean async, DataRowLoadingMode dataRowLoadingMode, Boolean readingNotifications, Boolean isReadingPrependedMessage)
   at System.Runtime.CompilerServices.PoolingAsyncValueTaskMethodBuilder`1.StateMachineBox`1.System.Threading.Tasks.Sources.IValueTaskSource<TResult>.GetResult(Int16 token)
   at Npgsql.NpgsqlDataReader.NextResult(Boolean async, Boolean isConsuming, CancellationToken cancellationToken)
   at Npgsql.NpgsqlDataReader.NextResult(Boolean async, Boolean isConsuming, CancellationToken cancellationToken)
   at Npgsql.NpgsqlCommand.ExecuteReader(Boolean async, CommandBehavior behavior, CancellationToken cancellationToken)
   at Npgsql.NpgsqlCommand.ExecuteReader(Boolean async, CommandBehavior behavior, CancellationToken cancellationToken)
   at Npgsql.NpgsqlCommand.ExecuteDbDataReaderAsync(CommandBehavior behavior, CancellationToken cancellationToken)
   at Microsoft.EntityFrameworkCore.Storage.RelationalCommand.ExecuteReaderAsync(RelationalCommandParameterObject parameterObject, CancellationToken cancellationToken)
   at Microsoft.EntityFrameworkCore.Storage.RelationalCommand.ExecuteReaderAsync(RelationalCommandParameterObject parameterObject, CancellationToken cancellationToken)
   at Microsoft.EntityFrameworkCore.Query.Internal.SingleQueryingEnumerable`1.AsyncEnumerator.InitializeReaderAsync(AsyncEnumerator enumerator, CancellationToken cancellationToken)
   at Npgsql.EntityFrameworkCore.PostgreSQL.Storage.Internal.NpgsqlExecutionStrategy.ExecuteAsync[TState,TResult](TState state, Func`4 operation, Func`4 verifySucceeded, CancellationToken cancellationToken)
   at Microsoft.EntityFrameworkCore.Query.Internal.SingleQueryingEnumerable`1.AsyncEnumerator.MoveNextAsync()
   at Microsoft.EntityFrameworkCore.EntityFrameworkQueryableExtensions.ToListAsync[TSource](IQueryable`1 source, CancellationToken cancellationToken)
   at Microsoft.EntityFrameworkCore.EntityFrameworkQueryableExtensions.ToListAsync[TSource](IQueryable`1 source, CancellationToken cancellationToken)
   at CatalogService.Dal.Repositories.GenericRepository`1.GetAllAsync() in C:\Users\Admin\Documents\projects\LibrarySystem\CatalogService\CatalogService.Dal\Repositories\GenericRepository.cs:line 10
   at CatalogService.Bll.Services.AuthorService.GetAllAsync() in C:\Users\Admin\Documents\projects\LibrarySystem\CatalogService\CatalogService.Bll\Services\AuthorService.cs:line 21
   at CatalogService.Api.Controllers.AuthorsController.GetAll() in C:\Users\Admin\Documents\projects\LibrarySystem\CatalogService\CatalogService.Api\Controllers\AuthorsController.cs:line 16
   at Microsoft.AspNetCore.Mvc.Infrastructure.ActionMethodExecutor.TaskOfIActionResultExecutor.Execute(ActionContext actionContext, IActionResultTypeMapper mapper, ObjectMethodExecutor executor, Object controller, Object[] arguments)
   at Microsoft.AspNetCore.Mvc.Infrastructure.ControllerActionInvoker.<InvokeActionMethodAsync>g__Awaited|12_0(ControllerActionInvoker invoker, ValueTask`1 actionResultValueTask)
   at Microsoft.AspNetCore.Mvc.Infrastructure.ControllerActionInvoker.<InvokeNextActionFilterAsync>g__Awaited|10_0(ControllerActionInvoker invoker, Task lastTask, State next, Scope scope, Object state, Boolean isCompleted)
   at Microsoft.AspNetCore.Mvc.Infrastructure.ControllerActionInvoker.Rethrow(ActionExecutedContextSealed context)
   at Microsoft.AspNetCore.Mvc.Infrastructure.ControllerActionInvoker.Next(State& next, Scope& scope, Object& state, Boolean& isCompleted)
   at Microsoft.AspNetCore.Mvc.Infrastructure.ControllerActionInvoker.<InvokeInnerFilterAsync>g__Awaited|13_0(ControllerActionInvoker invoker, Task lastTask, State next, Scope scope, Object state, Boolean isCompleted)
   at Microsoft.AspNetCore.Mvc.Infrastructure.ResourceInvoker.<InvokeFilterPipelineAsync>g__Awaited|20_0(ResourceInvoker invoker, Task lastTask, State next, Scope scope, Object state, Boolean isCompleted)
   at Microsoft.AspNetCore.Mvc.Infrastructure.ResourceInvoker.<InvokeAsync>g__Logged|17_1(ResourceInvoker invoker)
   at Microsoft.AspNetCore.Mvc.Infrastructure.ResourceInvoker.<InvokeAsync>g__Logged|17_1(ResourceInvoker invoker)
   at Microsoft.AspNetCore.Routing.EndpointMiddleware.<Invoke>g__AwaitRequestTask|7_0(Endpoint endpoint, Task requestTask, ILogger logger)
   at Swashbuckle.AspNetCore.SwaggerUI.SwaggerUIMiddleware.Invoke(HttpContext httpContext)
   at Swashbuckle.AspNetCore.Swagger.SwaggerMiddleware.Invoke(HttpContext httpContext, ISwaggerProvider swaggerProvider)
   at Hellang.Middleware.ProblemDetails.ProblemDetailsMiddleware.Invoke(HttpContext context)
  Exception data:
    Severity: ERROR
    SqlState: 42P01
    MessageText: relation "Authors" does not exist
    Position: 31
    File: parse_relation.c
    Line: 1452
    Routine: parserOpenTable
2025-11-18 17:54:46.604 +02:00 [ERR] An unhandled exception has occurred while executing the request.
Npgsql.PostgresException (0x80004005): 42P01: relation "Genres" does not exist

POSITION: 31
   at Npgsql.Internal.NpgsqlConnector.ReadMessageLong(Boolean async, DataRowLoadingMode dataRowLoadingMode, Boolean readingNotifications, Boolean isReadingPrependedMessage)
   at System.Runtime.CompilerServices.PoolingAsyncValueTaskMethodBuilder`1.StateMachineBox`1.System.Threading.Tasks.Sources.IValueTaskSource<TResult>.GetResult(Int16 token)
   at Npgsql.NpgsqlDataReader.NextResult(Boolean async, Boolean isConsuming, CancellationToken cancellationToken)
   at Npgsql.NpgsqlDataReader.NextResult(Boolean async, Boolean isConsuming, CancellationToken cancellationToken)
   at Npgsql.NpgsqlCommand.ExecuteReader(Boolean async, CommandBehavior behavior, CancellationToken cancellationToken)
   at Npgsql.NpgsqlCommand.ExecuteReader(Boolean async, CommandBehavior behavior, CancellationToken cancellationToken)
   at Npgsql.NpgsqlCommand.ExecuteDbDataReaderAsync(CommandBehavior behavior, CancellationToken cancellationToken)
   at Microsoft.EntityFrameworkCore.Storage.RelationalCommand.ExecuteReaderAsync(RelationalCommandParameterObject parameterObject, CancellationToken cancellationToken)
   at Microsoft.EntityFrameworkCore.Storage.RelationalCommand.ExecuteReaderAsync(RelationalCommandParameterObject parameterObject, CancellationToken cancellationToken)
   at Microsoft.EntityFrameworkCore.Query.Internal.SingleQueryingEnumerable`1.AsyncEnumerator.InitializeReaderAsync(AsyncEnumerator enumerator, CancellationToken cancellationToken)
   at Npgsql.EntityFrameworkCore.PostgreSQL.Storage.Internal.NpgsqlExecutionStrategy.ExecuteAsync[TState,TResult](TState state, Func`4 operation, Func`4 verifySucceeded, CancellationToken cancellationToken)
   at Microsoft.EntityFrameworkCore.Query.Internal.SingleQueryingEnumerable`1.AsyncEnumerator.MoveNextAsync()
   at Microsoft.EntityFrameworkCore.EntityFrameworkQueryableExtensions.ToListAsync[TSource](IQueryable`1 source, CancellationToken cancellationToken)
   at Microsoft.EntityFrameworkCore.EntityFrameworkQueryableExtensions.ToListAsync[TSource](IQueryable`1 source, CancellationToken cancellationToken)
   at CatalogService.Dal.Repositories.GenericRepository`1.GetAllAsync() in C:\Users\Admin\Documents\projects\LibrarySystem\CatalogService\CatalogService.Dal\Repositories\GenericRepository.cs:line 10
   at CatalogService.Bll.Services.GenreService.GetAllAsync() in C:\Users\Admin\Documents\projects\LibrarySystem\CatalogService\CatalogService.Bll\Services\GenreService.cs:line 21
   at CatalogService.Api.Controllers.GenresController.GetAll() in C:\Users\Admin\Documents\projects\LibrarySystem\CatalogService\CatalogService.Api\Controllers\GenresController.cs:line 16
   at Microsoft.AspNetCore.Mvc.Infrastructure.ActionMethodExecutor.TaskOfIActionResultExecutor.Execute(ActionContext actionContext, IActionResultTypeMapper mapper, ObjectMethodExecutor executor, Object controller, Object[] arguments)
   at Microsoft.AspNetCore.Mvc.Infrastructure.ControllerActionInvoker.<InvokeActionMethodAsync>g__Awaited|12_0(ControllerActionInvoker invoker, ValueTask`1 actionResultValueTask)
   at Microsoft.AspNetCore.Mvc.Infrastructure.ControllerActionInvoker.<InvokeNextActionFilterAsync>g__Awaited|10_0(ControllerActionInvoker invoker, Task lastTask, State next, Scope scope, Object state, Boolean isCompleted)
   at Microsoft.AspNetCore.Mvc.Infrastructure.ControllerActionInvoker.Rethrow(ActionExecutedContextSealed context)
   at Microsoft.AspNetCore.Mvc.Infrastructure.ControllerActionInvoker.Next(State& next, Scope& scope, Object& state, Boolean& isCompleted)
   at Microsoft.AspNetCore.Mvc.Infrastructure.ControllerActionInvoker.<InvokeInnerFilterAsync>g__Awaited|13_0(ControllerActionInvoker invoker, Task lastTask, State next, Scope scope, Object state, Boolean isCompleted)
   at Microsoft.AspNetCore.Mvc.Infrastructure.ResourceInvoker.<InvokeFilterPipelineAsync>g__Awaited|20_0(ResourceInvoker invoker, Task lastTask, State next, Scope scope, Object state, Boolean isCompleted)
   at Microsoft.AspNetCore.Mvc.Infrastructure.ResourceInvoker.<InvokeAsync>g__Logged|17_1(ResourceInvoker invoker)
   at Microsoft.AspNetCore.Mvc.Infrastructure.ResourceInvoker.<InvokeAsync>g__Logged|17_1(ResourceInvoker invoker)
   at Microsoft.AspNetCore.Routing.EndpointMiddleware.<Invoke>g__AwaitRequestTask|7_0(Endpoint endpoint, Task requestTask, ILogger logger)
   at Swashbuckle.AspNetCore.SwaggerUI.SwaggerUIMiddleware.Invoke(HttpContext httpContext)
   at Swashbuckle.AspNetCore.Swagger.SwaggerMiddleware.Invoke(HttpContext httpContext, ISwaggerProvider swaggerProvider)
   at Hellang.Middleware.ProblemDetails.ProblemDetailsMiddleware.Invoke(HttpContext context)
  Exception data:
    Severity: ERROR
    SqlState: 42P01
    MessageText: relation "Genres" does not exist
    Position: 31
    File: parse_relation.c
    Line: 1452
    Routine: parserOpenTable
2025-11-18 17:54:46.605 +02:00 [ERR] An unhandled exception has occurred while executing the request.
Npgsql.PostgresException (0x80004005): 42P01: relation "Books" does not exist

POSITION: 95
   at Npgsql.Internal.NpgsqlConnector.ReadMessageLong(Boolean async, DataRowLoadingMode dataRowLoadingMode, Boolean readingNotifications, Boolean isReadingPrependedMessage)
   at System.Runtime.CompilerServices.PoolingAsyncValueTaskMethodBuilder`1.StateMachineBox`1.System.Threading.Tasks.Sources.IValueTaskSource<TResult>.GetResult(Int16 token)
   at Npgsql.NpgsqlDataReader.NextResult(Boolean async, Boolean isConsuming, CancellationToken cancellationToken)
   at Npgsql.NpgsqlDataReader.NextResult(Boolean async, Boolean isConsuming, CancellationToken cancellationToken)
   at Npgsql.NpgsqlCommand.ExecuteReader(Boolean async, CommandBehavior behavior, CancellationToken cancellationToken)
   at Npgsql.NpgsqlCommand.ExecuteReader(Boolean async, CommandBehavior behavior, CancellationToken cancellationToken)
   at Npgsql.NpgsqlCommand.ExecuteDbDataReaderAsync(CommandBehavior behavior, CancellationToken cancellationToken)
   at Microsoft.EntityFrameworkCore.Storage.RelationalCommand.ExecuteReaderAsync(RelationalCommandParameterObject parameterObject, CancellationToken cancellationToken)
   at Microsoft.EntityFrameworkCore.Storage.RelationalCommand.ExecuteReaderAsync(RelationalCommandParameterObject parameterObject, CancellationToken cancellationToken)
   at Microsoft.EntityFrameworkCore.Query.Internal.SingleQueryingEnumerable`1.AsyncEnumerator.InitializeReaderAsync(AsyncEnumerator enumerator, CancellationToken cancellationToken)
   at Npgsql.EntityFrameworkCore.PostgreSQL.Storage.Internal.NpgsqlExecutionStrategy.ExecuteAsync[TState,TResult](TState state, Func`4 operation, Func`4 verifySucceeded, CancellationToken cancellationToken)
   at Microsoft.EntityFrameworkCore.Query.Internal.SingleQueryingEnumerable`1.AsyncEnumerator.MoveNextAsync()
   at Microsoft.EntityFrameworkCore.EntityFrameworkQueryableExtensions.ToListAsync[TSource](IQueryable`1 source, CancellationToken cancellationToken)
   at Microsoft.EntityFrameworkCore.EntityFrameworkQueryableExtensions.ToListAsync[TSource](IQueryable`1 source, CancellationToken cancellationToken)
   at CatalogService.Bll.Services.BookService.GetAllAsync() in C:\Users\Admin\Documents\projects\LibrarySystem\CatalogService\CatalogService.Bll\Services\BookService.cs:line 24
   at CatalogService.Api.Controllers.BooksController.GetAll() in C:\Users\Admin\Documents\projects\LibrarySystem\CatalogService\CatalogService.Api\Controllers\BooksController.cs:line 16
   at Microsoft.AspNetCore.Mvc.Infrastructure.ActionMethodExecutor.TaskOfIActionResultExecutor.Execute(ActionContext actionContext, IActionResultTypeMapper mapper, ObjectMethodExecutor executor, Object controller, Object[] arguments)
   at Microsoft.AspNetCore.Mvc.Infrastructure.ControllerActionInvoker.<InvokeActionMethodAsync>g__Awaited|12_0(ControllerActionInvoker invoker, ValueTask`1 actionResultValueTask)
   at Microsoft.AspNetCore.Mvc.Infrastructure.ControllerActionInvoker.<InvokeNextActionFilterAsync>g__Awaited|10_0(ControllerActionInvoker invoker, Task lastTask, State next, Scope scope, Object state, Boolean isCompleted)
   at Microsoft.AspNetCore.Mvc.Infrastructure.ControllerActionInvoker.Rethrow(ActionExecutedContextSealed context)
   at Microsoft.AspNetCore.Mvc.Infrastructure.ControllerActionInvoker.Next(State& next, Scope& scope, Object& state, Boolean& isCompleted)
   at Microsoft.AspNetCore.Mvc.Infrastructure.ControllerActionInvoker.<InvokeInnerFilterAsync>g__Awaited|13_0(ControllerActionInvoker invoker, Task lastTask, State next, Scope scope, Object state, Boolean isCompleted)
   at Microsoft.AspNetCore.Mvc.Infrastructure.ResourceInvoker.<InvokeFilterPipelineAsync>g__Awaited|20_0(ResourceInvoker invoker, Task lastTask, State next, Scope scope, Object state, Boolean isCompleted)
   at Microsoft.AspNetCore.Mvc.Infrastructure.ResourceInvoker.<InvokeAsync>g__Logged|17_1(ResourceInvoker invoker)
   at Microsoft.AspNetCore.Mvc.Infrastructure.ResourceInvoker.<InvokeAsync>g__Logged|17_1(ResourceInvoker invoker)
   at Microsoft.AspNetCore.Routing.EndpointMiddleware.<Invoke>g__AwaitRequestTask|7_0(Endpoint endpoint, Task requestTask, ILogger logger)
   at Swashbuckle.AspNetCore.SwaggerUI.SwaggerUIMiddleware.Invoke(HttpContext httpContext)
   at Swashbuckle.AspNetCore.Swagger.SwaggerMiddleware.Invoke(HttpContext httpContext, ISwaggerProvider swaggerProvider)
   at Hellang.Middleware.ProblemDetails.ProblemDetailsMiddleware.Invoke(HttpContext context)
  Exception data:
    Severity: ERROR
    SqlState: 42P01
    MessageText: relation "Books" does not exist
    Position: 95
    File: parse_relation.c
    Line: 1452
    Routine: parserOpenTable
2025-11-18 17:54:46.620 +02:00 [INF] Executing ObjectResult, writing value of type 'Microsoft.AspNetCore.Mvc.ProblemDetails'.
2025-11-18 17:54:46.635 +02:00 [INF] Executing ObjectResult, writing value of type 'Microsoft.AspNetCore.Mvc.ProblemDetails'.
2025-11-18 17:54:46.650 +02:00 [INF] Executing ObjectResult, writing value of type 'Microsoft.AspNetCore.Mvc.ProblemDetails'.
2025-11-18 17:54:46.650 +02:00 [INF] Request finished HTTP/1.1 GET http://localhost:5180/api/authors - 500 null application/problem+json; charset=utf-8 202.3548ms
2025-11-18 17:54:46.650 +02:00 [INF] Request finished HTTP/1.1 GET http://localhost:5180/api/genres - 500 null application/problem+json; charset=utf-8 202.4846ms
2025-11-18 17:54:46.653 +02:00 [INF] Request finished HTTP/1.1 GET http://localhost:5180/api/books - 500 null application/problem+json; charset=utf-8 205.5235ms
2025-11-18 18:24:22.134 +02:00 [INF] Now listening on: http://localhost:5180
2025-11-18 18:24:22.191 +02:00 [INF] Application started. Press Ctrl+C to shut down.
2025-11-18 18:24:22.194 +02:00 [INF] Hosting environment: Development
2025-11-18 18:24:22.195 +02:00 [INF] Content root path: C:\Users\Admin\Documents\projects\LibrarySystem\CatalogService\CatalogService.Api
2025-11-18 18:24:36.951 +02:00 [INF] Request starting HTTP/1.1 GET http://localhost:5180/api/authors - null null
2025-11-18 18:24:36.951 +02:00 [INF] Request starting HTTP/1.1 GET http://localhost:5180/api/genres - null null
2025-11-18 18:24:36.951 +02:00 [INF] Request starting HTTP/1.1 GET http://localhost:5180/api/books - null null
2025-11-18 18:24:36.994 +02:00 [INF] Executing endpoint 'CatalogService.Api.Controllers.AuthorsController.GetAll (CatalogService.Api)'
2025-11-18 18:24:36.994 +02:00 [INF] Executing endpoint 'CatalogService.Api.Controllers.GenresController.GetAll (CatalogService.Api)'
2025-11-18 18:24:36.994 +02:00 [INF] Executing endpoint 'CatalogService.Api.Controllers.BooksController.GetAll (CatalogService.Api)'
2025-11-18 18:24:37.013 +02:00 [INF] Route matched with {action = "GetAll", controller = "Books"}. Executing controller action with signature System.Threading.Tasks.Task`1[Microsoft.AspNetCore.Mvc.IActionResult] GetAll() on controller CatalogService.Api.Controllers.BooksController (CatalogService.Api).
2025-11-18 18:24:37.013 +02:00 [INF] Route matched with {action = "GetAll", controller = "Authors"}. Executing controller action with signature System.Threading.Tasks.Task`1[Microsoft.AspNetCore.Mvc.IActionResult] GetAll() on controller CatalogService.Api.Controllers.AuthorsController (CatalogService.Api).
2025-11-18 18:24:37.013 +02:00 [INF] Route matched with {action = "GetAll", controller = "Genres"}. Executing controller action with signature System.Threading.Tasks.Task`1[Microsoft.AspNetCore.Mvc.IActionResult] GetAll() on controller CatalogService.Api.Controllers.GenresController (CatalogService.Api).
2025-11-18 18:24:37.461 +02:00 [WRN] No instantiatable types implementing `IEntityTypeConfiguration` were found while while scanning assembly 'CatalogService.Dal, Version=1.0.0.0, Culture=neutral, PublicKeyToken=null'.
2025-11-18 18:24:38.059 +02:00 [INF] Executed DbCommand (19ms) [Parameters=[], CommandType='"Text"', CommandTimeout='30']
SELECT g."Id", g."Name"
FROM "Genres" AS g
2025-11-18 18:24:38.059 +02:00 [INF] Executed DbCommand (19ms) [Parameters=[], CommandType='"Text"', CommandTimeout='30']
SELECT a."Id", a."Name"
FROM "Authors" AS a
2025-11-18 18:24:38.059 +02:00 [INF] Executed DbCommand (19ms) [Parameters=[], CommandType='"Text"', CommandTimeout='30']
SELECT b."Id", b."AuthorId", b."GenreId", b."Title", a."Id", a."Name", g."Id", g."Name"
FROM "Books" AS b
INNER JOIN "Authors" AS a ON b."AuthorId" = a."Id"
INNER JOIN "Genres" AS g ON b."GenreId" = g."Id"
2025-11-18 18:24:38.163 +02:00 [INF] Executing OkObjectResult, writing value of type 'System.Collections.Generic.List`1[[CatalogService.Bll.Dtos.BookDto, CatalogService.Bll, Version=1.0.0.0, Culture=neutral, PublicKeyToken=null]]'.
2025-11-18 18:24:38.163 +02:00 [INF] Executing OkObjectResult, writing value of type 'System.Collections.Generic.List`1[[CatalogService.Bll.Dtos.AuthorDto, CatalogService.Bll, Version=1.0.0.0, Culture=neutral, PublicKeyToken=null]]'.
2025-11-18 18:24:38.163 +02:00 [INF] Executing OkObjectResult, writing value of type 'System.Collections.Generic.List`1[[CatalogService.Bll.Dtos.GenreDto, CatalogService.Bll, Version=1.0.0.0, Culture=neutral, PublicKeyToken=null]]'.
2025-11-18 18:24:38.202 +02:00 [INF] Executed action CatalogService.Api.Controllers.GenresController.GetAll (CatalogService.Api) in 1174.7773ms
2025-11-18 18:24:38.202 +02:00 [INF] Executed action CatalogService.Api.Controllers.BooksController.GetAll (CatalogService.Api) in 1180.8354ms
2025-11-18 18:24:38.202 +02:00 [INF] Executed action CatalogService.Api.Controllers.AuthorsController.GetAll (CatalogService.Api) in 1177.38ms
2025-11-18 18:24:38.206 +02:00 [INF] Request starting HTTP/1.1 GET http://localhost:5180/api/authors - null null
2025-11-18 18:24:38.207 +02:00 [INF] Request starting HTTP/1.1 GET http://localhost:5180/api/books - null null
2025-11-18 18:24:38.207 +02:00 [INF] Request starting HTTP/1.1 GET http://localhost:5180/api/genres - null null
2025-11-18 18:24:38.210 +02:00 [INF] Executed endpoint 'CatalogService.Api.Controllers.GenresController.GetAll (CatalogService.Api)'
2025-11-18 18:24:38.212 +02:00 [INF] Executed endpoint 'CatalogService.Api.Controllers.BooksController.GetAll (CatalogService.Api)'
2025-11-18 18:24:38.214 +02:00 [INF] Executed endpoint 'CatalogService.Api.Controllers.AuthorsController.GetAll (CatalogService.Api)'
2025-11-18 18:24:38.221 +02:00 [INF] Executing endpoint 'CatalogService.Api.Controllers.AuthorsController.GetAll (CatalogService.Api)'
2025-11-18 18:24:38.223 +02:00 [INF] Executing endpoint 'CatalogService.Api.Controllers.BooksController.GetAll (CatalogService.Api)'
2025-11-18 18:24:38.227 +02:00 [INF] Executing endpoint 'CatalogService.Api.Controllers.GenresController.GetAll (CatalogService.Api)'
2025-11-18 18:24:38.237 +02:00 [INF] Route matched with {action = "GetAll", controller = "Authors"}. Executing controller action with signature System.Threading.Tasks.Task`1[Microsoft.AspNetCore.Mvc.IActionResult] GetAll() on controller CatalogService.Api.Controllers.AuthorsController (CatalogService.Api).
2025-11-18 18:24:38.238 +02:00 [INF] Request finished HTTP/1.1 GET http://localhost:5180/api/authors - 200 null application/json; charset=utf-8 1289.4639ms
2025-11-18 18:24:38.238 +02:00 [INF] Request finished HTTP/1.1 GET http://localhost:5180/api/genres - 200 null application/json; charset=utf-8 1289.521ms
2025-11-18 18:24:38.238 +02:00 [INF] Request finished HTTP/1.1 GET http://localhost:5180/api/books - 200 null application/json; charset=utf-8 1289.5111ms
2025-11-18 18:24:38.239 +02:00 [INF] Route matched with {action = "GetAll", controller = "Books"}. Executing controller action with signature System.Threading.Tasks.Task`1[Microsoft.AspNetCore.Mvc.IActionResult] GetAll() on controller CatalogService.Api.Controllers.BooksController (CatalogService.Api).
2025-11-18 18:24:38.241 +02:00 [INF] Route matched with {action = "GetAll", controller = "Genres"}. Executing controller action with signature System.Threading.Tasks.Task`1[Microsoft.AspNetCore.Mvc.IActionResult] GetAll() on controller CatalogService.Api.Controllers.GenresController (CatalogService.Api).
2025-11-18 18:24:38.308 +02:00 [INF] Executed DbCommand (3ms) [Parameters=[], CommandType='"Text"', CommandTimeout='30']
SELECT g."Id", g."Name"
FROM "Genres" AS g
2025-11-18 18:24:38.308 +02:00 [INF] Executed DbCommand (3ms) [Parameters=[], CommandType='"Text"', CommandTimeout='30']
SELECT a."Id", a."Name"
FROM "Authors" AS a
2025-11-18 18:24:38.308 +02:00 [INF] Executed DbCommand (2ms) [Parameters=[], CommandType='"Text"', CommandTimeout='30']
SELECT b."Id", b."AuthorId", b."GenreId", b."Title", a."Id", a."Name", g."Id", g."Name"
FROM "Books" AS b
INNER JOIN "Authors" AS a ON b."AuthorId" = a."Id"
INNER JOIN "Genres" AS g ON b."GenreId" = g."Id"
2025-11-18 18:24:38.314 +02:00 [INF] Executing OkObjectResult, writing value of type 'System.Collections.Generic.List`1[[CatalogService.Bll.Dtos.GenreDto, CatalogService.Bll, Version=1.0.0.0, Culture=neutral, PublicKeyToken=null]]'.
2025-11-18 18:24:38.317 +02:00 [INF] Executing OkObjectResult, writing value of type 'System.Collections.Generic.List`1[[CatalogService.Bll.Dtos.AuthorDto, CatalogService.Bll, Version=1.0.0.0, Culture=neutral, PublicKeyToken=null]]'.
2025-11-18 18:24:38.321 +02:00 [INF] Executing OkObjectResult, writing value of type 'System.Collections.Generic.List`1[[CatalogService.Bll.Dtos.BookDto, CatalogService.Bll, Version=1.0.0.0, Culture=neutral, PublicKeyToken=null]]'.
2025-11-18 18:24:38.322 +02:00 [INF] Executed action CatalogService.Api.Controllers.GenresController.GetAll (CatalogService.Api) in 54.6349ms
2025-11-18 18:24:38.324 +02:00 [INF] Executed action CatalogService.Api.Controllers.AuthorsController.GetAll (CatalogService.Api) in 80.1623ms
2025-11-18 18:24:38.326 +02:00 [INF] Executed action CatalogService.Api.Controllers.BooksController.GetAll (CatalogService.Api) in 62.6026ms
2025-11-18 18:24:38.328 +02:00 [INF] Executed endpoint 'CatalogService.Api.Controllers.GenresController.GetAll (CatalogService.Api)'
2025-11-18 18:24:38.329 +02:00 [INF] Executed endpoint 'CatalogService.Api.Controllers.AuthorsController.GetAll (CatalogService.Api)'
2025-11-18 18:24:38.331 +02:00 [INF] Executed endpoint 'CatalogService.Api.Controllers.BooksController.GetAll (CatalogService.Api)'
2025-11-18 18:24:38.333 +02:00 [INF] Request finished HTTP/1.1 GET http://localhost:5180/api/genres - 200 null application/json; charset=utf-8 125.5741ms
2025-11-18 18:24:38.334 +02:00 [INF] Request finished HTTP/1.1 GET http://localhost:5180/api/authors - 200 null application/json; charset=utf-8 127.9005ms
2025-11-18 18:24:38.335 +02:00 [INF] Request finished HTTP/1.1 GET http://localhost:5180/api/books - 200 null application/json; charset=utf-8 128.4717ms
2025-11-18 18:24:53.291 +02:00 [INF] Request starting HTTP/1.1 GET http://localhost:5180/api/books - null null
2025-11-18 18:24:53.291 +02:00 [INF] Request starting HTTP/1.1 GET http://localhost:5180/api/authors - null null
2025-11-18 18:24:53.292 +02:00 [INF] Request starting HTTP/1.1 GET http://localhost:5180/api/genres - null null
2025-11-18 18:24:53.301 +02:00 [INF] Executing endpoint 'CatalogService.Api.Controllers.BooksController.GetAll (CatalogService.Api)'
2025-11-18 18:24:53.307 +02:00 [INF] Executing endpoint 'CatalogService.Api.Controllers.AuthorsController.GetAll (CatalogService.Api)'
2025-11-18 18:24:53.310 +02:00 [INF] Executing endpoint 'CatalogService.Api.Controllers.GenresController.GetAll (CatalogService.Api)'
2025-11-18 18:24:53.312 +02:00 [INF] Route matched with {action = "GetAll", controller = "Books"}. Executing controller action with signature System.Threading.Tasks.Task`1[Microsoft.AspNetCore.Mvc.IActionResult] GetAll() on controller CatalogService.Api.Controllers.BooksController (CatalogService.Api).
2025-11-18 18:24:53.316 +02:00 [INF] Route matched with {action = "GetAll", controller = "Authors"}. Executing controller action with signature System.Threading.Tasks.Task`1[Microsoft.AspNetCore.Mvc.IActionResult] GetAll() on controller CatalogService.Api.Controllers.AuthorsController (CatalogService.Api).
2025-11-18 18:24:53.319 +02:00 [INF] Route matched with {action = "GetAll", controller = "Genres"}. Executing controller action with signature System.Threading.Tasks.Task`1[Microsoft.AspNetCore.Mvc.IActionResult] GetAll() on controller CatalogService.Api.Controllers.GenresController (CatalogService.Api).
2025-11-18 18:24:53.347 +02:00 [INF] Executed DbCommand (1ms) [Parameters=[], CommandType='"Text"', CommandTimeout='30']
SELECT a."Id", a."Name"
FROM "Authors" AS a
2025-11-18 18:24:53.349 +02:00 [INF] Executed DbCommand (4ms) [Parameters=[], CommandType='"Text"', CommandTimeout='30']
SELECT b."Id", b."AuthorId", b."GenreId", b."Title", a."Id", a."Name", g."Id", g."Name"
FROM "Books" AS b
INNER JOIN "Authors" AS a ON b."AuthorId" = a."Id"
INNER JOIN "Genres" AS g ON b."GenreId" = g."Id"
2025-11-18 18:24:53.353 +02:00 [INF] Executed DbCommand (1ms) [Parameters=[], CommandType='"Text"', CommandTimeout='30']
SELECT g."Id", g."Name"
FROM "Genres" AS g
2025-11-18 18:24:53.357 +02:00 [INF] Executing OkObjectResult, writing value of type 'System.Collections.Generic.List`1[[CatalogService.Bll.Dtos.AuthorDto, CatalogService.Bll, Version=1.0.0.0, Culture=neutral, PublicKeyToken=null]]'.
2025-11-18 18:24:53.366 +02:00 [INF] Executing OkObjectResult, writing value of type 'System.Collections.Generic.List`1[[CatalogService.Bll.Dtos.BookDto, CatalogService.Bll, Version=1.0.0.0, Culture=neutral, PublicKeyToken=null]]'.
2025-11-18 18:24:53.370 +02:00 [INF] Executing OkObjectResult, writing value of type 'System.Collections.Generic.List`1[[CatalogService.Bll.Dtos.GenreDto, CatalogService.Bll, Version=1.0.0.0, Culture=neutral, PublicKeyToken=null]]'.
2025-11-18 18:24:53.373 +02:00 [INF] Executed action CatalogService.Api.Controllers.AuthorsController.GetAll (CatalogService.Api) in 44.7418ms
2025-11-18 18:24:53.377 +02:00 [INF] Executed action CatalogService.Api.Controllers.BooksController.GetAll (CatalogService.Api) in 52.9986ms
2025-11-18 18:24:53.378 +02:00 [INF] Request starting HTTP/1.1 GET http://localhost:5180/api/authors - null null
2025-11-18 18:24:53.379 +02:00 [INF] Executed action CatalogService.Api.Controllers.GenresController.GetAll (CatalogService.Api) in 29.4942ms
2025-11-18 18:24:53.383 +02:00 [INF] Executed endpoint 'CatalogService.Api.Controllers.AuthorsController.GetAll (CatalogService.Api)'
2025-11-18 18:24:53.382 +02:00 [INF] Request starting HTTP/1.1 GET http://localhost:5180/api/books - null null
2025-11-18 18:24:53.385 +02:00 [INF] Request starting HTTP/1.1 GET http://localhost:5180/api/genres - null null
2025-11-18 18:24:53.386 +02:00 [INF] Executed endpoint 'CatalogService.Api.Controllers.BooksController.GetAll (CatalogService.Api)'
2025-11-18 18:24:53.393 +02:00 [INF] Executing endpoint 'CatalogService.Api.Controllers.AuthorsController.GetAll (CatalogService.Api)'
2025-11-18 18:24:53.396 +02:00 [INF] Executed endpoint 'CatalogService.Api.Controllers.GenresController.GetAll (CatalogService.Api)'
2025-11-18 18:24:53.399 +02:00 [INF] Request finished HTTP/1.1 GET http://localhost:5180/api/authors - 200 null application/json; charset=utf-8 107.7972ms
2025-11-18 18:24:53.405 +02:00 [INF] Executing endpoint 'CatalogService.Api.Controllers.BooksController.GetAll (CatalogService.Api)'
2025-11-18 18:24:53.412 +02:00 [INF] Executing endpoint 'CatalogService.Api.Controllers.GenresController.GetAll (CatalogService.Api)'
2025-11-18 18:24:53.415 +02:00 [INF] Request finished HTTP/1.1 GET http://localhost:5180/api/books - 200 null application/json; charset=utf-8 123.8103ms
2025-11-18 18:24:53.418 +02:00 [INF] Route matched with {action = "GetAll", controller = "Authors"}. Executing controller action with signature System.Threading.Tasks.Task`1[Microsoft.AspNetCore.Mvc.IActionResult] GetAll() on controller CatalogService.Api.Controllers.AuthorsController (CatalogService.Api).
2025-11-18 18:24:53.421 +02:00 [INF] Request finished HTTP/1.1 GET http://localhost:5180/api/genres - 200 null application/json; charset=utf-8 129.5337ms
2025-11-18 18:24:53.430 +02:00 [INF] Route matched with {action = "GetAll", controller = "Books"}. Executing controller action with signature System.Threading.Tasks.Task`1[Microsoft.AspNetCore.Mvc.IActionResult] GetAll() on controller CatalogService.Api.Controllers.BooksController (CatalogService.Api).
2025-11-18 18:24:53.432 +02:00 [INF] Route matched with {action = "GetAll", controller = "Genres"}. Executing controller action with signature System.Threading.Tasks.Task`1[Microsoft.AspNetCore.Mvc.IActionResult] GetAll() on controller CatalogService.Api.Controllers.GenresController (CatalogService.Api).
2025-11-18 18:24:53.444 +02:00 [INF] Executed DbCommand (1ms) [Parameters=[], CommandType='"Text"', CommandTimeout='30']
SELECT a."Id", a."Name"
FROM "Authors" AS a
2025-11-18 18:24:53.457 +02:00 [INF] Executed DbCommand (1ms) [Parameters=[], CommandType='"Text"', CommandTimeout='30']
SELECT b."Id", b."AuthorId", b."GenreId", b."Title", a."Id", a."Name", g."Id", g."Name"
FROM "Books" AS b
INNER JOIN "Authors" AS a ON b."AuthorId" = a."Id"
INNER JOIN "Genres" AS g ON b."GenreId" = g."Id"
2025-11-18 18:24:53.461 +02:00 [INF] Executed DbCommand (1ms) [Parameters=[], CommandType='"Text"', CommandTimeout='30']
SELECT g."Id", g."Name"
FROM "Genres" AS g
2025-11-18 18:24:53.465 +02:00 [INF] Executing OkObjectResult, writing value of type 'System.Collections.Generic.List`1[[CatalogService.Bll.Dtos.AuthorDto, CatalogService.Bll, Version=1.0.0.0, Culture=neutral, PublicKeyToken=null]]'.
2025-11-18 18:24:53.471 +02:00 [INF] Executing OkObjectResult, writing value of type 'System.Collections.Generic.List`1[[CatalogService.Bll.Dtos.BookDto, CatalogService.Bll, Version=1.0.0.0, Culture=neutral, PublicKeyToken=null]]'.
2025-11-18 18:24:53.475 +02:00 [INF] Executing OkObjectResult, writing value of type 'System.Collections.Generic.List`1[[CatalogService.Bll.Dtos.GenreDto, CatalogService.Bll, Version=1.0.0.0, Culture=neutral, PublicKeyToken=null]]'.
2025-11-18 18:24:53.479 +02:00 [INF] Executed action CatalogService.Api.Controllers.AuthorsController.GetAll (CatalogService.Api) in 36.7559ms
2025-11-18 18:24:53.482 +02:00 [INF] Executed action CatalogService.Api.Controllers.BooksController.GetAll (CatalogService.Api) in 27.3308ms
2025-11-18 18:24:53.486 +02:00 [INF] Executed action CatalogService.Api.Controllers.GenresController.GetAll (CatalogService.Api) in 26.5731ms
2025-11-18 18:24:53.489 +02:00 [INF] Executed endpoint 'CatalogService.Api.Controllers.AuthorsController.GetAll (CatalogService.Api)'
2025-11-18 18:24:53.492 +02:00 [INF] Executed endpoint 'CatalogService.Api.Controllers.BooksController.GetAll (CatalogService.Api)'
2025-11-18 18:24:53.494 +02:00 [INF] Executed endpoint 'CatalogService.Api.Controllers.GenresController.GetAll (CatalogService.Api)'
2025-11-18 18:24:53.497 +02:00 [INF] Request finished HTTP/1.1 GET http://localhost:5180/api/authors - 200 null application/json; charset=utf-8 118.5249ms
2025-11-18 18:24:53.500 +02:00 [INF] Request finished HTTP/1.1 GET http://localhost:5180/api/books - 200 null application/json; charset=utf-8 117.4509ms
2025-11-18 18:24:53.503 +02:00 [INF] Request finished HTTP/1.1 GET http://localhost:5180/api/genres - 200 null application/json; charset=utf-8 117.5048ms
2025-11-18 18:24:55.329 +02:00 [INF] Request starting HTTP/1.1 GET http://localhost:5180/api/books - null null
2025-11-18 18:24:55.329 +02:00 [INF] Request starting HTTP/1.1 GET http://localhost:5180/api/authors - null null
2025-11-18 18:24:55.329 +02:00 [INF] Request starting HTTP/1.1 GET http://localhost:5180/api/genres - null null
2025-11-18 18:24:55.337 +02:00 [INF] Executing endpoint 'CatalogService.Api.Controllers.BooksController.GetAll (CatalogService.Api)'
2025-11-18 18:24:55.341 +02:00 [INF] Executing endpoint 'CatalogService.Api.Controllers.AuthorsController.GetAll (CatalogService.Api)'
2025-11-18 18:24:55.344 +02:00 [INF] Executing endpoint 'CatalogService.Api.Controllers.GenresController.GetAll (CatalogService.Api)'
2025-11-18 18:24:55.346 +02:00 [INF] Route matched with {action = "GetAll", controller = "Books"}. Executing controller action with signature System.Threading.Tasks.Task`1[Microsoft.AspNetCore.Mvc.IActionResult] GetAll() on controller CatalogService.Api.Controllers.BooksController (CatalogService.Api).
2025-11-18 18:24:55.349 +02:00 [INF] Route matched with {action = "GetAll", controller = "Authors"}. Executing controller action with signature System.Threading.Tasks.Task`1[Microsoft.AspNetCore.Mvc.IActionResult] GetAll() on controller CatalogService.Api.Controllers.AuthorsController (CatalogService.Api).
2025-11-18 18:24:55.351 +02:00 [INF] Route matched with {action = "GetAll", controller = "Genres"}. Executing controller action with signature System.Threading.Tasks.Task`1[Microsoft.AspNetCore.Mvc.IActionResult] GetAll() on controller CatalogService.Api.Controllers.GenresController (CatalogService.Api).
2025-11-18 18:24:55.358 +02:00 [INF] Executed DbCommand (2ms) [Parameters=[], CommandType='"Text"', CommandTimeout='30']
SELECT b."Id", b."AuthorId", b."GenreId", b."Title", a."Id", a."Name", g."Id", g."Name"
FROM "Books" AS b
INNER JOIN "Authors" AS a ON b."AuthorId" = a."Id"
INNER JOIN "Genres" AS g ON b."GenreId" = g."Id"
2025-11-18 18:24:55.361 +02:00 [INF] Executed DbCommand (1ms) [Parameters=[], CommandType='"Text"', CommandTimeout='30']
SELECT a."Id", a."Name"
FROM "Authors" AS a
2025-11-18 18:24:55.367 +02:00 [INF] Executed DbCommand (1ms) [Parameters=[], CommandType='"Text"', CommandTimeout='30']
SELECT g."Id", g."Name"
FROM "Genres" AS g
2025-11-18 18:24:55.373 +02:00 [INF] Executing OkObjectResult, writing value of type 'System.Collections.Generic.List`1[[CatalogService.Bll.Dtos.BookDto, CatalogService.Bll, Version=1.0.0.0, Culture=neutral, PublicKeyToken=null]]'.
2025-11-18 18:24:55.377 +02:00 [INF] Executing OkObjectResult, writing value of type 'System.Collections.Generic.List`1[[CatalogService.Bll.Dtos.AuthorDto, CatalogService.Bll, Version=1.0.0.0, Culture=neutral, PublicKeyToken=null]]'.
2025-11-18 18:24:55.384 +02:00 [INF] Executing OkObjectResult, writing value of type 'System.Collections.Generic.List`1[[CatalogService.Bll.Dtos.GenreDto, CatalogService.Bll, Version=1.0.0.0, Culture=neutral, PublicKeyToken=null]]'.
2025-11-18 18:24:55.388 +02:00 [INF] Executed action CatalogService.Api.Controllers.BooksController.GetAll (CatalogService.Api) in 32.5417ms
2025-11-18 18:24:55.391 +02:00 [INF] Executed action CatalogService.Api.Controllers.AuthorsController.GetAll (CatalogService.Api) in 31.7456ms
2025-11-18 18:24:55.393 +02:00 [INF] Request starting HTTP/1.1 GET http://localhost:5180/api/books - null null
2025-11-18 18:24:55.395 +02:00 [INF] Executed action CatalogService.Api.Controllers.GenresController.GetAll (CatalogService.Api) in 29.8878ms
2025-11-18 18:24:55.396 +02:00 [INF] Request starting HTTP/1.1 GET http://localhost:5180/api/authors - null null
2025-11-18 18:24:55.398 +02:00 [INF] Executed endpoint 'CatalogService.Api.Controllers.BooksController.GetAll (CatalogService.Api)'
2025-11-18 18:24:55.400 +02:00 [INF] Request starting HTTP/1.1 GET http://localhost:5180/api/genres - null null
2025-11-18 18:24:55.401 +02:00 [INF] Executed endpoint 'CatalogService.Api.Controllers.AuthorsController.GetAll (CatalogService.Api)'
2025-11-18 18:24:55.407 +02:00 [INF] Executing endpoint 'CatalogService.Api.Controllers.BooksController.GetAll (CatalogService.Api)'
2025-11-18 18:24:55.411 +02:00 [INF] Executed endpoint 'CatalogService.Api.Controllers.GenresController.GetAll (CatalogService.Api)'
2025-11-18 18:24:55.418 +02:00 [INF] Executing endpoint 'CatalogService.Api.Controllers.AuthorsController.GetAll (CatalogService.Api)'
2025-11-18 18:24:55.422 +02:00 [INF] Request finished HTTP/1.1 GET http://localhost:5180/api/books - 200 null application/json; charset=utf-8 92.606ms
2025-11-18 18:24:55.426 +02:00 [INF] Executing endpoint 'CatalogService.Api.Controllers.GenresController.GetAll (CatalogService.Api)'
2025-11-18 18:24:55.429 +02:00 [INF] Request finished HTTP/1.1 GET http://localhost:5180/api/authors - 200 null application/json; charset=utf-8 100.1066ms
2025-11-18 18:24:55.433 +02:00 [INF] Route matched with {action = "GetAll", controller = "Books"}. Executing controller action with signature System.Threading.Tasks.Task`1[Microsoft.AspNetCore.Mvc.IActionResult] GetAll() on controller CatalogService.Api.Controllers.BooksController (CatalogService.Api).
2025-11-18 18:24:55.435 +02:00 [INF] Request finished HTTP/1.1 GET http://localhost:5180/api/genres - 200 null application/json; charset=utf-8 106.1391ms
2025-11-18 18:24:55.438 +02:00 [INF] Route matched with {action = "GetAll", controller = "Authors"}. Executing controller action with signature System.Threading.Tasks.Task`1[Microsoft.AspNetCore.Mvc.IActionResult] GetAll() on controller CatalogService.Api.Controllers.AuthorsController (CatalogService.Api).
2025-11-18 18:24:55.448 +02:00 [INF] Route matched with {action = "GetAll", controller = "Genres"}. Executing controller action with signature System.Threading.Tasks.Task`1[Microsoft.AspNetCore.Mvc.IActionResult] GetAll() on controller CatalogService.Api.Controllers.GenresController (CatalogService.Api).
2025-11-18 18:24:55.457 +02:00 [INF] Executed DbCommand (1ms) [Parameters=[], CommandType='"Text"', CommandTimeout='30']
SELECT b."Id", b."AuthorId", b."GenreId", b."Title", a."Id", a."Name", g."Id", g."Name"
FROM "Books" AS b
INNER JOIN "Authors" AS a ON b."AuthorId" = a."Id"
INNER JOIN "Genres" AS g ON b."GenreId" = g."Id"
2025-11-18 18:24:55.467 +02:00 [INF] Executed DbCommand (1ms) [Parameters=[], CommandType='"Text"', CommandTimeout='30']
SELECT a."Id", a."Name"
FROM "Authors" AS a
2025-11-18 18:24:55.471 +02:00 [INF] Executed DbCommand (1ms) [Parameters=[], CommandType='"Text"', CommandTimeout='30']
SELECT g."Id", g."Name"
FROM "Genres" AS g
2025-11-18 18:24:55.476 +02:00 [INF] Executing OkObjectResult, writing value of type 'System.Collections.Generic.List`1[[CatalogService.Bll.Dtos.BookDto, CatalogService.Bll, Version=1.0.0.0, Culture=neutral, PublicKeyToken=null]]'.
2025-11-18 18:24:55.479 +02:00 [INF] Executing OkObjectResult, writing value of type 'System.Collections.Generic.List`1[[CatalogService.Bll.Dtos.AuthorDto, CatalogService.Bll, Version=1.0.0.0, Culture=neutral, PublicKeyToken=null]]'.
2025-11-18 18:24:55.484 +02:00 [INF] Executing OkObjectResult, writing value of type 'System.Collections.Generic.List`1[[CatalogService.Bll.Dtos.GenreDto, CatalogService.Bll, Version=1.0.0.0, Culture=neutral, PublicKeyToken=null]]'.
2025-11-18 18:24:55.487 +02:00 [INF] Executed action CatalogService.Api.Controllers.BooksController.GetAll (CatalogService.Api) in 31.7468ms
2025-11-18 18:24:55.491 +02:00 [INF] Executed action CatalogService.Api.Controllers.AuthorsController.GetAll (CatalogService.Api) in 25.4465ms
2025-11-18 18:24:55.494 +02:00 [INF] Executed action CatalogService.Api.Controllers.GenresController.GetAll (CatalogService.Api) in 24.1221ms
2025-11-18 18:24:55.496 +02:00 [INF] Executed endpoint 'CatalogService.Api.Controllers.BooksController.GetAll (CatalogService.Api)'
2025-11-18 18:24:55.499 +02:00 [INF] Executed endpoint 'CatalogService.Api.Controllers.AuthorsController.GetAll (CatalogService.Api)'
2025-11-18 18:24:55.501 +02:00 [INF] Executed endpoint 'CatalogService.Api.Controllers.GenresController.GetAll (CatalogService.Api)'
2025-11-18 18:24:55.503 +02:00 [INF] Request finished HTTP/1.1 GET http://localhost:5180/api/books - 200 null application/json; charset=utf-8 110.3628ms
2025-11-18 18:24:55.505 +02:00 [INF] Request finished HTTP/1.1 GET http://localhost:5180/api/authors - 200 null application/json; charset=utf-8 108.9979ms
2025-11-18 18:24:55.507 +02:00 [INF] Request finished HTTP/1.1 GET http://localhost:5180/api/genres - 200 null application/json; charset=utf-8 107.3144ms
2025-11-18 18:24:59.365 +02:00 [INF] Request starting HTTP/1.1 DELETE http://localhost:5180/api/books/1 - null 0
2025-11-18 18:24:59.374 +02:00 [INF] CORS policy execution successful.
2025-11-18 18:24:59.377 +02:00 [INF] Executing endpoint 'CatalogService.Api.Controllers.BooksController.Delete (CatalogService.Api)'
2025-11-18 18:24:59.391 +02:00 [INF] Route matched with {action = "Delete", controller = "Books"}. Executing controller action with signature System.Threading.Tasks.Task`1[Microsoft.AspNetCore.Mvc.IActionResult] Delete(Int32) on controller CatalogService.Api.Controllers.BooksController (CatalogService.Api).
2025-11-18 18:24:59.490 +02:00 [INF] Executed DbCommand (12ms) [Parameters=[@__p_0='?' (DbType = Int32)], CommandType='"Text"', CommandTimeout='30']
SELECT b."Id", b."AuthorId", b."GenreId", b."Title"
FROM "Books" AS b
WHERE b."Id" = @__p_0
LIMIT 1
2025-11-18 18:24:59.604 +02:00 [INF] Executed DbCommand (3ms) [Parameters=[@p0='?' (DbType = Int32)], CommandType='"Text"', CommandTimeout='30']
DELETE FROM "Books"
WHERE "Id" = @p0;
2025-11-18 18:24:59.623 +02:00 [INF] Executing StatusCodeResult, setting HTTP status code 204
2025-11-18 18:24:59.626 +02:00 [INF] Executed action CatalogService.Api.Controllers.BooksController.Delete (CatalogService.Api) in 229.8529ms
2025-11-18 18:24:59.631 +02:00 [INF] Executed endpoint 'CatalogService.Api.Controllers.BooksController.Delete (CatalogService.Api)'
2025-11-18 18:24:59.635 +02:00 [INF] Request finished HTTP/1.1 DELETE http://localhost:5180/api/books/1 - 204 null null 270.7145ms
2025-11-18 18:24:59.645 +02:00 [INF] Request starting HTTP/1.1 GET http://localhost:5180/api/books - null null
2025-11-18 18:24:59.645 +02:00 [INF] Request starting HTTP/1.1 GET http://localhost:5180/api/authors - null null
2025-11-18 18:24:59.645 +02:00 [INF] Request starting HTTP/1.1 GET http://localhost:5180/api/genres - null null
2025-11-18 18:24:59.651 +02:00 [INF] Executing endpoint 'CatalogService.Api.Controllers.BooksController.GetAll (CatalogService.Api)'
2025-11-18 18:24:59.655 +02:00 [INF] Executing endpoint 'CatalogService.Api.Controllers.AuthorsController.GetAll (CatalogService.Api)'
2025-11-18 18:24:59.659 +02:00 [INF] Executing endpoint 'CatalogService.Api.Controllers.GenresController.GetAll (CatalogService.Api)'
2025-11-18 18:24:59.661 +02:00 [INF] Route matched with {action = "GetAll", controller = "Books"}. Executing controller action with signature System.Threading.Tasks.Task`1[Microsoft.AspNetCore.Mvc.IActionResult] GetAll() on controller CatalogService.Api.Controllers.BooksController (CatalogService.Api).
2025-11-18 18:24:59.664 +02:00 [INF] Route matched with {action = "GetAll", controller = "Authors"}. Executing controller action with signature System.Threading.Tasks.Task`1[Microsoft.AspNetCore.Mvc.IActionResult] GetAll() on controller CatalogService.Api.Controllers.AuthorsController (CatalogService.Api).
2025-11-18 18:24:59.667 +02:00 [INF] Route matched with {action = "GetAll", controller = "Genres"}. Executing controller action with signature System.Threading.Tasks.Task`1[Microsoft.AspNetCore.Mvc.IActionResult] GetAll() on controller CatalogService.Api.Controllers.GenresController (CatalogService.Api).
2025-11-18 18:24:59.673 +02:00 [INF] Executed DbCommand (1ms) [Parameters=[], CommandType='"Text"', CommandTimeout='30']
SELECT b."Id", b."AuthorId", b."GenreId", b."Title", a."Id", a."Name", g."Id", g."Name"
FROM "Books" AS b
INNER JOIN "Authors" AS a ON b."AuthorId" = a."Id"
INNER JOIN "Genres" AS g ON b."GenreId" = g."Id"
2025-11-18 18:24:59.677 +02:00 [INF] Executed DbCommand (1ms) [Parameters=[], CommandType='"Text"', CommandTimeout='30']
SELECT a."Id", a."Name"
FROM "Authors" AS a
2025-11-18 18:24:59.682 +02:00 [INF] Executed DbCommand (1ms) [Parameters=[], CommandType='"Text"', CommandTimeout='30']
SELECT g."Id", g."Name"
FROM "Genres" AS g
2025-11-18 18:24:59.687 +02:00 [INF] Executing OkObjectResult, writing value of type 'System.Collections.Generic.List`1[[CatalogService.Bll.Dtos.BookDto, CatalogService.Bll, Version=1.0.0.0, Culture=neutral, PublicKeyToken=null]]'.
2025-11-18 18:24:59.692 +02:00 [INF] Executing OkObjectResult, writing value of type 'System.Collections.Generic.List`1[[CatalogService.Bll.Dtos.AuthorDto, CatalogService.Bll, Version=1.0.0.0, Culture=neutral, PublicKeyToken=null]]'.
2025-11-18 18:24:59.698 +02:00 [INF] Executing OkObjectResult, writing value of type 'System.Collections.Generic.List`1[[CatalogService.Bll.Dtos.GenreDto, CatalogService.Bll, Version=1.0.0.0, Culture=neutral, PublicKeyToken=null]]'.
2025-11-18 18:24:59.702 +02:00 [INF] Executed action CatalogService.Api.Controllers.BooksController.GetAll (CatalogService.Api) in 29.9818ms
2025-11-18 18:24:59.705 +02:00 [INF] Executed action CatalogService.Api.Controllers.AuthorsController.GetAll (CatalogService.Api) in 29.1397ms
2025-11-18 18:24:59.708 +02:00 [INF] Executed action CatalogService.Api.Controllers.GenresController.GetAll (CatalogService.Api) in 27.4246ms
2025-11-18 18:24:59.711 +02:00 [INF] Executed endpoint 'CatalogService.Api.Controllers.BooksController.GetAll (CatalogService.Api)'
2025-11-18 18:24:59.713 +02:00 [INF] Executed endpoint 'CatalogService.Api.Controllers.AuthorsController.GetAll (CatalogService.Api)'
2025-11-18 18:24:59.715 +02:00 [INF] Executed endpoint 'CatalogService.Api.Controllers.GenresController.GetAll (CatalogService.Api)'
2025-11-18 18:24:59.717 +02:00 [INF] Request finished HTTP/1.1 GET http://localhost:5180/api/books - 200 null application/json; charset=utf-8 72.092ms
2025-11-18 18:24:59.719 +02:00 [INF] Request finished HTTP/1.1 GET http://localhost:5180/api/authors - 200 null application/json; charset=utf-8 73.9981ms
2025-11-18 18:24:59.722 +02:00 [INF] Request finished HTTP/1.1 GET http://localhost:5180/api/genres - 200 null application/json; charset=utf-8 76.2339ms
2025-11-18 18:25:23.883 +02:00 [INF] Request starting HTTP/1.1 POST http://localhost:5180/api/books - application/json 43
2025-11-18 18:25:23.892 +02:00 [INF] CORS policy execution successful.
2025-11-18 18:25:23.894 +02:00 [INF] Executing endpoint 'CatalogService.Api.Controllers.BooksController.Create (CatalogService.Api)'
2025-11-18 18:25:23.900 +02:00 [INF] Route matched with {action = "Create", controller = "Books"}. Executing controller action with signature System.Threading.Tasks.Task`1[Microsoft.AspNetCore.Mvc.IActionResult] Create(CatalogService.Bll.Dtos.CreateBookDto) on controller CatalogService.Api.Controllers.BooksController (CatalogService.Api).
2025-11-18 18:25:24.015 +02:00 [INF] Executed DbCommand (4ms) [Parameters=[@p0='?' (DbType = Int32), @p1='?' (DbType = Int32), @p2='?'], CommandType='"Text"', CommandTimeout='30']
INSERT INTO "Books" ("AuthorId", "GenreId", "Title")
VALUES (@p0, @p1, @p2)
RETURNING "Id";
2025-11-18 18:25:24.040 +02:00 [INF] Executing CreatedAtActionResult, writing value of type 'CatalogService.Bll.Dtos.CreateBookDto'.
2025-11-18 18:25:24.066 +02:00 [INF] Executed action CatalogService.Api.Controllers.BooksController.Create (CatalogService.Api) in 161.5672ms
2025-11-18 18:25:24.070 +02:00 [INF] Executed endpoint 'CatalogService.Api.Controllers.BooksController.Create (CatalogService.Api)'
2025-11-18 18:25:24.073 +02:00 [INF] Request finished HTTP/1.1 POST http://localhost:5180/api/books - 201 null application/json; charset=utf-8 190.7813ms
2025-11-18 18:25:24.081 +02:00 [INF] Request starting HTTP/1.1 GET http://localhost:5180/api/books - null null
2025-11-18 18:25:24.083 +02:00 [INF] Request starting HTTP/1.1 GET http://localhost:5180/api/authors - null null
2025-11-18 18:25:24.084 +02:00 [INF] Request starting HTTP/1.1 GET http://localhost:5180/api/genres - null null
2025-11-18 18:25:24.088 +02:00 [INF] Executing endpoint 'CatalogService.Api.Controllers.BooksController.GetAll (CatalogService.Api)'
2025-11-18 18:25:24.095 +02:00 [INF] Executing endpoint 'CatalogService.Api.Controllers.AuthorsController.GetAll (CatalogService.Api)'
2025-11-18 18:25:24.102 +02:00 [INF] Executing endpoint 'CatalogService.Api.Controllers.GenresController.GetAll (CatalogService.Api)'
2025-11-18 18:25:24.104 +02:00 [INF] Route matched with {action = "GetAll", controller = "Books"}. Executing controller action with signature System.Threading.Tasks.Task`1[Microsoft.AspNetCore.Mvc.IActionResult] GetAll() on controller CatalogService.Api.Controllers.BooksController (CatalogService.Api).
2025-11-18 18:25:24.107 +02:00 [INF] Route matched with {action = "GetAll", controller = "Authors"}. Executing controller action with signature System.Threading.Tasks.Task`1[Microsoft.AspNetCore.Mvc.IActionResult] GetAll() on controller CatalogService.Api.Controllers.AuthorsController (CatalogService.Api).
2025-11-18 18:25:24.110 +02:00 [INF] Route matched with {action = "GetAll", controller = "Genres"}. Executing controller action with signature System.Threading.Tasks.Task`1[Microsoft.AspNetCore.Mvc.IActionResult] GetAll() on controller CatalogService.Api.Controllers.GenresController (CatalogService.Api).
2025-11-18 18:25:24.117 +02:00 [INF] Executed DbCommand (1ms) [Parameters=[], CommandType='"Text"', CommandTimeout='30']
SELECT b."Id", b."AuthorId", b."GenreId", b."Title", a."Id", a."Name", g."Id", g."Name"
FROM "Books" AS b
INNER JOIN "Authors" AS a ON b."AuthorId" = a."Id"
INNER JOIN "Genres" AS g ON b."GenreId" = g."Id"
2025-11-18 18:25:24.121 +02:00 [INF] Executed DbCommand (1ms) [Parameters=[], CommandType='"Text"', CommandTimeout='30']
SELECT a."Id", a."Name"
FROM "Authors" AS a
2025-11-18 18:25:24.125 +02:00 [INF] Executed DbCommand (1ms) [Parameters=[], CommandType='"Text"', CommandTimeout='30']
SELECT g."Id", g."Name"
FROM "Genres" AS g
2025-11-18 18:25:24.130 +02:00 [INF] Executing OkObjectResult, writing value of type 'System.Collections.Generic.List`1[[CatalogService.Bll.Dtos.BookDto, CatalogService.Bll, Version=1.0.0.0, Culture=neutral, PublicKeyToken=null]]'.
2025-11-18 18:25:24.135 +02:00 [INF] Executing OkObjectResult, writing value of type 'System.Collections.Generic.List`1[[CatalogService.Bll.Dtos.AuthorDto, CatalogService.Bll, Version=1.0.0.0, Culture=neutral, PublicKeyToken=null]]'.
2025-11-18 18:25:24.142 +02:00 [INF] Executing OkObjectResult, writing value of type 'System.Collections.Generic.List`1[[CatalogService.Bll.Dtos.GenreDto, CatalogService.Bll, Version=1.0.0.0, Culture=neutral, PublicKeyToken=null]]'.
2025-11-18 18:25:24.146 +02:00 [INF] Executed action CatalogService.Api.Controllers.BooksController.GetAll (CatalogService.Api) in 31.1749ms
2025-11-18 18:25:24.149 +02:00 [INF] Executed action CatalogService.Api.Controllers.AuthorsController.GetAll (CatalogService.Api) in 29.3598ms
2025-11-18 18:25:24.152 +02:00 [INF] Executed action CatalogService.Api.Controllers.GenresController.GetAll (CatalogService.Api) in 28.6298ms
2025-11-18 18:25:24.155 +02:00 [INF] Executed endpoint 'CatalogService.Api.Controllers.BooksController.GetAll (CatalogService.Api)'
2025-11-18 18:25:24.158 +02:00 [INF] Executed endpoint 'CatalogService.Api.Controllers.AuthorsController.GetAll (CatalogService.Api)'
2025-11-18 18:25:24.160 +02:00 [INF] Executed endpoint 'CatalogService.Api.Controllers.GenresController.GetAll (CatalogService.Api)'
2025-11-18 18:25:24.163 +02:00 [INF] Request finished HTTP/1.1 GET http://localhost:5180/api/books - 200 null application/json; charset=utf-8 81.496ms
2025-11-18 18:25:24.165 +02:00 [INF] Request finished HTTP/1.1 GET http://localhost:5180/api/authors - 200 null application/json; charset=utf-8 81.8882ms
2025-11-18 18:25:24.167 +02:00 [INF] Request finished HTTP/1.1 GET http://localhost:5180/api/genres - 200 null application/json; charset=utf-8 83.2407ms
2025-11-18 18:25:34.401 +02:00 [INF] Request starting HTTP/1.1 PUT http://localhost:5180/api/books/4 - application/json 48
2025-11-18 18:25:34.412 +02:00 [INF] CORS policy execution successful.
2025-11-18 18:25:34.415 +02:00 [INF] Executing endpoint 'CatalogService.Api.Controllers.BooksController.Update (CatalogService.Api)'
2025-11-18 18:25:34.421 +02:00 [INF] Route matched with {action = "Update", controller = "Books"}. Executing controller action with signature System.Threading.Tasks.Task`1[Microsoft.AspNetCore.Mvc.IActionResult] Update(Int32, UpdateBookDto) on controller CatalogService.Api.Controllers.BooksController (CatalogService.Api).
2025-11-18 18:25:34.439 +02:00 [INF] Executed DbCommand (1ms) [Parameters=[@__p_0='?' (DbType = Int32)], CommandType='"Text"', CommandTimeout='30']
SELECT b."Id", b."AuthorId", b."GenreId", b."Title"
FROM "Books" AS b
WHERE b."Id" = @__p_0
LIMIT 1
2025-11-18 18:25:34.468 +02:00 [INF] Executed DbCommand (16ms) [Parameters=[@p3='?' (DbType = Int32), @p0='?' (DbType = Int32), @p1='?' (DbType = Int32), @p2='?'], CommandType='"Text"', CommandTimeout='30']
UPDATE "Books" SET "AuthorId" = @p0, "GenreId" = @p1, "Title" = @p2
WHERE "Id" = @p3;
2025-11-18 18:25:34.476 +02:00 [INF] Executing StatusCodeResult, setting HTTP status code 204
2025-11-18 18:25:34.479 +02:00 [INF] Executed action CatalogService.Api.Controllers.BooksController.Update (CatalogService.Api) in 51.8036ms
2025-11-18 18:25:34.483 +02:00 [INF] Executed endpoint 'CatalogService.Api.Controllers.BooksController.Update (CatalogService.Api)'
2025-11-18 18:25:34.486 +02:00 [INF] Request finished HTTP/1.1 PUT http://localhost:5180/api/books/4 - 204 null null 84.9164ms
2025-11-18 18:30:01.828 +02:00 [INF] Now listening on: http://localhost:5180
2025-11-18 18:30:01.875 +02:00 [INF] Application started. Press Ctrl+C to shut down.
2025-11-18 18:30:01.879 +02:00 [INF] Hosting environment: Development
2025-11-18 18:30:01.880 +02:00 [INF] Content root path: C:\Users\Admin\Documents\projects\LibrarySystem\CatalogService\CatalogService.Api
2025-11-18 18:30:09.428 +02:00 [INF] Request starting HTTP/1.1 GET http://localhost:5180/api/authors - null null
2025-11-18 18:30:09.428 +02:00 [INF] Request starting HTTP/1.1 GET http://localhost:5180/api/books - null null
2025-11-18 18:30:09.428 +02:00 [INF] Request starting HTTP/1.1 GET http://localhost:5180/api/genres - null null
2025-11-18 18:30:09.498 +02:00 [INF] Executing endpoint 'CatalogService.Api.Controllers.GenresController.GetAll (CatalogService.Api)'
2025-11-18 18:30:09.498 +02:00 [INF] Executing endpoint 'CatalogService.Api.Controllers.AuthorsController.GetAll (CatalogService.Api)'
2025-11-18 18:30:09.498 +02:00 [INF] Executing endpoint 'CatalogService.Api.Controllers.BooksController.GetAll (CatalogService.Api)'
2025-11-18 18:30:09.527 +02:00 [INF] Route matched with {action = "GetAll", controller = "Authors"}. Executing controller action with signature System.Threading.Tasks.Task`1[Microsoft.AspNetCore.Mvc.IActionResult] GetAll() on controller CatalogService.Api.Controllers.AuthorsController (CatalogService.Api).
2025-11-18 18:30:09.527 +02:00 [INF] Route matched with {action = "GetAll", controller = "Genres"}. Executing controller action with signature System.Threading.Tasks.Task`1[Microsoft.AspNetCore.Mvc.IActionResult] GetAll() on controller CatalogService.Api.Controllers.GenresController (CatalogService.Api).
2025-11-18 18:30:09.527 +02:00 [INF] Route matched with {action = "GetAll", controller = "Books"}. Executing controller action with signature System.Threading.Tasks.Task`1[Microsoft.AspNetCore.Mvc.IActionResult] GetAll() on controller CatalogService.Api.Controllers.BooksController (CatalogService.Api).
2025-11-18 18:30:10.303 +02:00 [WRN] No instantiatable types implementing `IEntityTypeConfiguration` were found while while scanning assembly 'CatalogService.Dal, Version=1.0.0.0, Culture=neutral, PublicKeyToken=null'.
2025-11-18 18:30:11.343 +02:00 [INF] Executed DbCommand (22ms) [Parameters=[], CommandType='"Text"', CommandTimeout='30']
SELECT a."Id", a."Name"
FROM "Authors" AS a
2025-11-18 18:30:11.343 +02:00 [INF] Executed DbCommand (22ms) [Parameters=[], CommandType='"Text"', CommandTimeout='30']
SELECT b."Id", b."AuthorId", b."GenreId", b."Title", a."Id", a."Name", g."Id", g."Name"
FROM "Books" AS b
INNER JOIN "Authors" AS a ON b."AuthorId" = a."Id"
INNER JOIN "Genres" AS g ON b."GenreId" = g."Id"
2025-11-18 18:30:11.343 +02:00 [INF] Executed DbCommand (22ms) [Parameters=[], CommandType='"Text"', CommandTimeout='30']
SELECT g."Id", g."Name"
FROM "Genres" AS g
2025-11-18 18:30:11.456 +02:00 [INF] Executing OkObjectResult, writing value of type 'System.Collections.Generic.List`1[[CatalogService.Bll.Dtos.GenreDto, CatalogService.Bll, Version=1.0.0.0, Culture=neutral, PublicKeyToken=null]]'.
2025-11-18 18:30:11.456 +02:00 [INF] Executing OkObjectResult, writing value of type 'System.Collections.Generic.List`1[[CatalogService.Bll.Dtos.AuthorDto, CatalogService.Bll, Version=1.0.0.0, Culture=neutral, PublicKeyToken=null]]'.
2025-11-18 18:30:11.456 +02:00 [INF] Executing OkObjectResult, writing value of type 'System.Collections.Generic.List`1[[CatalogService.Bll.Dtos.BookDto, CatalogService.Bll, Version=1.0.0.0, Culture=neutral, PublicKeyToken=null]]'.
2025-11-18 18:30:11.500 +02:00 [INF] Executed action CatalogService.Api.Controllers.GenresController.GetAll (CatalogService.Api) in 1958.3639ms
2025-11-18 18:30:11.500 +02:00 [INF] Executed action CatalogService.Api.Controllers.BooksController.GetAll (CatalogService.Api) in 1952.8335ms
2025-11-18 18:30:11.500 +02:00 [INF] Executed action CatalogService.Api.Controllers.AuthorsController.GetAll (CatalogService.Api) in 1963.6454ms
2025-11-18 18:30:11.503 +02:00 [INF] Request starting HTTP/1.1 GET http://localhost:5180/api/genres - null null
2025-11-18 18:30:11.505 +02:00 [INF] Request starting HTTP/1.1 GET http://localhost:5180/api/books - null null
2025-11-18 18:30:11.505 +02:00 [INF] Request starting HTTP/1.1 GET http://localhost:5180/api/authors - null null
2025-11-18 18:30:11.508 +02:00 [INF] Executed endpoint 'CatalogService.Api.Controllers.GenresController.GetAll (CatalogService.Api)'
2025-11-18 18:30:11.510 +02:00 [INF] Executed endpoint 'CatalogService.Api.Controllers.BooksController.GetAll (CatalogService.Api)'
2025-11-18 18:30:11.512 +02:00 [INF] Executed endpoint 'CatalogService.Api.Controllers.AuthorsController.GetAll (CatalogService.Api)'
2025-11-18 18:30:11.518 +02:00 [INF] Executing endpoint 'CatalogService.Api.Controllers.GenresController.GetAll (CatalogService.Api)'
2025-11-18 18:30:11.520 +02:00 [INF] Executing endpoint 'CatalogService.Api.Controllers.BooksController.GetAll (CatalogService.Api)'
2025-11-18 18:30:11.525 +02:00 [INF] Executing endpoint 'CatalogService.Api.Controllers.AuthorsController.GetAll (CatalogService.Api)'
2025-11-18 18:30:11.533 +02:00 [INF] Route matched with {action = "GetAll", controller = "Genres"}. Executing controller action with signature System.Threading.Tasks.Task`1[Microsoft.AspNetCore.Mvc.IActionResult] GetAll() on controller CatalogService.Api.Controllers.GenresController (CatalogService.Api).
2025-11-18 18:30:11.535 +02:00 [INF] Route matched with {action = "GetAll", controller = "Books"}. Executing controller action with signature System.Threading.Tasks.Task`1[Microsoft.AspNetCore.Mvc.IActionResult] GetAll() on controller CatalogService.Api.Controllers.BooksController (CatalogService.Api).
2025-11-18 18:30:11.535 +02:00 [INF] Request finished HTTP/1.1 GET http://localhost:5180/api/books - 200 null application/json; charset=utf-8 2111.155ms
2025-11-18 18:30:11.535 +02:00 [INF] Request finished HTTP/1.1 GET http://localhost:5180/api/authors - 200 null application/json; charset=utf-8 2111.1672ms
2025-11-18 18:30:11.535 +02:00 [INF] Request finished HTTP/1.1 GET http://localhost:5180/api/genres - 200 null application/json; charset=utf-8 2111.1794ms
2025-11-18 18:30:11.538 +02:00 [INF] Route matched with {action = "GetAll", controller = "Authors"}. Executing controller action with signature System.Threading.Tasks.Task`1[Microsoft.AspNetCore.Mvc.IActionResult] GetAll() on controller CatalogService.Api.Controllers.AuthorsController (CatalogService.Api).
2025-11-18 18:30:11.628 +02:00 [INF] Executed DbCommand (5ms) [Parameters=[], CommandType='"Text"', CommandTimeout='30']
SELECT g."Id", g."Name"
FROM "Genres" AS g
2025-11-18 18:30:11.628 +02:00 [INF] Executed DbCommand (3ms) [Parameters=[], CommandType='"Text"', CommandTimeout='30']
SELECT b."Id", b."AuthorId", b."GenreId", b."Title", a."Id", a."Name", g."Id", g."Name"
FROM "Books" AS b
INNER JOIN "Authors" AS a ON b."AuthorId" = a."Id"
INNER JOIN "Genres" AS g ON b."GenreId" = g."Id"
2025-11-18 18:30:11.628 +02:00 [INF] Executed DbCommand (5ms) [Parameters=[], CommandType='"Text"', CommandTimeout='30']
SELECT a."Id", a."Name"
FROM "Authors" AS a
2025-11-18 18:30:11.636 +02:00 [INF] Executing OkObjectResult, writing value of type 'System.Collections.Generic.List`1[[CatalogService.Bll.Dtos.GenreDto, CatalogService.Bll, Version=1.0.0.0, Culture=neutral, PublicKeyToken=null]]'.
2025-11-18 18:30:11.642 +02:00 [INF] Executing OkObjectResult, writing value of type 'System.Collections.Generic.List`1[[CatalogService.Bll.Dtos.BookDto, CatalogService.Bll, Version=1.0.0.0, Culture=neutral, PublicKeyToken=null]]'.
2025-11-18 18:30:11.647 +02:00 [INF] Executing OkObjectResult, writing value of type 'System.Collections.Generic.List`1[[CatalogService.Bll.Dtos.AuthorDto, CatalogService.Bll, Version=1.0.0.0, Culture=neutral, PublicKeyToken=null]]'.
2025-11-18 18:30:11.651 +02:00 [INF] Executed action CatalogService.Api.Controllers.GenresController.GetAll (CatalogService.Api) in 108.2853ms
2025-11-18 18:30:11.654 +02:00 [INF] Executed action CatalogService.Api.Controllers.BooksController.GetAll (CatalogService.Api) in 108.6084ms
2025-11-18 18:30:11.658 +02:00 [INF] Executed action CatalogService.Api.Controllers.AuthorsController.GetAll (CatalogService.Api) in 89.8609ms
2025-11-18 18:30:11.662 +02:00 [INF] Executed endpoint 'CatalogService.Api.Controllers.GenresController.GetAll (CatalogService.Api)'
2025-11-18 18:30:11.665 +02:00 [INF] Executed endpoint 'CatalogService.Api.Controllers.BooksController.GetAll (CatalogService.Api)'
2025-11-18 18:30:11.668 +02:00 [INF] Executed endpoint 'CatalogService.Api.Controllers.AuthorsController.GetAll (CatalogService.Api)'
2025-11-18 18:30:11.671 +02:00 [INF] Request finished HTTP/1.1 GET http://localhost:5180/api/genres - 200 null application/json; charset=utf-8 167.2589ms
2025-11-18 18:30:11.673 +02:00 [INF] Request finished HTTP/1.1 GET http://localhost:5180/api/books - 200 null application/json; charset=utf-8 168.4477ms
2025-11-18 18:30:11.676 +02:00 [INF] Request finished HTTP/1.1 GET http://localhost:5180/api/authors - 200 null application/json; charset=utf-8 170.8636ms
2025-11-18 18:30:21.423 +02:00 [INF] Request starting HTTP/1.1 PUT http://localhost:5180/api/books/4 - application/json 47
2025-11-18 18:30:21.436 +02:00 [INF] CORS policy execution successful.
2025-11-18 18:30:21.439 +02:00 [INF] Executing endpoint 'CatalogService.Api.Controllers.BooksController.Update (CatalogService.Api)'
2025-11-18 18:30:21.471 +02:00 [INF] Route matched with {action = "Update", controller = "Books"}. Executing controller action with signature System.Threading.Tasks.Task`1[Microsoft.AspNetCore.Mvc.IActionResult] Update(Int32, UpdateBookDto) on controller CatalogService.Api.Controllers.BooksController (CatalogService.Api).
2025-11-18 18:30:21.634 +02:00 [INF] Executed DbCommand (12ms) [Parameters=[@__p_0='?' (DbType = Int32)], CommandType='"Text"', CommandTimeout='30']
SELECT b."Id", b."AuthorId", b."GenreId", b."Title"
FROM "Books" AS b
WHERE b."Id" = @__p_0
LIMIT 1
2025-11-18 18:30:21.757 +02:00 [INF] Executed DbCommand (8ms) [Parameters=[@p3='?' (DbType = Int32), @p0='?' (DbType = Int32), @p1='?' (DbType = Int32), @p2='?'], CommandType='"Text"', CommandTimeout='30']
UPDATE "Books" SET "AuthorId" = @p0, "GenreId" = @p1, "Title" = @p2
WHERE "Id" = @p3;
2025-11-18 18:30:21.776 +02:00 [INF] Executing StatusCodeResult, setting HTTP status code 204
2025-11-18 18:30:21.779 +02:00 [INF] Executed action CatalogService.Api.Controllers.BooksController.Update (CatalogService.Api) in 300.2203ms
2025-11-18 18:30:21.782 +02:00 [INF] Executed endpoint 'CatalogService.Api.Controllers.BooksController.Update (CatalogService.Api)'
2025-11-18 18:30:21.786 +02:00 [INF] Request finished HTTP/1.1 PUT http://localhost:5180/api/books/4 - 204 null null 363.7296ms
2025-11-18 18:30:21.800 +02:00 [INF] Request starting HTTP/1.1 GET http://localhost:5180/api/books - null null
2025-11-18 18:30:21.801 +02:00 [INF] Request starting HTTP/1.1 GET http://localhost:5180/api/authors - null null
2025-11-18 18:30:21.801 +02:00 [INF] Request starting HTTP/1.1 GET http://localhost:5180/api/genres - null null
2025-11-18 18:30:21.807 +02:00 [INF] Executing endpoint 'CatalogService.Api.Controllers.BooksController.GetAll (CatalogService.Api)'
2025-11-18 18:30:21.812 +02:00 [INF] Executing endpoint 'CatalogService.Api.Controllers.AuthorsController.GetAll (CatalogService.Api)'
2025-11-18 18:30:21.816 +02:00 [INF] Executing endpoint 'CatalogService.Api.Controllers.GenresController.GetAll (CatalogService.Api)'
2025-11-18 18:30:21.818 +02:00 [INF] Route matched with {action = "GetAll", controller = "Books"}. Executing controller action with signature System.Threading.Tasks.Task`1[Microsoft.AspNetCore.Mvc.IActionResult] GetAll() on controller CatalogService.Api.Controllers.BooksController (CatalogService.Api).
2025-11-18 18:30:21.820 +02:00 [INF] Route matched with {action = "GetAll", controller = "Authors"}. Executing controller action with signature System.Threading.Tasks.Task`1[Microsoft.AspNetCore.Mvc.IActionResult] GetAll() on controller CatalogService.Api.Controllers.AuthorsController (CatalogService.Api).
2025-11-18 18:30:21.823 +02:00 [INF] Route matched with {action = "GetAll", controller = "Genres"}. Executing controller action with signature System.Threading.Tasks.Task`1[Microsoft.AspNetCore.Mvc.IActionResult] GetAll() on controller CatalogService.Api.Controllers.GenresController (CatalogService.Api).
2025-11-18 18:30:21.831 +02:00 [INF] Executed DbCommand (2ms) [Parameters=[], CommandType='"Text"', CommandTimeout='30']
SELECT b."Id", b."AuthorId", b."GenreId", b."Title", a."Id", a."Name", g."Id", g."Name"
FROM "Books" AS b
INNER JOIN "Authors" AS a ON b."AuthorId" = a."Id"
INNER JOIN "Genres" AS g ON b."GenreId" = g."Id"
2025-11-18 18:30:21.836 +02:00 [INF] Executed DbCommand (1ms) [Parameters=[], CommandType='"Text"', CommandTimeout='30']
SELECT a."Id", a."Name"
FROM "Authors" AS a
2025-11-18 18:30:21.840 +02:00 [INF] Executed DbCommand (1ms) [Parameters=[], CommandType='"Text"', CommandTimeout='30']
SELECT g."Id", g."Name"
FROM "Genres" AS g
2025-11-18 18:30:21.843 +02:00 [INF] Executing OkObjectResult, writing value of type 'System.Collections.Generic.List`1[[CatalogService.Bll.Dtos.BookDto, CatalogService.Bll, Version=1.0.0.0, Culture=neutral, PublicKeyToken=null]]'.
2025-11-18 18:30:21.849 +02:00 [INF] Executing OkObjectResult, writing value of type 'System.Collections.Generic.List`1[[CatalogService.Bll.Dtos.AuthorDto, CatalogService.Bll, Version=1.0.0.0, Culture=neutral, PublicKeyToken=null]]'.
2025-11-18 18:30:21.855 +02:00 [INF] Executing OkObjectResult, writing value of type 'System.Collections.Generic.List`1[[CatalogService.Bll.Dtos.GenreDto, CatalogService.Bll, Version=1.0.0.0, Culture=neutral, PublicKeyToken=null]]'.
2025-11-18 18:30:21.858 +02:00 [INF] Executed action CatalogService.Api.Controllers.BooksController.GetAll (CatalogService.Api) in 30.6636ms
2025-11-18 18:30:21.862 +02:00 [INF] Executed action CatalogService.Api.Controllers.AuthorsController.GetAll (CatalogService.Api) in 29.4482ms
2025-11-18 18:30:21.865 +02:00 [INF] Executed action CatalogService.Api.Controllers.GenresController.GetAll (CatalogService.Api) in 28.4903ms
2025-11-18 18:30:21.868 +02:00 [INF] Executed endpoint 'CatalogService.Api.Controllers.BooksController.GetAll (CatalogService.Api)'
2025-11-18 18:30:21.871 +02:00 [INF] Executed endpoint 'CatalogService.Api.Controllers.AuthorsController.GetAll (CatalogService.Api)'
2025-11-18 18:30:21.873 +02:00 [INF] Executed endpoint 'CatalogService.Api.Controllers.GenresController.GetAll (CatalogService.Api)'
2025-11-18 18:30:21.876 +02:00 [INF] Request finished HTTP/1.1 GET http://localhost:5180/api/books - 200 null application/json; charset=utf-8 75.2224ms
2025-11-18 18:30:21.878 +02:00 [INF] Request finished HTTP/1.1 GET http://localhost:5180/api/authors - 200 null application/json; charset=utf-8 77.4211ms
2025-11-18 18:30:21.881 +02:00 [INF] Request finished HTTP/1.1 GET http://localhost:5180/api/genres - 200 null application/json; charset=utf-8 79.7307ms
2025-11-18 18:34:43.940 +02:00 [INF] Now listening on: http://localhost:5180
2025-11-18 18:34:43.987 +02:00 [INF] Application started. Press Ctrl+C to shut down.
2025-11-18 18:34:43.990 +02:00 [INF] Hosting environment: Development
2025-11-18 18:34:43.992 +02:00 [INF] Content root path: C:\Users\Admin\Documents\projects\LibrarySystem\CatalogService\CatalogService.Api
2025-11-18 18:35:03.315 +02:00 [INF] Request starting HTTP/1.1 GET http://localhost:5180/api/books - null null
2025-11-18 18:35:03.315 +02:00 [INF] Request starting HTTP/1.1 GET http://localhost:5180/api/genres - null null
2025-11-18 18:35:03.315 +02:00 [INF] Request starting HTTP/1.1 GET http://localhost:5180/api/authors - null null
2025-11-18 18:35:03.391 +02:00 [INF] Executing endpoint 'CatalogService.Api.Controllers.BooksController.GetAll (CatalogService.Api)'
2025-11-18 18:35:03.391 +02:00 [INF] Executing endpoint 'CatalogService.Api.Controllers.AuthorsController.GetAll (CatalogService.Api)'
2025-11-18 18:35:03.391 +02:00 [INF] Executing endpoint 'CatalogService.Api.Controllers.GenresController.GetAll (CatalogService.Api)'
2025-11-18 18:35:03.420 +02:00 [INF] Route matched with {action = "GetAll", controller = "Books"}. Executing controller action with signature System.Threading.Tasks.Task`1[Microsoft.AspNetCore.Mvc.IActionResult] GetAll() on controller CatalogService.Api.Controllers.BooksController (CatalogService.Api).
2025-11-18 18:35:03.420 +02:00 [INF] Route matched with {action = "GetAll", controller = "Genres"}. Executing controller action with signature System.Threading.Tasks.Task`1[Microsoft.AspNetCore.Mvc.IActionResult] GetAll() on controller CatalogService.Api.Controllers.GenresController (CatalogService.Api).
2025-11-18 18:35:03.420 +02:00 [INF] Route matched with {action = "GetAll", controller = "Authors"}. Executing controller action with signature System.Threading.Tasks.Task`1[Microsoft.AspNetCore.Mvc.IActionResult] GetAll() on controller CatalogService.Api.Controllers.AuthorsController (CatalogService.Api).
2025-11-18 18:35:04.200 +02:00 [WRN] No instantiatable types implementing `IEntityTypeConfiguration` were found while while scanning assembly 'CatalogService.Dal, Version=1.0.0.0, Culture=neutral, PublicKeyToken=null'.
2025-11-18 18:35:05.091 +02:00 [INF] Executed DbCommand (21ms) [Parameters=[], CommandType='"Text"', CommandTimeout='30']
SELECT a."Id", a."Name"
FROM "Authors" AS a
2025-11-18 18:35:05.091 +02:00 [INF] Executed DbCommand (21ms) [Parameters=[], CommandType='"Text"', CommandTimeout='30']
SELECT b."Id", b."AuthorId", b."GenreId", b."Title", a."Id", a."Name", g."Id", g."Name"
FROM "Books" AS b
INNER JOIN "Authors" AS a ON b."AuthorId" = a."Id"
INNER JOIN "Genres" AS g ON b."GenreId" = g."Id"
2025-11-18 18:35:05.091 +02:00 [INF] Executed DbCommand (21ms) [Parameters=[], CommandType='"Text"', CommandTimeout='30']
SELECT g."Id", g."Name"
FROM "Genres" AS g
2025-11-18 18:35:05.205 +02:00 [INF] Executing OkObjectResult, writing value of type 'System.Collections.Generic.List`1[[CatalogService.Bll.Dtos.BookDto, CatalogService.Bll, Version=1.0.0.0, Culture=neutral, PublicKeyToken=null]]'.
2025-11-18 18:35:05.205 +02:00 [INF] Executing OkObjectResult, writing value of type 'System.Collections.Generic.List`1[[CatalogService.Bll.Dtos.GenreDto, CatalogService.Bll, Version=1.0.0.0, Culture=neutral, PublicKeyToken=null]]'.
2025-11-18 18:35:05.205 +02:00 [INF] Executing OkObjectResult, writing value of type 'System.Collections.Generic.List`1[[CatalogService.Bll.Dtos.AuthorDto, CatalogService.Bll, Version=1.0.0.0, Culture=neutral, PublicKeyToken=null]]'.
2025-11-18 18:35:05.244 +02:00 [INF] Executed action CatalogService.Api.Controllers.GenresController.GetAll (CatalogService.Api) in 1809.1132ms
2025-11-18 18:35:05.244 +02:00 [INF] Executed action CatalogService.Api.Controllers.AuthorsController.GetAll (CatalogService.Api) in 1803.393ms
2025-11-18 18:35:05.244 +02:00 [INF] Executed action CatalogService.Api.Controllers.BooksController.GetAll (CatalogService.Api) in 1814.0046ms
2025-11-18 18:35:05.250 +02:00 [INF] Request starting HTTP/1.1 GET http://localhost:5180/api/books - null null
2025-11-18 18:35:05.250 +02:00 [INF] Request starting HTTP/1.1 GET http://localhost:5180/api/authors - null null
2025-11-18 18:35:05.250 +02:00 [INF] Request starting HTTP/1.1 GET http://localhost:5180/api/genres - null null
2025-11-18 18:35:05.253 +02:00 [INF] Executed endpoint 'CatalogService.Api.Controllers.GenresController.GetAll (CatalogService.Api)'
2025-11-18 18:35:05.255 +02:00 [INF] Executed endpoint 'CatalogService.Api.Controllers.AuthorsController.GetAll (CatalogService.Api)'
2025-11-18 18:35:05.258 +02:00 [INF] Executed endpoint 'CatalogService.Api.Controllers.BooksController.GetAll (CatalogService.Api)'
2025-11-18 18:35:05.263 +02:00 [INF] Executing endpoint 'CatalogService.Api.Controllers.BooksController.GetAll (CatalogService.Api)'
2025-11-18 18:35:05.265 +02:00 [INF] Executing endpoint 'CatalogService.Api.Controllers.AuthorsController.GetAll (CatalogService.Api)'
2025-11-18 18:35:05.270 +02:00 [INF] Executing endpoint 'CatalogService.Api.Controllers.GenresController.GetAll (CatalogService.Api)'
2025-11-18 18:35:05.279 +02:00 [INF] Route matched with {action = "GetAll", controller = "Books"}. Executing controller action with signature System.Threading.Tasks.Task`1[Microsoft.AspNetCore.Mvc.IActionResult] GetAll() on controller CatalogService.Api.Controllers.BooksController (CatalogService.Api).
2025-11-18 18:35:05.280 +02:00 [INF] Route matched with {action = "GetAll", controller = "Authors"}. Executing controller action with signature System.Threading.Tasks.Task`1[Microsoft.AspNetCore.Mvc.IActionResult] GetAll() on controller CatalogService.Api.Controllers.AuthorsController (CatalogService.Api).
2025-11-18 18:35:05.282 +02:00 [INF] Request finished HTTP/1.1 GET http://localhost:5180/api/authors - 200 null application/json; charset=utf-8 1970.0081ms
2025-11-18 18:35:05.282 +02:00 [INF] Request finished HTTP/1.1 GET http://localhost:5180/api/genres - 200 null application/json; charset=utf-8 1970.0678ms
2025-11-18 18:35:05.282 +02:00 [INF] Request finished HTTP/1.1 GET http://localhost:5180/api/books - 200 null application/json; charset=utf-8 1970.0578ms
2025-11-18 18:35:05.283 +02:00 [INF] Route matched with {action = "GetAll", controller = "Genres"}. Executing controller action with signature System.Threading.Tasks.Task`1[Microsoft.AspNetCore.Mvc.IActionResult] GetAll() on controller CatalogService.Api.Controllers.GenresController (CatalogService.Api).
2025-11-18 18:35:05.354 +02:00 [INF] Executed DbCommand (4ms) [Parameters=[], CommandType='"Text"', CommandTimeout='30']
SELECT g."Id", g."Name"
FROM "Genres" AS g
2025-11-18 18:35:05.354 +02:00 [INF] Executed DbCommand (4ms) [Parameters=[], CommandType='"Text"', CommandTimeout='30']
SELECT a."Id", a."Name"
FROM "Authors" AS a
2025-11-18 18:35:05.354 +02:00 [INF] Executed DbCommand (2ms) [Parameters=[], CommandType='"Text"', CommandTimeout='30']
SELECT b."Id", b."AuthorId", b."GenreId", b."Title", a."Id", a."Name", g."Id", g."Name"
FROM "Books" AS b
INNER JOIN "Authors" AS a ON b."AuthorId" = a."Id"
INNER JOIN "Genres" AS g ON b."GenreId" = g."Id"
2025-11-18 18:35:05.359 +02:00 [INF] Executing OkObjectResult, writing value of type 'System.Collections.Generic.List`1[[CatalogService.Bll.Dtos.GenreDto, CatalogService.Bll, Version=1.0.0.0, Culture=neutral, PublicKeyToken=null]]'.
2025-11-18 18:35:05.363 +02:00 [INF] Executing OkObjectResult, writing value of type 'System.Collections.Generic.List`1[[CatalogService.Bll.Dtos.AuthorDto, CatalogService.Bll, Version=1.0.0.0, Culture=neutral, PublicKeyToken=null]]'.
2025-11-18 18:35:05.366 +02:00 [INF] Executing OkObjectResult, writing value of type 'System.Collections.Generic.List`1[[CatalogService.Bll.Dtos.BookDto, CatalogService.Bll, Version=1.0.0.0, Culture=neutral, PublicKeyToken=null]]'.
2025-11-18 18:35:05.368 +02:00 [INF] Executed action CatalogService.Api.Controllers.GenresController.GetAll (CatalogService.Api) in 56.4781ms
2025-11-18 18:35:05.370 +02:00 [INF] Executed action CatalogService.Api.Controllers.AuthorsController.GetAll (CatalogService.Api) in 78.9627ms
2025-11-18 18:35:05.372 +02:00 [INF] Executed action CatalogService.Api.Controllers.BooksController.GetAll (CatalogService.Api) in 84.9112ms
2025-11-18 18:35:05.374 +02:00 [INF] Executed endpoint 'CatalogService.Api.Controllers.GenresController.GetAll (CatalogService.Api)'
2025-11-18 18:35:05.376 +02:00 [INF] Executed endpoint 'CatalogService.Api.Controllers.AuthorsController.GetAll (CatalogService.Api)'
2025-11-18 18:35:05.377 +02:00 [INF] Executed endpoint 'CatalogService.Api.Controllers.BooksController.GetAll (CatalogService.Api)'
2025-11-18 18:35:05.379 +02:00 [INF] Request finished HTTP/1.1 GET http://localhost:5180/api/genres - 200 null application/json; charset=utf-8 128.5748ms
2025-11-18 18:35:05.380 +02:00 [INF] Request finished HTTP/1.1 GET http://localhost:5180/api/authors - 200 null application/json; charset=utf-8 129.9273ms
2025-11-18 18:35:05.382 +02:00 [INF] Request finished HTTP/1.1 GET http://localhost:5180/api/books - 200 null application/json; charset=utf-8 131.5465ms
2025-11-18 18:36:20.991 +02:00 [INF] Request starting HTTP/1.1 GET http://localhost:5180/api/books - null null
2025-11-18 18:36:20.991 +02:00 [INF] Request starting HTTP/1.1 GET http://localhost:5180/api/authors - null null
2025-11-18 18:36:20.991 +02:00 [INF] Request starting HTTP/1.1 GET http://localhost:5180/api/genres - null null
2025-11-18 18:36:21.001 +02:00 [INF] Executing endpoint 'CatalogService.Api.Controllers.BooksController.GetAll (CatalogService.Api)'
2025-11-18 18:36:21.005 +02:00 [INF] Executing endpoint 'CatalogService.Api.Controllers.AuthorsController.GetAll (CatalogService.Api)'
2025-11-18 18:36:21.011 +02:00 [INF] Executing endpoint 'CatalogService.Api.Controllers.GenresController.GetAll (CatalogService.Api)'
2025-11-18 18:36:21.014 +02:00 [INF] Route matched with {action = "GetAll", controller = "Books"}. Executing controller action with signature System.Threading.Tasks.Task`1[Microsoft.AspNetCore.Mvc.IActionResult] GetAll() on controller CatalogService.Api.Controllers.BooksController (CatalogService.Api).
2025-11-18 18:36:21.034 +02:00 [INF] Route matched with {action = "GetAll", controller = "Authors"}. Executing controller action with signature System.Threading.Tasks.Task`1[Microsoft.AspNetCore.Mvc.IActionResult] GetAll() on controller CatalogService.Api.Controllers.AuthorsController (CatalogService.Api).
2025-11-18 18:36:21.038 +02:00 [INF] Route matched with {action = "GetAll", controller = "Genres"}. Executing controller action with signature System.Threading.Tasks.Task`1[Microsoft.AspNetCore.Mvc.IActionResult] GetAll() on controller CatalogService.Api.Controllers.GenresController (CatalogService.Api).
2025-11-18 18:36:21.054 +02:00 [INF] Executed DbCommand (2ms) [Parameters=[], CommandType='"Text"', CommandTimeout='30']
SELECT a."Id", a."Name"
FROM "Authors" AS a
2025-11-18 18:36:21.055 +02:00 [INF] Executed DbCommand (3ms) [Parameters=[], CommandType='"Text"', CommandTimeout='30']
SELECT b."Id", b."AuthorId", b."GenreId", b."Title", a."Id", a."Name", g."Id", g."Name"
FROM "Books" AS b
INNER JOIN "Authors" AS a ON b."AuthorId" = a."Id"
INNER JOIN "Genres" AS g ON b."GenreId" = g."Id"
2025-11-18 18:36:21.059 +02:00 [INF] Executed DbCommand (1ms) [Parameters=[], CommandType='"Text"', CommandTimeout='30']
SELECT g."Id", g."Name"
FROM "Genres" AS g
2025-11-18 18:36:21.064 +02:00 [INF] Executing OkObjectResult, writing value of type 'System.Collections.Generic.List`1[[CatalogService.Bll.Dtos.AuthorDto, CatalogService.Bll, Version=1.0.0.0, Culture=neutral, PublicKeyToken=null]]'.
2025-11-18 18:36:21.071 +02:00 [INF] Executing OkObjectResult, writing value of type 'System.Collections.Generic.List`1[[CatalogService.Bll.Dtos.BookDto, CatalogService.Bll, Version=1.0.0.0, Culture=neutral, PublicKeyToken=null]]'.
2025-11-18 18:36:21.076 +02:00 [INF] Executing OkObjectResult, writing value of type 'System.Collections.Generic.List`1[[CatalogService.Bll.Dtos.GenreDto, CatalogService.Bll, Version=1.0.0.0, Culture=neutral, PublicKeyToken=null]]'.
2025-11-18 18:36:21.079 +02:00 [INF] Executed action CatalogService.Api.Controllers.AuthorsController.GetAll (CatalogService.Api) in 29.1449ms
2025-11-18 18:36:21.082 +02:00 [INF] Executed action CatalogService.Api.Controllers.BooksController.GetAll (CatalogService.Api) in 37.2543ms
2025-11-18 18:36:21.085 +02:00 [INF] Executed action CatalogService.Api.Controllers.GenresController.GetAll (CatalogService.Api) in 30.0193ms
2025-11-18 18:36:21.083 +02:00 [INF] Request starting HTTP/1.1 GET http://localhost:5180/api/authors - null null
2025-11-18 18:36:21.087 +02:00 [INF] Executed endpoint 'CatalogService.Api.Controllers.AuthorsController.GetAll (CatalogService.Api)'
2025-11-18 18:36:21.086 +02:00 [INF] Request starting HTTP/1.1 GET http://localhost:5180/api/books - null null
2025-11-18 18:36:21.090 +02:00 [INF] Executed endpoint 'CatalogService.Api.Controllers.BooksController.GetAll (CatalogService.Api)'
2025-11-18 18:36:21.090 +02:00 [INF] Request starting HTTP/1.1 GET http://localhost:5180/api/genres - null null
2025-11-18 18:36:21.092 +02:00 [INF] Executed endpoint 'CatalogService.Api.Controllers.GenresController.GetAll (CatalogService.Api)'
2025-11-18 18:36:21.099 +02:00 [INF] Executing endpoint 'CatalogService.Api.Controllers.AuthorsController.GetAll (CatalogService.Api)'
2025-11-18 18:36:21.102 +02:00 [INF] Request finished HTTP/1.1 GET http://localhost:5180/api/authors - 200 null application/json; charset=utf-8 110.547ms
2025-11-18 18:36:21.107 +02:00 [INF] Executing endpoint 'CatalogService.Api.Controllers.BooksController.GetAll (CatalogService.Api)'
2025-11-18 18:36:21.111 +02:00 [INF] Request finished HTTP/1.1 GET http://localhost:5180/api/books - 200 null application/json; charset=utf-8 119.9117ms
2025-11-18 18:36:21.117 +02:00 [INF] Executing endpoint 'CatalogService.Api.Controllers.GenresController.GetAll (CatalogService.Api)'
2025-11-18 18:36:21.120 +02:00 [INF] Request finished HTTP/1.1 GET http://localhost:5180/api/genres - 200 null application/json; charset=utf-8 128.3949ms
2025-11-18 18:36:21.122 +02:00 [INF] Route matched with {action = "GetAll", controller = "Authors"}. Executing controller action with signature System.Threading.Tasks.Task`1[Microsoft.AspNetCore.Mvc.IActionResult] GetAll() on controller CatalogService.Api.Controllers.AuthorsController (CatalogService.Api).
2025-11-18 18:36:21.132 +02:00 [INF] Route matched with {action = "GetAll", controller = "Books"}. Executing controller action with signature System.Threading.Tasks.Task`1[Microsoft.AspNetCore.Mvc.IActionResult] GetAll() on controller CatalogService.Api.Controllers.BooksController (CatalogService.Api).
2025-11-18 18:36:21.140 +02:00 [INF] Route matched with {action = "GetAll", controller = "Genres"}. Executing controller action with signature System.Threading.Tasks.Task`1[Microsoft.AspNetCore.Mvc.IActionResult] GetAll() on controller CatalogService.Api.Controllers.GenresController (CatalogService.Api).
2025-11-18 18:36:21.151 +02:00 [INF] Executed DbCommand (1ms) [Parameters=[], CommandType='"Text"', CommandTimeout='30']
SELECT a."Id", a."Name"
FROM "Authors" AS a
2025-11-18 18:36:21.156 +02:00 [INF] Executed DbCommand (1ms) [Parameters=[], CommandType='"Text"', CommandTimeout='30']
SELECT b."Id", b."AuthorId", b."GenreId", b."Title", a."Id", a."Name", g."Id", g."Name"
FROM "Books" AS b
INNER JOIN "Authors" AS a ON b."AuthorId" = a."Id"
INNER JOIN "Genres" AS g ON b."GenreId" = g."Id"
2025-11-18 18:36:21.161 +02:00 [INF] Executed DbCommand (1ms) [Parameters=[], CommandType='"Text"', CommandTimeout='30']
SELECT g."Id", g."Name"
FROM "Genres" AS g
2025-11-18 18:36:21.165 +02:00 [INF] Executing OkObjectResult, writing value of type 'System.Collections.Generic.List`1[[CatalogService.Bll.Dtos.AuthorDto, CatalogService.Bll, Version=1.0.0.0, Culture=neutral, PublicKeyToken=null]]'.
2025-11-18 18:36:21.171 +02:00 [INF] Executing OkObjectResult, writing value of type 'System.Collections.Generic.List`1[[CatalogService.Bll.Dtos.BookDto, CatalogService.Bll, Version=1.0.0.0, Culture=neutral, PublicKeyToken=null]]'.
2025-11-18 18:36:21.177 +02:00 [INF] Executing OkObjectResult, writing value of type 'System.Collections.Generic.List`1[[CatalogService.Bll.Dtos.GenreDto, CatalogService.Bll, Version=1.0.0.0, Culture=neutral, PublicKeyToken=null]]'.
2025-11-18 18:36:21.180 +02:00 [INF] Executed action CatalogService.Api.Controllers.AuthorsController.GetAll (CatalogService.Api) in 31.2388ms
2025-11-18 18:36:21.183 +02:00 [INF] Executed action CatalogService.Api.Controllers.BooksController.GetAll (CatalogService.Api) in 29.4283ms
2025-11-18 18:36:21.187 +02:00 [INF] Executed action CatalogService.Api.Controllers.GenresController.GetAll (CatalogService.Api) in 28.0556ms
2025-11-18 18:36:21.189 +02:00 [INF] Executed endpoint 'CatalogService.Api.Controllers.AuthorsController.GetAll (CatalogService.Api)'
2025-11-18 18:36:21.192 +02:00 [INF] Executed endpoint 'CatalogService.Api.Controllers.BooksController.GetAll (CatalogService.Api)'
2025-11-18 18:36:21.194 +02:00 [INF] Executed endpoint 'CatalogService.Api.Controllers.GenresController.GetAll (CatalogService.Api)'
2025-11-18 18:36:21.196 +02:00 [INF] Request finished HTTP/1.1 GET http://localhost:5180/api/authors - 200 null application/json; charset=utf-8 112.8614ms
2025-11-18 18:36:21.198 +02:00 [INF] Request finished HTTP/1.1 GET http://localhost:5180/api/books - 200 null application/json; charset=utf-8 111.7686ms
2025-11-18 18:36:21.200 +02:00 [INF] Request finished HTTP/1.1 GET http://localhost:5180/api/genres - 200 null application/json; charset=utf-8 109.9685ms
2025-11-18 18:36:24.892 +02:00 [INF] Request starting HTTP/1.1 GET http://localhost:5180/api/books - null null
2025-11-18 18:36:24.892 +02:00 [INF] Request starting HTTP/1.1 GET http://localhost:5180/api/authors - null null
2025-11-18 18:36:24.892 +02:00 [INF] Request starting HTTP/1.1 GET http://localhost:5180/api/genres - null null
2025-11-18 18:36:24.901 +02:00 [INF] Executing endpoint 'CatalogService.Api.Controllers.BooksController.GetAll (CatalogService.Api)'
2025-11-18 18:36:24.905 +02:00 [INF] Executing endpoint 'CatalogService.Api.Controllers.AuthorsController.GetAll (CatalogService.Api)'
2025-11-18 18:36:24.911 +02:00 [INF] Executing endpoint 'CatalogService.Api.Controllers.GenresController.GetAll (CatalogService.Api)'
2025-11-18 18:36:24.915 +02:00 [INF] Route matched with {action = "GetAll", controller = "Books"}. Executing controller action with signature System.Threading.Tasks.Task`1[Microsoft.AspNetCore.Mvc.IActionResult] GetAll() on controller CatalogService.Api.Controllers.BooksController (CatalogService.Api).
2025-11-18 18:36:24.918 +02:00 [INF] Route matched with {action = "GetAll", controller = "Authors"}. Executing controller action with signature System.Threading.Tasks.Task`1[Microsoft.AspNetCore.Mvc.IActionResult] GetAll() on controller CatalogService.Api.Controllers.AuthorsController (CatalogService.Api).
2025-11-18 18:36:24.921 +02:00 [INF] Route matched with {action = "GetAll", controller = "Genres"}. Executing controller action with signature System.Threading.Tasks.Task`1[Microsoft.AspNetCore.Mvc.IActionResult] GetAll() on controller CatalogService.Api.Controllers.GenresController (CatalogService.Api).
2025-11-18 18:36:24.930 +02:00 [INF] Executed DbCommand (2ms) [Parameters=[], CommandType='"Text"', CommandTimeout='30']
SELECT b."Id", b."AuthorId", b."GenreId", b."Title", a."Id", a."Name", g."Id", g."Name"
FROM "Books" AS b
INNER JOIN "Authors" AS a ON b."AuthorId" = a."Id"
INNER JOIN "Genres" AS g ON b."GenreId" = g."Id"
2025-11-18 18:36:24.932 +02:00 [INF] Executed DbCommand (1ms) [Parameters=[], CommandType='"Text"', CommandTimeout='30']
SELECT a."Id", a."Name"
FROM "Authors" AS a
2025-11-18 18:36:24.937 +02:00 [INF] Executed DbCommand (1ms) [Parameters=[], CommandType='"Text"', CommandTimeout='30']
SELECT g."Id", g."Name"
FROM "Genres" AS g
2025-11-18 18:36:24.943 +02:00 [INF] Executing OkObjectResult, writing value of type 'System.Collections.Generic.List`1[[CatalogService.Bll.Dtos.BookDto, CatalogService.Bll, Version=1.0.0.0, Culture=neutral, PublicKeyToken=null]]'.
2025-11-18 18:36:24.948 +02:00 [INF] Executing OkObjectResult, writing value of type 'System.Collections.Generic.List`1[[CatalogService.Bll.Dtos.AuthorDto, CatalogService.Bll, Version=1.0.0.0, Culture=neutral, PublicKeyToken=null]]'.
2025-11-18 18:36:24.953 +02:00 [INF] Executing OkObjectResult, writing value of type 'System.Collections.Generic.List`1[[CatalogService.Bll.Dtos.GenreDto, CatalogService.Bll, Version=1.0.0.0, Culture=neutral, PublicKeyToken=null]]'.
2025-11-18 18:36:24.961 +02:00 [INF] Executed action CatalogService.Api.Controllers.AuthorsController.GetAll (CatalogService.Api) in 30.9173ms
2025-11-18 18:36:24.955 +02:00 [INF] Executed action CatalogService.Api.Controllers.BooksController.GetAll (CatalogService.Api) in 29.9245ms
2025-11-18 18:36:24.962 +02:00 [INF] Request starting HTTP/1.1 GET http://localhost:5180/api/books - null null
2025-11-18 18:36:24.964 +02:00 [INF] Executed action CatalogService.Api.Controllers.GenresController.GetAll (CatalogService.Api) in 28.6686ms
2025-11-18 18:36:24.966 +02:00 [INF] Request starting HTTP/1.1 GET http://localhost:5180/api/authors - null null
2025-11-18 18:36:24.967 +02:00 [INF] Executed endpoint 'CatalogService.Api.Controllers.AuthorsController.GetAll (CatalogService.Api)'
2025-11-18 18:36:24.968 +02:00 [INF] Request starting HTTP/1.1 GET http://localhost:5180/api/genres - null null
2025-11-18 18:36:24.970 +02:00 [INF] Executed endpoint 'CatalogService.Api.Controllers.BooksController.GetAll (CatalogService.Api)'
2025-11-18 18:36:24.977 +02:00 [INF] Executing endpoint 'CatalogService.Api.Controllers.BooksController.GetAll (CatalogService.Api)'
2025-11-18 18:36:24.980 +02:00 [INF] Executed endpoint 'CatalogService.Api.Controllers.GenresController.GetAll (CatalogService.Api)'
2025-11-18 18:36:24.985 +02:00 [INF] Executing endpoint 'CatalogService.Api.Controllers.AuthorsController.GetAll (CatalogService.Api)'
2025-11-18 18:36:24.987 +02:00 [INF] Request finished HTTP/1.1 GET http://localhost:5180/api/authors - 200 null application/json; charset=utf-8 95.3909ms
2025-11-18 18:36:24.994 +02:00 [INF] Executing endpoint 'CatalogService.Api.Controllers.GenresController.GetAll (CatalogService.Api)'
2025-11-18 18:36:24.997 +02:00 [INF] Request finished HTTP/1.1 GET http://localhost:5180/api/books - 200 null application/json; charset=utf-8 105.3267ms
2025-11-18 18:36:24.999 +02:00 [INF] Route matched with {action = "GetAll", controller = "Books"}. Executing controller action with signature System.Threading.Tasks.Task`1[Microsoft.AspNetCore.Mvc.IActionResult] GetAll() on controller CatalogService.Api.Controllers.BooksController (CatalogService.Api).
2025-11-18 18:36:25.002 +02:00 [INF] Request finished HTTP/1.1 GET http://localhost:5180/api/genres - 200 null application/json; charset=utf-8 109.6459ms
2025-11-18 18:36:25.004 +02:00 [INF] Route matched with {action = "GetAll", controller = "Authors"}. Executing controller action with signature System.Threading.Tasks.Task`1[Microsoft.AspNetCore.Mvc.IActionResult] GetAll() on controller CatalogService.Api.Controllers.AuthorsController (CatalogService.Api).
2025-11-18 18:36:25.014 +02:00 [INF] Route matched with {action = "GetAll", controller = "Genres"}. Executing controller action with signature System.Threading.Tasks.Task`1[Microsoft.AspNetCore.Mvc.IActionResult] GetAll() on controller CatalogService.Api.Controllers.GenresController (CatalogService.Api).
2025-11-18 18:36:25.026 +02:00 [INF] Executed DbCommand (1ms) [Parameters=[], CommandType='"Text"', CommandTimeout='30']
SELECT b."Id", b."AuthorId", b."GenreId", b."Title", a."Id", a."Name", g."Id", g."Name"
FROM "Books" AS b
INNER JOIN "Authors" AS a ON b."AuthorId" = a."Id"
INNER JOIN "Genres" AS g ON b."GenreId" = g."Id"
2025-11-18 18:36:25.035 +02:00 [INF] Executed DbCommand (1ms) [Parameters=[], CommandType='"Text"', CommandTimeout='30']
SELECT a."Id", a."Name"
FROM "Authors" AS a
2025-11-18 18:36:25.040 +02:00 [INF] Executed DbCommand (1ms) [Parameters=[], CommandType='"Text"', CommandTimeout='30']
SELECT g."Id", g."Name"
FROM "Genres" AS g
2025-11-18 18:36:25.044 +02:00 [INF] Executing OkObjectResult, writing value of type 'System.Collections.Generic.List`1[[CatalogService.Bll.Dtos.BookDto, CatalogService.Bll, Version=1.0.0.0, Culture=neutral, PublicKeyToken=null]]'.
2025-11-18 18:36:25.049 +02:00 [INF] Executing OkObjectResult, writing value of type 'System.Collections.Generic.List`1[[CatalogService.Bll.Dtos.AuthorDto, CatalogService.Bll, Version=1.0.0.0, Culture=neutral, PublicKeyToken=null]]'.
2025-11-18 18:36:25.053 +02:00 [INF] Executing OkObjectResult, writing value of type 'System.Collections.Generic.List`1[[CatalogService.Bll.Dtos.GenreDto, CatalogService.Bll, Version=1.0.0.0, Culture=neutral, PublicKeyToken=null]]'.
2025-11-18 18:36:25.056 +02:00 [INF] Executed action CatalogService.Api.Controllers.BooksController.GetAll (CatalogService.Api) in 33.1164ms
2025-11-18 18:36:25.059 +02:00 [INF] Executed action CatalogService.Api.Controllers.AuthorsController.GetAll (CatalogService.Api) in 26.0704ms
2025-11-18 18:36:25.063 +02:00 [INF] Executed action CatalogService.Api.Controllers.GenresController.GetAll (CatalogService.Api) in 24.8665ms
2025-11-18 18:36:25.065 +02:00 [INF] Executed endpoint 'CatalogService.Api.Controllers.BooksController.GetAll (CatalogService.Api)'
2025-11-18 18:36:25.068 +02:00 [INF] Executed endpoint 'CatalogService.Api.Controllers.AuthorsController.GetAll (CatalogService.Api)'
2025-11-18 18:36:25.071 +02:00 [INF] Executed endpoint 'CatalogService.Api.Controllers.GenresController.GetAll (CatalogService.Api)'
2025-11-18 18:36:25.073 +02:00 [INF] Request finished HTTP/1.1 GET http://localhost:5180/api/books - 200 null application/json; charset=utf-8 110.8803ms
2025-11-18 18:36:25.076 +02:00 [INF] Request finished HTTP/1.1 GET http://localhost:5180/api/authors - 200 null application/json; charset=utf-8 109.9685ms
2025-11-18 18:36:25.078 +02:00 [INF] Request finished HTTP/1.1 GET http://localhost:5180/api/genres - 200 null application/json; charset=utf-8 109.7354ms
2025-11-18 19:40:55.336 +02:00 [INF] Request starting HTTP/1.1 GET http://localhost:5180/api/books - null null
2025-11-18 19:40:55.336 +02:00 [INF] Request starting HTTP/1.1 GET http://localhost:5180/api/authors - null null
2025-11-18 19:40:55.336 +02:00 [INF] Request starting HTTP/1.1 GET http://localhost:5180/api/genres - null null
2025-11-18 19:40:55.344 +02:00 [INF] Executing endpoint 'CatalogService.Api.Controllers.BooksController.GetAll (CatalogService.Api)'
2025-11-18 19:40:55.348 +02:00 [INF] Executing endpoint 'CatalogService.Api.Controllers.AuthorsController.GetAll (CatalogService.Api)'
2025-11-18 19:40:55.352 +02:00 [INF] Executing endpoint 'CatalogService.Api.Controllers.GenresController.GetAll (CatalogService.Api)'
2025-11-18 19:40:55.358 +02:00 [INF] Route matched with {action = "GetAll", controller = "Books"}. Executing controller action with signature System.Threading.Tasks.Task`1[Microsoft.AspNetCore.Mvc.IActionResult] GetAll() on controller CatalogService.Api.Controllers.BooksController (CatalogService.Api).
2025-11-18 19:40:55.359 +02:00 [INF] Route matched with {action = "GetAll", controller = "Authors"}. Executing controller action with signature System.Threading.Tasks.Task`1[Microsoft.AspNetCore.Mvc.IActionResult] GetAll() on controller CatalogService.Api.Controllers.AuthorsController (CatalogService.Api).
2025-11-18 19:40:55.361 +02:00 [INF] Route matched with {action = "GetAll", controller = "Genres"}. Executing controller action with signature System.Threading.Tasks.Task`1[Microsoft.AspNetCore.Mvc.IActionResult] GetAll() on controller CatalogService.Api.Controllers.GenresController (CatalogService.Api).
2025-11-18 19:40:55.471 +02:00 [INF] Executed DbCommand (5ms) [Parameters=[], CommandType='"Text"', CommandTimeout='30']
SELECT b."Id", b."AuthorId", b."GenreId", b."Title", a."Id", a."Name", g."Id", g."Name"
FROM "Books" AS b
INNER JOIN "Authors" AS a ON b."AuthorId" = a."Id"
INNER JOIN "Genres" AS g ON b."GenreId" = g."Id"
2025-11-18 19:40:55.481 +02:00 [INF] Executing OkObjectResult, writing value of type 'System.Collections.Generic.List`1[[CatalogService.Bll.Dtos.BookDto, CatalogService.Bll, Version=1.0.0.0, Culture=neutral, PublicKeyToken=null]]'.
2025-11-18 19:40:55.483 +02:00 [INF] Executed DbCommand (2ms) [Parameters=[], CommandType='"Text"', CommandTimeout='30']
SELECT a."Id", a."Name"
FROM "Authors" AS a
2025-11-18 19:40:55.483 +02:00 [INF] Executed action CatalogService.Api.Controllers.BooksController.GetAll (CatalogService.Api) in 119.8148ms
2025-11-18 19:40:55.489 +02:00 [INF] Request starting HTTP/1.1 GET http://localhost:5180/api/books - null null
2025-11-18 19:40:55.489 +02:00 [INF] Executing OkObjectResult, writing value of type 'System.Collections.Generic.List`1[[CatalogService.Bll.Dtos.AuthorDto, CatalogService.Bll, Version=1.0.0.0, Culture=neutral, PublicKeyToken=null]]'.
2025-11-18 19:40:55.491 +02:00 [INF] Executed endpoint 'CatalogService.Api.Controllers.BooksController.GetAll (CatalogService.Api)'
2025-11-18 19:40:55.496 +02:00 [INF] Executing endpoint 'CatalogService.Api.Controllers.BooksController.GetAll (CatalogService.Api)'
2025-11-18 19:40:55.498 +02:00 [INF] Executed action CatalogService.Api.Controllers.AuthorsController.GetAll (CatalogService.Api) in 132.0936ms
2025-11-18 19:40:55.500 +02:00 [INF] Request finished HTTP/1.1 GET http://localhost:5180/api/books - 200 null application/json; charset=utf-8 163.9354ms
2025-11-18 19:40:55.503 +02:00 [INF] Route matched with {action = "GetAll", controller = "Books"}. Executing controller action with signature System.Threading.Tasks.Task`1[Microsoft.AspNetCore.Mvc.IActionResult] GetAll() on controller CatalogService.Api.Controllers.BooksController (CatalogService.Api).
2025-11-18 19:40:55.505 +02:00 [INF] Request starting HTTP/1.1 GET http://localhost:5180/api/authors - null null
2025-11-18 19:40:55.506 +02:00 [INF] Executed endpoint 'CatalogService.Api.Controllers.AuthorsController.GetAll (CatalogService.Api)'
2025-11-18 19:40:55.513 +02:00 [INF] Executed DbCommand (2ms) [Parameters=[], CommandType='"Text"', CommandTimeout='30']
SELECT g."Id", g."Name"
FROM "Genres" AS g
2025-11-18 19:40:55.517 +02:00 [INF] Executed DbCommand (1ms) [Parameters=[], CommandType='"Text"', CommandTimeout='30']
SELECT b."Id", b."AuthorId", b."GenreId", b."Title", a."Id", a."Name", g."Id", g."Name"
FROM "Books" AS b
INNER JOIN "Authors" AS a ON b."AuthorId" = a."Id"
INNER JOIN "Genres" AS g ON b."GenreId" = g."Id"
2025-11-18 19:40:55.519 +02:00 [INF] Executing endpoint 'CatalogService.Api.Controllers.AuthorsController.GetAll (CatalogService.Api)'
2025-11-18 19:40:55.521 +02:00 [INF] Request finished HTTP/1.1 GET http://localhost:5180/api/authors - 200 null application/json; charset=utf-8 184.9188ms
2025-11-18 19:40:55.526 +02:00 [INF] Executing OkObjectResult, writing value of type 'System.Collections.Generic.List`1[[CatalogService.Bll.Dtos.GenreDto, CatalogService.Bll, Version=1.0.0.0, Culture=neutral, PublicKeyToken=null]]'.
2025-11-18 19:40:55.529 +02:00 [INF] Executing OkObjectResult, writing value of type 'System.Collections.Generic.List`1[[CatalogService.Bll.Dtos.BookDto, CatalogService.Bll, Version=1.0.0.0, Culture=neutral, PublicKeyToken=null]]'.
2025-11-18 19:40:55.531 +02:00 [INF] Route matched with {action = "GetAll", controller = "Authors"}. Executing controller action with signature System.Threading.Tasks.Task`1[Microsoft.AspNetCore.Mvc.IActionResult] GetAll() on controller CatalogService.Api.Controllers.AuthorsController (CatalogService.Api).
2025-11-18 19:40:55.540 +02:00 [INF] Executed action CatalogService.Api.Controllers.GenresController.GetAll (CatalogService.Api) in 165.7011ms
2025-11-18 19:40:55.542 +02:00 [INF] Executed action CatalogService.Api.Controllers.BooksController.GetAll (CatalogService.Api) in 27.5106ms
2025-11-18 19:40:55.544 +02:00 [INF] Request starting HTTP/1.1 GET http://localhost:5180/api/genres - null null
2025-11-18 19:40:55.546 +02:00 [INF] Executed DbCommand (1ms) [Parameters=[], CommandType='"Text"', CommandTimeout='30']
SELECT a."Id", a."Name"
FROM "Authors" AS a
2025-11-18 19:40:55.548 +02:00 [INF] Executed endpoint 'CatalogService.Api.Controllers.GenresController.GetAll (CatalogService.Api)'
2025-11-18 19:40:55.550 +02:00 [INF] Executed endpoint 'CatalogService.Api.Controllers.BooksController.GetAll (CatalogService.Api)'
2025-11-18 19:40:55.554 +02:00 [INF] Executing endpoint 'CatalogService.Api.Controllers.GenresController.GetAll (CatalogService.Api)'
2025-11-18 19:40:55.558 +02:00 [INF] Executing OkObjectResult, writing value of type 'System.Collections.Generic.List`1[[CatalogService.Bll.Dtos.AuthorDto, CatalogService.Bll, Version=1.0.0.0, Culture=neutral, PublicKeyToken=null]]'.
2025-11-18 19:40:55.560 +02:00 [INF] Request finished HTTP/1.1 GET http://localhost:5180/api/genres - 200 null application/json; charset=utf-8 223.6544ms
2025-11-18 19:40:55.562 +02:00 [INF] Request finished HTTP/1.1 GET http://localhost:5180/api/books - 200 null application/json; charset=utf-8 73.2109ms
2025-11-18 19:40:55.565 +02:00 [INF] Route matched with {action = "GetAll", controller = "Genres"}. Executing controller action with signature System.Threading.Tasks.Task`1[Microsoft.AspNetCore.Mvc.IActionResult] GetAll() on controller CatalogService.Api.Controllers.GenresController (CatalogService.Api).
2025-11-18 19:40:55.567 +02:00 [INF] Executed action CatalogService.Api.Controllers.AuthorsController.GetAll (CatalogService.Api) in 21.795ms
2025-11-18 19:40:55.584 +02:00 [INF] Executed DbCommand (1ms) [Parameters=[], CommandType='"Text"', CommandTimeout='30']
SELECT g."Id", g."Name"
FROM "Genres" AS g
2025-11-18 19:40:55.585 +02:00 [INF] Executed endpoint 'CatalogService.Api.Controllers.AuthorsController.GetAll (CatalogService.Api)'
2025-11-18 19:40:55.589 +02:00 [INF] Executing OkObjectResult, writing value of type 'System.Collections.Generic.List`1[[CatalogService.Bll.Dtos.GenreDto, CatalogService.Bll, Version=1.0.0.0, Culture=neutral, PublicKeyToken=null]]'.
2025-11-18 19:40:55.591 +02:00 [INF] Request finished HTTP/1.1 GET http://localhost:5180/api/authors - 200 null application/json; charset=utf-8 86.1743ms
2025-11-18 19:40:55.594 +02:00 [INF] Executed action CatalogService.Api.Controllers.GenresController.GetAll (CatalogService.Api) in 11.6576ms
2025-11-18 19:40:55.603 +02:00 [INF] Executed endpoint 'CatalogService.Api.Controllers.GenresController.GetAll (CatalogService.Api)'
2025-11-18 19:40:55.606 +02:00 [INF] Request finished HTTP/1.1 GET http://localhost:5180/api/genres - 200 null application/json; charset=utf-8 61.538ms
2025-11-18 19:41:00.557 +02:00 [INF] Request starting HTTP/1.1 DELETE http://localhost:5180/api/books/4 - null 0
2025-11-18 19:41:00.566 +02:00 [INF] CORS policy execution successful.
2025-11-18 19:41:00.568 +02:00 [INF] Executing endpoint 'CatalogService.Api.Controllers.BooksController.Delete (CatalogService.Api)'
2025-11-18 19:41:00.580 +02:00 [INF] Route matched with {action = "Delete", controller = "Books"}. Executing controller action with signature System.Threading.Tasks.Task`1[Microsoft.AspNetCore.Mvc.IActionResult] Delete(Int32) on controller CatalogService.Api.Controllers.BooksController (CatalogService.Api).
2025-11-18 19:41:00.646 +02:00 [INF] Executed DbCommand (9ms) [Parameters=[@__p_0='?' (DbType = Int32)], CommandType='"Text"', CommandTimeout='30']
SELECT b."Id", b."AuthorId", b."GenreId", b."Title"
FROM "Books" AS b
WHERE b."Id" = @__p_0
LIMIT 1
2025-11-18 19:41:00.736 +02:00 [INF] Executed DbCommand (6ms) [Parameters=[@p0='?' (DbType = Int32)], CommandType='"Text"', CommandTimeout='30']
DELETE FROM "Books"
WHERE "Id" = @p0;
2025-11-18 19:41:00.752 +02:00 [INF] Executing StatusCodeResult, setting HTTP status code 204
2025-11-18 19:41:00.754 +02:00 [INF] Executed action CatalogService.Api.Controllers.BooksController.Delete (CatalogService.Api) in 171.0367ms
2025-11-18 19:41:00.757 +02:00 [INF] Executed endpoint 'CatalogService.Api.Controllers.BooksController.Delete (CatalogService.Api)'
2025-11-18 19:41:00.759 +02:00 [INF] Request finished HTTP/1.1 DELETE http://localhost:5180/api/books/4 - 204 null null 202.0055ms
2025-11-18 19:41:00.767 +02:00 [INF] Request starting HTTP/1.1 GET http://localhost:5180/api/books - null null
2025-11-18 19:41:00.767 +02:00 [INF] Request starting HTTP/1.1 GET http://localhost:5180/api/authors - null null
2025-11-18 19:41:00.767 +02:00 [INF] Request starting HTTP/1.1 GET http://localhost:5180/api/genres - null null
2025-11-18 19:41:00.772 +02:00 [INF] Executing endpoint 'CatalogService.Api.Controllers.BooksController.GetAll (CatalogService.Api)'
2025-11-18 19:41:00.776 +02:00 [INF] Executing endpoint 'CatalogService.Api.Controllers.AuthorsController.GetAll (CatalogService.Api)'
2025-11-18 19:41:00.781 +02:00 [INF] Executing endpoint 'CatalogService.Api.Controllers.GenresController.GetAll (CatalogService.Api)'
2025-11-18 19:41:00.782 +02:00 [INF] Route matched with {action = "GetAll", controller = "Books"}. Executing controller action with signature System.Threading.Tasks.Task`1[Microsoft.AspNetCore.Mvc.IActionResult] GetAll() on controller CatalogService.Api.Controllers.BooksController (CatalogService.Api).
2025-11-18 19:41:00.784 +02:00 [INF] Route matched with {action = "GetAll", controller = "Authors"}. Executing controller action with signature System.Threading.Tasks.Task`1[Microsoft.AspNetCore.Mvc.IActionResult] GetAll() on controller CatalogService.Api.Controllers.AuthorsController (CatalogService.Api).
2025-11-18 19:41:00.786 +02:00 [INF] Route matched with {action = "GetAll", controller = "Genres"}. Executing controller action with signature System.Threading.Tasks.Task`1[Microsoft.AspNetCore.Mvc.IActionResult] GetAll() on controller CatalogService.Api.Controllers.GenresController (CatalogService.Api).
2025-11-18 19:41:00.792 +02:00 [INF] Executed DbCommand (2ms) [Parameters=[], CommandType='"Text"', CommandTimeout='30']
SELECT b."Id", b."AuthorId", b."GenreId", b."Title", a."Id", a."Name", g."Id", g."Name"
FROM "Books" AS b
INNER JOIN "Authors" AS a ON b."AuthorId" = a."Id"
INNER JOIN "Genres" AS g ON b."GenreId" = g."Id"
2025-11-18 19:41:00.794 +02:00 [INF] Executed DbCommand (0ms) [Parameters=[], CommandType='"Text"', CommandTimeout='30']
SELECT a."Id", a."Name"
FROM "Authors" AS a
2025-11-18 19:41:00.798 +02:00 [INF] Executed DbCommand (1ms) [Parameters=[], CommandType='"Text"', CommandTimeout='30']
SELECT g."Id", g."Name"
FROM "Genres" AS g
2025-11-18 19:41:00.801 +02:00 [INF] Executing OkObjectResult, writing value of type 'System.Collections.Generic.List`1[[CatalogService.Bll.Dtos.BookDto, CatalogService.Bll, Version=1.0.0.0, Culture=neutral, PublicKeyToken=null]]'.
2025-11-18 19:41:00.804 +02:00 [INF] Executing OkObjectResult, writing value of type 'System.Collections.Generic.List`1[[CatalogService.Bll.Dtos.AuthorDto, CatalogService.Bll, Version=1.0.0.0, Culture=neutral, PublicKeyToken=null]]'.
2025-11-18 19:41:00.809 +02:00 [INF] Executing OkObjectResult, writing value of type 'System.Collections.Generic.List`1[[CatalogService.Bll.Dtos.GenreDto, CatalogService.Bll, Version=1.0.0.0, Culture=neutral, PublicKeyToken=null]]'.
2025-11-18 19:41:00.811 +02:00 [INF] Executed action CatalogService.Api.Controllers.BooksController.GetAll (CatalogService.Api) in 21.7163ms
2025-11-18 19:41:00.814 +02:00 [INF] Executed action CatalogService.Api.Controllers.AuthorsController.GetAll (CatalogService.Api) in 20.5837ms
2025-11-18 19:41:00.816 +02:00 [INF] Executed action CatalogService.Api.Controllers.GenresController.GetAll (CatalogService.Api) in 19.4623ms
2025-11-18 19:41:00.818 +02:00 [INF] Executed endpoint 'CatalogService.Api.Controllers.BooksController.GetAll (CatalogService.Api)'
2025-11-18 19:41:00.821 +02:00 [INF] Executed endpoint 'CatalogService.Api.Controllers.AuthorsController.GetAll (CatalogService.Api)'
2025-11-18 19:41:00.823 +02:00 [INF] Executed endpoint 'CatalogService.Api.Controllers.GenresController.GetAll (CatalogService.Api)'
2025-11-18 19:41:00.826 +02:00 [INF] Request finished HTTP/1.1 GET http://localhost:5180/api/books - 200 null application/json; charset=utf-8 58.5394ms
2025-11-18 19:41:00.827 +02:00 [INF] Request finished HTTP/1.1 GET http://localhost:5180/api/authors - 200 null application/json; charset=utf-8 59.9702ms
2025-11-18 19:41:00.829 +02:00 [INF] Request finished HTTP/1.1 GET http://localhost:5180/api/genres - 200 null application/json; charset=utf-8 61.8034ms
