2025-11-27 00:05:56.768 +02:00 [INF] Request starting HTTP/1.1 GET http://localhost:5180/api/authors - null null
2025-11-27 00:05:56.769 +02:00 [INF] Request starting HTTP/1.1 GET http://localhost:5180/api/genres - null null
2025-11-27 00:05:56.783 +02:00 [INF] Executing endpoint 'CatalogService.Api.Controllers.AuthorsController.GetAll (CatalogService.Api)'
2025-11-27 00:05:56.783 +02:00 [INF] Executing endpoint 'CatalogService.Api.Controllers.GenresController.GetAll (CatalogService.Api)'
2025-11-27 00:05:56.785 +02:00 [INF] Route matched with {action = "GetAll", controller = "Authors"}. Executing controller action with signature System.Threading.Tasks.Task`1[Microsoft.AspNetCore.Mvc.ActionResult`1[System.Collections.Generic.IEnumerable`1[CatalogService.Bll.Dtos.AuthorDto]]] GetAll() on controller CatalogService.Api.Controllers.AuthorsController (CatalogService.Api).
2025-11-27 00:05:56.787 +02:00 [INF] Route matched with {action = "GetAll", controller = "Genres"}. Executing controller action with signature System.Threading.Tasks.Task`1[Microsoft.AspNetCore.Mvc.ActionResult`1[System.Collections.Generic.IEnumerable`1[CatalogService.Bll.Dtos.GenreDto]]] GetAll() on controller CatalogService.Api.Controllers.GenresController (CatalogService.Api).
2025-11-27 00:05:56.849 +02:00 [INF] Executed DbCommand (1ms) [Parameters=[], CommandType='"Text"', CommandTimeout='30']
SELECT a.id, a.name
FROM authors AS a
2025-11-27 00:05:56.853 +02:00 [INF] Executing OkObjectResult, writing value of type 'System.Collections.Generic.List`1[[CatalogService.Bll.Dtos.AuthorDto, CatalogService.Bll, Version=1.0.0.0, Culture=neutral, PublicKeyToken=null]]'.
2025-11-27 00:05:56.855 +02:00 [INF] Executed DbCommand (1ms) [Parameters=[], CommandType='"Text"', CommandTimeout='30']
SELECT g.id, g.name
FROM genres AS g
2025-11-27 00:05:56.856 +02:00 [INF] Executed action CatalogService.Api.Controllers.AuthorsController.GetAll (CatalogService.Api) in 65.8036ms
2025-11-27 00:05:56.861 +02:00 [INF] Executing OkObjectResult, writing value of type 'System.Collections.Generic.List`1[[CatalogService.Bll.Dtos.GenreDto, CatalogService.Bll, Version=1.0.0.0, Culture=neutral, PublicKeyToken=null]]'.
2025-11-27 00:05:56.863 +02:00 [INF] Executed endpoint 'CatalogService.Api.Controllers.AuthorsController.GetAll (CatalogService.Api)'
2025-11-27 00:05:56.866 +02:00 [INF] Executed action CatalogService.Api.Controllers.GenresController.GetAll (CatalogService.Api) in 71.8653ms
2025-11-27 00:05:56.868 +02:00 [INF] Request finished HTTP/1.1 GET http://localhost:5180/api/authors - 200 null application/json; charset=utf-8 99.9771ms
2025-11-27 00:05:56.871 +02:00 [INF] Executed endpoint 'CatalogService.Api.Controllers.GenresController.GetAll (CatalogService.Api)'
2025-11-27 00:05:56.878 +02:00 [INF] Request finished HTTP/1.1 GET http://localhost:5180/api/genres - 200 null application/json; charset=utf-8 109.5708ms
2025-11-27 00:06:34.740 +02:00 [INF] Request starting HTTP/1.1 GET http://localhost:5180/api/authors - null null
2025-11-27 00:06:34.742 +02:00 [INF] Request starting HTTP/1.1 GET http://localhost:5180/api/genres - null null
2025-11-27 00:06:34.747 +02:00 [INF] Executing endpoint 'CatalogService.Api.Controllers.AuthorsController.GetAll (CatalogService.Api)'
2025-11-27 00:06:34.752 +02:00 [INF] Executing endpoint 'CatalogService.Api.Controllers.GenresController.GetAll (CatalogService.Api)'
2025-11-27 00:06:34.754 +02:00 [INF] Route matched with {action = "GetAll", controller = "Authors"}. Executing controller action with signature System.Threading.Tasks.Task`1[Microsoft.AspNetCore.Mvc.ActionResult`1[System.Collections.Generic.IEnumerable`1[CatalogService.Bll.Dtos.AuthorDto]]] GetAll() on controller CatalogService.Api.Controllers.AuthorsController (CatalogService.Api).
2025-11-27 00:06:34.756 +02:00 [INF] Route matched with {action = "GetAll", controller = "Genres"}. Executing controller action with signature System.Threading.Tasks.Task`1[Microsoft.AspNetCore.Mvc.ActionResult`1[System.Collections.Generic.IEnumerable`1[CatalogService.Bll.Dtos.GenreDto]]] GetAll() on controller CatalogService.Api.Controllers.GenresController (CatalogService.Api).
2025-11-27 00:06:34.761 +02:00 [INF] Executed DbCommand (1ms) [Parameters=[], CommandType='"Text"', CommandTimeout='30']
SELECT a.id, a.name
FROM authors AS a
2025-11-27 00:06:34.765 +02:00 [INF] Executed DbCommand (1ms) [Parameters=[], CommandType='"Text"', CommandTimeout='30']
SELECT g.id, g.name
FROM genres AS g
2025-11-27 00:06:34.768 +02:00 [INF] Executing OkObjectResult, writing value of type 'System.Collections.Generic.List`1[[CatalogService.Bll.Dtos.AuthorDto, CatalogService.Bll, Version=1.0.0.0, Culture=neutral, PublicKeyToken=null]]'.
2025-11-27 00:06:34.772 +02:00 [INF] Executing OkObjectResult, writing value of type 'System.Collections.Generic.List`1[[CatalogService.Bll.Dtos.GenreDto, CatalogService.Bll, Version=1.0.0.0, Culture=neutral, PublicKeyToken=null]]'.
2025-11-27 00:06:34.776 +02:00 [INF] Executed action CatalogService.Api.Controllers.AuthorsController.GetAll (CatalogService.Api) in 15.9936ms
2025-11-27 00:06:34.779 +02:00 [INF] Executed action CatalogService.Api.Controllers.GenresController.GetAll (CatalogService.Api) in 15.3747ms
2025-11-27 00:06:34.783 +02:00 [INF] Executed endpoint 'CatalogService.Api.Controllers.AuthorsController.GetAll (CatalogService.Api)'
2025-11-27 00:06:34.785 +02:00 [INF] Executed endpoint 'CatalogService.Api.Controllers.GenresController.GetAll (CatalogService.Api)'
2025-11-27 00:06:34.787 +02:00 [INF] Request finished HTTP/1.1 GET http://localhost:5180/api/authors - 200 null application/json; charset=utf-8 47.256ms
2025-11-27 00:06:34.790 +02:00 [INF] Request finished HTTP/1.1 GET http://localhost:5180/api/genres - 200 null application/json; charset=utf-8 48.5009ms
2025-11-27 00:06:37.688 +02:00 [INF] Request starting HTTP/1.1 GET http://localhost:5180/api/authors - null null
2025-11-27 00:06:37.688 +02:00 [INF] Request starting HTTP/1.1 GET http://localhost:5180/api/genres - null null
2025-11-27 00:06:37.692 +02:00 [INF] Executing endpoint 'CatalogService.Api.Controllers.AuthorsController.GetAll (CatalogService.Api)'
2025-11-27 00:06:37.695 +02:00 [INF] Executing endpoint 'CatalogService.Api.Controllers.GenresController.GetAll (CatalogService.Api)'
2025-11-27 00:06:37.697 +02:00 [INF] Route matched with {action = "GetAll", controller = "Authors"}. Executing controller action with signature System.Threading.Tasks.Task`1[Microsoft.AspNetCore.Mvc.ActionResult`1[System.Collections.Generic.IEnumerable`1[CatalogService.Bll.Dtos.AuthorDto]]] GetAll() on controller CatalogService.Api.Controllers.AuthorsController (CatalogService.Api).
2025-11-27 00:06:37.699 +02:00 [INF] Route matched with {action = "GetAll", controller = "Genres"}. Executing controller action with signature System.Threading.Tasks.Task`1[Microsoft.AspNetCore.Mvc.ActionResult`1[System.Collections.Generic.IEnumerable`1[CatalogService.Bll.Dtos.GenreDto]]] GetAll() on controller CatalogService.Api.Controllers.GenresController (CatalogService.Api).
2025-11-27 00:06:37.702 +02:00 [INF] Executed DbCommand (0ms) [Parameters=[], CommandType='"Text"', CommandTimeout='30']
SELECT a.id, a.name
FROM authors AS a
2025-11-27 00:06:37.704 +02:00 [INF] Executed DbCommand (0ms) [Parameters=[], CommandType='"Text"', CommandTimeout='30']
SELECT g.id, g.name
FROM genres AS g
2025-11-27 00:06:37.706 +02:00 [INF] Executing OkObjectResult, writing value of type 'System.Collections.Generic.List`1[[CatalogService.Bll.Dtos.AuthorDto, CatalogService.Bll, Version=1.0.0.0, Culture=neutral, PublicKeyToken=null]]'.
2025-11-27 00:06:37.709 +02:00 [INF] Executing OkObjectResult, writing value of type 'System.Collections.Generic.List`1[[CatalogService.Bll.Dtos.GenreDto, CatalogService.Bll, Version=1.0.0.0, Culture=neutral, PublicKeyToken=null]]'.
2025-11-27 00:06:37.710 +02:00 [INF] Executed action CatalogService.Api.Controllers.AuthorsController.GetAll (CatalogService.Api) in 8.9721ms
2025-11-27 00:06:37.712 +02:00 [INF] Executed action CatalogService.Api.Controllers.GenresController.GetAll (CatalogService.Api) in 8.539ms
2025-11-27 00:06:37.714 +02:00 [INF] Executed endpoint 'CatalogService.Api.Controllers.AuthorsController.GetAll (CatalogService.Api)'
2025-11-27 00:06:37.717 +02:00 [INF] Executed endpoint 'CatalogService.Api.Controllers.GenresController.GetAll (CatalogService.Api)'
2025-11-27 00:06:37.718 +02:00 [INF] Request finished HTTP/1.1 GET http://localhost:5180/api/authors - 200 null application/json; charset=utf-8 29.9892ms
2025-11-27 00:06:37.720 +02:00 [INF] Request finished HTTP/1.1 GET http://localhost:5180/api/genres - 200 null application/json; charset=utf-8 31.1844ms
2025-11-27 00:06:39.714 +02:00 [INF] Request starting HTTP/1.1 GET http://localhost:5180/api/authors - null null
2025-11-27 00:06:39.714 +02:00 [INF] Request starting HTTP/1.1 GET http://localhost:5180/api/genres - null null
2025-11-27 00:06:39.721 +02:00 [INF] Executing endpoint 'CatalogService.Api.Controllers.AuthorsController.GetAll (CatalogService.Api)'
2025-11-27 00:06:39.725 +02:00 [INF] Executing endpoint 'CatalogService.Api.Controllers.GenresController.GetAll (CatalogService.Api)'
2025-11-27 00:06:39.726 +02:00 [INF] Route matched with {action = "GetAll", controller = "Authors"}. Executing controller action with signature System.Threading.Tasks.Task`1[Microsoft.AspNetCore.Mvc.ActionResult`1[System.Collections.Generic.IEnumerable`1[CatalogService.Bll.Dtos.AuthorDto]]] GetAll() on controller CatalogService.Api.Controllers.AuthorsController (CatalogService.Api).
2025-11-27 00:06:39.728 +02:00 [INF] Route matched with {action = "GetAll", controller = "Genres"}. Executing controller action with signature System.Threading.Tasks.Task`1[Microsoft.AspNetCore.Mvc.ActionResult`1[System.Collections.Generic.IEnumerable`1[CatalogService.Bll.Dtos.GenreDto]]] GetAll() on controller CatalogService.Api.Controllers.GenresController (CatalogService.Api).
2025-11-27 00:06:39.733 +02:00 [INF] Executed DbCommand (1ms) [Parameters=[], CommandType='"Text"', CommandTimeout='30']
SELECT a.id, a.name
FROM authors AS a
2025-11-27 00:06:39.736 +02:00 [INF] Executed DbCommand (1ms) [Parameters=[], CommandType='"Text"', CommandTimeout='30']
SELECT g.id, g.name
FROM genres AS g
2025-11-27 00:06:39.739 +02:00 [INF] Executing OkObjectResult, writing value of type 'System.Collections.Generic.List`1[[CatalogService.Bll.Dtos.AuthorDto, CatalogService.Bll, Version=1.0.0.0, Culture=neutral, PublicKeyToken=null]]'.
2025-11-27 00:06:39.742 +02:00 [INF] Executing OkObjectResult, writing value of type 'System.Collections.Generic.List`1[[CatalogService.Bll.Dtos.GenreDto, CatalogService.Bll, Version=1.0.0.0, Culture=neutral, PublicKeyToken=null]]'.
2025-11-27 00:06:39.745 +02:00 [INF] Executed action CatalogService.Api.Controllers.AuthorsController.GetAll (CatalogService.Api) in 12.8378ms
2025-11-27 00:06:39.747 +02:00 [INF] Executed action CatalogService.Api.Controllers.GenresController.GetAll (CatalogService.Api) in 11.3893ms
2025-11-27 00:06:39.749 +02:00 [INF] Executed endpoint 'CatalogService.Api.Controllers.AuthorsController.GetAll (CatalogService.Api)'
2025-11-27 00:06:39.751 +02:00 [INF] Executed endpoint 'CatalogService.Api.Controllers.GenresController.GetAll (CatalogService.Api)'
2025-11-27 00:06:39.754 +02:00 [INF] Request finished HTTP/1.1 GET http://localhost:5180/api/authors - 200 null application/json; charset=utf-8 39.8329ms
2025-11-27 00:06:39.756 +02:00 [INF] Request finished HTTP/1.1 GET http://localhost:5180/api/genres - 200 null application/json; charset=utf-8 41.7449ms
2025-11-27 00:06:48.694 +02:00 [INF] Request starting HTTP/1.1 GET http://localhost:5180/api/authors - null null
2025-11-27 00:06:48.694 +02:00 [INF] Request starting HTTP/1.1 GET http://localhost:5180/api/genres - null null
2025-11-27 00:06:48.698 +02:00 [INF] Executing endpoint 'CatalogService.Api.Controllers.AuthorsController.GetAll (CatalogService.Api)'
2025-11-27 00:06:48.702 +02:00 [INF] Executing endpoint 'CatalogService.Api.Controllers.GenresController.GetAll (CatalogService.Api)'
2025-11-27 00:06:48.703 +02:00 [INF] Route matched with {action = "GetAll", controller = "Authors"}. Executing controller action with signature System.Threading.Tasks.Task`1[Microsoft.AspNetCore.Mvc.ActionResult`1[System.Collections.Generic.IEnumerable`1[CatalogService.Bll.Dtos.AuthorDto]]] GetAll() on controller CatalogService.Api.Controllers.AuthorsController (CatalogService.Api).
2025-11-27 00:06:48.705 +02:00 [INF] Route matched with {action = "GetAll", controller = "Genres"}. Executing controller action with signature System.Threading.Tasks.Task`1[Microsoft.AspNetCore.Mvc.ActionResult`1[System.Collections.Generic.IEnumerable`1[CatalogService.Bll.Dtos.GenreDto]]] GetAll() on controller CatalogService.Api.Controllers.GenresController (CatalogService.Api).
2025-11-27 00:06:48.708 +02:00 [INF] Executed DbCommand (0ms) [Parameters=[], CommandType='"Text"', CommandTimeout='30']
SELECT a.id, a.name
FROM authors AS a
2025-11-27 00:06:48.711 +02:00 [INF] Executed DbCommand (1ms) [Parameters=[], CommandType='"Text"', CommandTimeout='30']
SELECT g.id, g.name
FROM genres AS g
2025-11-27 00:06:48.714 +02:00 [INF] Executing OkObjectResult, writing value of type 'System.Collections.Generic.List`1[[CatalogService.Bll.Dtos.AuthorDto, CatalogService.Bll, Version=1.0.0.0, Culture=neutral, PublicKeyToken=null]]'.
2025-11-27 00:06:48.718 +02:00 [INF] Executing OkObjectResult, writing value of type 'System.Collections.Generic.List`1[[CatalogService.Bll.Dtos.GenreDto, CatalogService.Bll, Version=1.0.0.0, Culture=neutral, PublicKeyToken=null]]'.
2025-11-27 00:06:48.721 +02:00 [INF] Executed action CatalogService.Api.Controllers.AuthorsController.GetAll (CatalogService.Api) in 13.4067ms
2025-11-27 00:06:48.724 +02:00 [INF] Executed action CatalogService.Api.Controllers.GenresController.GetAll (CatalogService.Api) in 13.9322ms
2025-11-27 00:06:48.727 +02:00 [INF] Executed endpoint 'CatalogService.Api.Controllers.AuthorsController.GetAll (CatalogService.Api)'
2025-11-27 00:06:48.731 +02:00 [INF] Executed endpoint 'CatalogService.Api.Controllers.GenresController.GetAll (CatalogService.Api)'
2025-11-27 00:06:48.733 +02:00 [INF] Request finished HTTP/1.1 GET http://localhost:5180/api/authors - 200 null application/json; charset=utf-8 39.0584ms
2025-11-27 00:06:48.736 +02:00 [INF] Request finished HTTP/1.1 GET http://localhost:5180/api/genres - 200 null application/json; charset=utf-8 41.0297ms
2025-11-27 00:06:49.701 +02:00 [INF] Request starting HTTP/1.1 GET http://localhost:5180/api/authors - null null
2025-11-27 00:06:49.702 +02:00 [INF] Request starting HTTP/1.1 GET http://localhost:5180/api/genres - null null
2025-11-27 00:06:49.707 +02:00 [INF] Executing endpoint 'CatalogService.Api.Controllers.AuthorsController.GetAll (CatalogService.Api)'
2025-11-27 00:06:49.712 +02:00 [INF] Executing endpoint 'CatalogService.Api.Controllers.GenresController.GetAll (CatalogService.Api)'
2025-11-27 00:06:49.714 +02:00 [INF] Route matched with {action = "GetAll", controller = "Authors"}. Executing controller action with signature System.Threading.Tasks.Task`1[Microsoft.AspNetCore.Mvc.ActionResult`1[System.Collections.Generic.IEnumerable`1[CatalogService.Bll.Dtos.AuthorDto]]] GetAll() on controller CatalogService.Api.Controllers.AuthorsController (CatalogService.Api).
2025-11-27 00:06:49.717 +02:00 [INF] Route matched with {action = "GetAll", controller = "Genres"}. Executing controller action with signature System.Threading.Tasks.Task`1[Microsoft.AspNetCore.Mvc.ActionResult`1[System.Collections.Generic.IEnumerable`1[CatalogService.Bll.Dtos.GenreDto]]] GetAll() on controller CatalogService.Api.Controllers.GenresController (CatalogService.Api).
2025-11-27 00:06:49.722 +02:00 [INF] Executed DbCommand (1ms) [Parameters=[], CommandType='"Text"', CommandTimeout='30']
SELECT a.id, a.name
FROM authors AS a
2025-11-27 00:06:49.727 +02:00 [INF] Executed DbCommand (1ms) [Parameters=[], CommandType='"Text"', CommandTimeout='30']
SELECT g.id, g.name
FROM genres AS g
2025-11-27 00:06:49.731 +02:00 [INF] Executing OkObjectResult, writing value of type 'System.Collections.Generic.List`1[[CatalogService.Bll.Dtos.AuthorDto, CatalogService.Bll, Version=1.0.0.0, Culture=neutral, PublicKeyToken=null]]'.
2025-11-27 00:06:49.736 +02:00 [INF] Executing OkObjectResult, writing value of type 'System.Collections.Generic.List`1[[CatalogService.Bll.Dtos.GenreDto, CatalogService.Bll, Version=1.0.0.0, Culture=neutral, PublicKeyToken=null]]'.
2025-11-27 00:06:49.739 +02:00 [INF] Executed action CatalogService.Api.Controllers.AuthorsController.GetAll (CatalogService.Api) in 18.1503ms
2025-11-27 00:06:49.742 +02:00 [INF] Executed action CatalogService.Api.Controllers.GenresController.GetAll (CatalogService.Api) in 17.0007ms
2025-11-27 00:06:49.746 +02:00 [INF] Executed endpoint 'CatalogService.Api.Controllers.AuthorsController.GetAll (CatalogService.Api)'
2025-11-27 00:06:49.749 +02:00 [INF] Executed endpoint 'CatalogService.Api.Controllers.GenresController.GetAll (CatalogService.Api)'
2025-11-27 00:06:49.751 +02:00 [INF] Request finished HTTP/1.1 GET http://localhost:5180/api/authors - 200 null application/json; charset=utf-8 49.066ms
2025-11-27 00:06:49.753 +02:00 [INF] Request finished HTTP/1.1 GET http://localhost:5180/api/genres - 200 null application/json; charset=utf-8 50.8285ms
2025-11-27 00:06:56.695 +02:00 [INF] Request starting HTTP/1.1 GET http://localhost:5180/api/authors - null null
2025-11-27 00:06:56.695 +02:00 [INF] Request starting HTTP/1.1 GET http://localhost:5180/api/genres - null null
2025-11-27 00:06:56.700 +02:00 [INF] Executing endpoint 'CatalogService.Api.Controllers.AuthorsController.GetAll (CatalogService.Api)'
2025-11-27 00:06:56.705 +02:00 [INF] Executing endpoint 'CatalogService.Api.Controllers.GenresController.GetAll (CatalogService.Api)'
2025-11-27 00:06:56.707 +02:00 [INF] Route matched with {action = "GetAll", controller = "Authors"}. Executing controller action with signature System.Threading.Tasks.Task`1[Microsoft.AspNetCore.Mvc.ActionResult`1[System.Collections.Generic.IEnumerable`1[CatalogService.Bll.Dtos.AuthorDto]]] GetAll() on controller CatalogService.Api.Controllers.AuthorsController (CatalogService.Api).
2025-11-27 00:06:56.709 +02:00 [INF] Route matched with {action = "GetAll", controller = "Genres"}. Executing controller action with signature System.Threading.Tasks.Task`1[Microsoft.AspNetCore.Mvc.ActionResult`1[System.Collections.Generic.IEnumerable`1[CatalogService.Bll.Dtos.GenreDto]]] GetAll() on controller CatalogService.Api.Controllers.GenresController (CatalogService.Api).
2025-11-27 00:06:56.713 +02:00 [INF] Executed DbCommand (0ms) [Parameters=[], CommandType='"Text"', CommandTimeout='30']
SELECT a.id, a.name
FROM authors AS a
2025-11-27 00:06:56.717 +02:00 [INF] Executed DbCommand (1ms) [Parameters=[], CommandType='"Text"', CommandTimeout='30']
SELECT g.id, g.name
FROM genres AS g
2025-11-27 00:06:56.719 +02:00 [INF] Executing OkObjectResult, writing value of type 'System.Collections.Generic.List`1[[CatalogService.Bll.Dtos.AuthorDto, CatalogService.Bll, Version=1.0.0.0, Culture=neutral, PublicKeyToken=null]]'.
2025-11-27 00:06:56.722 +02:00 [INF] Executing OkObjectResult, writing value of type 'System.Collections.Generic.List`1[[CatalogService.Bll.Dtos.GenreDto, CatalogService.Bll, Version=1.0.0.0, Culture=neutral, PublicKeyToken=null]]'.
2025-11-27 00:06:56.724 +02:00 [INF] Executed action CatalogService.Api.Controllers.AuthorsController.GetAll (CatalogService.Api) in 11.949ms
2025-11-27 00:06:56.727 +02:00 [INF] Executed action CatalogService.Api.Controllers.GenresController.GetAll (CatalogService.Api) in 10.7476ms
2025-11-27 00:06:56.729 +02:00 [INF] Executed endpoint 'CatalogService.Api.Controllers.AuthorsController.GetAll (CatalogService.Api)'
2025-11-27 00:06:56.731 +02:00 [INF] Executed endpoint 'CatalogService.Api.Controllers.GenresController.GetAll (CatalogService.Api)'
2025-11-27 00:06:56.733 +02:00 [INF] Request finished HTTP/1.1 GET http://localhost:5180/api/authors - 200 null application/json; charset=utf-8 38.3072ms
2025-11-27 00:06:56.735 +02:00 [INF] Request finished HTTP/1.1 GET http://localhost:5180/api/genres - 200 null application/json; charset=utf-8 39.8168ms
2025-11-27 00:07:10.738 +02:00 [INF] Request starting HTTP/1.1 GET http://localhost:5180/api/authors - null null
2025-11-27 00:07:10.738 +02:00 [INF] Request starting HTTP/1.1 GET http://localhost:5180/api/genres - null null
2025-11-27 00:07:10.745 +02:00 [INF] Executing endpoint 'CatalogService.Api.Controllers.AuthorsController.GetAll (CatalogService.Api)'
2025-11-27 00:07:10.749 +02:00 [INF] Executing endpoint 'CatalogService.Api.Controllers.GenresController.GetAll (CatalogService.Api)'
2025-11-27 00:07:10.751 +02:00 [INF] Route matched with {action = "GetAll", controller = "Authors"}. Executing controller action with signature System.Threading.Tasks.Task`1[Microsoft.AspNetCore.Mvc.ActionResult`1[System.Collections.Generic.IEnumerable`1[CatalogService.Bll.Dtos.AuthorDto]]] GetAll() on controller CatalogService.Api.Controllers.AuthorsController (CatalogService.Api).
2025-11-27 00:07:10.754 +02:00 [INF] Route matched with {action = "GetAll", controller = "Genres"}. Executing controller action with signature System.Threading.Tasks.Task`1[Microsoft.AspNetCore.Mvc.ActionResult`1[System.Collections.Generic.IEnumerable`1[CatalogService.Bll.Dtos.GenreDto]]] GetAll() on controller CatalogService.Api.Controllers.GenresController (CatalogService.Api).
2025-11-27 00:07:10.757 +02:00 [INF] Executed DbCommand (1ms) [Parameters=[], CommandType='"Text"', CommandTimeout='30']
SELECT a.id, a.name
FROM authors AS a
2025-11-27 00:07:10.760 +02:00 [INF] Executed DbCommand (1ms) [Parameters=[], CommandType='"Text"', CommandTimeout='30']
SELECT g.id, g.name
FROM genres AS g
2025-11-27 00:07:10.764 +02:00 [INF] Executing OkObjectResult, writing value of type 'System.Collections.Generic.List`1[[CatalogService.Bll.Dtos.AuthorDto, CatalogService.Bll, Version=1.0.0.0, Culture=neutral, PublicKeyToken=null]]'.
2025-11-27 00:07:10.767 +02:00 [INF] Executing OkObjectResult, writing value of type 'System.Collections.Generic.List`1[[CatalogService.Bll.Dtos.GenreDto, CatalogService.Bll, Version=1.0.0.0, Culture=neutral, PublicKeyToken=null]]'.
2025-11-27 00:07:10.769 +02:00 [INF] Executed action CatalogService.Api.Controllers.AuthorsController.GetAll (CatalogService.Api) in 12.6345ms
2025-11-27 00:07:10.770 +02:00 [INF] Executed action CatalogService.Api.Controllers.GenresController.GetAll (CatalogService.Api) in 11.1422ms
2025-11-27 00:07:10.772 +02:00 [INF] Executed endpoint 'CatalogService.Api.Controllers.AuthorsController.GetAll (CatalogService.Api)'
2025-11-27 00:07:10.774 +02:00 [INF] Executed endpoint 'CatalogService.Api.Controllers.GenresController.GetAll (CatalogService.Api)'
2025-11-27 00:07:10.776 +02:00 [INF] Request finished HTTP/1.1 GET http://localhost:5180/api/authors - 200 null application/json; charset=utf-8 38.2774ms
2025-11-27 00:07:10.778 +02:00 [INF] Request finished HTTP/1.1 GET http://localhost:5180/api/genres - 200 null application/json; charset=utf-8 39.777ms
2025-11-27 00:07:14.694 +02:00 [INF] Request starting HTTP/1.1 GET http://localhost:5180/api/authors - null null
2025-11-27 00:07:14.694 +02:00 [INF] Request starting HTTP/1.1 GET http://localhost:5180/api/genres - null null
2025-11-27 00:07:14.699 +02:00 [INF] Executing endpoint 'CatalogService.Api.Controllers.AuthorsController.GetAll (CatalogService.Api)'
2025-11-27 00:07:14.702 +02:00 [INF] Executing endpoint 'CatalogService.Api.Controllers.GenresController.GetAll (CatalogService.Api)'
2025-11-27 00:07:14.704 +02:00 [INF] Route matched with {action = "GetAll", controller = "Authors"}. Executing controller action with signature System.Threading.Tasks.Task`1[Microsoft.AspNetCore.Mvc.ActionResult`1[System.Collections.Generic.IEnumerable`1[CatalogService.Bll.Dtos.AuthorDto]]] GetAll() on controller CatalogService.Api.Controllers.AuthorsController (CatalogService.Api).
2025-11-27 00:07:14.705 +02:00 [INF] Route matched with {action = "GetAll", controller = "Genres"}. Executing controller action with signature System.Threading.Tasks.Task`1[Microsoft.AspNetCore.Mvc.ActionResult`1[System.Collections.Generic.IEnumerable`1[CatalogService.Bll.Dtos.GenreDto]]] GetAll() on controller CatalogService.Api.Controllers.GenresController (CatalogService.Api).
2025-11-27 00:07:14.709 +02:00 [INF] Executed DbCommand (1ms) [Parameters=[], CommandType='"Text"', CommandTimeout='30']
SELECT a.id, a.name
FROM authors AS a
2025-11-27 00:07:14.713 +02:00 [INF] Executed DbCommand (0ms) [Parameters=[], CommandType='"Text"', CommandTimeout='30']
SELECT g.id, g.name
FROM genres AS g
2025-11-27 00:07:14.715 +02:00 [INF] Executing OkObjectResult, writing value of type 'System.Collections.Generic.List`1[[CatalogService.Bll.Dtos.AuthorDto, CatalogService.Bll, Version=1.0.0.0, Culture=neutral, PublicKeyToken=null]]'.
2025-11-27 00:07:14.718 +02:00 [INF] Executing OkObjectResult, writing value of type 'System.Collections.Generic.List`1[[CatalogService.Bll.Dtos.GenreDto, CatalogService.Bll, Version=1.0.0.0, Culture=neutral, PublicKeyToken=null]]'.
2025-11-27 00:07:14.720 +02:00 [INF] Executed action CatalogService.Api.Controllers.AuthorsController.GetAll (CatalogService.Api) in 11.9613ms
2025-11-27 00:07:14.723 +02:00 [INF] Executed action CatalogService.Api.Controllers.GenresController.GetAll (CatalogService.Api) in 10.9129ms
2025-11-27 00:07:14.725 +02:00 [INF] Executed endpoint 'CatalogService.Api.Controllers.AuthorsController.GetAll (CatalogService.Api)'
2025-11-27 00:07:14.727 +02:00 [INF] Executed endpoint 'CatalogService.Api.Controllers.GenresController.GetAll (CatalogService.Api)'
2025-11-27 00:07:14.729 +02:00 [INF] Request finished HTTP/1.1 GET http://localhost:5180/api/authors - 200 null application/json; charset=utf-8 34.6413ms
2025-11-27 00:07:14.730 +02:00 [INF] Request finished HTTP/1.1 GET http://localhost:5180/api/genres - 200 null application/json; charset=utf-8 36.3039ms
2025-11-27 00:07:41.742 +02:00 [INF] Request starting HTTP/1.1 GET http://localhost:5180/api/authors - null null
2025-11-27 00:07:41.744 +02:00 [INF] Request starting HTTP/1.1 GET http://localhost:5180/api/genres - null null
2025-11-27 00:07:41.749 +02:00 [INF] Executing endpoint 'CatalogService.Api.Controllers.AuthorsController.GetAll (CatalogService.Api)'
2025-11-27 00:07:41.755 +02:00 [INF] Executing endpoint 'CatalogService.Api.Controllers.GenresController.GetAll (CatalogService.Api)'
2025-11-27 00:07:41.757 +02:00 [INF] Route matched with {action = "GetAll", controller = "Authors"}. Executing controller action with signature System.Threading.Tasks.Task`1[Microsoft.AspNetCore.Mvc.ActionResult`1[System.Collections.Generic.IEnumerable`1[CatalogService.Bll.Dtos.AuthorDto]]] GetAll() on controller CatalogService.Api.Controllers.AuthorsController (CatalogService.Api).
2025-11-27 00:07:41.760 +02:00 [INF] Route matched with {action = "GetAll", controller = "Genres"}. Executing controller action with signature System.Threading.Tasks.Task`1[Microsoft.AspNetCore.Mvc.ActionResult`1[System.Collections.Generic.IEnumerable`1[CatalogService.Bll.Dtos.GenreDto]]] GetAll() on controller CatalogService.Api.Controllers.GenresController (CatalogService.Api).
2025-11-27 00:07:41.765 +02:00 [INF] Executed DbCommand (1ms) [Parameters=[], CommandType='"Text"', CommandTimeout='30']
SELECT a.id, a.name
FROM authors AS a
2025-11-27 00:07:41.770 +02:00 [INF] Executed DbCommand (1ms) [Parameters=[], CommandType='"Text"', CommandTimeout='30']
SELECT g.id, g.name
FROM genres AS g
2025-11-27 00:07:41.775 +02:00 [INF] Executing OkObjectResult, writing value of type 'System.Collections.Generic.List`1[[CatalogService.Bll.Dtos.AuthorDto, CatalogService.Bll, Version=1.0.0.0, Culture=neutral, PublicKeyToken=null]]'.
2025-11-27 00:07:41.780 +02:00 [INF] Executing OkObjectResult, writing value of type 'System.Collections.Generic.List`1[[CatalogService.Bll.Dtos.GenreDto, CatalogService.Bll, Version=1.0.0.0, Culture=neutral, PublicKeyToken=null]]'.
2025-11-27 00:07:41.783 +02:00 [INF] Executed action CatalogService.Api.Controllers.AuthorsController.GetAll (CatalogService.Api) in 18.8815ms
2025-11-27 00:07:41.787 +02:00 [INF] Executed action CatalogService.Api.Controllers.GenresController.GetAll (CatalogService.Api) in 17.8599ms
2025-11-27 00:07:41.790 +02:00 [INF] Executed endpoint 'CatalogService.Api.Controllers.AuthorsController.GetAll (CatalogService.Api)'
2025-11-27 00:07:41.793 +02:00 [INF] Executed endpoint 'CatalogService.Api.Controllers.GenresController.GetAll (CatalogService.Api)'
2025-11-27 00:07:41.795 +02:00 [INF] Request finished HTTP/1.1 GET http://localhost:5180/api/authors - 200 null application/json; charset=utf-8 53.2188ms
2025-11-27 00:07:41.797 +02:00 [INF] Request finished HTTP/1.1 GET http://localhost:5180/api/genres - 200 null application/json; charset=utf-8 53.4809ms
2025-11-27 00:07:42.689 +02:00 [INF] Request starting HTTP/1.1 GET http://localhost:5180/api/authors - null null
2025-11-27 00:07:42.689 +02:00 [INF] Request starting HTTP/1.1 GET http://localhost:5180/api/genres - null null
2025-11-27 00:07:42.693 +02:00 [INF] Executing endpoint 'CatalogService.Api.Controllers.AuthorsController.GetAll (CatalogService.Api)'
2025-11-27 00:07:42.696 +02:00 [INF] Executing endpoint 'CatalogService.Api.Controllers.GenresController.GetAll (CatalogService.Api)'
2025-11-27 00:07:42.698 +02:00 [INF] Route matched with {action = "GetAll", controller = "Authors"}. Executing controller action with signature System.Threading.Tasks.Task`1[Microsoft.AspNetCore.Mvc.ActionResult`1[System.Collections.Generic.IEnumerable`1[CatalogService.Bll.Dtos.AuthorDto]]] GetAll() on controller CatalogService.Api.Controllers.AuthorsController (CatalogService.Api).
2025-11-27 00:07:42.700 +02:00 [INF] Route matched with {action = "GetAll", controller = "Genres"}. Executing controller action with signature System.Threading.Tasks.Task`1[Microsoft.AspNetCore.Mvc.ActionResult`1[System.Collections.Generic.IEnumerable`1[CatalogService.Bll.Dtos.GenreDto]]] GetAll() on controller CatalogService.Api.Controllers.GenresController (CatalogService.Api).
2025-11-27 00:07:42.704 +02:00 [INF] Executed DbCommand (1ms) [Parameters=[], CommandType='"Text"', CommandTimeout='30']
SELECT a.id, a.name
FROM authors AS a
2025-11-27 00:07:42.708 +02:00 [INF] Executed DbCommand (0ms) [Parameters=[], CommandType='"Text"', CommandTimeout='30']
SELECT g.id, g.name
FROM genres AS g
2025-11-27 00:07:42.709 +02:00 [INF] Executing OkObjectResult, writing value of type 'System.Collections.Generic.List`1[[CatalogService.Bll.Dtos.AuthorDto, CatalogService.Bll, Version=1.0.0.0, Culture=neutral, PublicKeyToken=null]]'.
2025-11-27 00:07:42.713 +02:00 [INF] Executing OkObjectResult, writing value of type 'System.Collections.Generic.List`1[[CatalogService.Bll.Dtos.GenreDto, CatalogService.Bll, Version=1.0.0.0, Culture=neutral, PublicKeyToken=null]]'.
2025-11-27 00:07:42.715 +02:00 [INF] Executed action CatalogService.Api.Controllers.AuthorsController.GetAll (CatalogService.Api) in 11.5793ms
2025-11-27 00:07:42.717 +02:00 [INF] Executed action CatalogService.Api.Controllers.GenresController.GetAll (CatalogService.Api) in 10.6652ms
2025-11-27 00:07:42.719 +02:00 [INF] Executed endpoint 'CatalogService.Api.Controllers.AuthorsController.GetAll (CatalogService.Api)'
2025-11-27 00:07:42.722 +02:00 [INF] Executed endpoint 'CatalogService.Api.Controllers.GenresController.GetAll (CatalogService.Api)'
2025-11-27 00:07:42.724 +02:00 [INF] Request finished HTTP/1.1 GET http://localhost:5180/api/authors - 200 null application/json; charset=utf-8 35.5564ms
2025-11-27 00:07:42.726 +02:00 [INF] Request finished HTTP/1.1 GET http://localhost:5180/api/genres - 200 null application/json; charset=utf-8 37.4984ms
2025-11-27 00:08:47.698 +02:00 [INF] Request starting HTTP/1.1 GET http://localhost:5180/api/authors - null null
2025-11-27 00:08:47.698 +02:00 [INF] Request starting HTTP/1.1 GET http://localhost:5180/api/genres - null null
2025-11-27 00:08:47.703 +02:00 [INF] Executing endpoint 'CatalogService.Api.Controllers.AuthorsController.GetAll (CatalogService.Api)'
2025-11-27 00:08:47.708 +02:00 [INF] Executing endpoint 'CatalogService.Api.Controllers.GenresController.GetAll (CatalogService.Api)'
2025-11-27 00:08:47.710 +02:00 [INF] Route matched with {action = "GetAll", controller = "Authors"}. Executing controller action with signature System.Threading.Tasks.Task`1[Microsoft.AspNetCore.Mvc.ActionResult`1[System.Collections.Generic.IEnumerable`1[CatalogService.Bll.Dtos.AuthorDto]]] GetAll() on controller CatalogService.Api.Controllers.AuthorsController (CatalogService.Api).
2025-11-27 00:08:47.713 +02:00 [INF] Route matched with {action = "GetAll", controller = "Genres"}. Executing controller action with signature System.Threading.Tasks.Task`1[Microsoft.AspNetCore.Mvc.ActionResult`1[System.Collections.Generic.IEnumerable`1[CatalogService.Bll.Dtos.GenreDto]]] GetAll() on controller CatalogService.Api.Controllers.GenresController (CatalogService.Api).
2025-11-27 00:08:47.718 +02:00 [INF] Executed DbCommand (1ms) [Parameters=[], CommandType='"Text"', CommandTimeout='30']
SELECT a.id, a.name
FROM authors AS a
2025-11-27 00:08:47.723 +02:00 [INF] Executed DbCommand (1ms) [Parameters=[], CommandType='"Text"', CommandTimeout='30']
SELECT g.id, g.name
FROM genres AS g
2025-11-27 00:08:47.726 +02:00 [INF] Executing OkObjectResult, writing value of type 'System.Collections.Generic.List`1[[CatalogService.Bll.Dtos.AuthorDto, CatalogService.Bll, Version=1.0.0.0, Culture=neutral, PublicKeyToken=null]]'.
2025-11-27 00:08:47.730 +02:00 [INF] Executing OkObjectResult, writing value of type 'System.Collections.Generic.List`1[[CatalogService.Bll.Dtos.GenreDto, CatalogService.Bll, Version=1.0.0.0, Culture=neutral, PublicKeyToken=null]]'.
2025-11-27 00:08:47.732 +02:00 [INF] Executed action CatalogService.Api.Controllers.AuthorsController.GetAll (CatalogService.Api) in 15.1448ms
2025-11-27 00:08:47.735 +02:00 [INF] Executed action CatalogService.Api.Controllers.GenresController.GetAll (CatalogService.Api) in 13.5053ms
2025-11-27 00:08:47.738 +02:00 [INF] Executed endpoint 'CatalogService.Api.Controllers.AuthorsController.GetAll (CatalogService.Api)'
2025-11-27 00:08:47.740 +02:00 [INF] Executed endpoint 'CatalogService.Api.Controllers.GenresController.GetAll (CatalogService.Api)'
2025-11-27 00:08:47.742 +02:00 [INF] Request finished HTTP/1.1 GET http://localhost:5180/api/authors - 200 null application/json; charset=utf-8 44.3571ms
2025-11-27 00:08:47.745 +02:00 [INF] Request finished HTTP/1.1 GET http://localhost:5180/api/genres - 200 null application/json; charset=utf-8 46.9485ms
2025-11-27 00:09:46.700 +02:00 [INF] Request starting HTTP/1.1 GET http://localhost:5180/api/authors - null null
2025-11-27 00:09:46.700 +02:00 [INF] Request starting HTTP/1.1 GET http://localhost:5180/api/genres - null null
2025-11-27 00:09:46.704 +02:00 [INF] Executing endpoint 'CatalogService.Api.Controllers.AuthorsController.GetAll (CatalogService.Api)'
2025-11-27 00:09:46.707 +02:00 [INF] Executing endpoint 'CatalogService.Api.Controllers.GenresController.GetAll (CatalogService.Api)'
2025-11-27 00:09:46.709 +02:00 [INF] Route matched with {action = "GetAll", controller = "Authors"}. Executing controller action with signature System.Threading.Tasks.Task`1[Microsoft.AspNetCore.Mvc.ActionResult`1[System.Collections.Generic.IEnumerable`1[CatalogService.Bll.Dtos.AuthorDto]]] GetAll() on controller CatalogService.Api.Controllers.AuthorsController (CatalogService.Api).
2025-11-27 00:09:46.710 +02:00 [INF] Route matched with {action = "GetAll", controller = "Genres"}. Executing controller action with signature System.Threading.Tasks.Task`1[Microsoft.AspNetCore.Mvc.ActionResult`1[System.Collections.Generic.IEnumerable`1[CatalogService.Bll.Dtos.GenreDto]]] GetAll() on controller CatalogService.Api.Controllers.GenresController (CatalogService.Api).
2025-11-27 00:09:46.713 +02:00 [INF] Executed DbCommand (0ms) [Parameters=[], CommandType='"Text"', CommandTimeout='30']
SELECT a.id, a.name
FROM authors AS a
2025-11-27 00:09:46.716 +02:00 [INF] Executed DbCommand (0ms) [Parameters=[], CommandType='"Text"', CommandTimeout='30']
SELECT g.id, g.name
FROM genres AS g
2025-11-27 00:09:46.718 +02:00 [INF] Executing OkObjectResult, writing value of type 'System.Collections.Generic.List`1[[CatalogService.Bll.Dtos.AuthorDto, CatalogService.Bll, Version=1.0.0.0, Culture=neutral, PublicKeyToken=null]]'.
2025-11-27 00:09:46.721 +02:00 [INF] Executing OkObjectResult, writing value of type 'System.Collections.Generic.List`1[[CatalogService.Bll.Dtos.GenreDto, CatalogService.Bll, Version=1.0.0.0, Culture=neutral, PublicKeyToken=null]]'.
2025-11-27 00:09:46.723 +02:00 [INF] Executed action CatalogService.Api.Controllers.AuthorsController.GetAll (CatalogService.Api) in 10.5469ms
2025-11-27 00:09:46.725 +02:00 [INF] Executed action CatalogService.Api.Controllers.GenresController.GetAll (CatalogService.Api) in 9.8231ms
2025-11-27 00:09:46.727 +02:00 [INF] Executed endpoint 'CatalogService.Api.Controllers.AuthorsController.GetAll (CatalogService.Api)'
2025-11-27 00:09:46.729 +02:00 [INF] Executed endpoint 'CatalogService.Api.Controllers.GenresController.GetAll (CatalogService.Api)'
2025-11-27 00:09:46.730 +02:00 [INF] Request finished HTTP/1.1 GET http://localhost:5180/api/authors - 200 null application/json; charset=utf-8 30.0662ms
2025-11-27 00:09:46.732 +02:00 [INF] Request finished HTTP/1.1 GET http://localhost:5180/api/genres - 200 null application/json; charset=utf-8 31.7263ms
2025-11-27 00:10:29.715 +02:00 [INF] Request starting HTTP/1.1 GET http://localhost:5180/api/authors - null null
2025-11-27 00:10:29.716 +02:00 [INF] Request starting HTTP/1.1 GET http://localhost:5180/api/genres - null null
2025-11-27 00:10:29.721 +02:00 [INF] Executing endpoint 'CatalogService.Api.Controllers.AuthorsController.GetAll (CatalogService.Api)'
2025-11-27 00:10:29.725 +02:00 [INF] Executing endpoint 'CatalogService.Api.Controllers.GenresController.GetAll (CatalogService.Api)'
2025-11-27 00:10:29.727 +02:00 [INF] Route matched with {action = "GetAll", controller = "Authors"}. Executing controller action with signature System.Threading.Tasks.Task`1[Microsoft.AspNetCore.Mvc.ActionResult`1[System.Collections.Generic.IEnumerable`1[CatalogService.Bll.Dtos.AuthorDto]]] GetAll() on controller CatalogService.Api.Controllers.AuthorsController (CatalogService.Api).
2025-11-27 00:10:29.729 +02:00 [INF] Route matched with {action = "GetAll", controller = "Genres"}. Executing controller action with signature System.Threading.Tasks.Task`1[Microsoft.AspNetCore.Mvc.ActionResult`1[System.Collections.Generic.IEnumerable`1[CatalogService.Bll.Dtos.GenreDto]]] GetAll() on controller CatalogService.Api.Controllers.GenresController (CatalogService.Api).
2025-11-27 00:10:29.733 +02:00 [INF] Executed DbCommand (1ms) [Parameters=[], CommandType='"Text"', CommandTimeout='30']
SELECT a.id, a.name
FROM authors AS a
2025-11-27 00:10:29.736 +02:00 [INF] Executed DbCommand (0ms) [Parameters=[], CommandType='"Text"', CommandTimeout='30']
SELECT g.id, g.name
FROM genres AS g
2025-11-27 00:10:29.738 +02:00 [INF] Executing OkObjectResult, writing value of type 'System.Collections.Generic.List`1[[CatalogService.Bll.Dtos.AuthorDto, CatalogService.Bll, Version=1.0.0.0, Culture=neutral, PublicKeyToken=null]]'.
2025-11-27 00:10:29.741 +02:00 [INF] Executing OkObjectResult, writing value of type 'System.Collections.Generic.List`1[[CatalogService.Bll.Dtos.GenreDto, CatalogService.Bll, Version=1.0.0.0, Culture=neutral, PublicKeyToken=null]]'.
2025-11-27 00:10:29.743 +02:00 [INF] Executed action CatalogService.Api.Controllers.AuthorsController.GetAll (CatalogService.Api) in 11.4371ms
2025-11-27 00:10:29.745 +02:00 [INF] Executed action CatalogService.Api.Controllers.GenresController.GetAll (CatalogService.Api) in 10.6923ms
2025-11-27 00:10:29.748 +02:00 [INF] Executed endpoint 'CatalogService.Api.Controllers.AuthorsController.GetAll (CatalogService.Api)'
2025-11-27 00:10:29.751 +02:00 [INF] Executed endpoint 'CatalogService.Api.Controllers.GenresController.GetAll (CatalogService.Api)'
2025-11-27 00:10:29.754 +02:00 [INF] Request finished HTTP/1.1 GET http://localhost:5180/api/authors - 200 null application/json; charset=utf-8 38.915ms
2025-11-27 00:10:29.756 +02:00 [INF] Request finished HTTP/1.1 GET http://localhost:5180/api/genres - 200 null application/json; charset=utf-8 40.1113ms
2025-11-27 00:10:30.717 +02:00 [INF] Request starting HTTP/1.1 GET http://localhost:5180/api/authors - null null
2025-11-27 00:10:30.717 +02:00 [INF] Request starting HTTP/1.1 GET http://localhost:5180/api/genres - null null
2025-11-27 00:10:30.722 +02:00 [INF] Executing endpoint 'CatalogService.Api.Controllers.AuthorsController.GetAll (CatalogService.Api)'
2025-11-27 00:10:30.727 +02:00 [INF] Executing endpoint 'CatalogService.Api.Controllers.GenresController.GetAll (CatalogService.Api)'
2025-11-27 00:10:30.729 +02:00 [INF] Route matched with {action = "GetAll", controller = "Authors"}. Executing controller action with signature System.Threading.Tasks.Task`1[Microsoft.AspNetCore.Mvc.ActionResult`1[System.Collections.Generic.IEnumerable`1[CatalogService.Bll.Dtos.AuthorDto]]] GetAll() on controller CatalogService.Api.Controllers.AuthorsController (CatalogService.Api).
2025-11-27 00:10:30.731 +02:00 [INF] Route matched with {action = "GetAll", controller = "Genres"}. Executing controller action with signature System.Threading.Tasks.Task`1[Microsoft.AspNetCore.Mvc.ActionResult`1[System.Collections.Generic.IEnumerable`1[CatalogService.Bll.Dtos.GenreDto]]] GetAll() on controller CatalogService.Api.Controllers.GenresController (CatalogService.Api).
2025-11-27 00:10:30.737 +02:00 [INF] Executed DbCommand (1ms) [Parameters=[], CommandType='"Text"', CommandTimeout='30']
SELECT a.id, a.name
FROM authors AS a
2025-11-27 00:10:30.742 +02:00 [INF] Executed DbCommand (1ms) [Parameters=[], CommandType='"Text"', CommandTimeout='30']
SELECT g.id, g.name
FROM genres AS g
2025-11-27 00:10:30.746 +02:00 [INF] Executing OkObjectResult, writing value of type 'System.Collections.Generic.List`1[[CatalogService.Bll.Dtos.AuthorDto, CatalogService.Bll, Version=1.0.0.0, Culture=neutral, PublicKeyToken=null]]'.
2025-11-27 00:10:30.751 +02:00 [INF] Executing OkObjectResult, writing value of type 'System.Collections.Generic.List`1[[CatalogService.Bll.Dtos.GenreDto, CatalogService.Bll, Version=1.0.0.0, Culture=neutral, PublicKeyToken=null]]'.
2025-11-27 00:10:30.754 +02:00 [INF] Executed action CatalogService.Api.Controllers.AuthorsController.GetAll (CatalogService.Api) in 18.3511ms
2025-11-27 00:10:30.757 +02:00 [INF] Executed action CatalogService.Api.Controllers.GenresController.GetAll (CatalogService.Api) in 16.8187ms
2025-11-27 00:10:30.761 +02:00 [INF] Executed endpoint 'CatalogService.Api.Controllers.AuthorsController.GetAll (CatalogService.Api)'
2025-11-27 00:10:30.763 +02:00 [INF] Executed endpoint 'CatalogService.Api.Controllers.GenresController.GetAll (CatalogService.Api)'
2025-11-27 00:10:30.766 +02:00 [INF] Request finished HTTP/1.1 GET http://localhost:5180/api/authors - 200 null application/json; charset=utf-8 49.042ms
2025-11-27 00:10:30.768 +02:00 [INF] Request finished HTTP/1.1 GET http://localhost:5180/api/genres - 200 null application/json; charset=utf-8 50.8347ms
2025-11-27 00:12:08.682 +02:00 [INF] Request starting HTTP/1.1 GET http://localhost:5180/api/books/paged?page=1&pageSize=10&title=&authorId=&genreId=&sortBy=title&sortDir=asc - null null
2025-11-27 00:12:08.683 +02:00 [INF] Request starting HTTP/1.1 GET http://localhost:5180/api/authors - null null
2025-11-27 00:12:08.684 +02:00 [INF] Request starting HTTP/1.1 GET http://localhost:5180/api/genres - null null
2025-11-27 00:12:08.687 +02:00 [INF] CORS policy execution successful.
2025-11-27 00:12:08.691 +02:00 [INF] Executing endpoint 'CatalogService.Api.Controllers.AuthorsController.GetAll (CatalogService.Api)'
2025-11-27 00:12:08.695 +02:00 [INF] Executing endpoint 'CatalogService.Api.Controllers.GenresController.GetAll (CatalogService.Api)'
2025-11-27 00:12:08.696 +02:00 [INF] Executing endpoint 'CatalogService.Api.Controllers.BooksController.GetById (CatalogService.Api)'
2025-11-27 00:12:08.699 +02:00 [INF] Route matched with {action = "GetAll", controller = "Authors"}. Executing controller action with signature System.Threading.Tasks.Task`1[Microsoft.AspNetCore.Mvc.ActionResult`1[System.Collections.Generic.IEnumerable`1[CatalogService.Bll.Dtos.AuthorDto]]] GetAll() on controller CatalogService.Api.Controllers.AuthorsController (CatalogService.Api).
2025-11-27 00:12:08.701 +02:00 [INF] Route matched with {action = "GetAll", controller = "Genres"}. Executing controller action with signature System.Threading.Tasks.Task`1[Microsoft.AspNetCore.Mvc.ActionResult`1[System.Collections.Generic.IEnumerable`1[CatalogService.Bll.Dtos.GenreDto]]] GetAll() on controller CatalogService.Api.Controllers.GenresController (CatalogService.Api).
2025-11-27 00:12:08.710 +02:00 [INF] Route matched with {action = "GetById", controller = "Books"}. Executing controller action with signature System.Threading.Tasks.Task`1[Microsoft.AspNetCore.Mvc.ActionResult`1[CatalogService.Bll.Dtos.BookDto]] GetById(Int32) on controller CatalogService.Api.Controllers.BooksController (CatalogService.Api).
2025-11-27 00:12:08.727 +02:00 [INF] Executing BadRequestObjectResult, writing value of type 'Microsoft.AspNetCore.Mvc.ValidationProblemDetails'.
2025-11-27 00:12:08.753 +02:00 [INF] Executed action CatalogService.Api.Controllers.BooksController.GetById (CatalogService.Api) in 36.9361ms
2025-11-27 00:12:08.754 +02:00 [INF] Request starting HTTP/1.1 GET http://localhost:5180/api/books/paged?page=1&pageSize=10&title=&authorId=&genreId=&sortBy=title&sortDir=asc - null null
2025-11-27 00:12:08.755 +02:00 [INF] Executed endpoint 'CatalogService.Api.Controllers.BooksController.GetById (CatalogService.Api)'
2025-11-27 00:12:08.760 +02:00 [INF] CORS policy execution successful.
2025-11-27 00:12:08.761 +02:00 [INF] Request finished HTTP/1.1 GET http://localhost:5180/api/books/paged?page=1&pageSize=10&title=&authorId=&genreId=&sortBy=title&sortDir=asc - 400 null application/problem+json; charset=utf-8 79.3866ms
2025-11-27 00:12:08.763 +02:00 [INF] Executing endpoint 'CatalogService.Api.Controllers.BooksController.GetById (CatalogService.Api)'
2025-11-27 00:12:08.770 +02:00 [INF] Route matched with {action = "GetById", controller = "Books"}. Executing controller action with signature System.Threading.Tasks.Task`1[Microsoft.AspNetCore.Mvc.ActionResult`1[CatalogService.Bll.Dtos.BookDto]] GetById(Int32) on controller CatalogService.Api.Controllers.BooksController (CatalogService.Api).
2025-11-27 00:12:08.773 +02:00 [INF] Executed DbCommand (2ms) [Parameters=[], CommandType='"Text"', CommandTimeout='30']
SELECT a.id, a.name
FROM authors AS a
2025-11-27 00:12:08.774 +02:00 [INF] Executing BadRequestObjectResult, writing value of type 'Microsoft.AspNetCore.Mvc.ValidationProblemDetails'.
2025-11-27 00:12:08.776 +02:00 [INF] Executing OkObjectResult, writing value of type 'System.Collections.Generic.List`1[[CatalogService.Bll.Dtos.AuthorDto, CatalogService.Bll, Version=1.0.0.0, Culture=neutral, PublicKeyToken=null]]'.
2025-11-27 00:12:08.778 +02:00 [INF] Executed action CatalogService.Api.Controllers.BooksController.GetById (CatalogService.Api) in 5.2912ms
2025-11-27 00:12:08.780 +02:00 [INF] Request starting HTTP/1.1 GET http://localhost:5180/api/books/paged?page=1&pageSize=10&title=&authorId=&genreId=&sortBy=title&sortDir=asc - null null
2025-11-27 00:12:08.781 +02:00 [INF] Executed action CatalogService.Api.Controllers.AuthorsController.GetAll (CatalogService.Api) in 73.5134ms
2025-11-27 00:12:08.783 +02:00 [INF] Executed endpoint 'CatalogService.Api.Controllers.BooksController.GetById (CatalogService.Api)'
2025-11-27 00:12:08.786 +02:00 [INF] Executed DbCommand (2ms) [Parameters=[], CommandType='"Text"', CommandTimeout='30']
SELECT g.id, g.name
FROM genres AS g
2025-11-27 00:12:08.787 +02:00 [INF] CORS policy execution successful.
2025-11-27 00:12:08.789 +02:00 [INF] Executed endpoint 'CatalogService.Api.Controllers.AuthorsController.GetAll (CatalogService.Api)'
2025-11-27 00:12:08.791 +02:00 [INF] Request finished HTTP/1.1 GET http://localhost:5180/api/books/paged?page=1&pageSize=10&title=&authorId=&genreId=&sortBy=title&sortDir=asc - 400 null application/problem+json; charset=utf-8 36.4914ms
2025-11-27 00:12:08.794 +02:00 [INF] Executing OkObjectResult, writing value of type 'System.Collections.Generic.List`1[[CatalogService.Bll.Dtos.GenreDto, CatalogService.Bll, Version=1.0.0.0, Culture=neutral, PublicKeyToken=null]]'.
2025-11-27 00:12:08.795 +02:00 [INF] Executing endpoint 'CatalogService.Api.Controllers.BooksController.GetById (CatalogService.Api)'
2025-11-27 00:12:08.797 +02:00 [INF] Request finished HTTP/1.1 GET http://localhost:5180/api/authors - 200 null application/json; charset=utf-8 113.5329ms
2025-11-27 00:12:08.805 +02:00 [INF] Executed action CatalogService.Api.Controllers.GenresController.GetAll (CatalogService.Api) in 92.3499ms
2025-11-27 00:12:08.806 +02:00 [INF] Route matched with {action = "GetById", controller = "Books"}. Executing controller action with signature System.Threading.Tasks.Task`1[Microsoft.AspNetCore.Mvc.ActionResult`1[CatalogService.Bll.Dtos.BookDto]] GetById(Int32) on controller CatalogService.Api.Controllers.BooksController (CatalogService.Api).
2025-11-27 00:12:08.813 +02:00 [INF] Executed endpoint 'CatalogService.Api.Controllers.GenresController.GetAll (CatalogService.Api)'
2025-11-27 00:12:08.816 +02:00 [INF] Executing BadRequestObjectResult, writing value of type 'Microsoft.AspNetCore.Mvc.ValidationProblemDetails'.
2025-11-27 00:12:08.817 +02:00 [INF] Request finished HTTP/1.1 GET http://localhost:5180/api/genres - 200 null application/json; charset=utf-8 133.0728ms
2025-11-27 00:12:08.820 +02:00 [INF] Executed action CatalogService.Api.Controllers.BooksController.GetById (CatalogService.Api) in 4.1309ms
2025-11-27 00:12:08.827 +02:00 [INF] Executed endpoint 'CatalogService.Api.Controllers.BooksController.GetById (CatalogService.Api)'
2025-11-27 00:12:08.828 +02:00 [INF] Request finished HTTP/1.1 GET http://localhost:5180/api/books/paged?page=1&pageSize=10&title=&authorId=&genreId=&sortBy=title&sortDir=asc - 400 null application/problem+json; charset=utf-8 48.8524ms
2025-11-27 00:27:19.035 +02:00 [INF] Now listening on: http://localhost:5180
2025-11-27 00:27:19.102 +02:00 [INF] Application started. Press Ctrl+C to shut down.
2025-11-27 00:27:19.104 +02:00 [INF] Hosting environment: Development
2025-11-27 00:27:19.106 +02:00 [INF] Content root path: C:\Users\Admin\Documents\projects\LibrarySystem\CatalogService\CatalogService.Api
2025-11-27 00:27:25.925 +02:00 [INF] Request starting HTTP/1.1 GET http://localhost:5180/api/books/paged?page=1&pageSize=10&title=&authorId=&genreId=&sortBy=title&sortDir=asc - null null
2025-11-27 00:27:25.925 +02:00 [INF] Request starting HTTP/1.1 GET http://localhost:5180/api/authors - null null
2025-11-27 00:27:25.925 +02:00 [INF] Request starting HTTP/1.1 GET http://localhost:5180/api/genres - null null
2025-11-27 00:27:25.975 +02:00 [INF] Executing endpoint 'CatalogService.Api.Controllers.AuthorsController.GetAll (CatalogService.Api)'
2025-11-27 00:27:25.975 +02:00 [INF] Executing endpoint 'CatalogService.Api.Controllers.GenresController.GetAll (CatalogService.Api)'
2025-11-27 00:27:25.976 +02:00 [INF] CORS policy execution successful.
2025-11-27 00:27:25.982 +02:00 [INF] Executing endpoint 'CatalogService.Api.Controllers.BooksController.GetPaged (CatalogService.Api)'
2025-11-27 00:27:25.996 +02:00 [INF] Route matched with {action = "GetAll", controller = "Genres"}. Executing controller action with signature System.Threading.Tasks.Task`1[Microsoft.AspNetCore.Mvc.ActionResult`1[System.Collections.Generic.IEnumerable`1[CatalogService.Bll.Dtos.GenreDto]]] GetAll() on controller CatalogService.Api.Controllers.GenresController (CatalogService.Api).
2025-11-27 00:27:25.996 +02:00 [INF] Route matched with {action = "GetAll", controller = "Authors"}. Executing controller action with signature System.Threading.Tasks.Task`1[Microsoft.AspNetCore.Mvc.ActionResult`1[System.Collections.Generic.IEnumerable`1[CatalogService.Bll.Dtos.AuthorDto]]] GetAll() on controller CatalogService.Api.Controllers.AuthorsController (CatalogService.Api).
2025-11-27 00:27:26.006 +02:00 [INF] Route matched with {action = "GetPaged", controller = "Books"}. Executing controller action with signature System.Threading.Tasks.Task`1[Microsoft.AspNetCore.Mvc.ActionResult] GetPaged(CatalogService.Bll.Dtos.QueryParametersDto) on controller CatalogService.Api.Controllers.BooksController (CatalogService.Api).
2025-11-27 00:27:28.009 +02:00 [INF] Executed DbCommand (29ms) [Parameters=[], CommandType='"Text"', CommandTimeout='30']
SELECT a.id, a.name
FROM authors AS a
2025-11-27 00:27:28.009 +02:00 [INF] Executed DbCommand (29ms) [Parameters=[], CommandType='"Text"', CommandTimeout='30']
SELECT g.id, g.name
FROM genres AS g
2025-11-27 00:27:28.012 +02:00 [INF] Executed DbCommand (51ms) [Parameters=[@__p_0='?' (DbType = Int32)], CommandType='"Text"', CommandTimeout='30']
SELECT b0.id, b0.authorid, b0.genreid, b0.title, a.id, a.name, g.id, g.name
FROM (
    SELECT b.id, b.authorid, b.genreid, b.title
    FROM books AS b
    ORDER BY b.title
    LIMIT @__p_0
) AS b0
INNER JOIN authors AS a ON b0.authorid = a.id
INNER JOIN genres AS g ON b0.genreid = g.id
ORDER BY b0.title
2025-11-27 00:27:28.109 +02:00 [INF] Executing OkObjectResult, writing value of type 'System.Collections.Generic.List`1[[CatalogService.Bll.Dtos.AuthorDto, CatalogService.Bll, Version=1.0.0.0, Culture=neutral, PublicKeyToken=null]]'.
2025-11-27 00:27:28.109 +02:00 [INF] Executing OkObjectResult, writing value of type 'System.Collections.Generic.List`1[[CatalogService.Bll.Dtos.GenreDto, CatalogService.Bll, Version=1.0.0.0, Culture=neutral, PublicKeyToken=null]]'.
2025-11-27 00:27:28.127 +02:00 [INF] Executed DbCommand (2ms) [Parameters=[], CommandType='"Text"', CommandTimeout='30']
SELECT count(*)::int
FROM books AS b
2025-11-27 00:27:28.139 +02:00 [INF] Executing OkObjectResult, writing value of type '<>f__AnonymousType1`5[[System.Collections.Generic.IEnumerable`1[[CatalogService.Bll.Dtos.BookDto, CatalogService.Bll, Version=1.0.0.0, Culture=neutral, PublicKeyToken=null]], System.Private.CoreLib, Version=9.0.0.0, Culture=neutral, PublicKeyToken=7cec85d7bea7798e],[System.Int32, System.Private.CoreLib, Version=9.0.0.0, Culture=neutral, PublicKeyToken=7cec85d7bea7798e],[System.Int32, System.Private.CoreLib, Version=9.0.0.0, Culture=neutral, PublicKeyToken=7cec85d7bea7798e],[System.Int32, System.Private.CoreLib, Version=9.0.0.0, Culture=neutral, PublicKeyToken=7cec85d7bea7798e],[System.Int32, System.Private.CoreLib, Version=9.0.0.0, Culture=neutral, PublicKeyToken=7cec85d7bea7798e]]'.
2025-11-27 00:27:28.170 +02:00 [INF] Executed action CatalogService.Api.Controllers.GenresController.GetAll (CatalogService.Api) in 2161.5563ms
2025-11-27 00:27:28.170 +02:00 [INF] Executed action CatalogService.Api.Controllers.AuthorsController.GetAll (CatalogService.Api) in 2158.4643ms
2025-11-27 00:27:28.171 +02:00 [INF] Executed action CatalogService.Api.Controllers.BooksController.GetPaged (CatalogService.Api) in 2161.7834ms
2025-11-27 00:27:28.175 +02:00 [INF] Request starting HTTP/1.1 GET http://localhost:5180/api/authors - null null
2025-11-27 00:27:28.175 +02:00 [INF] Request starting HTTP/1.1 GET http://localhost:5180/api/genres - null null
2025-11-27 00:27:28.175 +02:00 [INF] Request starting HTTP/1.1 GET http://localhost:5180/api/books/paged?page=1&pageSize=10&title=&authorId=&genreId=&sortBy=title&sortDir=asc - null null
2025-11-27 00:27:28.183 +02:00 [INF] Executed endpoint 'CatalogService.Api.Controllers.GenresController.GetAll (CatalogService.Api)'
2025-11-27 00:27:28.184 +02:00 [INF] Executed endpoint 'CatalogService.Api.Controllers.AuthorsController.GetAll (CatalogService.Api)'
2025-11-27 00:27:28.186 +02:00 [INF] Executed endpoint 'CatalogService.Api.Controllers.BooksController.GetPaged (CatalogService.Api)'
2025-11-27 00:27:28.194 +02:00 [INF] Executing endpoint 'CatalogService.Api.Controllers.AuthorsController.GetAll (CatalogService.Api)'
2025-11-27 00:27:28.195 +02:00 [INF] Executing endpoint 'CatalogService.Api.Controllers.GenresController.GetAll (CatalogService.Api)'
2025-11-27 00:27:28.199 +02:00 [INF] CORS policy execution successful.
2025-11-27 00:27:28.207 +02:00 [INF] Route matched with {action = "GetAll", controller = "Authors"}. Executing controller action with signature System.Threading.Tasks.Task`1[Microsoft.AspNetCore.Mvc.ActionResult`1[System.Collections.Generic.IEnumerable`1[CatalogService.Bll.Dtos.AuthorDto]]] GetAll() on controller CatalogService.Api.Controllers.AuthorsController (CatalogService.Api).
2025-11-27 00:27:28.210 +02:00 [INF] Route matched with {action = "GetAll", controller = "Genres"}. Executing controller action with signature System.Threading.Tasks.Task`1[Microsoft.AspNetCore.Mvc.ActionResult`1[System.Collections.Generic.IEnumerable`1[CatalogService.Bll.Dtos.GenreDto]]] GetAll() on controller CatalogService.Api.Controllers.GenresController (CatalogService.Api).
2025-11-27 00:27:28.212 +02:00 [INF] Executing endpoint 'CatalogService.Api.Controllers.BooksController.GetPaged (CatalogService.Api)'
2025-11-27 00:27:28.212 +02:00 [INF] Request finished HTTP/1.1 GET http://localhost:5180/api/authors - 200 null application/json; charset=utf-8 2289.2368ms
2025-11-27 00:27:28.212 +02:00 [INF] Request finished HTTP/1.1 GET http://localhost:5180/api/genres - 200 null application/json; charset=utf-8 2289.2245ms
2025-11-27 00:27:28.212 +02:00 [INF] Request finished HTTP/1.1 GET http://localhost:5180/api/books/paged?page=1&pageSize=10&title=&authorId=&genreId=&sortBy=title&sortDir=asc - 200 null application/json; charset=utf-8 2289.2128ms
2025-11-27 00:27:28.222 +02:00 [INF] Route matched with {action = "GetPaged", controller = "Books"}. Executing controller action with signature System.Threading.Tasks.Task`1[Microsoft.AspNetCore.Mvc.ActionResult] GetPaged(CatalogService.Bll.Dtos.QueryParametersDto) on controller CatalogService.Api.Controllers.BooksController (CatalogService.Api).
2025-11-27 00:27:28.309 +02:00 [INF] Executed DbCommand (1ms) [Parameters=[], CommandType='"Text"', CommandTimeout='30']
SELECT g.id, g.name
FROM genres AS g
2025-11-27 00:27:28.309 +02:00 [INF] Executed DbCommand (1ms) [Parameters=[], CommandType='"Text"', CommandTimeout='30']
SELECT a.id, a.name
FROM authors AS a
2025-11-27 00:27:28.317 +02:00 [INF] Executing OkObjectResult, writing value of type 'System.Collections.Generic.List`1[[CatalogService.Bll.Dtos.GenreDto, CatalogService.Bll, Version=1.0.0.0, Culture=neutral, PublicKeyToken=null]]'.
2025-11-27 00:27:28.318 +02:00 [INF] Executed DbCommand (3ms) [Parameters=[@__p_0='?' (DbType = Int32)], CommandType='"Text"', CommandTimeout='30']
SELECT b0.id, b0.authorid, b0.genreid, b0.title, a.id, a.name, g.id, g.name
FROM (
    SELECT b.id, b.authorid, b.genreid, b.title
    FROM books AS b
    ORDER BY b.title
    LIMIT @__p_0
) AS b0
INNER JOIN authors AS a ON b0.authorid = a.id
INNER JOIN genres AS g ON b0.genreid = g.id
ORDER BY b0.title
2025-11-27 00:27:28.320 +02:00 [INF] Executing OkObjectResult, writing value of type 'System.Collections.Generic.List`1[[CatalogService.Bll.Dtos.AuthorDto, CatalogService.Bll, Version=1.0.0.0, Culture=neutral, PublicKeyToken=null]]'.
2025-11-27 00:27:28.322 +02:00 [INF] Executed action CatalogService.Api.Controllers.GenresController.GetAll (CatalogService.Api) in 101.0114ms
2025-11-27 00:27:28.329 +02:00 [INF] Executed action CatalogService.Api.Controllers.AuthorsController.GetAll (CatalogService.Api) in 113.996ms
2025-11-27 00:27:28.330 +02:00 [INF] Executed DbCommand (2ms) [Parameters=[], CommandType='"Text"', CommandTimeout='30']
SELECT count(*)::int
FROM books AS b
2025-11-27 00:27:28.332 +02:00 [INF] Executed endpoint 'CatalogService.Api.Controllers.GenresController.GetAll (CatalogService.Api)'
2025-11-27 00:27:28.334 +02:00 [INF] Executed endpoint 'CatalogService.Api.Controllers.AuthorsController.GetAll (CatalogService.Api)'
2025-11-27 00:27:28.338 +02:00 [INF] Executing OkObjectResult, writing value of type '<>f__AnonymousType1`5[[System.Collections.Generic.IEnumerable`1[[CatalogService.Bll.Dtos.BookDto, CatalogService.Bll, Version=1.0.0.0, Culture=neutral, PublicKeyToken=null]], System.Private.CoreLib, Version=9.0.0.0, Culture=neutral, PublicKeyToken=7cec85d7bea7798e],[System.Int32, System.Private.CoreLib, Version=9.0.0.0, Culture=neutral, PublicKeyToken=7cec85d7bea7798e],[System.Int32, System.Private.CoreLib, Version=9.0.0.0, Culture=neutral, PublicKeyToken=7cec85d7bea7798e],[System.Int32, System.Private.CoreLib, Version=9.0.0.0, Culture=neutral, PublicKeyToken=7cec85d7bea7798e],[System.Int32, System.Private.CoreLib, Version=9.0.0.0, Culture=neutral, PublicKeyToken=7cec85d7bea7798e]]'.
2025-11-27 00:27:28.339 +02:00 [INF] Request finished HTTP/1.1 GET http://localhost:5180/api/genres - 200 null application/json; charset=utf-8 164.6631ms
2025-11-27 00:27:28.342 +02:00 [INF] Request finished HTTP/1.1 GET http://localhost:5180/api/authors - 200 null application/json; charset=utf-8 167.0109ms
2025-11-27 00:27:28.345 +02:00 [INF] Executed action CatalogService.Api.Controllers.BooksController.GetPaged (CatalogService.Api) in 99.1171ms
2025-11-27 00:27:28.346 +02:00 [INF] Request starting HTTP/1.1 GET http://localhost:5180/api/books/paged?page=1&pageSize=10&title=&authorId=&genreId=&sortBy=title&sortDir=asc - null null
2025-11-27 00:27:28.361 +02:00 [INF] Executed endpoint 'CatalogService.Api.Controllers.BooksController.GetPaged (CatalogService.Api)'
2025-11-27 00:27:28.365 +02:00 [INF] CORS policy execution successful.
2025-11-27 00:27:28.367 +02:00 [INF] Request finished HTTP/1.1 GET http://localhost:5180/api/books/paged?page=1&pageSize=10&title=&authorId=&genreId=&sortBy=title&sortDir=asc - 200 null application/json; charset=utf-8 192.748ms
2025-11-27 00:27:28.369 +02:00 [INF] Executing endpoint 'CatalogService.Api.Controllers.BooksController.GetPaged (CatalogService.Api)'
2025-11-27 00:27:28.376 +02:00 [INF] Route matched with {action = "GetPaged", controller = "Books"}. Executing controller action with signature System.Threading.Tasks.Task`1[Microsoft.AspNetCore.Mvc.ActionResult] GetPaged(CatalogService.Bll.Dtos.QueryParametersDto) on controller CatalogService.Api.Controllers.BooksController (CatalogService.Api).
2025-11-27 00:27:28.387 +02:00 [INF] Executed DbCommand (1ms) [Parameters=[@__p_0='?' (DbType = Int32)], CommandType='"Text"', CommandTimeout='30']
SELECT b0.id, b0.authorid, b0.genreid, b0.title, a.id, a.name, g.id, g.name
FROM (
    SELECT b.id, b.authorid, b.genreid, b.title
    FROM books AS b
    ORDER BY b.title
    LIMIT @__p_0
) AS b0
INNER JOIN authors AS a ON b0.authorid = a.id
INNER JOIN genres AS g ON b0.genreid = g.id
ORDER BY b0.title
2025-11-27 00:27:28.394 +02:00 [INF] Executed DbCommand (1ms) [Parameters=[], CommandType='"Text"', CommandTimeout='30']
SELECT count(*)::int
FROM books AS b
2025-11-27 00:27:28.400 +02:00 [INF] Executing OkObjectResult, writing value of type '<>f__AnonymousType1`5[[System.Collections.Generic.IEnumerable`1[[CatalogService.Bll.Dtos.BookDto, CatalogService.Bll, Version=1.0.0.0, Culture=neutral, PublicKeyToken=null]], System.Private.CoreLib, Version=9.0.0.0, Culture=neutral, PublicKeyToken=7cec85d7bea7798e],[System.Int32, System.Private.CoreLib, Version=9.0.0.0, Culture=neutral, PublicKeyToken=7cec85d7bea7798e],[System.Int32, System.Private.CoreLib, Version=9.0.0.0, Culture=neutral, PublicKeyToken=7cec85d7bea7798e],[System.Int32, System.Private.CoreLib, Version=9.0.0.0, Culture=neutral, PublicKeyToken=7cec85d7bea7798e],[System.Int32, System.Private.CoreLib, Version=9.0.0.0, Culture=neutral, PublicKeyToken=7cec85d7bea7798e]]'.
2025-11-27 00:27:28.403 +02:00 [INF] Executed action CatalogService.Api.Controllers.BooksController.GetPaged (CatalogService.Api) in 23.7954ms
2025-11-27 00:27:28.404 +02:00 [INF] Request starting HTTP/1.1 GET http://localhost:5180/api/books/paged?page=1&pageSize=10&title=&authorId=&genreId=&sortBy=title&sortDir=asc - null null
2025-11-27 00:27:28.406 +02:00 [INF] Executed endpoint 'CatalogService.Api.Controllers.BooksController.GetPaged (CatalogService.Api)'
2025-11-27 00:27:28.410 +02:00 [INF] CORS policy execution successful.
2025-11-27 00:27:28.412 +02:00 [INF] Request finished HTTP/1.1 GET http://localhost:5180/api/books/paged?page=1&pageSize=10&title=&authorId=&genreId=&sortBy=title&sortDir=asc - 200 null application/json; charset=utf-8 66.2361ms
2025-11-27 00:27:28.413 +02:00 [INF] Executing endpoint 'CatalogService.Api.Controllers.BooksController.GetPaged (CatalogService.Api)'
2025-11-27 00:27:28.421 +02:00 [INF] Route matched with {action = "GetPaged", controller = "Books"}. Executing controller action with signature System.Threading.Tasks.Task`1[Microsoft.AspNetCore.Mvc.ActionResult] GetPaged(CatalogService.Bll.Dtos.QueryParametersDto) on controller CatalogService.Api.Controllers.BooksController (CatalogService.Api).
2025-11-27 00:27:28.428 +02:00 [INF] Executed DbCommand (2ms) [Parameters=[@__p_0='?' (DbType = Int32)], CommandType='"Text"', CommandTimeout='30']
SELECT b0.id, b0.authorid, b0.genreid, b0.title, a.id, a.name, g.id, g.name
FROM (
    SELECT b.id, b.authorid, b.genreid, b.title
    FROM books AS b
    ORDER BY b.title
    LIMIT @__p_0
) AS b0
INNER JOIN authors AS a ON b0.authorid = a.id
INNER JOIN genres AS g ON b0.genreid = g.id
ORDER BY b0.title
2025-11-27 00:27:28.434 +02:00 [INF] Executed DbCommand (1ms) [Parameters=[], CommandType='"Text"', CommandTimeout='30']
SELECT count(*)::int
FROM books AS b
2025-11-27 00:27:28.438 +02:00 [INF] Executing OkObjectResult, writing value of type '<>f__AnonymousType1`5[[System.Collections.Generic.IEnumerable`1[[CatalogService.Bll.Dtos.BookDto, CatalogService.Bll, Version=1.0.0.0, Culture=neutral, PublicKeyToken=null]], System.Private.CoreLib, Version=9.0.0.0, Culture=neutral, PublicKeyToken=7cec85d7bea7798e],[System.Int32, System.Private.CoreLib, Version=9.0.0.0, Culture=neutral, PublicKeyToken=7cec85d7bea7798e],[System.Int32, System.Private.CoreLib, Version=9.0.0.0, Culture=neutral, PublicKeyToken=7cec85d7bea7798e],[System.Int32, System.Private.CoreLib, Version=9.0.0.0, Culture=neutral, PublicKeyToken=7cec85d7bea7798e],[System.Int32, System.Private.CoreLib, Version=9.0.0.0, Culture=neutral, PublicKeyToken=7cec85d7bea7798e]]'.
2025-11-27 00:27:28.441 +02:00 [INF] Executed action CatalogService.Api.Controllers.BooksController.GetPaged (CatalogService.Api) in 17.1457ms
2025-11-27 00:27:28.441 +02:00 [INF] Request starting HTTP/1.1 GET http://localhost:5180/api/books/paged?page=1&pageSize=10&title=&authorId=&genreId=&sortBy=title&sortDir=asc - null null
2025-11-27 00:27:28.443 +02:00 [INF] Executed endpoint 'CatalogService.Api.Controllers.BooksController.GetPaged (CatalogService.Api)'
2025-11-27 00:27:28.447 +02:00 [INF] CORS policy execution successful.
2025-11-27 00:27:28.449 +02:00 [INF] Request finished HTTP/1.1 GET http://localhost:5180/api/books/paged?page=1&pageSize=10&title=&authorId=&genreId=&sortBy=title&sortDir=asc - 200 null application/json; charset=utf-8 44.2775ms
2025-11-27 00:27:28.450 +02:00 [INF] Executing endpoint 'CatalogService.Api.Controllers.BooksController.GetPaged (CatalogService.Api)'
2025-11-27 00:27:28.457 +02:00 [INF] Route matched with {action = "GetPaged", controller = "Books"}. Executing controller action with signature System.Threading.Tasks.Task`1[Microsoft.AspNetCore.Mvc.ActionResult] GetPaged(CatalogService.Bll.Dtos.QueryParametersDto) on controller CatalogService.Api.Controllers.BooksController (CatalogService.Api).
2025-11-27 00:27:28.462 +02:00 [INF] Executed DbCommand (1ms) [Parameters=[@__p_0='?' (DbType = Int32)], CommandType='"Text"', CommandTimeout='30']
SELECT b0.id, b0.authorid, b0.genreid, b0.title, a.id, a.name, g.id, g.name
FROM (
    SELECT b.id, b.authorid, b.genreid, b.title
    FROM books AS b
    ORDER BY b.title
    LIMIT @__p_0
) AS b0
INNER JOIN authors AS a ON b0.authorid = a.id
INNER JOIN genres AS g ON b0.genreid = g.id
ORDER BY b0.title
2025-11-27 00:27:28.468 +02:00 [INF] Executed DbCommand (1ms) [Parameters=[], CommandType='"Text"', CommandTimeout='30']
SELECT count(*)::int
FROM books AS b
2025-11-27 00:27:28.472 +02:00 [INF] Executing OkObjectResult, writing value of type '<>f__AnonymousType1`5[[System.Collections.Generic.IEnumerable`1[[CatalogService.Bll.Dtos.BookDto, CatalogService.Bll, Version=1.0.0.0, Culture=neutral, PublicKeyToken=null]], System.Private.CoreLib, Version=9.0.0.0, Culture=neutral, PublicKeyToken=7cec85d7bea7798e],[System.Int32, System.Private.CoreLib, Version=9.0.0.0, Culture=neutral, PublicKeyToken=7cec85d7bea7798e],[System.Int32, System.Private.CoreLib, Version=9.0.0.0, Culture=neutral, PublicKeyToken=7cec85d7bea7798e],[System.Int32, System.Private.CoreLib, Version=9.0.0.0, Culture=neutral, PublicKeyToken=7cec85d7bea7798e],[System.Int32, System.Private.CoreLib, Version=9.0.0.0, Culture=neutral, PublicKeyToken=7cec85d7bea7798e]]'.
2025-11-27 00:27:28.475 +02:00 [INF] Executed action CatalogService.Api.Controllers.BooksController.GetPaged (CatalogService.Api) in 14.8324ms
2025-11-27 00:27:28.476 +02:00 [INF] Request starting HTTP/1.1 GET http://localhost:5180/api/books/paged?page=1&pageSize=10&title=&authorId=&genreId=&sortBy=title&sortDir=asc - null null
2025-11-27 00:27:28.477 +02:00 [INF] Executed endpoint 'CatalogService.Api.Controllers.BooksController.GetPaged (CatalogService.Api)'
2025-11-27 00:27:28.482 +02:00 [INF] CORS policy execution successful.
2025-11-27 00:27:28.484 +02:00 [INF] Request finished HTTP/1.1 GET http://localhost:5180/api/books/paged?page=1&pageSize=10&title=&authorId=&genreId=&sortBy=title&sortDir=asc - 200 null application/json; charset=utf-8 42.634ms
2025-11-27 00:27:28.486 +02:00 [INF] Executing endpoint 'CatalogService.Api.Controllers.BooksController.GetPaged (CatalogService.Api)'
2025-11-27 00:27:28.493 +02:00 [INF] Route matched with {action = "GetPaged", controller = "Books"}. Executing controller action with signature System.Threading.Tasks.Task`1[Microsoft.AspNetCore.Mvc.ActionResult] GetPaged(CatalogService.Bll.Dtos.QueryParametersDto) on controller CatalogService.Api.Controllers.BooksController (CatalogService.Api).
2025-11-27 00:27:28.527 +02:00 [INF] Executed DbCommand (1ms) [Parameters=[@__p_0='?' (DbType = Int32)], CommandType='"Text"', CommandTimeout='30']
SELECT b0.id, b0.authorid, b0.genreid, b0.title, a.id, a.name, g.id, g.name
FROM (
    SELECT b.id, b.authorid, b.genreid, b.title
    FROM books AS b
    ORDER BY b.title
    LIMIT @__p_0
) AS b0
INNER JOIN authors AS a ON b0.authorid = a.id
INNER JOIN genres AS g ON b0.genreid = g.id
ORDER BY b0.title
2025-11-27 00:27:28.536 +02:00 [INF] Executed DbCommand (1ms) [Parameters=[], CommandType='"Text"', CommandTimeout='30']
SELECT count(*)::int
FROM books AS b
2025-11-27 00:27:28.540 +02:00 [INF] Executing OkObjectResult, writing value of type '<>f__AnonymousType1`5[[System.Collections.Generic.IEnumerable`1[[CatalogService.Bll.Dtos.BookDto, CatalogService.Bll, Version=1.0.0.0, Culture=neutral, PublicKeyToken=null]], System.Private.CoreLib, Version=9.0.0.0, Culture=neutral, PublicKeyToken=7cec85d7bea7798e],[System.Int32, System.Private.CoreLib, Version=9.0.0.0, Culture=neutral, PublicKeyToken=7cec85d7bea7798e],[System.Int32, System.Private.CoreLib, Version=9.0.0.0, Culture=neutral, PublicKeyToken=7cec85d7bea7798e],[System.Int32, System.Private.CoreLib, Version=9.0.0.0, Culture=neutral, PublicKeyToken=7cec85d7bea7798e],[System.Int32, System.Private.CoreLib, Version=9.0.0.0, Culture=neutral, PublicKeyToken=7cec85d7bea7798e]]'.
2025-11-27 00:27:28.544 +02:00 [INF] Executed action CatalogService.Api.Controllers.BooksController.GetPaged (CatalogService.Api) in 47.7591ms
2025-11-27 00:27:28.548 +02:00 [INF] Executed endpoint 'CatalogService.Api.Controllers.BooksController.GetPaged (CatalogService.Api)'
2025-11-27 00:27:28.551 +02:00 [INF] Request finished HTTP/1.1 GET http://localhost:5180/api/books/paged?page=1&pageSize=10&title=&authorId=&genreId=&sortBy=title&sortDir=asc - 200 null application/json; charset=utf-8 75.5169ms
2025-11-27 00:27:31.706 +02:00 [INF] Request starting HTTP/1.1 GET http://localhost:5180/api/books/paged?page=2&pageSize=10&title=&authorId=&genreId=&sortBy=title&sortDir=asc - null null
2025-11-27 00:27:31.712 +02:00 [INF] CORS policy execution successful.
2025-11-27 00:27:31.716 +02:00 [INF] Executing endpoint 'CatalogService.Api.Controllers.BooksController.GetPaged (CatalogService.Api)'
2025-11-27 00:27:31.719 +02:00 [INF] Route matched with {action = "GetPaged", controller = "Books"}. Executing controller action with signature System.Threading.Tasks.Task`1[Microsoft.AspNetCore.Mvc.ActionResult] GetPaged(CatalogService.Bll.Dtos.QueryParametersDto) on controller CatalogService.Api.Controllers.BooksController (CatalogService.Api).
2025-11-27 00:27:31.754 +02:00 [INF] Executed DbCommand (1ms) [Parameters=[@__p_0='?' (DbType = Int32)], CommandType='"Text"', CommandTimeout='30']
SELECT b0.id, b0.authorid, b0.genreid, b0.title, a.id, a.name, g.id, g.name
FROM (
    SELECT b.id, b.authorid, b.genreid, b.title
    FROM books AS b
    ORDER BY b.title
    LIMIT @__p_0 OFFSET @__p_0
) AS b0
INNER JOIN authors AS a ON b0.authorid = a.id
INNER JOIN genres AS g ON b0.genreid = g.id
ORDER BY b0.title
2025-11-27 00:27:31.760 +02:00 [INF] Executed DbCommand (1ms) [Parameters=[], CommandType='"Text"', CommandTimeout='30']
SELECT count(*)::int
FROM books AS b
2025-11-27 00:27:31.764 +02:00 [INF] Executing OkObjectResult, writing value of type '<>f__AnonymousType1`5[[System.Collections.Generic.IEnumerable`1[[CatalogService.Bll.Dtos.BookDto, CatalogService.Bll, Version=1.0.0.0, Culture=neutral, PublicKeyToken=null]], System.Private.CoreLib, Version=9.0.0.0, Culture=neutral, PublicKeyToken=7cec85d7bea7798e],[System.Int32, System.Private.CoreLib, Version=9.0.0.0, Culture=neutral, PublicKeyToken=7cec85d7bea7798e],[System.Int32, System.Private.CoreLib, Version=9.0.0.0, Culture=neutral, PublicKeyToken=7cec85d7bea7798e],[System.Int32, System.Private.CoreLib, Version=9.0.0.0, Culture=neutral, PublicKeyToken=7cec85d7bea7798e],[System.Int32, System.Private.CoreLib, Version=9.0.0.0, Culture=neutral, PublicKeyToken=7cec85d7bea7798e]]'.
2025-11-27 00:27:31.767 +02:00 [INF] Executed action CatalogService.Api.Controllers.BooksController.GetPaged (CatalogService.Api) in 44.4359ms
2025-11-27 00:27:31.769 +02:00 [INF] Executed endpoint 'CatalogService.Api.Controllers.BooksController.GetPaged (CatalogService.Api)'
2025-11-27 00:27:31.771 +02:00 [INF] Request finished HTTP/1.1 GET http://localhost:5180/api/books/paged?page=2&pageSize=10&title=&authorId=&genreId=&sortBy=title&sortDir=asc - 200 null application/json; charset=utf-8 65.0768ms
2025-11-27 00:27:37.352 +02:00 [INF] Request starting HTTP/1.1 GET http://localhost:5180/api/books/paged?page=2&pageSize=5&title=&authorId=&genreId=&sortBy=title&sortDir=asc - null null
2025-11-27 00:27:37.359 +02:00 [INF] CORS policy execution successful.
2025-11-27 00:27:37.361 +02:00 [INF] Executing endpoint 'CatalogService.Api.Controllers.BooksController.GetPaged (CatalogService.Api)'
2025-11-27 00:27:37.363 +02:00 [INF] Route matched with {action = "GetPaged", controller = "Books"}. Executing controller action with signature System.Threading.Tasks.Task`1[Microsoft.AspNetCore.Mvc.ActionResult] GetPaged(CatalogService.Bll.Dtos.QueryParametersDto) on controller CatalogService.Api.Controllers.BooksController (CatalogService.Api).
2025-11-27 00:27:37.371 +02:00 [INF] Executed DbCommand (2ms) [Parameters=[@__p_0='?' (DbType = Int32)], CommandType='"Text"', CommandTimeout='30']
SELECT b0.id, b0.authorid, b0.genreid, b0.title, a.id, a.name, g.id, g.name
FROM (
    SELECT b.id, b.authorid, b.genreid, b.title
    FROM books AS b
    ORDER BY b.title
    LIMIT @__p_0 OFFSET @__p_0
) AS b0
INNER JOIN authors AS a ON b0.authorid = a.id
INNER JOIN genres AS g ON b0.genreid = g.id
ORDER BY b0.title
2025-11-27 00:27:37.377 +02:00 [INF] Executed DbCommand (1ms) [Parameters=[], CommandType='"Text"', CommandTimeout='30']
SELECT count(*)::int
FROM books AS b
2025-11-27 00:27:37.381 +02:00 [INF] Executing OkObjectResult, writing value of type '<>f__AnonymousType1`5[[System.Collections.Generic.IEnumerable`1[[CatalogService.Bll.Dtos.BookDto, CatalogService.Bll, Version=1.0.0.0, Culture=neutral, PublicKeyToken=null]], System.Private.CoreLib, Version=9.0.0.0, Culture=neutral, PublicKeyToken=7cec85d7bea7798e],[System.Int32, System.Private.CoreLib, Version=9.0.0.0, Culture=neutral, PublicKeyToken=7cec85d7bea7798e],[System.Int32, System.Private.CoreLib, Version=9.0.0.0, Culture=neutral, PublicKeyToken=7cec85d7bea7798e],[System.Int32, System.Private.CoreLib, Version=9.0.0.0, Culture=neutral, PublicKeyToken=7cec85d7bea7798e],[System.Int32, System.Private.CoreLib, Version=9.0.0.0, Culture=neutral, PublicKeyToken=7cec85d7bea7798e]]'.
2025-11-27 00:27:37.384 +02:00 [INF] Executed action CatalogService.Api.Controllers.BooksController.GetPaged (CatalogService.Api) in 17.0333ms
2025-11-27 00:27:37.387 +02:00 [INF] Executed endpoint 'CatalogService.Api.Controllers.BooksController.GetPaged (CatalogService.Api)'
2025-11-27 00:27:37.389 +02:00 [INF] Request finished HTTP/1.1 GET http://localhost:5180/api/books/paged?page=2&pageSize=5&title=&authorId=&genreId=&sortBy=title&sortDir=asc - 200 null application/json; charset=utf-8 36.5732ms
2025-11-27 00:27:39.828 +02:00 [INF] Request starting HTTP/1.1 GET http://localhost:5180/api/books/paged?page=3&pageSize=5&title=&authorId=&genreId=&sortBy=title&sortDir=asc - null null
2025-11-27 00:27:39.835 +02:00 [INF] CORS policy execution successful.
2025-11-27 00:27:39.838 +02:00 [INF] Executing endpoint 'CatalogService.Api.Controllers.BooksController.GetPaged (CatalogService.Api)'
2025-11-27 00:27:39.841 +02:00 [INF] Route matched with {action = "GetPaged", controller = "Books"}. Executing controller action with signature System.Threading.Tasks.Task`1[Microsoft.AspNetCore.Mvc.ActionResult] GetPaged(CatalogService.Bll.Dtos.QueryParametersDto) on controller CatalogService.Api.Controllers.BooksController (CatalogService.Api).
2025-11-27 00:27:39.865 +02:00 [INF] Executed DbCommand (1ms) [Parameters=[@__p_1='?' (DbType = Int32), @__p_0='?' (DbType = Int32)], CommandType='"Text"', CommandTimeout='30']
SELECT b0.id, b0.authorid, b0.genreid, b0.title, a.id, a.name, g.id, g.name
FROM (
    SELECT b.id, b.authorid, b.genreid, b.title
    FROM books AS b
    ORDER BY b.title
    LIMIT @__p_1 OFFSET @__p_0
) AS b0
INNER JOIN authors AS a ON b0.authorid = a.id
INNER JOIN genres AS g ON b0.genreid = g.id
ORDER BY b0.title
2025-11-27 00:27:39.870 +02:00 [INF] Executed DbCommand (1ms) [Parameters=[], CommandType='"Text"', CommandTimeout='30']
SELECT count(*)::int
FROM books AS b
2025-11-27 00:27:39.873 +02:00 [INF] Executing OkObjectResult, writing value of type '<>f__AnonymousType1`5[[System.Collections.Generic.IEnumerable`1[[CatalogService.Bll.Dtos.BookDto, CatalogService.Bll, Version=1.0.0.0, Culture=neutral, PublicKeyToken=null]], System.Private.CoreLib, Version=9.0.0.0, Culture=neutral, PublicKeyToken=7cec85d7bea7798e],[System.Int32, System.Private.CoreLib, Version=9.0.0.0, Culture=neutral, PublicKeyToken=7cec85d7bea7798e],[System.Int32, System.Private.CoreLib, Version=9.0.0.0, Culture=neutral, PublicKeyToken=7cec85d7bea7798e],[System.Int32, System.Private.CoreLib, Version=9.0.0.0, Culture=neutral, PublicKeyToken=7cec85d7bea7798e],[System.Int32, System.Private.CoreLib, Version=9.0.0.0, Culture=neutral, PublicKeyToken=7cec85d7bea7798e]]'.
2025-11-27 00:27:39.876 +02:00 [INF] Executed action CatalogService.Api.Controllers.BooksController.GetPaged (CatalogService.Api) in 31.7381ms
2025-11-27 00:27:39.878 +02:00 [INF] Executed endpoint 'CatalogService.Api.Controllers.BooksController.GetPaged (CatalogService.Api)'
2025-11-27 00:27:39.880 +02:00 [INF] Request finished HTTP/1.1 GET http://localhost:5180/api/books/paged?page=3&pageSize=5&title=&authorId=&genreId=&sortBy=title&sortDir=asc - 200 null application/json; charset=utf-8 52.0999ms
2025-11-27 00:27:46.015 +02:00 [INF] Request starting HTTP/1.1 GET http://localhost:5180/api/books/paged?page=2&pageSize=5&title=&authorId=&genreId=&sortBy=title&sortDir=asc - null null
2025-11-27 00:27:46.020 +02:00 [INF] CORS policy execution successful.
2025-11-27 00:27:46.022 +02:00 [INF] Executing endpoint 'CatalogService.Api.Controllers.BooksController.GetPaged (CatalogService.Api)'
2025-11-27 00:27:46.024 +02:00 [INF] Route matched with {action = "GetPaged", controller = "Books"}. Executing controller action with signature System.Threading.Tasks.Task`1[Microsoft.AspNetCore.Mvc.ActionResult] GetPaged(CatalogService.Bll.Dtos.QueryParametersDto) on controller CatalogService.Api.Controllers.BooksController (CatalogService.Api).
2025-11-27 00:27:46.032 +02:00 [INF] Executed DbCommand (2ms) [Parameters=[@__p_0='?' (DbType = Int32)], CommandType='"Text"', CommandTimeout='30']
SELECT b0.id, b0.authorid, b0.genreid, b0.title, a.id, a.name, g.id, g.name
FROM (
    SELECT b.id, b.authorid, b.genreid, b.title
    FROM books AS b
    ORDER BY b.title
    LIMIT @__p_0 OFFSET @__p_0
) AS b0
INNER JOIN authors AS a ON b0.authorid = a.id
INNER JOIN genres AS g ON b0.genreid = g.id
ORDER BY b0.title
2025-11-27 00:27:46.039 +02:00 [INF] Executed DbCommand (1ms) [Parameters=[], CommandType='"Text"', CommandTimeout='30']
SELECT count(*)::int
FROM books AS b
2025-11-27 00:27:46.043 +02:00 [INF] Executing OkObjectResult, writing value of type '<>f__AnonymousType1`5[[System.Collections.Generic.IEnumerable`1[[CatalogService.Bll.Dtos.BookDto, CatalogService.Bll, Version=1.0.0.0, Culture=neutral, PublicKeyToken=null]], System.Private.CoreLib, Version=9.0.0.0, Culture=neutral, PublicKeyToken=7cec85d7bea7798e],[System.Int32, System.Private.CoreLib, Version=9.0.0.0, Culture=neutral, PublicKeyToken=7cec85d7bea7798e],[System.Int32, System.Private.CoreLib, Version=9.0.0.0, Culture=neutral, PublicKeyToken=7cec85d7bea7798e],[System.Int32, System.Private.CoreLib, Version=9.0.0.0, Culture=neutral, PublicKeyToken=7cec85d7bea7798e],[System.Int32, System.Private.CoreLib, Version=9.0.0.0, Culture=neutral, PublicKeyToken=7cec85d7bea7798e]]'.
2025-11-27 00:27:46.046 +02:00 [INF] Executed action CatalogService.Api.Controllers.BooksController.GetPaged (CatalogService.Api) in 19.1341ms
2025-11-27 00:27:46.051 +02:00 [INF] Executed endpoint 'CatalogService.Api.Controllers.BooksController.GetPaged (CatalogService.Api)'
2025-11-27 00:27:46.053 +02:00 [INF] Request finished HTTP/1.1 GET http://localhost:5180/api/books/paged?page=2&pageSize=5&title=&authorId=&genreId=&sortBy=title&sortDir=asc - 200 null application/json; charset=utf-8 38.8001ms
2025-11-27 00:27:48.759 +02:00 [INF] Request starting HTTP/1.1 GET http://localhost:5180/api/books/paged?page=1&pageSize=5&title=&authorId=&genreId=&sortBy=title&sortDir=asc - null null
2025-11-27 00:27:48.766 +02:00 [INF] CORS policy execution successful.
2025-11-27 00:27:48.768 +02:00 [INF] Executing endpoint 'CatalogService.Api.Controllers.BooksController.GetPaged (CatalogService.Api)'
2025-11-27 00:27:48.770 +02:00 [INF] Route matched with {action = "GetPaged", controller = "Books"}. Executing controller action with signature System.Threading.Tasks.Task`1[Microsoft.AspNetCore.Mvc.ActionResult] GetPaged(CatalogService.Bll.Dtos.QueryParametersDto) on controller CatalogService.Api.Controllers.BooksController (CatalogService.Api).
2025-11-27 00:27:48.777 +02:00 [INF] Executed DbCommand (1ms) [Parameters=[@__p_0='?' (DbType = Int32)], CommandType='"Text"', CommandTimeout='30']
SELECT b0.id, b0.authorid, b0.genreid, b0.title, a.id, a.name, g.id, g.name
FROM (
    SELECT b.id, b.authorid, b.genreid, b.title
    FROM books AS b
    ORDER BY b.title
    LIMIT @__p_0
) AS b0
INNER JOIN authors AS a ON b0.authorid = a.id
INNER JOIN genres AS g ON b0.genreid = g.id
ORDER BY b0.title
2025-11-27 00:27:48.783 +02:00 [INF] Executed DbCommand (1ms) [Parameters=[], CommandType='"Text"', CommandTimeout='30']
SELECT count(*)::int
FROM books AS b
2025-11-27 00:27:48.787 +02:00 [INF] Executing OkObjectResult, writing value of type '<>f__AnonymousType1`5[[System.Collections.Generic.IEnumerable`1[[CatalogService.Bll.Dtos.BookDto, CatalogService.Bll, Version=1.0.0.0, Culture=neutral, PublicKeyToken=null]], System.Private.CoreLib, Version=9.0.0.0, Culture=neutral, PublicKeyToken=7cec85d7bea7798e],[System.Int32, System.Private.CoreLib, Version=9.0.0.0, Culture=neutral, PublicKeyToken=7cec85d7bea7798e],[System.Int32, System.Private.CoreLib, Version=9.0.0.0, Culture=neutral, PublicKeyToken=7cec85d7bea7798e],[System.Int32, System.Private.CoreLib, Version=9.0.0.0, Culture=neutral, PublicKeyToken=7cec85d7bea7798e],[System.Int32, System.Private.CoreLib, Version=9.0.0.0, Culture=neutral, PublicKeyToken=7cec85d7bea7798e]]'.
2025-11-27 00:27:48.790 +02:00 [INF] Executed action CatalogService.Api.Controllers.BooksController.GetPaged (CatalogService.Api) in 15.6686ms
2025-11-27 00:27:48.793 +02:00 [INF] Executed endpoint 'CatalogService.Api.Controllers.BooksController.GetPaged (CatalogService.Api)'
2025-11-27 00:27:48.795 +02:00 [INF] Request finished HTTP/1.1 GET http://localhost:5180/api/books/paged?page=1&pageSize=5&title=&authorId=&genreId=&sortBy=title&sortDir=asc - 200 null application/json; charset=utf-8 35.5307ms
2025-11-27 00:45:48.297 +02:00 [INF] Now listening on: http://localhost:5180
2025-11-27 00:45:48.358 +02:00 [INF] Application started. Press Ctrl+C to shut down.
2025-11-27 00:45:48.360 +02:00 [INF] Hosting environment: Development
2025-11-27 00:45:48.361 +02:00 [INF] Content root path: C:\Users\Admin\Documents\projects\LibrarySystem\CatalogService\CatalogService.Api
2025-11-27 00:45:58.443 +02:00 [INF] Request starting HTTP/1.1 GET http://localhost:5180/api/authors - null null
2025-11-27 00:45:58.443 +02:00 [INF] Request starting HTTP/1.1 GET http://localhost:5180/api/genres - null null
2025-11-27 00:45:58.443 +02:00 [INF] Request starting HTTP/1.1 GET http://localhost:5180/api/books/paged?page=1&pageSize=10&title=&authorId=&genreId=&sortBy=title&sortDir=asc - null null
2025-11-27 00:45:58.511 +02:00 [INF] Executing endpoint 'CatalogService.Api.Controllers.GenresController.GetAll (CatalogService.Api)'
2025-11-27 00:45:58.511 +02:00 [INF] Executing endpoint 'CatalogService.Api.Controllers.AuthorsController.GetAll (CatalogService.Api)'
2025-11-27 00:45:58.511 +02:00 [INF] CORS policy execution successful.
2025-11-27 00:45:58.521 +02:00 [INF] Executing endpoint 'CatalogService.Api.Controllers.BooksController.GetPaged (CatalogService.Api)'
2025-11-27 00:45:58.541 +02:00 [INF] Route matched with {action = "GetAll", controller = "Genres"}. Executing controller action with signature System.Threading.Tasks.Task`1[Microsoft.AspNetCore.Mvc.ActionResult`1[System.Collections.Generic.IEnumerable`1[CatalogService.Bll.Dtos.GenreDto]]] GetAll() on controller CatalogService.Api.Controllers.GenresController (CatalogService.Api).
2025-11-27 00:45:58.541 +02:00 [INF] Route matched with {action = "GetAll", controller = "Authors"}. Executing controller action with signature System.Threading.Tasks.Task`1[Microsoft.AspNetCore.Mvc.ActionResult`1[System.Collections.Generic.IEnumerable`1[CatalogService.Bll.Dtos.AuthorDto]]] GetAll() on controller CatalogService.Api.Controllers.AuthorsController (CatalogService.Api).
2025-11-27 00:45:58.548 +02:00 [INF] Route matched with {action = "GetPaged", controller = "Books"}. Executing controller action with signature System.Threading.Tasks.Task`1[Microsoft.AspNetCore.Mvc.ActionResult] GetPaged(CatalogService.Bll.Dtos.QueryParametersDto) on controller CatalogService.Api.Controllers.BooksController (CatalogService.Api).
2025-11-27 00:46:00.175 +02:00 [INF] Executed DbCommand (22ms) [Parameters=[], CommandType='"Text"', CommandTimeout='30']
SELECT a.id, a.name
FROM authors AS a
2025-11-27 00:46:00.175 +02:00 [INF] Executed DbCommand (22ms) [Parameters=[], CommandType='"Text"', CommandTimeout='30']
SELECT g.id, g.name
FROM genres AS g
2025-11-27 00:46:00.182 +02:00 [INF] Executed DbCommand (42ms) [Parameters=[@__p_0='?' (DbType = Int32)], CommandType='"Text"', CommandTimeout='30']
SELECT b0.id, b0.authorid, b0.genreid, b0.title, a.id, a.name, g.id, g.name
FROM (
    SELECT b.id, b.authorid, b.genreid, b.title
    FROM books AS b
    ORDER BY b.title
    LIMIT @__p_0
) AS b0
INNER JOIN authors AS a ON b0.authorid = a.id
INNER JOIN genres AS g ON b0.genreid = g.id
ORDER BY b0.title
2025-11-27 00:46:00.277 +02:00 [INF] Executing OkObjectResult, writing value of type 'System.Collections.Generic.List`1[[CatalogService.Bll.Dtos.GenreDto, CatalogService.Bll, Version=1.0.0.0, Culture=neutral, PublicKeyToken=null]]'.
2025-11-27 00:46:00.277 +02:00 [INF] Executing OkObjectResult, writing value of type 'System.Collections.Generic.List`1[[CatalogService.Bll.Dtos.AuthorDto, CatalogService.Bll, Version=1.0.0.0, Culture=neutral, PublicKeyToken=null]]'.
2025-11-27 00:46:00.294 +02:00 [INF] Executed DbCommand (2ms) [Parameters=[], CommandType='"Text"', CommandTimeout='30']
SELECT count(*)::int
FROM books AS b
2025-11-27 00:46:00.308 +02:00 [INF] Executing OkObjectResult, writing value of type '<>f__AnonymousType1`5[[System.Collections.Generic.IEnumerable`1[[CatalogService.Bll.Dtos.BookDto, CatalogService.Bll, Version=1.0.0.0, Culture=neutral, PublicKeyToken=null]], System.Private.CoreLib, Version=9.0.0.0, Culture=neutral, PublicKeyToken=7cec85d7bea7798e],[System.Int32, System.Private.CoreLib, Version=9.0.0.0, Culture=neutral, PublicKeyToken=7cec85d7bea7798e],[System.Int32, System.Private.CoreLib, Version=9.0.0.0, Culture=neutral, PublicKeyToken=7cec85d7bea7798e],[System.Int32, System.Private.CoreLib, Version=9.0.0.0, Culture=neutral, PublicKeyToken=7cec85d7bea7798e],[System.Int32, System.Private.CoreLib, Version=9.0.0.0, Culture=neutral, PublicKeyToken=7cec85d7bea7798e]]'.
2025-11-27 00:46:00.344 +02:00 [INF] Executed action CatalogService.Api.Controllers.GenresController.GetAll (CatalogService.Api) in 1791.2235ms
2025-11-27 00:46:00.344 +02:00 [INF] Executed action CatalogService.Api.Controllers.AuthorsController.GetAll (CatalogService.Api) in 1785.7277ms
2025-11-27 00:46:00.344 +02:00 [INF] Executed action CatalogService.Api.Controllers.BooksController.GetPaged (CatalogService.Api) in 1781.8874ms
2025-11-27 00:46:00.347 +02:00 [INF] Request starting HTTP/1.1 GET http://localhost:5180/api/books/paged?page=1&pageSize=10&title=&authorId=&genreId=&sortBy=title&sortDir=asc - null null
2025-11-27 00:46:00.350 +02:00 [INF] Request starting HTTP/1.1 GET http://localhost:5180/api/authors - null null
2025-11-27 00:46:00.350 +02:00 [INF] Request starting HTTP/1.1 GET http://localhost:5180/api/genres - null null
2025-11-27 00:46:00.355 +02:00 [INF] Executed endpoint 'CatalogService.Api.Controllers.GenresController.GetAll (CatalogService.Api)'
2025-11-27 00:46:00.358 +02:00 [INF] Executed endpoint 'CatalogService.Api.Controllers.AuthorsController.GetAll (CatalogService.Api)'
2025-11-27 00:46:00.361 +02:00 [INF] Executed endpoint 'CatalogService.Api.Controllers.BooksController.GetPaged (CatalogService.Api)'
2025-11-27 00:46:00.371 +02:00 [INF] CORS policy execution successful.
2025-11-27 00:46:00.375 +02:00 [INF] Executing endpoint 'CatalogService.Api.Controllers.AuthorsController.GetAll (CatalogService.Api)'
2025-11-27 00:46:00.383 +02:00 [INF] Executing endpoint 'CatalogService.Api.Controllers.GenresController.GetAll (CatalogService.Api)'
2025-11-27 00:46:00.395 +02:00 [INF] Executing endpoint 'CatalogService.Api.Controllers.BooksController.GetPaged (CatalogService.Api)'
2025-11-27 00:46:00.398 +02:00 [INF] Route matched with {action = "GetAll", controller = "Authors"}. Executing controller action with signature System.Threading.Tasks.Task`1[Microsoft.AspNetCore.Mvc.ActionResult`1[System.Collections.Generic.IEnumerable`1[CatalogService.Bll.Dtos.AuthorDto]]] GetAll() on controller CatalogService.Api.Controllers.AuthorsController (CatalogService.Api).
2025-11-27 00:46:00.399 +02:00 [INF] Request finished HTTP/1.1 GET http://localhost:5180/api/genres - 200 null application/json; charset=utf-8 1958.514ms
2025-11-27 00:46:00.399 +02:00 [INF] Request finished HTTP/1.1 GET http://localhost:5180/api/books/paged?page=1&pageSize=10&title=&authorId=&genreId=&sortBy=title&sortDir=asc - 200 null application/json; charset=utf-8 1958.5037ms
2025-11-27 00:46:00.399 +02:00 [INF] Request finished HTTP/1.1 GET http://localhost:5180/api/authors - 200 null application/json; charset=utf-8 1958.4959ms
2025-11-27 00:46:00.401 +02:00 [INF] Route matched with {action = "GetAll", controller = "Genres"}. Executing controller action with signature System.Threading.Tasks.Task`1[Microsoft.AspNetCore.Mvc.ActionResult`1[System.Collections.Generic.IEnumerable`1[CatalogService.Bll.Dtos.GenreDto]]] GetAll() on controller CatalogService.Api.Controllers.GenresController (CatalogService.Api).
2025-11-27 00:46:00.404 +02:00 [INF] Route matched with {action = "GetPaged", controller = "Books"}. Executing controller action with signature System.Threading.Tasks.Task`1[Microsoft.AspNetCore.Mvc.ActionResult] GetPaged(CatalogService.Bll.Dtos.QueryParametersDto) on controller CatalogService.Api.Controllers.BooksController (CatalogService.Api).
2025-11-27 00:46:00.497 +02:00 [INF] Executed DbCommand (1ms) [Parameters=[], CommandType='"Text"', CommandTimeout='30']
SELECT g.id, g.name
FROM genres AS g
2025-11-27 00:46:00.497 +02:00 [INF] Executed DbCommand (1ms) [Parameters=[], CommandType='"Text"', CommandTimeout='30']
SELECT a.id, a.name
FROM authors AS a
2025-11-27 00:46:00.504 +02:00 [INF] Executed DbCommand (3ms) [Parameters=[@__p_0='?' (DbType = Int32)], CommandType='"Text"', CommandTimeout='30']
SELECT b0.id, b0.authorid, b0.genreid, b0.title, a.id, a.name, g.id, g.name
FROM (
    SELECT b.id, b.authorid, b.genreid, b.title
    FROM books AS b
    ORDER BY b.title
    LIMIT @__p_0
) AS b0
INNER JOIN authors AS a ON b0.authorid = a.id
INNER JOIN genres AS g ON b0.genreid = g.id
ORDER BY b0.title
2025-11-27 00:46:00.505 +02:00 [INF] Executing OkObjectResult, writing value of type 'System.Collections.Generic.List`1[[CatalogService.Bll.Dtos.GenreDto, CatalogService.Bll, Version=1.0.0.0, Culture=neutral, PublicKeyToken=null]]'.
2025-11-27 00:46:00.511 +02:00 [INF] Executing OkObjectResult, writing value of type 'System.Collections.Generic.List`1[[CatalogService.Bll.Dtos.AuthorDto, CatalogService.Bll, Version=1.0.0.0, Culture=neutral, PublicKeyToken=null]]'.
2025-11-27 00:46:00.519 +02:00 [INF] Executed DbCommand (1ms) [Parameters=[], CommandType='"Text"', CommandTimeout='30']
SELECT count(*)::int
FROM books AS b
2025-11-27 00:46:00.521 +02:00 [INF] Executed action CatalogService.Api.Controllers.GenresController.GetAll (CatalogService.Api) in 85.0682ms
2025-11-27 00:46:00.525 +02:00 [INF] Executed action CatalogService.Api.Controllers.AuthorsController.GetAll (CatalogService.Api) in 116.3116ms
2025-11-27 00:46:00.532 +02:00 [INF] Executing OkObjectResult, writing value of type '<>f__AnonymousType1`5[[System.Collections.Generic.IEnumerable`1[[CatalogService.Bll.Dtos.BookDto, CatalogService.Bll, Version=1.0.0.0, Culture=neutral, PublicKeyToken=null]], System.Private.CoreLib, Version=9.0.0.0, Culture=neutral, PublicKeyToken=7cec85d7bea7798e],[System.Int32, System.Private.CoreLib, Version=9.0.0.0, Culture=neutral, PublicKeyToken=7cec85d7bea7798e],[System.Int32, System.Private.CoreLib, Version=9.0.0.0, Culture=neutral, PublicKeyToken=7cec85d7bea7798e],[System.Int32, System.Private.CoreLib, Version=9.0.0.0, Culture=neutral, PublicKeyToken=7cec85d7bea7798e],[System.Int32, System.Private.CoreLib, Version=9.0.0.0, Culture=neutral, PublicKeyToken=7cec85d7bea7798e]]'.
2025-11-27 00:46:00.536 +02:00 [INF] Executed endpoint 'CatalogService.Api.Controllers.GenresController.GetAll (CatalogService.Api)'
2025-11-27 00:46:00.540 +02:00 [INF] Executed endpoint 'CatalogService.Api.Controllers.AuthorsController.GetAll (CatalogService.Api)'
2025-11-27 00:46:00.544 +02:00 [INF] Executed action CatalogService.Api.Controllers.BooksController.GetPaged (CatalogService.Api) in 104.3709ms
2025-11-27 00:46:00.545 +02:00 [INF] Request starting HTTP/1.1 GET http://localhost:5180/api/books/paged?page=1&pageSize=10&title=&authorId=&genreId=&sortBy=title&sortDir=asc - null null
2025-11-27 00:46:00.547 +02:00 [INF] Request finished HTTP/1.1 GET http://localhost:5180/api/genres - 200 null application/json; charset=utf-8 196.834ms
2025-11-27 00:46:00.549 +02:00 [INF] Request finished HTTP/1.1 GET http://localhost:5180/api/authors - 200 null application/json; charset=utf-8 199.4404ms
2025-11-27 00:46:00.553 +02:00 [INF] Executed endpoint 'CatalogService.Api.Controllers.BooksController.GetPaged (CatalogService.Api)'
2025-11-27 00:46:00.559 +02:00 [INF] CORS policy execution successful.
2025-11-27 00:46:00.577 +02:00 [INF] Request finished HTTP/1.1 GET http://localhost:5180/api/books/paged?page=1&pageSize=10&title=&authorId=&genreId=&sortBy=title&sortDir=asc - 200 null application/json; charset=utf-8 229.5221ms
2025-11-27 00:46:00.579 +02:00 [INF] Executing endpoint 'CatalogService.Api.Controllers.BooksController.GetPaged (CatalogService.Api)'
2025-11-27 00:46:00.591 +02:00 [INF] Route matched with {action = "GetPaged", controller = "Books"}. Executing controller action with signature System.Threading.Tasks.Task`1[Microsoft.AspNetCore.Mvc.ActionResult] GetPaged(CatalogService.Bll.Dtos.QueryParametersDto) on controller CatalogService.Api.Controllers.BooksController (CatalogService.Api).
2025-11-27 00:46:00.604 +02:00 [INF] Executed DbCommand (2ms) [Parameters=[@__p_0='?' (DbType = Int32)], CommandType='"Text"', CommandTimeout='30']
SELECT b0.id, b0.authorid, b0.genreid, b0.title, a.id, a.name, g.id, g.name
FROM (
    SELECT b.id, b.authorid, b.genreid, b.title
    FROM books AS b
    ORDER BY b.title
    LIMIT @__p_0
) AS b0
INNER JOIN authors AS a ON b0.authorid = a.id
INNER JOIN genres AS g ON b0.genreid = g.id
ORDER BY b0.title
2025-11-27 00:46:00.612 +02:00 [INF] Executed DbCommand (1ms) [Parameters=[], CommandType='"Text"', CommandTimeout='30']
SELECT count(*)::int
FROM books AS b
2025-11-27 00:46:00.619 +02:00 [INF] Executing OkObjectResult, writing value of type '<>f__AnonymousType1`5[[System.Collections.Generic.IEnumerable`1[[CatalogService.Bll.Dtos.BookDto, CatalogService.Bll, Version=1.0.0.0, Culture=neutral, PublicKeyToken=null]], System.Private.CoreLib, Version=9.0.0.0, Culture=neutral, PublicKeyToken=7cec85d7bea7798e],[System.Int32, System.Private.CoreLib, Version=9.0.0.0, Culture=neutral, PublicKeyToken=7cec85d7bea7798e],[System.Int32, System.Private.CoreLib, Version=9.0.0.0, Culture=neutral, PublicKeyToken=7cec85d7bea7798e],[System.Int32, System.Private.CoreLib, Version=9.0.0.0, Culture=neutral, PublicKeyToken=7cec85d7bea7798e],[System.Int32, System.Private.CoreLib, Version=9.0.0.0, Culture=neutral, PublicKeyToken=7cec85d7bea7798e]]'.
2025-11-27 00:46:00.623 +02:00 [INF] Executed action CatalogService.Api.Controllers.BooksController.GetPaged (CatalogService.Api) in 26.939ms
2025-11-27 00:46:00.624 +02:00 [INF] Request starting HTTP/1.1 GET http://localhost:5180/api/books/paged?page=1&pageSize=10&title=&authorId=&genreId=&sortBy=title&sortDir=asc - null null
2025-11-27 00:46:00.627 +02:00 [INF] Executed endpoint 'CatalogService.Api.Controllers.BooksController.GetPaged (CatalogService.Api)'
2025-11-27 00:46:00.634 +02:00 [INF] CORS policy execution successful.
2025-11-27 00:46:00.637 +02:00 [INF] Request finished HTTP/1.1 GET http://localhost:5180/api/books/paged?page=1&pageSize=10&title=&authorId=&genreId=&sortBy=title&sortDir=asc - 200 null application/json; charset=utf-8 91.4298ms
2025-11-27 00:46:00.639 +02:00 [INF] Executing endpoint 'CatalogService.Api.Controllers.BooksController.GetPaged (CatalogService.Api)'
2025-11-27 00:46:00.650 +02:00 [INF] Route matched with {action = "GetPaged", controller = "Books"}. Executing controller action with signature System.Threading.Tasks.Task`1[Microsoft.AspNetCore.Mvc.ActionResult] GetPaged(CatalogService.Bll.Dtos.QueryParametersDto) on controller CatalogService.Api.Controllers.BooksController (CatalogService.Api).
2025-11-27 00:46:00.659 +02:00 [INF] Executed DbCommand (1ms) [Parameters=[@__p_0='?' (DbType = Int32)], CommandType='"Text"', CommandTimeout='30']
SELECT b0.id, b0.authorid, b0.genreid, b0.title, a.id, a.name, g.id, g.name
FROM (
    SELECT b.id, b.authorid, b.genreid, b.title
    FROM books AS b
    ORDER BY b.title
    LIMIT @__p_0
) AS b0
INNER JOIN authors AS a ON b0.authorid = a.id
INNER JOIN genres AS g ON b0.genreid = g.id
ORDER BY b0.title
2025-11-27 00:46:00.667 +02:00 [INF] Executed DbCommand (1ms) [Parameters=[], CommandType='"Text"', CommandTimeout='30']
SELECT count(*)::int
FROM books AS b
2025-11-27 00:46:00.673 +02:00 [INF] Executing OkObjectResult, writing value of type '<>f__AnonymousType1`5[[System.Collections.Generic.IEnumerable`1[[CatalogService.Bll.Dtos.BookDto, CatalogService.Bll, Version=1.0.0.0, Culture=neutral, PublicKeyToken=null]], System.Private.CoreLib, Version=9.0.0.0, Culture=neutral, PublicKeyToken=7cec85d7bea7798e],[System.Int32, System.Private.CoreLib, Version=9.0.0.0, Culture=neutral, PublicKeyToken=7cec85d7bea7798e],[System.Int32, System.Private.CoreLib, Version=9.0.0.0, Culture=neutral, PublicKeyToken=7cec85d7bea7798e],[System.Int32, System.Private.CoreLib, Version=9.0.0.0, Culture=neutral, PublicKeyToken=7cec85d7bea7798e],[System.Int32, System.Private.CoreLib, Version=9.0.0.0, Culture=neutral, PublicKeyToken=7cec85d7bea7798e]]'.
2025-11-27 00:46:00.677 +02:00 [INF] Executed action CatalogService.Api.Controllers.BooksController.GetPaged (CatalogService.Api) in 20.7862ms
2025-11-27 00:46:00.679 +02:00 [INF] Request starting HTTP/1.1 GET http://localhost:5180/api/books/paged?page=1&pageSize=10&title=&authorId=&genreId=&sortBy=title&sortDir=asc - null null
2025-11-27 00:46:00.681 +02:00 [INF] Executed endpoint 'CatalogService.Api.Controllers.BooksController.GetPaged (CatalogService.Api)'
2025-11-27 00:46:00.689 +02:00 [INF] CORS policy execution successful.
2025-11-27 00:46:00.692 +02:00 [INF] Request finished HTTP/1.1 GET http://localhost:5180/api/books/paged?page=1&pageSize=10&title=&authorId=&genreId=&sortBy=title&sortDir=asc - 200 null application/json; charset=utf-8 67.5497ms
2025-11-27 00:46:00.694 +02:00 [INF] Executing endpoint 'CatalogService.Api.Controllers.BooksController.GetPaged (CatalogService.Api)'
2025-11-27 00:46:00.718 +02:00 [INF] Route matched with {action = "GetPaged", controller = "Books"}. Executing controller action with signature System.Threading.Tasks.Task`1[Microsoft.AspNetCore.Mvc.ActionResult] GetPaged(CatalogService.Bll.Dtos.QueryParametersDto) on controller CatalogService.Api.Controllers.BooksController (CatalogService.Api).
2025-11-27 00:46:00.727 +02:00 [INF] Executed DbCommand (2ms) [Parameters=[@__p_0='?' (DbType = Int32)], CommandType='"Text"', CommandTimeout='30']
SELECT b0.id, b0.authorid, b0.genreid, b0.title, a.id, a.name, g.id, g.name
FROM (
    SELECT b.id, b.authorid, b.genreid, b.title
    FROM books AS b
    ORDER BY b.title
    LIMIT @__p_0
) AS b0
INNER JOIN authors AS a ON b0.authorid = a.id
INNER JOIN genres AS g ON b0.genreid = g.id
ORDER BY b0.title
2025-11-27 00:46:00.736 +02:00 [INF] Executed DbCommand (1ms) [Parameters=[], CommandType='"Text"', CommandTimeout='30']
SELECT count(*)::int
FROM books AS b
2025-11-27 00:46:00.742 +02:00 [INF] Executing OkObjectResult, writing value of type '<>f__AnonymousType1`5[[System.Collections.Generic.IEnumerable`1[[CatalogService.Bll.Dtos.BookDto, CatalogService.Bll, Version=1.0.0.0, Culture=neutral, PublicKeyToken=null]], System.Private.CoreLib, Version=9.0.0.0, Culture=neutral, PublicKeyToken=7cec85d7bea7798e],[System.Int32, System.Private.CoreLib, Version=9.0.0.0, Culture=neutral, PublicKeyToken=7cec85d7bea7798e],[System.Int32, System.Private.CoreLib, Version=9.0.0.0, Culture=neutral, PublicKeyToken=7cec85d7bea7798e],[System.Int32, System.Private.CoreLib, Version=9.0.0.0, Culture=neutral, PublicKeyToken=7cec85d7bea7798e],[System.Int32, System.Private.CoreLib, Version=9.0.0.0, Culture=neutral, PublicKeyToken=7cec85d7bea7798e]]'.
2025-11-27 00:46:00.747 +02:00 [INF] Executed action CatalogService.Api.Controllers.BooksController.GetPaged (CatalogService.Api) in 23.7608ms
2025-11-27 00:46:00.749 +02:00 [INF] Request starting HTTP/1.1 GET http://localhost:5180/api/books/paged?page=1&pageSize=10&title=&authorId=&genreId=&sortBy=title&sortDir=asc - null null
2025-11-27 00:46:00.752 +02:00 [INF] Executed endpoint 'CatalogService.Api.Controllers.BooksController.GetPaged (CatalogService.Api)'
2025-11-27 00:46:00.759 +02:00 [INF] CORS policy execution successful.
2025-11-27 00:46:00.761 +02:00 [INF] Request finished HTTP/1.1 GET http://localhost:5180/api/books/paged?page=1&pageSize=10&title=&authorId=&genreId=&sortBy=title&sortDir=asc - 200 null application/json; charset=utf-8 82.283ms
2025-11-27 00:46:00.763 +02:00 [INF] Executing endpoint 'CatalogService.Api.Controllers.BooksController.GetPaged (CatalogService.Api)'
2025-11-27 00:46:00.773 +02:00 [INF] Route matched with {action = "GetPaged", controller = "Books"}. Executing controller action with signature System.Threading.Tasks.Task`1[Microsoft.AspNetCore.Mvc.ActionResult] GetPaged(CatalogService.Bll.Dtos.QueryParametersDto) on controller CatalogService.Api.Controllers.BooksController (CatalogService.Api).
2025-11-27 00:46:00.781 +02:00 [INF] Executed DbCommand (1ms) [Parameters=[@__p_0='?' (DbType = Int32)], CommandType='"Text"', CommandTimeout='30']
SELECT b0.id, b0.authorid, b0.genreid, b0.title, a.id, a.name, g.id, g.name
FROM (
    SELECT b.id, b.authorid, b.genreid, b.title
    FROM books AS b
    ORDER BY b.title
    LIMIT @__p_0
) AS b0
INNER JOIN authors AS a ON b0.authorid = a.id
INNER JOIN genres AS g ON b0.genreid = g.id
ORDER BY b0.title
2025-11-27 00:46:00.790 +02:00 [INF] Executed DbCommand (1ms) [Parameters=[], CommandType='"Text"', CommandTimeout='30']
SELECT count(*)::int
FROM books AS b
2025-11-27 00:46:00.795 +02:00 [INF] Executing OkObjectResult, writing value of type '<>f__AnonymousType1`5[[System.Collections.Generic.IEnumerable`1[[CatalogService.Bll.Dtos.BookDto, CatalogService.Bll, Version=1.0.0.0, Culture=neutral, PublicKeyToken=null]], System.Private.CoreLib, Version=9.0.0.0, Culture=neutral, PublicKeyToken=7cec85d7bea7798e],[System.Int32, System.Private.CoreLib, Version=9.0.0.0, Culture=neutral, PublicKeyToken=7cec85d7bea7798e],[System.Int32, System.Private.CoreLib, Version=9.0.0.0, Culture=neutral, PublicKeyToken=7cec85d7bea7798e],[System.Int32, System.Private.CoreLib, Version=9.0.0.0, Culture=neutral, PublicKeyToken=7cec85d7bea7798e],[System.Int32, System.Private.CoreLib, Version=9.0.0.0, Culture=neutral, PublicKeyToken=7cec85d7bea7798e]]'.
2025-11-27 00:46:00.801 +02:00 [INF] Executed action CatalogService.Api.Controllers.BooksController.GetPaged (CatalogService.Api) in 22.697ms
2025-11-27 00:46:00.805 +02:00 [INF] Executed endpoint 'CatalogService.Api.Controllers.BooksController.GetPaged (CatalogService.Api)'
2025-11-27 00:46:00.808 +02:00 [INF] Request finished HTTP/1.1 GET http://localhost:5180/api/books/paged?page=1&pageSize=10&title=&authorId=&genreId=&sortBy=title&sortDir=asc - 200 null application/json; charset=utf-8 59.006ms
2025-11-27 00:46:04.450 +02:00 [INF] Request starting HTTP/1.1 GET http://localhost:5180/api/books/paged?page=1&pageSize=5&title=&authorId=&genreId=&sortBy=title&sortDir=asc - null null
2025-11-27 00:46:04.456 +02:00 [INF] CORS policy execution successful.
2025-11-27 00:46:04.457 +02:00 [INF] Executing endpoint 'CatalogService.Api.Controllers.BooksController.GetPaged (CatalogService.Api)'
2025-11-27 00:46:04.460 +02:00 [INF] Route matched with {action = "GetPaged", controller = "Books"}. Executing controller action with signature System.Threading.Tasks.Task`1[Microsoft.AspNetCore.Mvc.ActionResult] GetPaged(CatalogService.Bll.Dtos.QueryParametersDto) on controller CatalogService.Api.Controllers.BooksController (CatalogService.Api).
2025-11-27 00:46:04.467 +02:00 [INF] Executed DbCommand (1ms) [Parameters=[@__p_0='?' (DbType = Int32)], CommandType='"Text"', CommandTimeout='30']
SELECT b0.id, b0.authorid, b0.genreid, b0.title, a.id, a.name, g.id, g.name
FROM (
    SELECT b.id, b.authorid, b.genreid, b.title
    FROM books AS b
    ORDER BY b.title
    LIMIT @__p_0
) AS b0
INNER JOIN authors AS a ON b0.authorid = a.id
INNER JOIN genres AS g ON b0.genreid = g.id
ORDER BY b0.title
2025-11-27 00:46:04.476 +02:00 [INF] Executed DbCommand (1ms) [Parameters=[], CommandType='"Text"', CommandTimeout='30']
SELECT count(*)::int
FROM books AS b
2025-11-27 00:46:04.480 +02:00 [INF] Executing OkObjectResult, writing value of type '<>f__AnonymousType1`5[[System.Collections.Generic.IEnumerable`1[[CatalogService.Bll.Dtos.BookDto, CatalogService.Bll, Version=1.0.0.0, Culture=neutral, PublicKeyToken=null]], System.Private.CoreLib, Version=9.0.0.0, Culture=neutral, PublicKeyToken=7cec85d7bea7798e],[System.Int32, System.Private.CoreLib, Version=9.0.0.0, Culture=neutral, PublicKeyToken=7cec85d7bea7798e],[System.Int32, System.Private.CoreLib, Version=9.0.0.0, Culture=neutral, PublicKeyToken=7cec85d7bea7798e],[System.Int32, System.Private.CoreLib, Version=9.0.0.0, Culture=neutral, PublicKeyToken=7cec85d7bea7798e],[System.Int32, System.Private.CoreLib, Version=9.0.0.0, Culture=neutral, PublicKeyToken=7cec85d7bea7798e]]'.
2025-11-27 00:46:04.484 +02:00 [INF] Executed action CatalogService.Api.Controllers.BooksController.GetPaged (CatalogService.Api) in 19.7599ms
2025-11-27 00:46:04.487 +02:00 [INF] Executed endpoint 'CatalogService.Api.Controllers.BooksController.GetPaged (CatalogService.Api)'
2025-11-27 00:46:04.490 +02:00 [INF] Request finished HTTP/1.1 GET http://localhost:5180/api/books/paged?page=1&pageSize=5&title=&authorId=&genreId=&sortBy=title&sortDir=asc - 200 null application/json; charset=utf-8 39.4976ms
2025-11-27 00:46:08.811 +02:00 [INF] Request starting HTTP/1.1 GET http://localhost:5180/api/books/paged?page=2&pageSize=5&title=&authorId=&genreId=&sortBy=title&sortDir=asc - null null
2025-11-27 00:46:08.822 +02:00 [INF] CORS policy execution successful.
2025-11-27 00:46:08.825 +02:00 [INF] Executing endpoint 'CatalogService.Api.Controllers.BooksController.GetPaged (CatalogService.Api)'
2025-11-27 00:46:08.828 +02:00 [INF] Route matched with {action = "GetPaged", controller = "Books"}. Executing controller action with signature System.Threading.Tasks.Task`1[Microsoft.AspNetCore.Mvc.ActionResult] GetPaged(CatalogService.Bll.Dtos.QueryParametersDto) on controller CatalogService.Api.Controllers.BooksController (CatalogService.Api).
2025-11-27 00:46:08.850 +02:00 [INF] Executed DbCommand (1ms) [Parameters=[@__p_0='?' (DbType = Int32)], CommandType='"Text"', CommandTimeout='30']
SELECT b0.id, b0.authorid, b0.genreid, b0.title, a.id, a.name, g.id, g.name
FROM (
    SELECT b.id, b.authorid, b.genreid, b.title
    FROM books AS b
    ORDER BY b.title
    LIMIT @__p_0 OFFSET @__p_0
) AS b0
INNER JOIN authors AS a ON b0.authorid = a.id
INNER JOIN genres AS g ON b0.genreid = g.id
ORDER BY b0.title
2025-11-27 00:46:08.858 +02:00 [INF] Executed DbCommand (1ms) [Parameters=[], CommandType='"Text"', CommandTimeout='30']
SELECT count(*)::int
FROM books AS b
2025-11-27 00:46:08.865 +02:00 [INF] Executing OkObjectResult, writing value of type '<>f__AnonymousType1`5[[System.Collections.Generic.IEnumerable`1[[CatalogService.Bll.Dtos.BookDto, CatalogService.Bll, Version=1.0.0.0, Culture=neutral, PublicKeyToken=null]], System.Private.CoreLib, Version=9.0.0.0, Culture=neutral, PublicKeyToken=7cec85d7bea7798e],[System.Int32, System.Private.CoreLib, Version=9.0.0.0, Culture=neutral, PublicKeyToken=7cec85d7bea7798e],[System.Int32, System.Private.CoreLib, Version=9.0.0.0, Culture=neutral, PublicKeyToken=7cec85d7bea7798e],[System.Int32, System.Private.CoreLib, Version=9.0.0.0, Culture=neutral, PublicKeyToken=7cec85d7bea7798e],[System.Int32, System.Private.CoreLib, Version=9.0.0.0, Culture=neutral, PublicKeyToken=7cec85d7bea7798e]]'.
2025-11-27 00:46:08.870 +02:00 [INF] Executed action CatalogService.Api.Controllers.BooksController.GetPaged (CatalogService.Api) in 38.3072ms
2025-11-27 00:46:08.873 +02:00 [INF] Executed endpoint 'CatalogService.Api.Controllers.BooksController.GetPaged (CatalogService.Api)'
2025-11-27 00:46:08.876 +02:00 [INF] Request finished HTTP/1.1 GET http://localhost:5180/api/books/paged?page=2&pageSize=5&title=&authorId=&genreId=&sortBy=title&sortDir=asc - 200 null application/json; charset=utf-8 65.603ms
2025-11-27 00:46:09.649 +02:00 [INF] Request starting HTTP/1.1 GET http://localhost:5180/api/books/paged?page=3&pageSize=5&title=&authorId=&genreId=&sortBy=title&sortDir=asc - null null
2025-11-27 00:46:09.656 +02:00 [INF] CORS policy execution successful.
2025-11-27 00:46:09.658 +02:00 [INF] Executing endpoint 'CatalogService.Api.Controllers.BooksController.GetPaged (CatalogService.Api)'
2025-11-27 00:46:09.659 +02:00 [INF] Route matched with {action = "GetPaged", controller = "Books"}. Executing controller action with signature System.Threading.Tasks.Task`1[Microsoft.AspNetCore.Mvc.ActionResult] GetPaged(CatalogService.Bll.Dtos.QueryParametersDto) on controller CatalogService.Api.Controllers.BooksController (CatalogService.Api).
2025-11-27 00:46:09.675 +02:00 [INF] Executed DbCommand (1ms) [Parameters=[@__p_1='?' (DbType = Int32), @__p_0='?' (DbType = Int32)], CommandType='"Text"', CommandTimeout='30']
SELECT b0.id, b0.authorid, b0.genreid, b0.title, a.id, a.name, g.id, g.name
FROM (
    SELECT b.id, b.authorid, b.genreid, b.title
    FROM books AS b
    ORDER BY b.title
    LIMIT @__p_1 OFFSET @__p_0
) AS b0
INNER JOIN authors AS a ON b0.authorid = a.id
INNER JOIN genres AS g ON b0.genreid = g.id
ORDER BY b0.title
2025-11-27 00:46:09.681 +02:00 [INF] Executed DbCommand (0ms) [Parameters=[], CommandType='"Text"', CommandTimeout='30']
SELECT count(*)::int
FROM books AS b
2025-11-27 00:46:09.684 +02:00 [INF] Executing OkObjectResult, writing value of type '<>f__AnonymousType1`5[[System.Collections.Generic.IEnumerable`1[[CatalogService.Bll.Dtos.BookDto, CatalogService.Bll, Version=1.0.0.0, Culture=neutral, PublicKeyToken=null]], System.Private.CoreLib, Version=9.0.0.0, Culture=neutral, PublicKeyToken=7cec85d7bea7798e],[System.Int32, System.Private.CoreLib, Version=9.0.0.0, Culture=neutral, PublicKeyToken=7cec85d7bea7798e],[System.Int32, System.Private.CoreLib, Version=9.0.0.0, Culture=neutral, PublicKeyToken=7cec85d7bea7798e],[System.Int32, System.Private.CoreLib, Version=9.0.0.0, Culture=neutral, PublicKeyToken=7cec85d7bea7798e],[System.Int32, System.Private.CoreLib, Version=9.0.0.0, Culture=neutral, PublicKeyToken=7cec85d7bea7798e]]'.
2025-11-27 00:46:09.687 +02:00 [INF] Executed action CatalogService.Api.Controllers.BooksController.GetPaged (CatalogService.Api) in 25.0299ms
2025-11-27 00:46:09.689 +02:00 [INF] Executed endpoint 'CatalogService.Api.Controllers.BooksController.GetPaged (CatalogService.Api)'
2025-11-27 00:46:09.690 +02:00 [INF] Request finished HTTP/1.1 GET http://localhost:5180/api/books/paged?page=3&pageSize=5&title=&authorId=&genreId=&sortBy=title&sortDir=asc - 200 null application/json; charset=utf-8 41.8394ms
2025-11-27 00:46:18.462 +02:00 [INF] Request starting HTTP/1.1 POST http://localhost:5180/api/books - application/json 41
2025-11-27 00:46:18.472 +02:00 [INF] CORS policy execution successful.
2025-11-27 00:46:18.475 +02:00 [INF] Executing endpoint 'CatalogService.Api.Controllers.BooksController.Create (CatalogService.Api)'
2025-11-27 00:46:18.484 +02:00 [INF] Route matched with {action = "Create", controller = "Books"}. Executing controller action with signature System.Threading.Tasks.Task`1[Microsoft.AspNetCore.Mvc.ActionResult`1[CatalogService.Bll.Dtos.BookDto]] Create(CatalogService.Bll.Dtos.CreateBookDto) on controller CatalogService.Api.Controllers.BooksController (CatalogService.Api).
2025-11-27 00:46:18.581 +02:00 [INF] Executed DbCommand (3ms) [Parameters=[@__title_0='?', @__authorId_1='?' (DbType = Int32), @__genreId_2='?' (DbType = Int32)], CommandType='"Text"', CommandTimeout='30']
SELECT EXISTS (
    SELECT 1
    FROM books AS b
    WHERE b.title = @__title_0 AND b.authorid = @__authorId_1 AND b.genreid = @__genreId_2)
2025-11-27 00:46:18.707 +02:00 [INF] Executed DbCommand (3ms) [Parameters=[@p0='?' (DbType = Int32), @p1='?' (DbType = Int32), @p2='?'], CommandType='"Text"', CommandTimeout='30']
INSERT INTO books (authorid, genreid, title)
VALUES (@p0, @p1, @p2)
RETURNING id;
2025-11-27 00:46:18.741 +02:00 [INF] Executing CreatedAtActionResult, writing value of type 'CatalogService.Bll.Dtos.BookDto'.
2025-11-27 00:46:18.763 +02:00 [INF] Executed action CatalogService.Api.Controllers.BooksController.Create (CatalogService.Api) in 273.7573ms
2025-11-27 00:46:18.768 +02:00 [INF] Executed endpoint 'CatalogService.Api.Controllers.BooksController.Create (CatalogService.Api)'
2025-11-27 00:46:18.771 +02:00 [INF] Request finished HTTP/1.1 POST http://localhost:5180/api/books - 201 null application/json; charset=utf-8 309.1014ms
2025-11-27 00:46:18.775 +02:00 [INF] Request starting HTTP/1.1 GET http://localhost:5180/api/books/paged?page=3&pageSize=5&title=&authorId=&genreId=&sortBy=title&sortDir=asc - null null
2025-11-27 00:46:18.788 +02:00 [INF] CORS policy execution successful.
2025-11-27 00:46:18.790 +02:00 [INF] Executing endpoint 'CatalogService.Api.Controllers.BooksController.GetPaged (CatalogService.Api)'
2025-11-27 00:46:18.793 +02:00 [INF] Route matched with {action = "GetPaged", controller = "Books"}. Executing controller action with signature System.Threading.Tasks.Task`1[Microsoft.AspNetCore.Mvc.ActionResult] GetPaged(CatalogService.Bll.Dtos.QueryParametersDto) on controller CatalogService.Api.Controllers.BooksController (CatalogService.Api).
2025-11-27 00:46:18.801 +02:00 [INF] Executed DbCommand (1ms) [Parameters=[@__p_1='?' (DbType = Int32), @__p_0='?' (DbType = Int32)], CommandType='"Text"', CommandTimeout='30']
SELECT b0.id, b0.authorid, b0.genreid, b0.title, a.id, a.name, g.id, g.name
FROM (
    SELECT b.id, b.authorid, b.genreid, b.title
    FROM books AS b
    ORDER BY b.title
    LIMIT @__p_1 OFFSET @__p_0
) AS b0
INNER JOIN authors AS a ON b0.authorid = a.id
INNER JOIN genres AS g ON b0.genreid = g.id
ORDER BY b0.title
2025-11-27 00:46:18.808 +02:00 [INF] Executed DbCommand (1ms) [Parameters=[], CommandType='"Text"', CommandTimeout='30']
SELECT count(*)::int
FROM books AS b
2025-11-27 00:46:18.814 +02:00 [INF] Executing OkObjectResult, writing value of type '<>f__AnonymousType1`5[[System.Collections.Generic.IEnumerable`1[[CatalogService.Bll.Dtos.BookDto, CatalogService.Bll, Version=1.0.0.0, Culture=neutral, PublicKeyToken=null]], System.Private.CoreLib, Version=9.0.0.0, Culture=neutral, PublicKeyToken=7cec85d7bea7798e],[System.Int32, System.Private.CoreLib, Version=9.0.0.0, Culture=neutral, PublicKeyToken=7cec85d7bea7798e],[System.Int32, System.Private.CoreLib, Version=9.0.0.0, Culture=neutral, PublicKeyToken=7cec85d7bea7798e],[System.Int32, System.Private.CoreLib, Version=9.0.0.0, Culture=neutral, PublicKeyToken=7cec85d7bea7798e],[System.Int32, System.Private.CoreLib, Version=9.0.0.0, Culture=neutral, PublicKeyToken=7cec85d7bea7798e]]'.
2025-11-27 00:46:18.818 +02:00 [INF] Executed action CatalogService.Api.Controllers.BooksController.GetPaged (CatalogService.Api) in 20.6123ms
2025-11-27 00:46:18.822 +02:00 [INF] Executed endpoint 'CatalogService.Api.Controllers.BooksController.GetPaged (CatalogService.Api)'
2025-11-27 00:46:18.824 +02:00 [INF] Request finished HTTP/1.1 GET http://localhost:5180/api/books/paged?page=3&pageSize=5&title=&authorId=&genreId=&sortBy=title&sortDir=asc - 200 null application/json; charset=utf-8 49.6382ms
2025-11-27 00:46:41.249 +02:00 [INF] Request starting HTTP/1.1 GET http://localhost:5180/api/books/paged?page=1&pageSize=10&title=&authorId=&genreId=&sortBy=title&sortDir=asc - null null
2025-11-27 00:46:41.258 +02:00 [INF] Request starting HTTP/1.1 GET http://localhost:5180/api/authors - null null
2025-11-27 00:46:41.258 +02:00 [INF] Request starting HTTP/1.1 GET http://localhost:5180/api/genres - null null
2025-11-27 00:46:41.260 +02:00 [INF] CORS policy execution successful.
2025-11-27 00:46:41.267 +02:00 [INF] Executing endpoint 'CatalogService.Api.Controllers.AuthorsController.GetAll (CatalogService.Api)'
2025-11-27 00:46:41.272 +02:00 [INF] Executing endpoint 'CatalogService.Api.Controllers.GenresController.GetAll (CatalogService.Api)'
2025-11-27 00:46:41.274 +02:00 [INF] Executing endpoint 'CatalogService.Api.Controllers.BooksController.GetPaged (CatalogService.Api)'
2025-11-27 00:46:41.276 +02:00 [INF] Route matched with {action = "GetAll", controller = "Authors"}. Executing controller action with signature System.Threading.Tasks.Task`1[Microsoft.AspNetCore.Mvc.ActionResult`1[System.Collections.Generic.IEnumerable`1[CatalogService.Bll.Dtos.AuthorDto]]] GetAll() on controller CatalogService.Api.Controllers.AuthorsController (CatalogService.Api).
2025-11-27 00:46:41.278 +02:00 [INF] Route matched with {action = "GetAll", controller = "Genres"}. Executing controller action with signature System.Threading.Tasks.Task`1[Microsoft.AspNetCore.Mvc.ActionResult`1[System.Collections.Generic.IEnumerable`1[CatalogService.Bll.Dtos.GenreDto]]] GetAll() on controller CatalogService.Api.Controllers.GenresController (CatalogService.Api).
2025-11-27 00:46:41.281 +02:00 [INF] Route matched with {action = "GetPaged", controller = "Books"}. Executing controller action with signature System.Threading.Tasks.Task`1[Microsoft.AspNetCore.Mvc.ActionResult] GetPaged(CatalogService.Bll.Dtos.QueryParametersDto) on controller CatalogService.Api.Controllers.BooksController (CatalogService.Api).
2025-11-27 00:46:41.288 +02:00 [INF] Executed DbCommand (1ms) [Parameters=[], CommandType='"Text"', CommandTimeout='30']
SELECT a.id, a.name
FROM authors AS a
2025-11-27 00:46:41.292 +02:00 [INF] Executed DbCommand (1ms) [Parameters=[], CommandType='"Text"', CommandTimeout='30']
SELECT g.id, g.name
FROM genres AS g
2025-11-27 00:46:41.299 +02:00 [INF] Executed DbCommand (2ms) [Parameters=[@__p_0='?' (DbType = Int32)], CommandType='"Text"', CommandTimeout='30']
SELECT b0.id, b0.authorid, b0.genreid, b0.title, a.id, a.name, g.id, g.name
FROM (
    SELECT b.id, b.authorid, b.genreid, b.title
    FROM books AS b
    ORDER BY b.title
    LIMIT @__p_0
) AS b0
INNER JOIN authors AS a ON b0.authorid = a.id
INNER JOIN genres AS g ON b0.genreid = g.id
ORDER BY b0.title
2025-11-27 00:46:41.301 +02:00 [INF] Executing OkObjectResult, writing value of type 'System.Collections.Generic.List`1[[CatalogService.Bll.Dtos.AuthorDto, CatalogService.Bll, Version=1.0.0.0, Culture=neutral, PublicKeyToken=null]]'.
2025-11-27 00:46:41.307 +02:00 [INF] Executing OkObjectResult, writing value of type 'System.Collections.Generic.List`1[[CatalogService.Bll.Dtos.GenreDto, CatalogService.Bll, Version=1.0.0.0, Culture=neutral, PublicKeyToken=null]]'.
2025-11-27 00:46:41.316 +02:00 [INF] Executed DbCommand (1ms) [Parameters=[], CommandType='"Text"', CommandTimeout='30']
SELECT count(*)::int
FROM books AS b
2025-11-27 00:46:41.322 +02:00 [INF] Executed action CatalogService.Api.Controllers.GenresController.GetAll (CatalogService.Api) in 32.8231ms
2025-11-27 00:46:41.318 +02:00 [INF] Executed action CatalogService.Api.Controllers.AuthorsController.GetAll (CatalogService.Api) in 32.7429ms
2025-11-27 00:46:41.325 +02:00 [INF] Request starting HTTP/1.1 GET http://localhost:5180/api/authors - null null
2025-11-27 00:46:41.327 +02:00 [INF] Request starting HTTP/1.1 GET http://localhost:5180/api/genres - null null
2025-11-27 00:46:41.328 +02:00 [INF] Executing OkObjectResult, writing value of type '<>f__AnonymousType1`5[[System.Collections.Generic.IEnumerable`1[[CatalogService.Bll.Dtos.BookDto, CatalogService.Bll, Version=1.0.0.0, Culture=neutral, PublicKeyToken=null]], System.Private.CoreLib, Version=9.0.0.0, Culture=neutral, PublicKeyToken=7cec85d7bea7798e],[System.Int32, System.Private.CoreLib, Version=9.0.0.0, Culture=neutral, PublicKeyToken=7cec85d7bea7798e],[System.Int32, System.Private.CoreLib, Version=9.0.0.0, Culture=neutral, PublicKeyToken=7cec85d7bea7798e],[System.Int32, System.Private.CoreLib, Version=9.0.0.0, Culture=neutral, PublicKeyToken=7cec85d7bea7798e],[System.Int32, System.Private.CoreLib, Version=9.0.0.0, Culture=neutral, PublicKeyToken=7cec85d7bea7798e]]'.
2025-11-27 00:46:41.331 +02:00 [INF] Executed endpoint 'CatalogService.Api.Controllers.GenresController.GetAll (CatalogService.Api)'
2025-11-27 00:46:41.334 +02:00 [INF] Executed endpoint 'CatalogService.Api.Controllers.AuthorsController.GetAll (CatalogService.Api)'
2025-11-27 00:46:41.341 +02:00 [INF] Executing endpoint 'CatalogService.Api.Controllers.AuthorsController.GetAll (CatalogService.Api)'
2025-11-27 00:46:41.348 +02:00 [INF] Executing endpoint 'CatalogService.Api.Controllers.GenresController.GetAll (CatalogService.Api)'
2025-11-27 00:46:41.352 +02:00 [INF] Executed action CatalogService.Api.Controllers.BooksController.GetPaged (CatalogService.Api) in 56.9732ms
2025-11-27 00:46:41.353 +02:00 [INF] Request starting HTTP/1.1 GET http://localhost:5180/api/books/paged?page=1&pageSize=10&title=&authorId=&genreId=&sortBy=title&sortDir=asc - null null
2025-11-27 00:46:41.355 +02:00 [INF] Request finished HTTP/1.1 GET http://localhost:5180/api/genres - 200 null application/json; charset=utf-8 96.9445ms
2025-11-27 00:46:41.357 +02:00 [INF] Request finished HTTP/1.1 GET http://localhost:5180/api/authors - 200 null application/json; charset=utf-8 99.8355ms
2025-11-27 00:46:41.359 +02:00 [INF] Route matched with {action = "GetAll", controller = "Authors"}. Executing controller action with signature System.Threading.Tasks.Task`1[Microsoft.AspNetCore.Mvc.ActionResult`1[System.Collections.Generic.IEnumerable`1[CatalogService.Bll.Dtos.AuthorDto]]] GetAll() on controller CatalogService.Api.Controllers.AuthorsController (CatalogService.Api).
2025-11-27 00:46:41.361 +02:00 [INF] Route matched with {action = "GetAll", controller = "Genres"}. Executing controller action with signature System.Threading.Tasks.Task`1[Microsoft.AspNetCore.Mvc.ActionResult`1[System.Collections.Generic.IEnumerable`1[CatalogService.Bll.Dtos.GenreDto]]] GetAll() on controller CatalogService.Api.Controllers.GenresController (CatalogService.Api).
2025-11-27 00:46:41.364 +02:00 [INF] Executed endpoint 'CatalogService.Api.Controllers.BooksController.GetPaged (CatalogService.Api)'
2025-11-27 00:46:41.369 +02:00 [INF] CORS policy execution successful.
2025-11-27 00:46:41.393 +02:00 [INF] Executed DbCommand (1ms) [Parameters=[], CommandType='"Text"', CommandTimeout='30']
SELECT a.id, a.name
FROM authors AS a
2025-11-27 00:46:41.399 +02:00 [INF] Executed DbCommand (1ms) [Parameters=[], CommandType='"Text"', CommandTimeout='30']
SELECT g.id, g.name
FROM genres AS g
2025-11-27 00:46:41.400 +02:00 [INF] Request finished HTTP/1.1 GET http://localhost:5180/api/books/paged?page=1&pageSize=10&title=&authorId=&genreId=&sortBy=title&sortDir=asc - 200 null application/json; charset=utf-8 151.3619ms
2025-11-27 00:46:41.402 +02:00 [INF] Executing endpoint 'CatalogService.Api.Controllers.BooksController.GetPaged (CatalogService.Api)'
2025-11-27 00:46:41.407 +02:00 [INF] Executing OkObjectResult, writing value of type 'System.Collections.Generic.List`1[[CatalogService.Bll.Dtos.AuthorDto, CatalogService.Bll, Version=1.0.0.0, Culture=neutral, PublicKeyToken=null]]'.
2025-11-27 00:46:41.414 +02:00 [INF] Executing OkObjectResult, writing value of type 'System.Collections.Generic.List`1[[CatalogService.Bll.Dtos.GenreDto, CatalogService.Bll, Version=1.0.0.0, Culture=neutral, PublicKeyToken=null]]'.
2025-11-27 00:46:41.425 +02:00 [INF] Route matched with {action = "GetPaged", controller = "Books"}. Executing controller action with signature System.Threading.Tasks.Task`1[Microsoft.AspNetCore.Mvc.ActionResult] GetPaged(CatalogService.Bll.Dtos.QueryParametersDto) on controller CatalogService.Api.Controllers.BooksController (CatalogService.Api).
2025-11-27 00:46:41.430 +02:00 [INF] Executed action CatalogService.Api.Controllers.AuthorsController.GetAll (CatalogService.Api) in 38.5867ms
2025-11-27 00:46:41.434 +02:00 [INF] Executed action CatalogService.Api.Controllers.GenresController.GetAll (CatalogService.Api) in 36.6923ms
2025-11-27 00:46:41.441 +02:00 [INF] Executed DbCommand (1ms) [Parameters=[@__p_0='?' (DbType = Int32)], CommandType='"Text"', CommandTimeout='30']
SELECT b0.id, b0.authorid, b0.genreid, b0.title, a.id, a.name, g.id, g.name
FROM (
    SELECT b.id, b.authorid, b.genreid, b.title
    FROM books AS b
    ORDER BY b.title
    LIMIT @__p_0
) AS b0
INNER JOIN authors AS a ON b0.authorid = a.id
INNER JOIN genres AS g ON b0.genreid = g.id
ORDER BY b0.title
2025-11-27 00:46:41.442 +02:00 [INF] Executed endpoint 'CatalogService.Api.Controllers.AuthorsController.GetAll (CatalogService.Api)'
2025-11-27 00:46:41.445 +02:00 [INF] Executed endpoint 'CatalogService.Api.Controllers.GenresController.GetAll (CatalogService.Api)'
2025-11-27 00:46:41.452 +02:00 [INF] Executed DbCommand (1ms) [Parameters=[], CommandType='"Text"', CommandTimeout='30']
SELECT count(*)::int
FROM books AS b
2025-11-27 00:46:41.453 +02:00 [INF] Request finished HTTP/1.1 GET http://localhost:5180/api/authors - 200 null application/json; charset=utf-8 128.1291ms
2025-11-27 00:46:41.455 +02:00 [INF] Request finished HTTP/1.1 GET http://localhost:5180/api/genres - 200 null application/json; charset=utf-8 127.9369ms
2025-11-27 00:46:41.460 +02:00 [INF] Executing OkObjectResult, writing value of type '<>f__AnonymousType1`5[[System.Collections.Generic.IEnumerable`1[[CatalogService.Bll.Dtos.BookDto, CatalogService.Bll, Version=1.0.0.0, Culture=neutral, PublicKeyToken=null]], System.Private.CoreLib, Version=9.0.0.0, Culture=neutral, PublicKeyToken=7cec85d7bea7798e],[System.Int32, System.Private.CoreLib, Version=9.0.0.0, Culture=neutral, PublicKeyToken=7cec85d7bea7798e],[System.Int32, System.Private.CoreLib, Version=9.0.0.0, Culture=neutral, PublicKeyToken=7cec85d7bea7798e],[System.Int32, System.Private.CoreLib, Version=9.0.0.0, Culture=neutral, PublicKeyToken=7cec85d7bea7798e],[System.Int32, System.Private.CoreLib, Version=9.0.0.0, Culture=neutral, PublicKeyToken=7cec85d7bea7798e]]'.
2025-11-27 00:46:41.477 +02:00 [INF] Executed action CatalogService.Api.Controllers.BooksController.GetPaged (CatalogService.Api) in 38.9994ms
2025-11-27 00:46:41.479 +02:00 [INF] Request starting HTTP/1.1 GET http://localhost:5180/api/books/paged?page=1&pageSize=10&title=&authorId=&genreId=&sortBy=title&sortDir=asc - null null
2025-11-27 00:46:41.481 +02:00 [INF] Executed endpoint 'CatalogService.Api.Controllers.BooksController.GetPaged (CatalogService.Api)'
2025-11-27 00:46:41.487 +02:00 [INF] CORS policy execution successful.
2025-11-27 00:46:41.489 +02:00 [INF] Request finished HTTP/1.1 GET http://localhost:5180/api/books/paged?page=1&pageSize=10&title=&authorId=&genreId=&sortBy=title&sortDir=asc - 200 null application/json; charset=utf-8 135.4786ms
2025-11-27 00:46:41.491 +02:00 [INF] Executing endpoint 'CatalogService.Api.Controllers.BooksController.GetPaged (CatalogService.Api)'
2025-11-27 00:46:41.501 +02:00 [INF] Route matched with {action = "GetPaged", controller = "Books"}. Executing controller action with signature System.Threading.Tasks.Task`1[Microsoft.AspNetCore.Mvc.ActionResult] GetPaged(CatalogService.Bll.Dtos.QueryParametersDto) on controller CatalogService.Api.Controllers.BooksController (CatalogService.Api).
2025-11-27 00:46:41.507 +02:00 [INF] Executed DbCommand (1ms) [Parameters=[@__p_0='?' (DbType = Int32)], CommandType='"Text"', CommandTimeout='30']
SELECT b0.id, b0.authorid, b0.genreid, b0.title, a.id, a.name, g.id, g.name
FROM (
    SELECT b.id, b.authorid, b.genreid, b.title
    FROM books AS b
    ORDER BY b.title
    LIMIT @__p_0
) AS b0
INNER JOIN authors AS a ON b0.authorid = a.id
INNER JOIN genres AS g ON b0.genreid = g.id
ORDER BY b0.title
2025-11-27 00:46:41.513 +02:00 [INF] Executed DbCommand (1ms) [Parameters=[], CommandType='"Text"', CommandTimeout='30']
SELECT count(*)::int
FROM books AS b
2025-11-27 00:46:41.518 +02:00 [INF] Executing OkObjectResult, writing value of type '<>f__AnonymousType1`5[[System.Collections.Generic.IEnumerable`1[[CatalogService.Bll.Dtos.BookDto, CatalogService.Bll, Version=1.0.0.0, Culture=neutral, PublicKeyToken=null]], System.Private.CoreLib, Version=9.0.0.0, Culture=neutral, PublicKeyToken=7cec85d7bea7798e],[System.Int32, System.Private.CoreLib, Version=9.0.0.0, Culture=neutral, PublicKeyToken=7cec85d7bea7798e],[System.Int32, System.Private.CoreLib, Version=9.0.0.0, Culture=neutral, PublicKeyToken=7cec85d7bea7798e],[System.Int32, System.Private.CoreLib, Version=9.0.0.0, Culture=neutral, PublicKeyToken=7cec85d7bea7798e],[System.Int32, System.Private.CoreLib, Version=9.0.0.0, Culture=neutral, PublicKeyToken=7cec85d7bea7798e]]'.
2025-11-27 00:46:41.520 +02:00 [INF] Executed action CatalogService.Api.Controllers.BooksController.GetPaged (CatalogService.Api) in 15.2111ms
2025-11-27 00:46:41.521 +02:00 [INF] Request starting HTTP/1.1 GET http://localhost:5180/api/books/paged?page=1&pageSize=10&title=&authorId=&genreId=&sortBy=title&sortDir=asc - null null
2025-11-27 00:46:41.523 +02:00 [INF] Executed endpoint 'CatalogService.Api.Controllers.BooksController.GetPaged (CatalogService.Api)'
2025-11-27 00:46:41.527 +02:00 [INF] CORS policy execution successful.
2025-11-27 00:46:41.528 +02:00 [INF] Request finished HTTP/1.1 GET http://localhost:5180/api/books/paged?page=1&pageSize=10&title=&authorId=&genreId=&sortBy=title&sortDir=asc - 200 null application/json; charset=utf-8 49.405ms
2025-11-27 00:46:41.530 +02:00 [INF] Executing endpoint 'CatalogService.Api.Controllers.BooksController.GetPaged (CatalogService.Api)'
2025-11-27 00:46:41.537 +02:00 [INF] Route matched with {action = "GetPaged", controller = "Books"}. Executing controller action with signature System.Threading.Tasks.Task`1[Microsoft.AspNetCore.Mvc.ActionResult] GetPaged(CatalogService.Bll.Dtos.QueryParametersDto) on controller CatalogService.Api.Controllers.BooksController (CatalogService.Api).
2025-11-27 00:46:41.543 +02:00 [INF] Executed DbCommand (1ms) [Parameters=[@__p_0='?' (DbType = Int32)], CommandType='"Text"', CommandTimeout='30']
SELECT b0.id, b0.authorid, b0.genreid, b0.title, a.id, a.name, g.id, g.name
FROM (
    SELECT b.id, b.authorid, b.genreid, b.title
    FROM books AS b
    ORDER BY b.title
    LIMIT @__p_0
) AS b0
INNER JOIN authors AS a ON b0.authorid = a.id
INNER JOIN genres AS g ON b0.genreid = g.id
ORDER BY b0.title
2025-11-27 00:46:41.549 +02:00 [INF] Executed DbCommand (1ms) [Parameters=[], CommandType='"Text"', CommandTimeout='30']
SELECT count(*)::int
FROM books AS b
2025-11-27 00:46:41.554 +02:00 [INF] Executing OkObjectResult, writing value of type '<>f__AnonymousType1`5[[System.Collections.Generic.IEnumerable`1[[CatalogService.Bll.Dtos.BookDto, CatalogService.Bll, Version=1.0.0.0, Culture=neutral, PublicKeyToken=null]], System.Private.CoreLib, Version=9.0.0.0, Culture=neutral, PublicKeyToken=7cec85d7bea7798e],[System.Int32, System.Private.CoreLib, Version=9.0.0.0, Culture=neutral, PublicKeyToken=7cec85d7bea7798e],[System.Int32, System.Private.CoreLib, Version=9.0.0.0, Culture=neutral, PublicKeyToken=7cec85d7bea7798e],[System.Int32, System.Private.CoreLib, Version=9.0.0.0, Culture=neutral, PublicKeyToken=7cec85d7bea7798e],[System.Int32, System.Private.CoreLib, Version=9.0.0.0, Culture=neutral, PublicKeyToken=7cec85d7bea7798e]]'.
2025-11-27 00:46:41.557 +02:00 [INF] Executed action CatalogService.Api.Controllers.BooksController.GetPaged (CatalogService.Api) in 16.0138ms
2025-11-27 00:46:41.558 +02:00 [INF] Request starting HTTP/1.1 GET http://localhost:5180/api/books/paged?page=1&pageSize=10&title=&authorId=&genreId=&sortBy=title&sortDir=asc - null null
2025-11-27 00:46:41.560 +02:00 [INF] Executed endpoint 'CatalogService.Api.Controllers.BooksController.GetPaged (CatalogService.Api)'
2025-11-27 00:46:41.564 +02:00 [INF] CORS policy execution successful.
2025-11-27 00:46:41.566 +02:00 [INF] Request finished HTTP/1.1 GET http://localhost:5180/api/books/paged?page=1&pageSize=10&title=&authorId=&genreId=&sortBy=title&sortDir=asc - 200 null application/json; charset=utf-8 44.8917ms
2025-11-27 00:46:41.567 +02:00 [INF] Executing endpoint 'CatalogService.Api.Controllers.BooksController.GetPaged (CatalogService.Api)'
2025-11-27 00:46:41.574 +02:00 [INF] Route matched with {action = "GetPaged", controller = "Books"}. Executing controller action with signature System.Threading.Tasks.Task`1[Microsoft.AspNetCore.Mvc.ActionResult] GetPaged(CatalogService.Bll.Dtos.QueryParametersDto) on controller CatalogService.Api.Controllers.BooksController (CatalogService.Api).
2025-11-27 00:46:41.579 +02:00 [INF] Executed DbCommand (1ms) [Parameters=[@__p_0='?' (DbType = Int32)], CommandType='"Text"', CommandTimeout='30']
SELECT b0.id, b0.authorid, b0.genreid, b0.title, a.id, a.name, g.id, g.name
FROM (
    SELECT b.id, b.authorid, b.genreid, b.title
    FROM books AS b
    ORDER BY b.title
    LIMIT @__p_0
) AS b0
INNER JOIN authors AS a ON b0.authorid = a.id
INNER JOIN genres AS g ON b0.genreid = g.id
ORDER BY b0.title
2025-11-27 00:46:41.585 +02:00 [INF] Executed DbCommand (1ms) [Parameters=[], CommandType='"Text"', CommandTimeout='30']
SELECT count(*)::int
FROM books AS b
2025-11-27 00:46:41.589 +02:00 [INF] Executing OkObjectResult, writing value of type '<>f__AnonymousType1`5[[System.Collections.Generic.IEnumerable`1[[CatalogService.Bll.Dtos.BookDto, CatalogService.Bll, Version=1.0.0.0, Culture=neutral, PublicKeyToken=null]], System.Private.CoreLib, Version=9.0.0.0, Culture=neutral, PublicKeyToken=7cec85d7bea7798e],[System.Int32, System.Private.CoreLib, Version=9.0.0.0, Culture=neutral, PublicKeyToken=7cec85d7bea7798e],[System.Int32, System.Private.CoreLib, Version=9.0.0.0, Culture=neutral, PublicKeyToken=7cec85d7bea7798e],[System.Int32, System.Private.CoreLib, Version=9.0.0.0, Culture=neutral, PublicKeyToken=7cec85d7bea7798e],[System.Int32, System.Private.CoreLib, Version=9.0.0.0, Culture=neutral, PublicKeyToken=7cec85d7bea7798e]]'.
2025-11-27 00:46:41.592 +02:00 [INF] Executed action CatalogService.Api.Controllers.BooksController.GetPaged (CatalogService.Api) in 14.7321ms
2025-11-27 00:46:41.593 +02:00 [INF] Request starting HTTP/1.1 GET http://localhost:5180/api/books/paged?page=1&pageSize=10&title=&authorId=&genreId=&sortBy=title&sortDir=asc - null null
2025-11-27 00:46:41.595 +02:00 [INF] Executed endpoint 'CatalogService.Api.Controllers.BooksController.GetPaged (CatalogService.Api)'
2025-11-27 00:46:41.599 +02:00 [INF] CORS policy execution successful.
2025-11-27 00:46:41.601 +02:00 [INF] Request finished HTTP/1.1 GET http://localhost:5180/api/books/paged?page=1&pageSize=10&title=&authorId=&genreId=&sortBy=title&sortDir=asc - 200 null application/json; charset=utf-8 42.7603ms
2025-11-27 00:46:41.602 +02:00 [INF] Executing endpoint 'CatalogService.Api.Controllers.BooksController.GetPaged (CatalogService.Api)'
2025-11-27 00:46:41.608 +02:00 [INF] Route matched with {action = "GetPaged", controller = "Books"}. Executing controller action with signature System.Threading.Tasks.Task`1[Microsoft.AspNetCore.Mvc.ActionResult] GetPaged(CatalogService.Bll.Dtos.QueryParametersDto) on controller CatalogService.Api.Controllers.BooksController (CatalogService.Api).
2025-11-27 00:46:41.614 +02:00 [INF] Executed DbCommand (1ms) [Parameters=[@__p_0='?' (DbType = Int32)], CommandType='"Text"', CommandTimeout='30']
SELECT b0.id, b0.authorid, b0.genreid, b0.title, a.id, a.name, g.id, g.name
FROM (
    SELECT b.id, b.authorid, b.genreid, b.title
    FROM books AS b
    ORDER BY b.title
    LIMIT @__p_0
) AS b0
INNER JOIN authors AS a ON b0.authorid = a.id
INNER JOIN genres AS g ON b0.genreid = g.id
ORDER BY b0.title
2025-11-27 00:46:41.620 +02:00 [INF] Executed DbCommand (1ms) [Parameters=[], CommandType='"Text"', CommandTimeout='30']
SELECT count(*)::int
FROM books AS b
2025-11-27 00:46:41.624 +02:00 [INF] Executing OkObjectResult, writing value of type '<>f__AnonymousType1`5[[System.Collections.Generic.IEnumerable`1[[CatalogService.Bll.Dtos.BookDto, CatalogService.Bll, Version=1.0.0.0, Culture=neutral, PublicKeyToken=null]], System.Private.CoreLib, Version=9.0.0.0, Culture=neutral, PublicKeyToken=7cec85d7bea7798e],[System.Int32, System.Private.CoreLib, Version=9.0.0.0, Culture=neutral, PublicKeyToken=7cec85d7bea7798e],[System.Int32, System.Private.CoreLib, Version=9.0.0.0, Culture=neutral, PublicKeyToken=7cec85d7bea7798e],[System.Int32, System.Private.CoreLib, Version=9.0.0.0, Culture=neutral, PublicKeyToken=7cec85d7bea7798e],[System.Int32, System.Private.CoreLib, Version=9.0.0.0, Culture=neutral, PublicKeyToken=7cec85d7bea7798e]]'.
2025-11-27 00:46:41.628 +02:00 [INF] Executed action CatalogService.Api.Controllers.BooksController.GetPaged (CatalogService.Api) in 16.8182ms
2025-11-27 00:46:41.631 +02:00 [INF] Executed endpoint 'CatalogService.Api.Controllers.BooksController.GetPaged (CatalogService.Api)'
2025-11-27 00:46:41.633 +02:00 [INF] Request finished HTTP/1.1 GET http://localhost:5180/api/books/paged?page=1&pageSize=10&title=&authorId=&genreId=&sortBy=title&sortDir=asc - 200 null application/json; charset=utf-8 39.3893ms
2025-11-27 00:46:47.035 +02:00 [INF] Request starting HTTP/1.1 GET http://localhost:5180/api/books/paged?page=1&pageSize=5&title=&authorId=&genreId=&sortBy=title&sortDir=asc - null null
2025-11-27 00:46:47.044 +02:00 [INF] CORS policy execution successful.
2025-11-27 00:46:47.046 +02:00 [INF] Executing endpoint 'CatalogService.Api.Controllers.BooksController.GetPaged (CatalogService.Api)'
2025-11-27 00:46:47.048 +02:00 [INF] Route matched with {action = "GetPaged", controller = "Books"}. Executing controller action with signature System.Threading.Tasks.Task`1[Microsoft.AspNetCore.Mvc.ActionResult] GetPaged(CatalogService.Bll.Dtos.QueryParametersDto) on controller CatalogService.Api.Controllers.BooksController (CatalogService.Api).
2025-11-27 00:46:47.054 +02:00 [INF] Executed DbCommand (1ms) [Parameters=[@__p_0='?' (DbType = Int32)], CommandType='"Text"', CommandTimeout='30']
SELECT b0.id, b0.authorid, b0.genreid, b0.title, a.id, a.name, g.id, g.name
FROM (
    SELECT b.id, b.authorid, b.genreid, b.title
    FROM books AS b
    ORDER BY b.title
    LIMIT @__p_0
) AS b0
INNER JOIN authors AS a ON b0.authorid = a.id
INNER JOIN genres AS g ON b0.genreid = g.id
ORDER BY b0.title
2025-11-27 00:46:47.061 +02:00 [INF] Executed DbCommand (1ms) [Parameters=[], CommandType='"Text"', CommandTimeout='30']
SELECT count(*)::int
FROM books AS b
2025-11-27 00:46:47.064 +02:00 [INF] Executing OkObjectResult, writing value of type '<>f__AnonymousType1`5[[System.Collections.Generic.IEnumerable`1[[CatalogService.Bll.Dtos.BookDto, CatalogService.Bll, Version=1.0.0.0, Culture=neutral, PublicKeyToken=null]], System.Private.CoreLib, Version=9.0.0.0, Culture=neutral, PublicKeyToken=7cec85d7bea7798e],[System.Int32, System.Private.CoreLib, Version=9.0.0.0, Culture=neutral, PublicKeyToken=7cec85d7bea7798e],[System.Int32, System.Private.CoreLib, Version=9.0.0.0, Culture=neutral, PublicKeyToken=7cec85d7bea7798e],[System.Int32, System.Private.CoreLib, Version=9.0.0.0, Culture=neutral, PublicKeyToken=7cec85d7bea7798e],[System.Int32, System.Private.CoreLib, Version=9.0.0.0, Culture=neutral, PublicKeyToken=7cec85d7bea7798e]]'.
2025-11-27 00:46:47.067 +02:00 [INF] Executed action CatalogService.Api.Controllers.BooksController.GetPaged (CatalogService.Api) in 15.4671ms
2025-11-27 00:46:47.069 +02:00 [INF] Executed endpoint 'CatalogService.Api.Controllers.BooksController.GetPaged (CatalogService.Api)'
2025-11-27 00:46:47.071 +02:00 [INF] Request finished HTTP/1.1 GET http://localhost:5180/api/books/paged?page=1&pageSize=5&title=&authorId=&genreId=&sortBy=title&sortDir=asc - 200 null application/json; charset=utf-8 36.2256ms
2025-11-27 00:46:51.720 +02:00 [INF] Request starting HTTP/1.1 GET http://localhost:5180/api/books/paged?page=3&pageSize=5&title=&authorId=&genreId=&sortBy=title&sortDir=asc - null null
2025-11-27 00:46:51.729 +02:00 [INF] CORS policy execution successful.
2025-11-27 00:46:51.731 +02:00 [INF] Executing endpoint 'CatalogService.Api.Controllers.BooksController.GetPaged (CatalogService.Api)'
2025-11-27 00:46:51.734 +02:00 [INF] Route matched with {action = "GetPaged", controller = "Books"}. Executing controller action with signature System.Threading.Tasks.Task`1[Microsoft.AspNetCore.Mvc.ActionResult] GetPaged(CatalogService.Bll.Dtos.QueryParametersDto) on controller CatalogService.Api.Controllers.BooksController (CatalogService.Api).
2025-11-27 00:46:51.739 +02:00 [INF] Executed DbCommand (1ms) [Parameters=[@__p_1='?' (DbType = Int32), @__p_0='?' (DbType = Int32)], CommandType='"Text"', CommandTimeout='30']
SELECT b0.id, b0.authorid, b0.genreid, b0.title, a.id, a.name, g.id, g.name
FROM (
    SELECT b.id, b.authorid, b.genreid, b.title
    FROM books AS b
    ORDER BY b.title
    LIMIT @__p_1 OFFSET @__p_0
) AS b0
INNER JOIN authors AS a ON b0.authorid = a.id
INNER JOIN genres AS g ON b0.genreid = g.id
ORDER BY b0.title
2025-11-27 00:46:51.745 +02:00 [INF] Executed DbCommand (1ms) [Parameters=[], CommandType='"Text"', CommandTimeout='30']
SELECT count(*)::int
FROM books AS b
2025-11-27 00:46:51.749 +02:00 [INF] Executing OkObjectResult, writing value of type '<>f__AnonymousType1`5[[System.Collections.Generic.IEnumerable`1[[CatalogService.Bll.Dtos.BookDto, CatalogService.Bll, Version=1.0.0.0, Culture=neutral, PublicKeyToken=null]], System.Private.CoreLib, Version=9.0.0.0, Culture=neutral, PublicKeyToken=7cec85d7bea7798e],[System.Int32, System.Private.CoreLib, Version=9.0.0.0, Culture=neutral, PublicKeyToken=7cec85d7bea7798e],[System.Int32, System.Private.CoreLib, Version=9.0.0.0, Culture=neutral, PublicKeyToken=7cec85d7bea7798e],[System.Int32, System.Private.CoreLib, Version=9.0.0.0, Culture=neutral, PublicKeyToken=7cec85d7bea7798e],[System.Int32, System.Private.CoreLib, Version=9.0.0.0, Culture=neutral, PublicKeyToken=7cec85d7bea7798e]]'.
2025-11-27 00:46:51.753 +02:00 [INF] Executed action CatalogService.Api.Controllers.BooksController.GetPaged (CatalogService.Api) in 15.8582ms
2025-11-27 00:46:51.757 +02:00 [INF] Executed endpoint 'CatalogService.Api.Controllers.BooksController.GetPaged (CatalogService.Api)'
2025-11-27 00:46:51.760 +02:00 [INF] Request finished HTTP/1.1 GET http://localhost:5180/api/books/paged?page=3&pageSize=5&title=&authorId=&genreId=&sortBy=title&sortDir=asc - 200 null application/json; charset=utf-8 40.1932ms
2025-11-27 00:46:57.320 +02:00 [INF] Request starting HTTP/1.1 GET http://localhost:5180/api/books/11 - null null
2025-11-27 00:46:57.334 +02:00 [INF] Executing endpoint 'CatalogService.Api.Controllers.BooksController.GetById (CatalogService.Api)'
2025-11-27 00:46:57.347 +02:00 [INF] Route matched with {action = "GetById", controller = "Books"}. Executing controller action with signature System.Threading.Tasks.Task`1[Microsoft.AspNetCore.Mvc.ActionResult`1[CatalogService.Bll.Dtos.BookDto]] GetById(Int32) on controller CatalogService.Api.Controllers.BooksController (CatalogService.Api).
2025-11-27 00:46:57.426 +02:00 [INF] Executed DbCommand (4ms) [Parameters=[@__id_0='?' (DbType = Int32)], CommandType='"Text"', CommandTimeout='30']
SELECT b.id, b.authorid, b.genreid, b.title, a.id, a.name, g.id, g.name
FROM books AS b
INNER JOIN authors AS a ON b.authorid = a.id
INNER JOIN genres AS g ON b.genreid = g.id
WHERE b.id = @__id_0
LIMIT 1
2025-11-27 00:46:57.449 +02:00 [INF] Executing OkObjectResult, writing value of type 'CatalogService.Bll.Dtos.BookDto'.
2025-11-27 00:46:57.461 +02:00 [INF] Executed action CatalogService.Api.Controllers.BooksController.GetById (CatalogService.Api) in 100.2627ms
2025-11-27 00:46:57.472 +02:00 [INF] Executed endpoint 'CatalogService.Api.Controllers.BooksController.GetById (CatalogService.Api)'
2025-11-27 00:46:57.480 +02:00 [INF] Request finished HTTP/1.1 GET http://localhost:5180/api/books/11 - 200 null application/json; charset=utf-8 160.1278ms
2025-11-27 00:46:57.592 +02:00 [INF] Request starting HTTP/1.1 GET http://localhost:5180/api/books/paged?page=3&pageSize=5&title=&authorId=&genreId=&sortBy=title&sortDir=asc - null null
2025-11-27 00:46:57.600 +02:00 [INF] CORS policy execution successful.
2025-11-27 00:46:57.603 +02:00 [INF] Executing endpoint 'CatalogService.Api.Controllers.BooksController.GetPaged (CatalogService.Api)'
2025-11-27 00:46:57.606 +02:00 [INF] Route matched with {action = "GetPaged", controller = "Books"}. Executing controller action with signature System.Threading.Tasks.Task`1[Microsoft.AspNetCore.Mvc.ActionResult] GetPaged(CatalogService.Bll.Dtos.QueryParametersDto) on controller CatalogService.Api.Controllers.BooksController (CatalogService.Api).
2025-11-27 00:46:57.611 +02:00 [INF] Executed DbCommand (1ms) [Parameters=[@__p_1='?' (DbType = Int32), @__p_0='?' (DbType = Int32)], CommandType='"Text"', CommandTimeout='30']
SELECT b0.id, b0.authorid, b0.genreid, b0.title, a.id, a.name, g.id, g.name
FROM (
    SELECT b.id, b.authorid, b.genreid, b.title
    FROM books AS b
    ORDER BY b.title
    LIMIT @__p_1 OFFSET @__p_0
) AS b0
INNER JOIN authors AS a ON b0.authorid = a.id
INNER JOIN genres AS g ON b0.genreid = g.id
ORDER BY b0.title
2025-11-27 00:46:57.617 +02:00 [INF] Executed DbCommand (0ms) [Parameters=[], CommandType='"Text"', CommandTimeout='30']
SELECT count(*)::int
FROM books AS b
2025-11-27 00:46:57.620 +02:00 [INF] Executing OkObjectResult, writing value of type '<>f__AnonymousType1`5[[System.Collections.Generic.IEnumerable`1[[CatalogService.Bll.Dtos.BookDto, CatalogService.Bll, Version=1.0.0.0, Culture=neutral, PublicKeyToken=null]], System.Private.CoreLib, Version=9.0.0.0, Culture=neutral, PublicKeyToken=7cec85d7bea7798e],[System.Int32, System.Private.CoreLib, Version=9.0.0.0, Culture=neutral, PublicKeyToken=7cec85d7bea7798e],[System.Int32, System.Private.CoreLib, Version=9.0.0.0, Culture=neutral, PublicKeyToken=7cec85d7bea7798e],[System.Int32, System.Private.CoreLib, Version=9.0.0.0, Culture=neutral, PublicKeyToken=7cec85d7bea7798e],[System.Int32, System.Private.CoreLib, Version=9.0.0.0, Culture=neutral, PublicKeyToken=7cec85d7bea7798e]]'.
2025-11-27 00:46:57.622 +02:00 [INF] Executed action CatalogService.Api.Controllers.BooksController.GetPaged (CatalogService.Api) in 12.954ms
2025-11-27 00:46:57.624 +02:00 [INF] Executed endpoint 'CatalogService.Api.Controllers.BooksController.GetPaged (CatalogService.Api)'
2025-11-27 00:46:57.625 +02:00 [INF] Request finished HTTP/1.1 GET http://localhost:5180/api/books/paged?page=3&pageSize=5&title=&authorId=&genreId=&sortBy=title&sortDir=asc - 200 null application/json; charset=utf-8 33.3915ms
