2025-11-24 12:27:37.182 +02:00 [INF] Now listening on: http://localhost:5180
2025-11-24 12:27:37.328 +02:00 [INF] Application started. Press Ctrl+C to shut down.
2025-11-24 12:27:37.331 +02:00 [INF] Hosting environment: Development
2025-11-24 12:27:37.334 +02:00 [INF] Content root path: C:\Users\Admin\Documents\projects\LibrarySystem\CatalogService\CatalogService.Api
2025-11-24 12:27:57.333 +02:00 [INF] Request starting HTTP/1.1 GET http://localhost:5180/api/books - null null
2025-11-24 12:27:57.333 +02:00 [INF] Request starting HTTP/1.1 GET http://localhost:5180/api/authors - null null
2025-11-24 12:27:57.333 +02:00 [INF] Request starting HTTP/1.1 GET http://localhost:5180/api/genres - null null
2025-11-24 12:27:57.444 +02:00 [INF] Executing endpoint 'CatalogService.Api.Controllers.BooksController.GetAll (CatalogService.Api)'
2025-11-24 12:27:57.444 +02:00 [INF] Executing endpoint 'CatalogService.Api.Controllers.AuthorsController.GetAll (CatalogService.Api)'
2025-11-24 12:27:57.444 +02:00 [INF] Executing endpoint 'CatalogService.Api.Controllers.GenresController.GetAll (CatalogService.Api)'
2025-11-24 12:27:57.484 +02:00 [INF] Route matched with {action = "GetAll", controller = "Authors"}. Executing controller action with signature System.Threading.Tasks.Task`1[Microsoft.AspNetCore.Mvc.IActionResult] GetAll() on controller CatalogService.Api.Controllers.AuthorsController (CatalogService.Api).
2025-11-24 12:27:57.484 +02:00 [INF] Route matched with {action = "GetAll", controller = "Genres"}. Executing controller action with signature System.Threading.Tasks.Task`1[Microsoft.AspNetCore.Mvc.IActionResult] GetAll() on controller CatalogService.Api.Controllers.GenresController (CatalogService.Api).
2025-11-24 12:27:57.484 +02:00 [INF] Route matched with {action = "GetAll", controller = "Books"}. Executing controller action with signature System.Threading.Tasks.Task`1[Microsoft.AspNetCore.Mvc.IActionResult] GetAll() on controller CatalogService.Api.Controllers.BooksController (CatalogService.Api).
2025-11-24 12:28:00.667 +02:00 [ERR] Failed executing DbCommand (63ms) [Parameters=[], CommandType='"Text"', CommandTimeout='30']
SELECT a.id, a.name
FROM authors AS a
2025-11-24 12:28:00.667 +02:00 [ERR] Failed executing DbCommand (63ms) [Parameters=[], CommandType='"Text"', CommandTimeout='30']
SELECT g.id, g.name
FROM genres AS g
2025-11-24 12:28:00.667 +02:00 [ERR] Failed executing DbCommand (63ms) [Parameters=[], CommandType='"Text"', CommandTimeout='30']
SELECT b.id, b.authorid, b.genreid, b.is_available, b.title, a.id, a.name, g.id, g.name
FROM books AS b
INNER JOIN authors AS a ON b.authorid = a.id
INNER JOIN genres AS g ON b.genreid = g.id
2025-11-24 12:28:00.726 +02:00 [ERR] An exception occurred while iterating over the results of a query for context type 'CatalogService.Dal.CatalogDbContext'.
Npgsql.PostgresException (0x80004005): 42P01: relation "authors" does not exist

POSITION: 27
   at Npgsql.Internal.NpgsqlConnector.ReadMessageLong(Boolean async, DataRowLoadingMode dataRowLoadingMode, Boolean readingNotifications, Boolean isReadingPrependedMessage)
   at System.Runtime.CompilerServices.PoolingAsyncValueTaskMethodBuilder`1.StateMachineBox`1.System.Threading.Tasks.Sources.IValueTaskSource<TResult>.GetResult(Int16 token)
   at Npgsql.NpgsqlDataReader.NextResult(Boolean async, Boolean isConsuming, CancellationToken cancellationToken)
   at Npgsql.NpgsqlDataReader.NextResult(Boolean async, Boolean isConsuming, CancellationToken cancellationToken)
   at Npgsql.NpgsqlCommand.ExecuteReader(Boolean async, CommandBehavior behavior, CancellationToken cancellationToken)
   at Npgsql.NpgsqlCommand.ExecuteReader(Boolean async, CommandBehavior behavior, CancellationToken cancellationToken)
   at Npgsql.NpgsqlCommand.ExecuteDbDataReaderAsync(CommandBehavior behavior, CancellationToken cancellationToken)
   at Microsoft.EntityFrameworkCore.Storage.RelationalCommand.ExecuteReaderAsync(RelationalCommandParameterObject parameterObject, CancellationToken cancellationToken)
   at Microsoft.EntityFrameworkCore.Storage.RelationalCommand.ExecuteReaderAsync(RelationalCommandParameterObject parameterObject, CancellationToken cancellationToken)
   at Microsoft.EntityFrameworkCore.Query.Internal.SingleQueryingEnumerable`1.AsyncEnumerator.InitializeReaderAsync(AsyncEnumerator enumerator, CancellationToken cancellationToken)
   at Npgsql.EntityFrameworkCore.PostgreSQL.Storage.Internal.NpgsqlExecutionStrategy.ExecuteAsync[TState,TResult](TState state, Func`4 operation, Func`4 verifySucceeded, CancellationToken cancellationToken)
   at Microsoft.EntityFrameworkCore.Query.Internal.SingleQueryingEnumerable`1.AsyncEnumerator.MoveNextAsync()
  Exception data:
    Severity: ERROR
    SqlState: 42P01
    MessageText: relation "authors" does not exist
    Position: 27
    File: parse_relation.c
    Line: 1452
    Routine: parserOpenTable
Npgsql.PostgresException (0x80004005): 42P01: relation "authors" does not exist

POSITION: 27
   at Npgsql.Internal.NpgsqlConnector.ReadMessageLong(Boolean async, DataRowLoadingMode dataRowLoadingMode, Boolean readingNotifications, Boolean isReadingPrependedMessage)
   at System.Runtime.CompilerServices.PoolingAsyncValueTaskMethodBuilder`1.StateMachineBox`1.System.Threading.Tasks.Sources.IValueTaskSource<TResult>.GetResult(Int16 token)
   at Npgsql.NpgsqlDataReader.NextResult(Boolean async, Boolean isConsuming, CancellationToken cancellationToken)
   at Npgsql.NpgsqlDataReader.NextResult(Boolean async, Boolean isConsuming, CancellationToken cancellationToken)
   at Npgsql.NpgsqlCommand.ExecuteReader(Boolean async, CommandBehavior behavior, CancellationToken cancellationToken)
   at Npgsql.NpgsqlCommand.ExecuteReader(Boolean async, CommandBehavior behavior, CancellationToken cancellationToken)
   at Npgsql.NpgsqlCommand.ExecuteDbDataReaderAsync(CommandBehavior behavior, CancellationToken cancellationToken)
   at Microsoft.EntityFrameworkCore.Storage.RelationalCommand.ExecuteReaderAsync(RelationalCommandParameterObject parameterObject, CancellationToken cancellationToken)
   at Microsoft.EntityFrameworkCore.Storage.RelationalCommand.ExecuteReaderAsync(RelationalCommandParameterObject parameterObject, CancellationToken cancellationToken)
   at Microsoft.EntityFrameworkCore.Query.Internal.SingleQueryingEnumerable`1.AsyncEnumerator.InitializeReaderAsync(AsyncEnumerator enumerator, CancellationToken cancellationToken)
   at Npgsql.EntityFrameworkCore.PostgreSQL.Storage.Internal.NpgsqlExecutionStrategy.ExecuteAsync[TState,TResult](TState state, Func`4 operation, Func`4 verifySucceeded, CancellationToken cancellationToken)
   at Microsoft.EntityFrameworkCore.Query.Internal.SingleQueryingEnumerable`1.AsyncEnumerator.MoveNextAsync()
  Exception data:
    Severity: ERROR
    SqlState: 42P01
    MessageText: relation "authors" does not exist
    Position: 27
    File: parse_relation.c
    Line: 1452
    Routine: parserOpenTable
2025-11-24 12:28:00.727 +02:00 [ERR] An exception occurred while iterating over the results of a query for context type 'CatalogService.Dal.CatalogDbContext'.
Npgsql.PostgresException (0x80004005): 42P01: relation "books" does not exist

POSITION: 95
   at Npgsql.Internal.NpgsqlConnector.ReadMessageLong(Boolean async, DataRowLoadingMode dataRowLoadingMode, Boolean readingNotifications, Boolean isReadingPrependedMessage)
   at System.Runtime.CompilerServices.PoolingAsyncValueTaskMethodBuilder`1.StateMachineBox`1.System.Threading.Tasks.Sources.IValueTaskSource<TResult>.GetResult(Int16 token)
   at Npgsql.NpgsqlDataReader.NextResult(Boolean async, Boolean isConsuming, CancellationToken cancellationToken)
   at Npgsql.NpgsqlDataReader.NextResult(Boolean async, Boolean isConsuming, CancellationToken cancellationToken)
   at Npgsql.NpgsqlCommand.ExecuteReader(Boolean async, CommandBehavior behavior, CancellationToken cancellationToken)
   at Npgsql.NpgsqlCommand.ExecuteReader(Boolean async, CommandBehavior behavior, CancellationToken cancellationToken)
   at Npgsql.NpgsqlCommand.ExecuteDbDataReaderAsync(CommandBehavior behavior, CancellationToken cancellationToken)
   at Microsoft.EntityFrameworkCore.Storage.RelationalCommand.ExecuteReaderAsync(RelationalCommandParameterObject parameterObject, CancellationToken cancellationToken)
   at Microsoft.EntityFrameworkCore.Storage.RelationalCommand.ExecuteReaderAsync(RelationalCommandParameterObject parameterObject, CancellationToken cancellationToken)
   at Microsoft.EntityFrameworkCore.Query.Internal.SingleQueryingEnumerable`1.AsyncEnumerator.InitializeReaderAsync(AsyncEnumerator enumerator, CancellationToken cancellationToken)
   at Npgsql.EntityFrameworkCore.PostgreSQL.Storage.Internal.NpgsqlExecutionStrategy.ExecuteAsync[TState,TResult](TState state, Func`4 operation, Func`4 verifySucceeded, CancellationToken cancellationToken)
   at Microsoft.EntityFrameworkCore.Query.Internal.SingleQueryingEnumerable`1.AsyncEnumerator.MoveNextAsync()
  Exception data:
    Severity: ERROR
    SqlState: 42P01
    MessageText: relation "books" does not exist
    Position: 95
    File: parse_relation.c
    Line: 1452
    Routine: parserOpenTable
Npgsql.PostgresException (0x80004005): 42P01: relation "books" does not exist

POSITION: 95
   at Npgsql.Internal.NpgsqlConnector.ReadMessageLong(Boolean async, DataRowLoadingMode dataRowLoadingMode, Boolean readingNotifications, Boolean isReadingPrependedMessage)
   at System.Runtime.CompilerServices.PoolingAsyncValueTaskMethodBuilder`1.StateMachineBox`1.System.Threading.Tasks.Sources.IValueTaskSource<TResult>.GetResult(Int16 token)
   at Npgsql.NpgsqlDataReader.NextResult(Boolean async, Boolean isConsuming, CancellationToken cancellationToken)
   at Npgsql.NpgsqlDataReader.NextResult(Boolean async, Boolean isConsuming, CancellationToken cancellationToken)
   at Npgsql.NpgsqlCommand.ExecuteReader(Boolean async, CommandBehavior behavior, CancellationToken cancellationToken)
   at Npgsql.NpgsqlCommand.ExecuteReader(Boolean async, CommandBehavior behavior, CancellationToken cancellationToken)
   at Npgsql.NpgsqlCommand.ExecuteDbDataReaderAsync(CommandBehavior behavior, CancellationToken cancellationToken)
   at Microsoft.EntityFrameworkCore.Storage.RelationalCommand.ExecuteReaderAsync(RelationalCommandParameterObject parameterObject, CancellationToken cancellationToken)
   at Microsoft.EntityFrameworkCore.Storage.RelationalCommand.ExecuteReaderAsync(RelationalCommandParameterObject parameterObject, CancellationToken cancellationToken)
   at Microsoft.EntityFrameworkCore.Query.Internal.SingleQueryingEnumerable`1.AsyncEnumerator.InitializeReaderAsync(AsyncEnumerator enumerator, CancellationToken cancellationToken)
   at Npgsql.EntityFrameworkCore.PostgreSQL.Storage.Internal.NpgsqlExecutionStrategy.ExecuteAsync[TState,TResult](TState state, Func`4 operation, Func`4 verifySucceeded, CancellationToken cancellationToken)
   at Microsoft.EntityFrameworkCore.Query.Internal.SingleQueryingEnumerable`1.AsyncEnumerator.MoveNextAsync()
  Exception data:
    Severity: ERROR
    SqlState: 42P01
    MessageText: relation "books" does not exist
    Position: 95
    File: parse_relation.c
    Line: 1452
    Routine: parserOpenTable
2025-11-24 12:28:00.727 +02:00 [ERR] An exception occurred while iterating over the results of a query for context type 'CatalogService.Dal.CatalogDbContext'.
Npgsql.PostgresException (0x80004005): 42P01: relation "genres" does not exist

POSITION: 27
   at Npgsql.Internal.NpgsqlConnector.ReadMessageLong(Boolean async, DataRowLoadingMode dataRowLoadingMode, Boolean readingNotifications, Boolean isReadingPrependedMessage)
   at System.Runtime.CompilerServices.PoolingAsyncValueTaskMethodBuilder`1.StateMachineBox`1.System.Threading.Tasks.Sources.IValueTaskSource<TResult>.GetResult(Int16 token)
   at Npgsql.NpgsqlDataReader.NextResult(Boolean async, Boolean isConsuming, CancellationToken cancellationToken)
   at Npgsql.NpgsqlDataReader.NextResult(Boolean async, Boolean isConsuming, CancellationToken cancellationToken)
   at Npgsql.NpgsqlCommand.ExecuteReader(Boolean async, CommandBehavior behavior, CancellationToken cancellationToken)
   at Npgsql.NpgsqlCommand.ExecuteReader(Boolean async, CommandBehavior behavior, CancellationToken cancellationToken)
   at Npgsql.NpgsqlCommand.ExecuteDbDataReaderAsync(CommandBehavior behavior, CancellationToken cancellationToken)
   at Microsoft.EntityFrameworkCore.Storage.RelationalCommand.ExecuteReaderAsync(RelationalCommandParameterObject parameterObject, CancellationToken cancellationToken)
   at Microsoft.EntityFrameworkCore.Storage.RelationalCommand.ExecuteReaderAsync(RelationalCommandParameterObject parameterObject, CancellationToken cancellationToken)
   at Microsoft.EntityFrameworkCore.Query.Internal.SingleQueryingEnumerable`1.AsyncEnumerator.InitializeReaderAsync(AsyncEnumerator enumerator, CancellationToken cancellationToken)
   at Npgsql.EntityFrameworkCore.PostgreSQL.Storage.Internal.NpgsqlExecutionStrategy.ExecuteAsync[TState,TResult](TState state, Func`4 operation, Func`4 verifySucceeded, CancellationToken cancellationToken)
   at Microsoft.EntityFrameworkCore.Query.Internal.SingleQueryingEnumerable`1.AsyncEnumerator.MoveNextAsync()
  Exception data:
    Severity: ERROR
    SqlState: 42P01
    MessageText: relation "genres" does not exist
    Position: 27
    File: parse_relation.c
    Line: 1452
    Routine: parserOpenTable
Npgsql.PostgresException (0x80004005): 42P01: relation "genres" does not exist

POSITION: 27
   at Npgsql.Internal.NpgsqlConnector.ReadMessageLong(Boolean async, DataRowLoadingMode dataRowLoadingMode, Boolean readingNotifications, Boolean isReadingPrependedMessage)
   at System.Runtime.CompilerServices.PoolingAsyncValueTaskMethodBuilder`1.StateMachineBox`1.System.Threading.Tasks.Sources.IValueTaskSource<TResult>.GetResult(Int16 token)
   at Npgsql.NpgsqlDataReader.NextResult(Boolean async, Boolean isConsuming, CancellationToken cancellationToken)
   at Npgsql.NpgsqlDataReader.NextResult(Boolean async, Boolean isConsuming, CancellationToken cancellationToken)
   at Npgsql.NpgsqlCommand.ExecuteReader(Boolean async, CommandBehavior behavior, CancellationToken cancellationToken)
   at Npgsql.NpgsqlCommand.ExecuteReader(Boolean async, CommandBehavior behavior, CancellationToken cancellationToken)
   at Npgsql.NpgsqlCommand.ExecuteDbDataReaderAsync(CommandBehavior behavior, CancellationToken cancellationToken)
   at Microsoft.EntityFrameworkCore.Storage.RelationalCommand.ExecuteReaderAsync(RelationalCommandParameterObject parameterObject, CancellationToken cancellationToken)
   at Microsoft.EntityFrameworkCore.Storage.RelationalCommand.ExecuteReaderAsync(RelationalCommandParameterObject parameterObject, CancellationToken cancellationToken)
   at Microsoft.EntityFrameworkCore.Query.Internal.SingleQueryingEnumerable`1.AsyncEnumerator.InitializeReaderAsync(AsyncEnumerator enumerator, CancellationToken cancellationToken)
   at Npgsql.EntityFrameworkCore.PostgreSQL.Storage.Internal.NpgsqlExecutionStrategy.ExecuteAsync[TState,TResult](TState state, Func`4 operation, Func`4 verifySucceeded, CancellationToken cancellationToken)
   at Microsoft.EntityFrameworkCore.Query.Internal.SingleQueryingEnumerable`1.AsyncEnumerator.MoveNextAsync()
  Exception data:
    Severity: ERROR
    SqlState: 42P01
    MessageText: relation "genres" does not exist
    Position: 27
    File: parse_relation.c
    Line: 1452
    Routine: parserOpenTable
2025-11-24 12:28:00.777 +02:00 [INF] Executed action CatalogService.Api.Controllers.AuthorsController.GetAll (CatalogService.Api) in 3277.5278ms
2025-11-24 12:28:00.782 +02:00 [INF] Executed action CatalogService.Api.Controllers.BooksController.GetAll (CatalogService.Api) in 3273.3674ms
2025-11-24 12:28:00.802 +02:00 [INF] Executed action CatalogService.Api.Controllers.GenresController.GetAll (CatalogService.Api) in 3300.6343ms
2025-11-24 12:28:00.810 +02:00 [INF] Executed endpoint 'CatalogService.Api.Controllers.AuthorsController.GetAll (CatalogService.Api)'
2025-11-24 12:28:00.814 +02:00 [INF] Executed endpoint 'CatalogService.Api.Controllers.BooksController.GetAll (CatalogService.Api)'
2025-11-24 12:28:00.818 +02:00 [INF] Executed endpoint 'CatalogService.Api.Controllers.GenresController.GetAll (CatalogService.Api)'
2025-11-24 12:28:00.890 +02:00 [ERR] An unhandled exception has occurred while executing the request.
Npgsql.PostgresException (0x80004005): 42P01: relation "authors" does not exist

POSITION: 27
   at Npgsql.Internal.NpgsqlConnector.ReadMessageLong(Boolean async, DataRowLoadingMode dataRowLoadingMode, Boolean readingNotifications, Boolean isReadingPrependedMessage)
   at System.Runtime.CompilerServices.PoolingAsyncValueTaskMethodBuilder`1.StateMachineBox`1.System.Threading.Tasks.Sources.IValueTaskSource<TResult>.GetResult(Int16 token)
   at Npgsql.NpgsqlDataReader.NextResult(Boolean async, Boolean isConsuming, CancellationToken cancellationToken)
   at Npgsql.NpgsqlDataReader.NextResult(Boolean async, Boolean isConsuming, CancellationToken cancellationToken)
   at Npgsql.NpgsqlCommand.ExecuteReader(Boolean async, CommandBehavior behavior, CancellationToken cancellationToken)
   at Npgsql.NpgsqlCommand.ExecuteReader(Boolean async, CommandBehavior behavior, CancellationToken cancellationToken)
   at Npgsql.NpgsqlCommand.ExecuteDbDataReaderAsync(CommandBehavior behavior, CancellationToken cancellationToken)
   at Microsoft.EntityFrameworkCore.Storage.RelationalCommand.ExecuteReaderAsync(RelationalCommandParameterObject parameterObject, CancellationToken cancellationToken)
   at Microsoft.EntityFrameworkCore.Storage.RelationalCommand.ExecuteReaderAsync(RelationalCommandParameterObject parameterObject, CancellationToken cancellationToken)
   at Microsoft.EntityFrameworkCore.Query.Internal.SingleQueryingEnumerable`1.AsyncEnumerator.InitializeReaderAsync(AsyncEnumerator enumerator, CancellationToken cancellationToken)
   at Npgsql.EntityFrameworkCore.PostgreSQL.Storage.Internal.NpgsqlExecutionStrategy.ExecuteAsync[TState,TResult](TState state, Func`4 operation, Func`4 verifySucceeded, CancellationToken cancellationToken)
   at Microsoft.EntityFrameworkCore.Query.Internal.SingleQueryingEnumerable`1.AsyncEnumerator.MoveNextAsync()
   at Microsoft.EntityFrameworkCore.EntityFrameworkQueryableExtensions.ToListAsync[TSource](IQueryable`1 source, CancellationToken cancellationToken)
   at Microsoft.EntityFrameworkCore.EntityFrameworkQueryableExtensions.ToListAsync[TSource](IQueryable`1 source, CancellationToken cancellationToken)
   at CatalogService.Dal.Repositories.GenericRepository`1.GetAllAsync() in C:\Users\Admin\Documents\projects\LibrarySystem\CatalogService\CatalogService.Dal\Repositories\GenericRepository.cs:line 10
   at CatalogService.Bll.Services.AuthorService.GetAllAsync() in C:\Users\Admin\Documents\projects\LibrarySystem\CatalogService\CatalogService.Bll\Services\AuthorService.cs:line 21
   at CatalogService.Api.Controllers.AuthorsController.GetAll() in C:\Users\Admin\Documents\projects\LibrarySystem\CatalogService\CatalogService.Api\Controllers\AuthorsController.cs:line 16
   at Microsoft.AspNetCore.Mvc.Infrastructure.ActionMethodExecutor.TaskOfIActionResultExecutor.Execute(ActionContext actionContext, IActionResultTypeMapper mapper, ObjectMethodExecutor executor, Object controller, Object[] arguments)
   at Microsoft.AspNetCore.Mvc.Infrastructure.ControllerActionInvoker.<InvokeActionMethodAsync>g__Awaited|12_0(ControllerActionInvoker invoker, ValueTask`1 actionResultValueTask)
   at Microsoft.AspNetCore.Mvc.Infrastructure.ControllerActionInvoker.<InvokeNextActionFilterAsync>g__Awaited|10_0(ControllerActionInvoker invoker, Task lastTask, State next, Scope scope, Object state, Boolean isCompleted)
   at Microsoft.AspNetCore.Mvc.Infrastructure.ControllerActionInvoker.Rethrow(ActionExecutedContextSealed context)
   at Microsoft.AspNetCore.Mvc.Infrastructure.ControllerActionInvoker.Next(State& next, Scope& scope, Object& state, Boolean& isCompleted)
   at Microsoft.AspNetCore.Mvc.Infrastructure.ControllerActionInvoker.<InvokeInnerFilterAsync>g__Awaited|13_0(ControllerActionInvoker invoker, Task lastTask, State next, Scope scope, Object state, Boolean isCompleted)
   at Microsoft.AspNetCore.Mvc.Infrastructure.ResourceInvoker.<InvokeFilterPipelineAsync>g__Awaited|20_0(ResourceInvoker invoker, Task lastTask, State next, Scope scope, Object state, Boolean isCompleted)
   at Microsoft.AspNetCore.Mvc.Infrastructure.ResourceInvoker.<InvokeAsync>g__Logged|17_1(ResourceInvoker invoker)
   at Microsoft.AspNetCore.Mvc.Infrastructure.ResourceInvoker.<InvokeAsync>g__Logged|17_1(ResourceInvoker invoker)
   at Microsoft.AspNetCore.Routing.EndpointMiddleware.<Invoke>g__AwaitRequestTask|7_0(Endpoint endpoint, Task requestTask, ILogger logger)
   at Swashbuckle.AspNetCore.SwaggerUI.SwaggerUIMiddleware.Invoke(HttpContext httpContext)
   at Swashbuckle.AspNetCore.Swagger.SwaggerMiddleware.Invoke(HttpContext httpContext, ISwaggerProvider swaggerProvider)
   at Hellang.Middleware.ProblemDetails.ProblemDetailsMiddleware.Invoke(HttpContext context)
  Exception data:
    Severity: ERROR
    SqlState: 42P01
    MessageText: relation "authors" does not exist
    Position: 27
    File: parse_relation.c
    Line: 1452
    Routine: parserOpenTable
2025-11-24 12:28:00.890 +02:00 [ERR] An unhandled exception has occurred while executing the request.
Npgsql.PostgresException (0x80004005): 42P01: relation "genres" does not exist

POSITION: 27
   at Npgsql.Internal.NpgsqlConnector.ReadMessageLong(Boolean async, DataRowLoadingMode dataRowLoadingMode, Boolean readingNotifications, Boolean isReadingPrependedMessage)
   at System.Runtime.CompilerServices.PoolingAsyncValueTaskMethodBuilder`1.StateMachineBox`1.System.Threading.Tasks.Sources.IValueTaskSource<TResult>.GetResult(Int16 token)
   at Npgsql.NpgsqlDataReader.NextResult(Boolean async, Boolean isConsuming, CancellationToken cancellationToken)
   at Npgsql.NpgsqlDataReader.NextResult(Boolean async, Boolean isConsuming, CancellationToken cancellationToken)
   at Npgsql.NpgsqlCommand.ExecuteReader(Boolean async, CommandBehavior behavior, CancellationToken cancellationToken)
   at Npgsql.NpgsqlCommand.ExecuteReader(Boolean async, CommandBehavior behavior, CancellationToken cancellationToken)
   at Npgsql.NpgsqlCommand.ExecuteDbDataReaderAsync(CommandBehavior behavior, CancellationToken cancellationToken)
   at Microsoft.EntityFrameworkCore.Storage.RelationalCommand.ExecuteReaderAsync(RelationalCommandParameterObject parameterObject, CancellationToken cancellationToken)
   at Microsoft.EntityFrameworkCore.Storage.RelationalCommand.ExecuteReaderAsync(RelationalCommandParameterObject parameterObject, CancellationToken cancellationToken)
   at Microsoft.EntityFrameworkCore.Query.Internal.SingleQueryingEnumerable`1.AsyncEnumerator.InitializeReaderAsync(AsyncEnumerator enumerator, CancellationToken cancellationToken)
   at Npgsql.EntityFrameworkCore.PostgreSQL.Storage.Internal.NpgsqlExecutionStrategy.ExecuteAsync[TState,TResult](TState state, Func`4 operation, Func`4 verifySucceeded, CancellationToken cancellationToken)
   at Microsoft.EntityFrameworkCore.Query.Internal.SingleQueryingEnumerable`1.AsyncEnumerator.MoveNextAsync()
   at Microsoft.EntityFrameworkCore.EntityFrameworkQueryableExtensions.ToListAsync[TSource](IQueryable`1 source, CancellationToken cancellationToken)
   at Microsoft.EntityFrameworkCore.EntityFrameworkQueryableExtensions.ToListAsync[TSource](IQueryable`1 source, CancellationToken cancellationToken)
   at CatalogService.Dal.Repositories.GenericRepository`1.GetAllAsync() in C:\Users\Admin\Documents\projects\LibrarySystem\CatalogService\CatalogService.Dal\Repositories\GenericRepository.cs:line 10
   at CatalogService.Bll.Services.GenreService.GetAllAsync() in C:\Users\Admin\Documents\projects\LibrarySystem\CatalogService\CatalogService.Bll\Services\GenreService.cs:line 21
   at CatalogService.Api.Controllers.GenresController.GetAll() in C:\Users\Admin\Documents\projects\LibrarySystem\CatalogService\CatalogService.Api\Controllers\GenresController.cs:line 16
   at Microsoft.AspNetCore.Mvc.Infrastructure.ActionMethodExecutor.TaskOfIActionResultExecutor.Execute(ActionContext actionContext, IActionResultTypeMapper mapper, ObjectMethodExecutor executor, Object controller, Object[] arguments)
   at Microsoft.AspNetCore.Mvc.Infrastructure.ControllerActionInvoker.<InvokeActionMethodAsync>g__Awaited|12_0(ControllerActionInvoker invoker, ValueTask`1 actionResultValueTask)
   at Microsoft.AspNetCore.Mvc.Infrastructure.ControllerActionInvoker.<InvokeNextActionFilterAsync>g__Awaited|10_0(ControllerActionInvoker invoker, Task lastTask, State next, Scope scope, Object state, Boolean isCompleted)
   at Microsoft.AspNetCore.Mvc.Infrastructure.ControllerActionInvoker.Rethrow(ActionExecutedContextSealed context)
   at Microsoft.AspNetCore.Mvc.Infrastructure.ControllerActionInvoker.Next(State& next, Scope& scope, Object& state, Boolean& isCompleted)
   at Microsoft.AspNetCore.Mvc.Infrastructure.ControllerActionInvoker.<InvokeInnerFilterAsync>g__Awaited|13_0(ControllerActionInvoker invoker, Task lastTask, State next, Scope scope, Object state, Boolean isCompleted)
   at Microsoft.AspNetCore.Mvc.Infrastructure.ResourceInvoker.<InvokeFilterPipelineAsync>g__Awaited|20_0(ResourceInvoker invoker, Task lastTask, State next, Scope scope, Object state, Boolean isCompleted)
   at Microsoft.AspNetCore.Mvc.Infrastructure.ResourceInvoker.<InvokeAsync>g__Logged|17_1(ResourceInvoker invoker)
   at Microsoft.AspNetCore.Mvc.Infrastructure.ResourceInvoker.<InvokeAsync>g__Logged|17_1(ResourceInvoker invoker)
   at Microsoft.AspNetCore.Routing.EndpointMiddleware.<Invoke>g__AwaitRequestTask|7_0(Endpoint endpoint, Task requestTask, ILogger logger)
   at Swashbuckle.AspNetCore.SwaggerUI.SwaggerUIMiddleware.Invoke(HttpContext httpContext)
   at Swashbuckle.AspNetCore.Swagger.SwaggerMiddleware.Invoke(HttpContext httpContext, ISwaggerProvider swaggerProvider)
   at Hellang.Middleware.ProblemDetails.ProblemDetailsMiddleware.Invoke(HttpContext context)
  Exception data:
    Severity: ERROR
    SqlState: 42P01
    MessageText: relation "genres" does not exist
    Position: 27
    File: parse_relation.c
    Line: 1452
    Routine: parserOpenTable
2025-11-24 12:28:00.890 +02:00 [ERR] An unhandled exception has occurred while executing the request.
Npgsql.PostgresException (0x80004005): 42P01: relation "books" does not exist

POSITION: 95
   at Npgsql.Internal.NpgsqlConnector.ReadMessageLong(Boolean async, DataRowLoadingMode dataRowLoadingMode, Boolean readingNotifications, Boolean isReadingPrependedMessage)
   at System.Runtime.CompilerServices.PoolingAsyncValueTaskMethodBuilder`1.StateMachineBox`1.System.Threading.Tasks.Sources.IValueTaskSource<TResult>.GetResult(Int16 token)
   at Npgsql.NpgsqlDataReader.NextResult(Boolean async, Boolean isConsuming, CancellationToken cancellationToken)
   at Npgsql.NpgsqlDataReader.NextResult(Boolean async, Boolean isConsuming, CancellationToken cancellationToken)
   at Npgsql.NpgsqlCommand.ExecuteReader(Boolean async, CommandBehavior behavior, CancellationToken cancellationToken)
   at Npgsql.NpgsqlCommand.ExecuteReader(Boolean async, CommandBehavior behavior, CancellationToken cancellationToken)
   at Npgsql.NpgsqlCommand.ExecuteDbDataReaderAsync(CommandBehavior behavior, CancellationToken cancellationToken)
   at Microsoft.EntityFrameworkCore.Storage.RelationalCommand.ExecuteReaderAsync(RelationalCommandParameterObject parameterObject, CancellationToken cancellationToken)
   at Microsoft.EntityFrameworkCore.Storage.RelationalCommand.ExecuteReaderAsync(RelationalCommandParameterObject parameterObject, CancellationToken cancellationToken)
   at Microsoft.EntityFrameworkCore.Query.Internal.SingleQueryingEnumerable`1.AsyncEnumerator.InitializeReaderAsync(AsyncEnumerator enumerator, CancellationToken cancellationToken)
   at Npgsql.EntityFrameworkCore.PostgreSQL.Storage.Internal.NpgsqlExecutionStrategy.ExecuteAsync[TState,TResult](TState state, Func`4 operation, Func`4 verifySucceeded, CancellationToken cancellationToken)
   at Microsoft.EntityFrameworkCore.Query.Internal.SingleQueryingEnumerable`1.AsyncEnumerator.MoveNextAsync()
   at Microsoft.EntityFrameworkCore.EntityFrameworkQueryableExtensions.ToListAsync[TSource](IQueryable`1 source, CancellationToken cancellationToken)
   at Microsoft.EntityFrameworkCore.EntityFrameworkQueryableExtensions.ToListAsync[TSource](IQueryable`1 source, CancellationToken cancellationToken)
   at CatalogService.Bll.Services.BookService.GetAllAsync() in C:\Users\Admin\Documents\projects\LibrarySystem\CatalogService\CatalogService.Bll\Services\BookService.cs:line 24
   at CatalogService.Api.Controllers.BooksController.GetAll() in C:\Users\Admin\Documents\projects\LibrarySystem\CatalogService\CatalogService.Api\Controllers\BooksController.cs:line 16
   at Microsoft.AspNetCore.Mvc.Infrastructure.ActionMethodExecutor.TaskOfIActionResultExecutor.Execute(ActionContext actionContext, IActionResultTypeMapper mapper, ObjectMethodExecutor executor, Object controller, Object[] arguments)
   at Microsoft.AspNetCore.Mvc.Infrastructure.ControllerActionInvoker.<InvokeActionMethodAsync>g__Awaited|12_0(ControllerActionInvoker invoker, ValueTask`1 actionResultValueTask)
   at Microsoft.AspNetCore.Mvc.Infrastructure.ControllerActionInvoker.<InvokeNextActionFilterAsync>g__Awaited|10_0(ControllerActionInvoker invoker, Task lastTask, State next, Scope scope, Object state, Boolean isCompleted)
   at Microsoft.AspNetCore.Mvc.Infrastructure.ControllerActionInvoker.Rethrow(ActionExecutedContextSealed context)
   at Microsoft.AspNetCore.Mvc.Infrastructure.ControllerActionInvoker.Next(State& next, Scope& scope, Object& state, Boolean& isCompleted)
   at Microsoft.AspNetCore.Mvc.Infrastructure.ControllerActionInvoker.<InvokeInnerFilterAsync>g__Awaited|13_0(ControllerActionInvoker invoker, Task lastTask, State next, Scope scope, Object state, Boolean isCompleted)
   at Microsoft.AspNetCore.Mvc.Infrastructure.ResourceInvoker.<InvokeFilterPipelineAsync>g__Awaited|20_0(ResourceInvoker invoker, Task lastTask, State next, Scope scope, Object state, Boolean isCompleted)
   at Microsoft.AspNetCore.Mvc.Infrastructure.ResourceInvoker.<InvokeAsync>g__Logged|17_1(ResourceInvoker invoker)
   at Microsoft.AspNetCore.Mvc.Infrastructure.ResourceInvoker.<InvokeAsync>g__Logged|17_1(ResourceInvoker invoker)
   at Microsoft.AspNetCore.Routing.EndpointMiddleware.<Invoke>g__AwaitRequestTask|7_0(Endpoint endpoint, Task requestTask, ILogger logger)
   at Swashbuckle.AspNetCore.SwaggerUI.SwaggerUIMiddleware.Invoke(HttpContext httpContext)
   at Swashbuckle.AspNetCore.Swagger.SwaggerMiddleware.Invoke(HttpContext httpContext, ISwaggerProvider swaggerProvider)
   at Hellang.Middleware.ProblemDetails.ProblemDetailsMiddleware.Invoke(HttpContext context)
  Exception data:
    Severity: ERROR
    SqlState: 42P01
    MessageText: relation "books" does not exist
    Position: 95
    File: parse_relation.c
    Line: 1452
    Routine: parserOpenTable
2025-11-24 12:28:00.946 +02:00 [INF] Executing ObjectResult, writing value of type 'Microsoft.AspNetCore.Mvc.ProblemDetails'.
2025-11-24 12:28:00.962 +02:00 [INF] Executing ObjectResult, writing value of type 'Microsoft.AspNetCore.Mvc.ProblemDetails'.
2025-11-24 12:28:00.993 +02:00 [INF] Executing ObjectResult, writing value of type 'Microsoft.AspNetCore.Mvc.ProblemDetails'.
2025-11-24 12:28:01.152 +02:00 [INF] Request starting HTTP/1.1 GET http://localhost:5180/api/genres - null null
2025-11-24 12:28:01.153 +02:00 [INF] Request starting HTTP/1.1 GET http://localhost:5180/api/authors - null null
2025-11-24 12:28:01.153 +02:00 [INF] Request starting HTTP/1.1 GET http://localhost:5180/api/books - null null
2025-11-24 12:28:01.154 +02:00 [INF] Request finished HTTP/1.1 GET http://localhost:5180/api/authors - 500 null application/problem+json; charset=utf-8 3807.8915ms
2025-11-24 12:28:01.155 +02:00 [INF] Request finished HTTP/1.1 GET http://localhost:5180/api/books - 500 null application/problem+json; charset=utf-8 3807.9031ms
2025-11-24 12:28:01.155 +02:00 [INF] Request finished HTTP/1.1 GET http://localhost:5180/api/genres - 500 null application/problem+json; charset=utf-8 3807.9116ms
2025-11-24 12:28:01.169 +02:00 [INF] Executing endpoint 'CatalogService.Api.Controllers.GenresController.GetAll (CatalogService.Api)'
2025-11-24 12:28:01.172 +02:00 [INF] Executing endpoint 'CatalogService.Api.Controllers.AuthorsController.GetAll (CatalogService.Api)'
2025-11-24 12:28:01.181 +02:00 [INF] Executing endpoint 'CatalogService.Api.Controllers.BooksController.GetAll (CatalogService.Api)'
2025-11-24 12:28:01.218 +02:00 [INF] Route matched with {action = "GetAll", controller = "Genres"}. Executing controller action with signature System.Threading.Tasks.Task`1[Microsoft.AspNetCore.Mvc.IActionResult] GetAll() on controller CatalogService.Api.Controllers.GenresController (CatalogService.Api).
2025-11-24 12:28:01.223 +02:00 [INF] Route matched with {action = "GetAll", controller = "Authors"}. Executing controller action with signature System.Threading.Tasks.Task`1[Microsoft.AspNetCore.Mvc.IActionResult] GetAll() on controller CatalogService.Api.Controllers.AuthorsController (CatalogService.Api).
2025-11-24 12:28:01.227 +02:00 [INF] Route matched with {action = "GetAll", controller = "Books"}. Executing controller action with signature System.Threading.Tasks.Task`1[Microsoft.AspNetCore.Mvc.IActionResult] GetAll() on controller CatalogService.Api.Controllers.BooksController (CatalogService.Api).
2025-11-24 12:28:01.385 +02:00 [ERR] Failed executing DbCommand (8ms) [Parameters=[], CommandType='"Text"', CommandTimeout='30']
SELECT g.id, g.name
FROM genres AS g
2025-11-24 12:28:01.385 +02:00 [ERR] Failed executing DbCommand (8ms) [Parameters=[], CommandType='"Text"', CommandTimeout='30']
SELECT a.id, a.name
FROM authors AS a
2025-11-24 12:28:01.395 +02:00 [ERR] An exception occurred while iterating over the results of a query for context type 'CatalogService.Dal.CatalogDbContext'.
Npgsql.PostgresException (0x80004005): 42P01: relation "genres" does not exist

POSITION: 27
   at Npgsql.Internal.NpgsqlConnector.ReadMessageLong(Boolean async, DataRowLoadingMode dataRowLoadingMode, Boolean readingNotifications, Boolean isReadingPrependedMessage)
   at System.Runtime.CompilerServices.PoolingAsyncValueTaskMethodBuilder`1.StateMachineBox`1.System.Threading.Tasks.Sources.IValueTaskSource<TResult>.GetResult(Int16 token)
   at Npgsql.NpgsqlDataReader.NextResult(Boolean async, Boolean isConsuming, CancellationToken cancellationToken)
   at Npgsql.NpgsqlDataReader.NextResult(Boolean async, Boolean isConsuming, CancellationToken cancellationToken)
   at Npgsql.NpgsqlCommand.ExecuteReader(Boolean async, CommandBehavior behavior, CancellationToken cancellationToken)
   at Npgsql.NpgsqlCommand.ExecuteReader(Boolean async, CommandBehavior behavior, CancellationToken cancellationToken)
   at Npgsql.NpgsqlCommand.ExecuteDbDataReaderAsync(CommandBehavior behavior, CancellationToken cancellationToken)
   at Microsoft.EntityFrameworkCore.Storage.RelationalCommand.ExecuteReaderAsync(RelationalCommandParameterObject parameterObject, CancellationToken cancellationToken)
   at Microsoft.EntityFrameworkCore.Storage.RelationalCommand.ExecuteReaderAsync(RelationalCommandParameterObject parameterObject, CancellationToken cancellationToken)
   at Microsoft.EntityFrameworkCore.Query.Internal.SingleQueryingEnumerable`1.AsyncEnumerator.InitializeReaderAsync(AsyncEnumerator enumerator, CancellationToken cancellationToken)
   at Npgsql.EntityFrameworkCore.PostgreSQL.Storage.Internal.NpgsqlExecutionStrategy.ExecuteAsync[TState,TResult](TState state, Func`4 operation, Func`4 verifySucceeded, CancellationToken cancellationToken)
   at Microsoft.EntityFrameworkCore.Query.Internal.SingleQueryingEnumerable`1.AsyncEnumerator.MoveNextAsync()
  Exception data:
    Severity: ERROR
    SqlState: 42P01
    MessageText: relation "genres" does not exist
    Position: 27
    File: parse_relation.c
    Line: 1452
    Routine: parserOpenTable
Npgsql.PostgresException (0x80004005): 42P01: relation "genres" does not exist

POSITION: 27
   at Npgsql.Internal.NpgsqlConnector.ReadMessageLong(Boolean async, DataRowLoadingMode dataRowLoadingMode, Boolean readingNotifications, Boolean isReadingPrependedMessage)
   at System.Runtime.CompilerServices.PoolingAsyncValueTaskMethodBuilder`1.StateMachineBox`1.System.Threading.Tasks.Sources.IValueTaskSource<TResult>.GetResult(Int16 token)
   at Npgsql.NpgsqlDataReader.NextResult(Boolean async, Boolean isConsuming, CancellationToken cancellationToken)
   at Npgsql.NpgsqlDataReader.NextResult(Boolean async, Boolean isConsuming, CancellationToken cancellationToken)
   at Npgsql.NpgsqlCommand.ExecuteReader(Boolean async, CommandBehavior behavior, CancellationToken cancellationToken)
   at Npgsql.NpgsqlCommand.ExecuteReader(Boolean async, CommandBehavior behavior, CancellationToken cancellationToken)
   at Npgsql.NpgsqlCommand.ExecuteDbDataReaderAsync(CommandBehavior behavior, CancellationToken cancellationToken)
   at Microsoft.EntityFrameworkCore.Storage.RelationalCommand.ExecuteReaderAsync(RelationalCommandParameterObject parameterObject, CancellationToken cancellationToken)
   at Microsoft.EntityFrameworkCore.Storage.RelationalCommand.ExecuteReaderAsync(RelationalCommandParameterObject parameterObject, CancellationToken cancellationToken)
   at Microsoft.EntityFrameworkCore.Query.Internal.SingleQueryingEnumerable`1.AsyncEnumerator.InitializeReaderAsync(AsyncEnumerator enumerator, CancellationToken cancellationToken)
   at Npgsql.EntityFrameworkCore.PostgreSQL.Storage.Internal.NpgsqlExecutionStrategy.ExecuteAsync[TState,TResult](TState state, Func`4 operation, Func`4 verifySucceeded, CancellationToken cancellationToken)
   at Microsoft.EntityFrameworkCore.Query.Internal.SingleQueryingEnumerable`1.AsyncEnumerator.MoveNextAsync()
  Exception data:
    Severity: ERROR
    SqlState: 42P01
    MessageText: relation "genres" does not exist
    Position: 27
    File: parse_relation.c
    Line: 1452
    Routine: parserOpenTable
2025-11-24 12:28:01.398 +02:00 [ERR] Failed executing DbCommand (2ms) [Parameters=[], CommandType='"Text"', CommandTimeout='30']
SELECT b.id, b.authorid, b.genreid, b.is_available, b.title, a.id, a.name, g.id, g.name
FROM books AS b
INNER JOIN authors AS a ON b.authorid = a.id
INNER JOIN genres AS g ON b.genreid = g.id
2025-11-24 12:28:01.401 +02:00 [ERR] An exception occurred while iterating over the results of a query for context type 'CatalogService.Dal.CatalogDbContext'.
Npgsql.PostgresException (0x80004005): 42P01: relation "authors" does not exist

POSITION: 27
   at Npgsql.Internal.NpgsqlConnector.ReadMessageLong(Boolean async, DataRowLoadingMode dataRowLoadingMode, Boolean readingNotifications, Boolean isReadingPrependedMessage)
   at System.Runtime.CompilerServices.PoolingAsyncValueTaskMethodBuilder`1.StateMachineBox`1.System.Threading.Tasks.Sources.IValueTaskSource<TResult>.GetResult(Int16 token)
   at Npgsql.NpgsqlDataReader.NextResult(Boolean async, Boolean isConsuming, CancellationToken cancellationToken)
   at Npgsql.NpgsqlDataReader.NextResult(Boolean async, Boolean isConsuming, CancellationToken cancellationToken)
   at Npgsql.NpgsqlCommand.ExecuteReader(Boolean async, CommandBehavior behavior, CancellationToken cancellationToken)
   at Npgsql.NpgsqlCommand.ExecuteReader(Boolean async, CommandBehavior behavior, CancellationToken cancellationToken)
   at Npgsql.NpgsqlCommand.ExecuteDbDataReaderAsync(CommandBehavior behavior, CancellationToken cancellationToken)
   at Microsoft.EntityFrameworkCore.Storage.RelationalCommand.ExecuteReaderAsync(RelationalCommandParameterObject parameterObject, CancellationToken cancellationToken)
   at Microsoft.EntityFrameworkCore.Storage.RelationalCommand.ExecuteReaderAsync(RelationalCommandParameterObject parameterObject, CancellationToken cancellationToken)
   at Microsoft.EntityFrameworkCore.Query.Internal.SingleQueryingEnumerable`1.AsyncEnumerator.InitializeReaderAsync(AsyncEnumerator enumerator, CancellationToken cancellationToken)
   at Npgsql.EntityFrameworkCore.PostgreSQL.Storage.Internal.NpgsqlExecutionStrategy.ExecuteAsync[TState,TResult](TState state, Func`4 operation, Func`4 verifySucceeded, CancellationToken cancellationToken)
   at Microsoft.EntityFrameworkCore.Query.Internal.SingleQueryingEnumerable`1.AsyncEnumerator.MoveNextAsync()
  Exception data:
    Severity: ERROR
    SqlState: 42P01
    MessageText: relation "authors" does not exist
    Position: 27
    File: parse_relation.c
    Line: 1452
    Routine: parserOpenTable
Npgsql.PostgresException (0x80004005): 42P01: relation "authors" does not exist

POSITION: 27
   at Npgsql.Internal.NpgsqlConnector.ReadMessageLong(Boolean async, DataRowLoadingMode dataRowLoadingMode, Boolean readingNotifications, Boolean isReadingPrependedMessage)
   at System.Runtime.CompilerServices.PoolingAsyncValueTaskMethodBuilder`1.StateMachineBox`1.System.Threading.Tasks.Sources.IValueTaskSource<TResult>.GetResult(Int16 token)
   at Npgsql.NpgsqlDataReader.NextResult(Boolean async, Boolean isConsuming, CancellationToken cancellationToken)
   at Npgsql.NpgsqlDataReader.NextResult(Boolean async, Boolean isConsuming, CancellationToken cancellationToken)
   at Npgsql.NpgsqlCommand.ExecuteReader(Boolean async, CommandBehavior behavior, CancellationToken cancellationToken)
   at Npgsql.NpgsqlCommand.ExecuteReader(Boolean async, CommandBehavior behavior, CancellationToken cancellationToken)
   at Npgsql.NpgsqlCommand.ExecuteDbDataReaderAsync(CommandBehavior behavior, CancellationToken cancellationToken)
   at Microsoft.EntityFrameworkCore.Storage.RelationalCommand.ExecuteReaderAsync(RelationalCommandParameterObject parameterObject, CancellationToken cancellationToken)
   at Microsoft.EntityFrameworkCore.Storage.RelationalCommand.ExecuteReaderAsync(RelationalCommandParameterObject parameterObject, CancellationToken cancellationToken)
   at Microsoft.EntityFrameworkCore.Query.Internal.SingleQueryingEnumerable`1.AsyncEnumerator.InitializeReaderAsync(AsyncEnumerator enumerator, CancellationToken cancellationToken)
   at Npgsql.EntityFrameworkCore.PostgreSQL.Storage.Internal.NpgsqlExecutionStrategy.ExecuteAsync[TState,TResult](TState state, Func`4 operation, Func`4 verifySucceeded, CancellationToken cancellationToken)
   at Microsoft.EntityFrameworkCore.Query.Internal.SingleQueryingEnumerable`1.AsyncEnumerator.MoveNextAsync()
  Exception data:
    Severity: ERROR
    SqlState: 42P01
    MessageText: relation "authors" does not exist
    Position: 27
    File: parse_relation.c
    Line: 1452
    Routine: parserOpenTable
2025-11-24 12:28:01.420 +02:00 [INF] Executed action CatalogService.Api.Controllers.GenresController.GetAll (CatalogService.Api) in 187.5766ms
2025-11-24 12:28:01.428 +02:00 [ERR] An exception occurred while iterating over the results of a query for context type 'CatalogService.Dal.CatalogDbContext'.
Npgsql.PostgresException (0x80004005): 42P01: relation "books" does not exist

POSITION: 95
   at Npgsql.Internal.NpgsqlConnector.ReadMessageLong(Boolean async, DataRowLoadingMode dataRowLoadingMode, Boolean readingNotifications, Boolean isReadingPrependedMessage)
   at System.Runtime.CompilerServices.PoolingAsyncValueTaskMethodBuilder`1.StateMachineBox`1.System.Threading.Tasks.Sources.IValueTaskSource<TResult>.GetResult(Int16 token)
   at Npgsql.NpgsqlDataReader.NextResult(Boolean async, Boolean isConsuming, CancellationToken cancellationToken)
   at Npgsql.NpgsqlDataReader.NextResult(Boolean async, Boolean isConsuming, CancellationToken cancellationToken)
   at Npgsql.NpgsqlCommand.ExecuteReader(Boolean async, CommandBehavior behavior, CancellationToken cancellationToken)
   at Npgsql.NpgsqlCommand.ExecuteReader(Boolean async, CommandBehavior behavior, CancellationToken cancellationToken)
   at Npgsql.NpgsqlCommand.ExecuteDbDataReaderAsync(CommandBehavior behavior, CancellationToken cancellationToken)
   at Microsoft.EntityFrameworkCore.Storage.RelationalCommand.ExecuteReaderAsync(RelationalCommandParameterObject parameterObject, CancellationToken cancellationToken)
   at Microsoft.EntityFrameworkCore.Storage.RelationalCommand.ExecuteReaderAsync(RelationalCommandParameterObject parameterObject, CancellationToken cancellationToken)
   at Microsoft.EntityFrameworkCore.Query.Internal.SingleQueryingEnumerable`1.AsyncEnumerator.InitializeReaderAsync(AsyncEnumerator enumerator, CancellationToken cancellationToken)
   at Npgsql.EntityFrameworkCore.PostgreSQL.Storage.Internal.NpgsqlExecutionStrategy.ExecuteAsync[TState,TResult](TState state, Func`4 operation, Func`4 verifySucceeded, CancellationToken cancellationToken)
   at Microsoft.EntityFrameworkCore.Query.Internal.SingleQueryingEnumerable`1.AsyncEnumerator.MoveNextAsync()
  Exception data:
    Severity: ERROR
    SqlState: 42P01
    MessageText: relation "books" does not exist
    Position: 95
    File: parse_relation.c
    Line: 1452
    Routine: parserOpenTable
Npgsql.PostgresException (0x80004005): 42P01: relation "books" does not exist

POSITION: 95
   at Npgsql.Internal.NpgsqlConnector.ReadMessageLong(Boolean async, DataRowLoadingMode dataRowLoadingMode, Boolean readingNotifications, Boolean isReadingPrependedMessage)
   at System.Runtime.CompilerServices.PoolingAsyncValueTaskMethodBuilder`1.StateMachineBox`1.System.Threading.Tasks.Sources.IValueTaskSource<TResult>.GetResult(Int16 token)
   at Npgsql.NpgsqlDataReader.NextResult(Boolean async, Boolean isConsuming, CancellationToken cancellationToken)
   at Npgsql.NpgsqlDataReader.NextResult(Boolean async, Boolean isConsuming, CancellationToken cancellationToken)
   at Npgsql.NpgsqlCommand.ExecuteReader(Boolean async, CommandBehavior behavior, CancellationToken cancellationToken)
   at Npgsql.NpgsqlCommand.ExecuteReader(Boolean async, CommandBehavior behavior, CancellationToken cancellationToken)
   at Npgsql.NpgsqlCommand.ExecuteDbDataReaderAsync(CommandBehavior behavior, CancellationToken cancellationToken)
   at Microsoft.EntityFrameworkCore.Storage.RelationalCommand.ExecuteReaderAsync(RelationalCommandParameterObject parameterObject, CancellationToken cancellationToken)
   at Microsoft.EntityFrameworkCore.Storage.RelationalCommand.ExecuteReaderAsync(RelationalCommandParameterObject parameterObject, CancellationToken cancellationToken)
   at Microsoft.EntityFrameworkCore.Query.Internal.SingleQueryingEnumerable`1.AsyncEnumerator.InitializeReaderAsync(AsyncEnumerator enumerator, CancellationToken cancellationToken)
   at Npgsql.EntityFrameworkCore.PostgreSQL.Storage.Internal.NpgsqlExecutionStrategy.ExecuteAsync[TState,TResult](TState state, Func`4 operation, Func`4 verifySucceeded, CancellationToken cancellationToken)
   at Microsoft.EntityFrameworkCore.Query.Internal.SingleQueryingEnumerable`1.AsyncEnumerator.MoveNextAsync()
  Exception data:
    Severity: ERROR
    SqlState: 42P01
    MessageText: relation "books" does not exist
    Position: 95
    File: parse_relation.c
    Line: 1452
    Routine: parserOpenTable
2025-11-24 12:28:01.454 +02:00 [INF] Executed action CatalogService.Api.Controllers.AuthorsController.GetAll (CatalogService.Api) in 213.8874ms
2025-11-24 12:28:01.487 +02:00 [INF] Executed action CatalogService.Api.Controllers.BooksController.GetAll (CatalogService.Api) in 240.0503ms
2025-11-24 12:28:01.455 +02:00 [INF] Executed endpoint 'CatalogService.Api.Controllers.GenresController.GetAll (CatalogService.Api)'
2025-11-24 12:28:01.487 +02:00 [INF] Executed endpoint 'CatalogService.Api.Controllers.AuthorsController.GetAll (CatalogService.Api)'
2025-11-24 12:28:01.492 +02:00 [INF] Executed endpoint 'CatalogService.Api.Controllers.BooksController.GetAll (CatalogService.Api)'
2025-11-24 12:28:01.513 +02:00 [ERR] An unhandled exception has occurred while executing the request.
Npgsql.PostgresException (0x80004005): 42P01: relation "authors" does not exist

POSITION: 27
   at Npgsql.Internal.NpgsqlConnector.ReadMessageLong(Boolean async, DataRowLoadingMode dataRowLoadingMode, Boolean readingNotifications, Boolean isReadingPrependedMessage)
   at System.Runtime.CompilerServices.PoolingAsyncValueTaskMethodBuilder`1.StateMachineBox`1.System.Threading.Tasks.Sources.IValueTaskSource<TResult>.GetResult(Int16 token)
   at Npgsql.NpgsqlDataReader.NextResult(Boolean async, Boolean isConsuming, CancellationToken cancellationToken)
   at Npgsql.NpgsqlDataReader.NextResult(Boolean async, Boolean isConsuming, CancellationToken cancellationToken)
   at Npgsql.NpgsqlCommand.ExecuteReader(Boolean async, CommandBehavior behavior, CancellationToken cancellationToken)
   at Npgsql.NpgsqlCommand.ExecuteReader(Boolean async, CommandBehavior behavior, CancellationToken cancellationToken)
   at Npgsql.NpgsqlCommand.ExecuteDbDataReaderAsync(CommandBehavior behavior, CancellationToken cancellationToken)
   at Microsoft.EntityFrameworkCore.Storage.RelationalCommand.ExecuteReaderAsync(RelationalCommandParameterObject parameterObject, CancellationToken cancellationToken)
   at Microsoft.EntityFrameworkCore.Storage.RelationalCommand.ExecuteReaderAsync(RelationalCommandParameterObject parameterObject, CancellationToken cancellationToken)
   at Microsoft.EntityFrameworkCore.Query.Internal.SingleQueryingEnumerable`1.AsyncEnumerator.InitializeReaderAsync(AsyncEnumerator enumerator, CancellationToken cancellationToken)
   at Npgsql.EntityFrameworkCore.PostgreSQL.Storage.Internal.NpgsqlExecutionStrategy.ExecuteAsync[TState,TResult](TState state, Func`4 operation, Func`4 verifySucceeded, CancellationToken cancellationToken)
   at Microsoft.EntityFrameworkCore.Query.Internal.SingleQueryingEnumerable`1.AsyncEnumerator.MoveNextAsync()
   at Microsoft.EntityFrameworkCore.EntityFrameworkQueryableExtensions.ToListAsync[TSource](IQueryable`1 source, CancellationToken cancellationToken)
   at Microsoft.EntityFrameworkCore.EntityFrameworkQueryableExtensions.ToListAsync[TSource](IQueryable`1 source, CancellationToken cancellationToken)
   at CatalogService.Dal.Repositories.GenericRepository`1.GetAllAsync() in C:\Users\Admin\Documents\projects\LibrarySystem\CatalogService\CatalogService.Dal\Repositories\GenericRepository.cs:line 10
   at CatalogService.Bll.Services.AuthorService.GetAllAsync() in C:\Users\Admin\Documents\projects\LibrarySystem\CatalogService\CatalogService.Bll\Services\AuthorService.cs:line 21
   at CatalogService.Api.Controllers.AuthorsController.GetAll() in C:\Users\Admin\Documents\projects\LibrarySystem\CatalogService\CatalogService.Api\Controllers\AuthorsController.cs:line 16
   at Microsoft.AspNetCore.Mvc.Infrastructure.ActionMethodExecutor.TaskOfIActionResultExecutor.Execute(ActionContext actionContext, IActionResultTypeMapper mapper, ObjectMethodExecutor executor, Object controller, Object[] arguments)
   at Microsoft.AspNetCore.Mvc.Infrastructure.ControllerActionInvoker.<InvokeActionMethodAsync>g__Awaited|12_0(ControllerActionInvoker invoker, ValueTask`1 actionResultValueTask)
   at Microsoft.AspNetCore.Mvc.Infrastructure.ControllerActionInvoker.<InvokeNextActionFilterAsync>g__Awaited|10_0(ControllerActionInvoker invoker, Task lastTask, State next, Scope scope, Object state, Boolean isCompleted)
   at Microsoft.AspNetCore.Mvc.Infrastructure.ControllerActionInvoker.Rethrow(ActionExecutedContextSealed context)
   at Microsoft.AspNetCore.Mvc.Infrastructure.ControllerActionInvoker.Next(State& next, Scope& scope, Object& state, Boolean& isCompleted)
   at Microsoft.AspNetCore.Mvc.Infrastructure.ControllerActionInvoker.<InvokeInnerFilterAsync>g__Awaited|13_0(ControllerActionInvoker invoker, Task lastTask, State next, Scope scope, Object state, Boolean isCompleted)
   at Microsoft.AspNetCore.Mvc.Infrastructure.ResourceInvoker.<InvokeFilterPipelineAsync>g__Awaited|20_0(ResourceInvoker invoker, Task lastTask, State next, Scope scope, Object state, Boolean isCompleted)
   at Microsoft.AspNetCore.Mvc.Infrastructure.ResourceInvoker.<InvokeAsync>g__Logged|17_1(ResourceInvoker invoker)
   at Microsoft.AspNetCore.Mvc.Infrastructure.ResourceInvoker.<InvokeAsync>g__Logged|17_1(ResourceInvoker invoker)
   at Microsoft.AspNetCore.Routing.EndpointMiddleware.<Invoke>g__AwaitRequestTask|7_0(Endpoint endpoint, Task requestTask, ILogger logger)
   at Swashbuckle.AspNetCore.SwaggerUI.SwaggerUIMiddleware.Invoke(HttpContext httpContext)
   at Swashbuckle.AspNetCore.Swagger.SwaggerMiddleware.Invoke(HttpContext httpContext, ISwaggerProvider swaggerProvider)
   at Hellang.Middleware.ProblemDetails.ProblemDetailsMiddleware.Invoke(HttpContext context)
  Exception data:
    Severity: ERROR
    SqlState: 42P01
    MessageText: relation "authors" does not exist
    Position: 27
    File: parse_relation.c
    Line: 1452
    Routine: parserOpenTable
2025-11-24 12:28:01.513 +02:00 [ERR] An unhandled exception has occurred while executing the request.
Npgsql.PostgresException (0x80004005): 42P01: relation "genres" does not exist

POSITION: 27
   at Npgsql.Internal.NpgsqlConnector.ReadMessageLong(Boolean async, DataRowLoadingMode dataRowLoadingMode, Boolean readingNotifications, Boolean isReadingPrependedMessage)
   at System.Runtime.CompilerServices.PoolingAsyncValueTaskMethodBuilder`1.StateMachineBox`1.System.Threading.Tasks.Sources.IValueTaskSource<TResult>.GetResult(Int16 token)
   at Npgsql.NpgsqlDataReader.NextResult(Boolean async, Boolean isConsuming, CancellationToken cancellationToken)
   at Npgsql.NpgsqlDataReader.NextResult(Boolean async, Boolean isConsuming, CancellationToken cancellationToken)
   at Npgsql.NpgsqlCommand.ExecuteReader(Boolean async, CommandBehavior behavior, CancellationToken cancellationToken)
   at Npgsql.NpgsqlCommand.ExecuteReader(Boolean async, CommandBehavior behavior, CancellationToken cancellationToken)
   at Npgsql.NpgsqlCommand.ExecuteDbDataReaderAsync(CommandBehavior behavior, CancellationToken cancellationToken)
   at Microsoft.EntityFrameworkCore.Storage.RelationalCommand.ExecuteReaderAsync(RelationalCommandParameterObject parameterObject, CancellationToken cancellationToken)
   at Microsoft.EntityFrameworkCore.Storage.RelationalCommand.ExecuteReaderAsync(RelationalCommandParameterObject parameterObject, CancellationToken cancellationToken)
   at Microsoft.EntityFrameworkCore.Query.Internal.SingleQueryingEnumerable`1.AsyncEnumerator.InitializeReaderAsync(AsyncEnumerator enumerator, CancellationToken cancellationToken)
   at Npgsql.EntityFrameworkCore.PostgreSQL.Storage.Internal.NpgsqlExecutionStrategy.ExecuteAsync[TState,TResult](TState state, Func`4 operation, Func`4 verifySucceeded, CancellationToken cancellationToken)
   at Microsoft.EntityFrameworkCore.Query.Internal.SingleQueryingEnumerable`1.AsyncEnumerator.MoveNextAsync()
   at Microsoft.EntityFrameworkCore.EntityFrameworkQueryableExtensions.ToListAsync[TSource](IQueryable`1 source, CancellationToken cancellationToken)
   at Microsoft.EntityFrameworkCore.EntityFrameworkQueryableExtensions.ToListAsync[TSource](IQueryable`1 source, CancellationToken cancellationToken)
   at CatalogService.Dal.Repositories.GenericRepository`1.GetAllAsync() in C:\Users\Admin\Documents\projects\LibrarySystem\CatalogService\CatalogService.Dal\Repositories\GenericRepository.cs:line 10
   at CatalogService.Bll.Services.GenreService.GetAllAsync() in C:\Users\Admin\Documents\projects\LibrarySystem\CatalogService\CatalogService.Bll\Services\GenreService.cs:line 21
   at CatalogService.Api.Controllers.GenresController.GetAll() in C:\Users\Admin\Documents\projects\LibrarySystem\CatalogService\CatalogService.Api\Controllers\GenresController.cs:line 16
   at Microsoft.AspNetCore.Mvc.Infrastructure.ActionMethodExecutor.TaskOfIActionResultExecutor.Execute(ActionContext actionContext, IActionResultTypeMapper mapper, ObjectMethodExecutor executor, Object controller, Object[] arguments)
   at Microsoft.AspNetCore.Mvc.Infrastructure.ControllerActionInvoker.<InvokeActionMethodAsync>g__Awaited|12_0(ControllerActionInvoker invoker, ValueTask`1 actionResultValueTask)
   at Microsoft.AspNetCore.Mvc.Infrastructure.ControllerActionInvoker.<InvokeNextActionFilterAsync>g__Awaited|10_0(ControllerActionInvoker invoker, Task lastTask, State next, Scope scope, Object state, Boolean isCompleted)
   at Microsoft.AspNetCore.Mvc.Infrastructure.ControllerActionInvoker.Rethrow(ActionExecutedContextSealed context)
   at Microsoft.AspNetCore.Mvc.Infrastructure.ControllerActionInvoker.Next(State& next, Scope& scope, Object& state, Boolean& isCompleted)
   at Microsoft.AspNetCore.Mvc.Infrastructure.ControllerActionInvoker.<InvokeInnerFilterAsync>g__Awaited|13_0(ControllerActionInvoker invoker, Task lastTask, State next, Scope scope, Object state, Boolean isCompleted)
   at Microsoft.AspNetCore.Mvc.Infrastructure.ResourceInvoker.<InvokeFilterPipelineAsync>g__Awaited|20_0(ResourceInvoker invoker, Task lastTask, State next, Scope scope, Object state, Boolean isCompleted)
   at Microsoft.AspNetCore.Mvc.Infrastructure.ResourceInvoker.<InvokeAsync>g__Logged|17_1(ResourceInvoker invoker)
   at Microsoft.AspNetCore.Mvc.Infrastructure.ResourceInvoker.<InvokeAsync>g__Logged|17_1(ResourceInvoker invoker)
   at Microsoft.AspNetCore.Routing.EndpointMiddleware.<Invoke>g__AwaitRequestTask|7_0(Endpoint endpoint, Task requestTask, ILogger logger)
   at Swashbuckle.AspNetCore.SwaggerUI.SwaggerUIMiddleware.Invoke(HttpContext httpContext)
   at Swashbuckle.AspNetCore.Swagger.SwaggerMiddleware.Invoke(HttpContext httpContext, ISwaggerProvider swaggerProvider)
   at Hellang.Middleware.ProblemDetails.ProblemDetailsMiddleware.Invoke(HttpContext context)
  Exception data:
    Severity: ERROR
    SqlState: 42P01
    MessageText: relation "genres" does not exist
    Position: 27
    File: parse_relation.c
    Line: 1452
    Routine: parserOpenTable
2025-11-24 12:28:01.515 +02:00 [ERR] An unhandled exception has occurred while executing the request.
Npgsql.PostgresException (0x80004005): 42P01: relation "books" does not exist

POSITION: 95
   at Npgsql.Internal.NpgsqlConnector.ReadMessageLong(Boolean async, DataRowLoadingMode dataRowLoadingMode, Boolean readingNotifications, Boolean isReadingPrependedMessage)
   at System.Runtime.CompilerServices.PoolingAsyncValueTaskMethodBuilder`1.StateMachineBox`1.System.Threading.Tasks.Sources.IValueTaskSource<TResult>.GetResult(Int16 token)
   at Npgsql.NpgsqlDataReader.NextResult(Boolean async, Boolean isConsuming, CancellationToken cancellationToken)
   at Npgsql.NpgsqlDataReader.NextResult(Boolean async, Boolean isConsuming, CancellationToken cancellationToken)
   at Npgsql.NpgsqlCommand.ExecuteReader(Boolean async, CommandBehavior behavior, CancellationToken cancellationToken)
   at Npgsql.NpgsqlCommand.ExecuteReader(Boolean async, CommandBehavior behavior, CancellationToken cancellationToken)
   at Npgsql.NpgsqlCommand.ExecuteDbDataReaderAsync(CommandBehavior behavior, CancellationToken cancellationToken)
   at Microsoft.EntityFrameworkCore.Storage.RelationalCommand.ExecuteReaderAsync(RelationalCommandParameterObject parameterObject, CancellationToken cancellationToken)
   at Microsoft.EntityFrameworkCore.Storage.RelationalCommand.ExecuteReaderAsync(RelationalCommandParameterObject parameterObject, CancellationToken cancellationToken)
   at Microsoft.EntityFrameworkCore.Query.Internal.SingleQueryingEnumerable`1.AsyncEnumerator.InitializeReaderAsync(AsyncEnumerator enumerator, CancellationToken cancellationToken)
   at Npgsql.EntityFrameworkCore.PostgreSQL.Storage.Internal.NpgsqlExecutionStrategy.ExecuteAsync[TState,TResult](TState state, Func`4 operation, Func`4 verifySucceeded, CancellationToken cancellationToken)
   at Microsoft.EntityFrameworkCore.Query.Internal.SingleQueryingEnumerable`1.AsyncEnumerator.MoveNextAsync()
   at Microsoft.EntityFrameworkCore.EntityFrameworkQueryableExtensions.ToListAsync[TSource](IQueryable`1 source, CancellationToken cancellationToken)
   at Microsoft.EntityFrameworkCore.EntityFrameworkQueryableExtensions.ToListAsync[TSource](IQueryable`1 source, CancellationToken cancellationToken)
   at CatalogService.Bll.Services.BookService.GetAllAsync() in C:\Users\Admin\Documents\projects\LibrarySystem\CatalogService\CatalogService.Bll\Services\BookService.cs:line 24
   at CatalogService.Api.Controllers.BooksController.GetAll() in C:\Users\Admin\Documents\projects\LibrarySystem\CatalogService\CatalogService.Api\Controllers\BooksController.cs:line 16
   at Microsoft.AspNetCore.Mvc.Infrastructure.ActionMethodExecutor.TaskOfIActionResultExecutor.Execute(ActionContext actionContext, IActionResultTypeMapper mapper, ObjectMethodExecutor executor, Object controller, Object[] arguments)
   at Microsoft.AspNetCore.Mvc.Infrastructure.ControllerActionInvoker.<InvokeActionMethodAsync>g__Awaited|12_0(ControllerActionInvoker invoker, ValueTask`1 actionResultValueTask)
   at Microsoft.AspNetCore.Mvc.Infrastructure.ControllerActionInvoker.<InvokeNextActionFilterAsync>g__Awaited|10_0(ControllerActionInvoker invoker, Task lastTask, State next, Scope scope, Object state, Boolean isCompleted)
   at Microsoft.AspNetCore.Mvc.Infrastructure.ControllerActionInvoker.Rethrow(ActionExecutedContextSealed context)
   at Microsoft.AspNetCore.Mvc.Infrastructure.ControllerActionInvoker.Next(State& next, Scope& scope, Object& state, Boolean& isCompleted)
   at Microsoft.AspNetCore.Mvc.Infrastructure.ControllerActionInvoker.<InvokeInnerFilterAsync>g__Awaited|13_0(ControllerActionInvoker invoker, Task lastTask, State next, Scope scope, Object state, Boolean isCompleted)
   at Microsoft.AspNetCore.Mvc.Infrastructure.ResourceInvoker.<InvokeFilterPipelineAsync>g__Awaited|20_0(ResourceInvoker invoker, Task lastTask, State next, Scope scope, Object state, Boolean isCompleted)
   at Microsoft.AspNetCore.Mvc.Infrastructure.ResourceInvoker.<InvokeAsync>g__Logged|17_1(ResourceInvoker invoker)
   at Microsoft.AspNetCore.Mvc.Infrastructure.ResourceInvoker.<InvokeAsync>g__Logged|17_1(ResourceInvoker invoker)
   at Microsoft.AspNetCore.Routing.EndpointMiddleware.<Invoke>g__AwaitRequestTask|7_0(Endpoint endpoint, Task requestTask, ILogger logger)
   at Swashbuckle.AspNetCore.SwaggerUI.SwaggerUIMiddleware.Invoke(HttpContext httpContext)
   at Swashbuckle.AspNetCore.Swagger.SwaggerMiddleware.Invoke(HttpContext httpContext, ISwaggerProvider swaggerProvider)
   at Hellang.Middleware.ProblemDetails.ProblemDetailsMiddleware.Invoke(HttpContext context)
  Exception data:
    Severity: ERROR
    SqlState: 42P01
    MessageText: relation "books" does not exist
    Position: 95
    File: parse_relation.c
    Line: 1452
    Routine: parserOpenTable
2025-11-24 12:28:01.551 +02:00 [INF] Executing ObjectResult, writing value of type 'Microsoft.AspNetCore.Mvc.ProblemDetails'.
2025-11-24 12:28:01.587 +02:00 [INF] Executing ObjectResult, writing value of type 'Microsoft.AspNetCore.Mvc.ProblemDetails'.
2025-11-24 12:28:01.659 +02:00 [INF] Executing ObjectResult, writing value of type 'Microsoft.AspNetCore.Mvc.ProblemDetails'.
2025-11-24 12:28:01.662 +02:00 [INF] Request finished HTTP/1.1 GET http://localhost:5180/api/authors - 500 null application/problem+json; charset=utf-8 526.5824ms
2025-11-24 12:28:01.663 +02:00 [INF] Request finished HTTP/1.1 GET http://localhost:5180/api/genres - 500 null application/problem+json; charset=utf-8 527.8201ms
2025-11-24 12:28:01.673 +02:00 [INF] Request finished HTTP/1.1 GET http://localhost:5180/api/books - 500 null application/problem+json; charset=utf-8 537.6702ms
2025-11-24 12:28:36.108 +02:00 [INF] Request starting HTTP/1.1 GET http://localhost:5180/api/books - null null
2025-11-24 12:28:36.109 +02:00 [INF] Request starting HTTP/1.1 GET http://localhost:5180/api/authors - null null
2025-11-24 12:28:36.111 +02:00 [INF] Request starting HTTP/1.1 GET http://localhost:5180/api/genres - null null
2025-11-24 12:28:36.134 +02:00 [INF] Executing endpoint 'CatalogService.Api.Controllers.BooksController.GetAll (CatalogService.Api)'
2025-11-24 12:28:36.155 +02:00 [INF] Executing endpoint 'CatalogService.Api.Controllers.AuthorsController.GetAll (CatalogService.Api)'
2025-11-24 12:28:36.176 +02:00 [INF] Executing endpoint 'CatalogService.Api.Controllers.GenresController.GetAll (CatalogService.Api)'
2025-11-24 12:28:36.185 +02:00 [INF] Route matched with {action = "GetAll", controller = "Books"}. Executing controller action with signature System.Threading.Tasks.Task`1[Microsoft.AspNetCore.Mvc.IActionResult] GetAll() on controller CatalogService.Api.Controllers.BooksController (CatalogService.Api).
2025-11-24 12:28:36.195 +02:00 [INF] Route matched with {action = "GetAll", controller = "Authors"}. Executing controller action with signature System.Threading.Tasks.Task`1[Microsoft.AspNetCore.Mvc.IActionResult] GetAll() on controller CatalogService.Api.Controllers.AuthorsController (CatalogService.Api).
2025-11-24 12:28:36.202 +02:00 [INF] Route matched with {action = "GetAll", controller = "Genres"}. Executing controller action with signature System.Threading.Tasks.Task`1[Microsoft.AspNetCore.Mvc.IActionResult] GetAll() on controller CatalogService.Api.Controllers.GenresController (CatalogService.Api).
2025-11-24 12:28:36.245 +02:00 [ERR] Failed executing DbCommand (4ms) [Parameters=[], CommandType='"Text"', CommandTimeout='30']
SELECT b.id, b.authorid, b.genreid, b.is_available, b.title, a.id, a.name, g.id, g.name
FROM books AS b
INNER JOIN authors AS a ON b.authorid = a.id
INNER JOIN genres AS g ON b.genreid = g.id
2025-11-24 12:28:36.245 +02:00 [ERR] Failed executing DbCommand (4ms) [Parameters=[], CommandType='"Text"', CommandTimeout='30']
SELECT a.id, a.name
FROM authors AS a
2025-11-24 12:28:36.259 +02:00 [ERR] Failed executing DbCommand (3ms) [Parameters=[], CommandType='"Text"', CommandTimeout='30']
SELECT g.id, g.name
FROM genres AS g
2025-11-24 12:28:36.279 +02:00 [ERR] An exception occurred while iterating over the results of a query for context type 'CatalogService.Dal.CatalogDbContext'.
Npgsql.PostgresException (0x80004005): 42P01: relation "books" does not exist

POSITION: 95
   at Npgsql.Internal.NpgsqlConnector.ReadMessageLong(Boolean async, DataRowLoadingMode dataRowLoadingMode, Boolean readingNotifications, Boolean isReadingPrependedMessage)
   at System.Runtime.CompilerServices.PoolingAsyncValueTaskMethodBuilder`1.StateMachineBox`1.System.Threading.Tasks.Sources.IValueTaskSource<TResult>.GetResult(Int16 token)
   at Npgsql.NpgsqlDataReader.NextResult(Boolean async, Boolean isConsuming, CancellationToken cancellationToken)
   at Npgsql.NpgsqlDataReader.NextResult(Boolean async, Boolean isConsuming, CancellationToken cancellationToken)
   at Npgsql.NpgsqlCommand.ExecuteReader(Boolean async, CommandBehavior behavior, CancellationToken cancellationToken)
   at Npgsql.NpgsqlCommand.ExecuteReader(Boolean async, CommandBehavior behavior, CancellationToken cancellationToken)
   at Npgsql.NpgsqlCommand.ExecuteDbDataReaderAsync(CommandBehavior behavior, CancellationToken cancellationToken)
   at Microsoft.EntityFrameworkCore.Storage.RelationalCommand.ExecuteReaderAsync(RelationalCommandParameterObject parameterObject, CancellationToken cancellationToken)
   at Microsoft.EntityFrameworkCore.Storage.RelationalCommand.ExecuteReaderAsync(RelationalCommandParameterObject parameterObject, CancellationToken cancellationToken)
   at Microsoft.EntityFrameworkCore.Query.Internal.SingleQueryingEnumerable`1.AsyncEnumerator.InitializeReaderAsync(AsyncEnumerator enumerator, CancellationToken cancellationToken)
   at Npgsql.EntityFrameworkCore.PostgreSQL.Storage.Internal.NpgsqlExecutionStrategy.ExecuteAsync[TState,TResult](TState state, Func`4 operation, Func`4 verifySucceeded, CancellationToken cancellationToken)
   at Microsoft.EntityFrameworkCore.Query.Internal.SingleQueryingEnumerable`1.AsyncEnumerator.MoveNextAsync()
  Exception data:
    Severity: ERROR
    SqlState: 42P01
    MessageText: relation "books" does not exist
    Position: 95
    File: parse_relation.c
    Line: 1452
    Routine: parserOpenTable
Npgsql.PostgresException (0x80004005): 42P01: relation "books" does not exist

POSITION: 95
   at Npgsql.Internal.NpgsqlConnector.ReadMessageLong(Boolean async, DataRowLoadingMode dataRowLoadingMode, Boolean readingNotifications, Boolean isReadingPrependedMessage)
   at System.Runtime.CompilerServices.PoolingAsyncValueTaskMethodBuilder`1.StateMachineBox`1.System.Threading.Tasks.Sources.IValueTaskSource<TResult>.GetResult(Int16 token)
   at Npgsql.NpgsqlDataReader.NextResult(Boolean async, Boolean isConsuming, CancellationToken cancellationToken)
   at Npgsql.NpgsqlDataReader.NextResult(Boolean async, Boolean isConsuming, CancellationToken cancellationToken)
   at Npgsql.NpgsqlCommand.ExecuteReader(Boolean async, CommandBehavior behavior, CancellationToken cancellationToken)
   at Npgsql.NpgsqlCommand.ExecuteReader(Boolean async, CommandBehavior behavior, CancellationToken cancellationToken)
   at Npgsql.NpgsqlCommand.ExecuteDbDataReaderAsync(CommandBehavior behavior, CancellationToken cancellationToken)
   at Microsoft.EntityFrameworkCore.Storage.RelationalCommand.ExecuteReaderAsync(RelationalCommandParameterObject parameterObject, CancellationToken cancellationToken)
   at Microsoft.EntityFrameworkCore.Storage.RelationalCommand.ExecuteReaderAsync(RelationalCommandParameterObject parameterObject, CancellationToken cancellationToken)
   at Microsoft.EntityFrameworkCore.Query.Internal.SingleQueryingEnumerable`1.AsyncEnumerator.InitializeReaderAsync(AsyncEnumerator enumerator, CancellationToken cancellationToken)
   at Npgsql.EntityFrameworkCore.PostgreSQL.Storage.Internal.NpgsqlExecutionStrategy.ExecuteAsync[TState,TResult](TState state, Func`4 operation, Func`4 verifySucceeded, CancellationToken cancellationToken)
   at Microsoft.EntityFrameworkCore.Query.Internal.SingleQueryingEnumerable`1.AsyncEnumerator.MoveNextAsync()
  Exception data:
    Severity: ERROR
    SqlState: 42P01
    MessageText: relation "books" does not exist
    Position: 95
    File: parse_relation.c
    Line: 1452
    Routine: parserOpenTable
2025-11-24 12:28:36.297 +02:00 [ERR] An exception occurred while iterating over the results of a query for context type 'CatalogService.Dal.CatalogDbContext'.
Npgsql.PostgresException (0x80004005): 42P01: relation "authors" does not exist

POSITION: 27
   at Npgsql.Internal.NpgsqlConnector.ReadMessageLong(Boolean async, DataRowLoadingMode dataRowLoadingMode, Boolean readingNotifications, Boolean isReadingPrependedMessage)
   at System.Runtime.CompilerServices.PoolingAsyncValueTaskMethodBuilder`1.StateMachineBox`1.System.Threading.Tasks.Sources.IValueTaskSource<TResult>.GetResult(Int16 token)
   at Npgsql.NpgsqlDataReader.NextResult(Boolean async, Boolean isConsuming, CancellationToken cancellationToken)
   at Npgsql.NpgsqlDataReader.NextResult(Boolean async, Boolean isConsuming, CancellationToken cancellationToken)
   at Npgsql.NpgsqlCommand.ExecuteReader(Boolean async, CommandBehavior behavior, CancellationToken cancellationToken)
   at Npgsql.NpgsqlCommand.ExecuteReader(Boolean async, CommandBehavior behavior, CancellationToken cancellationToken)
   at Npgsql.NpgsqlCommand.ExecuteDbDataReaderAsync(CommandBehavior behavior, CancellationToken cancellationToken)
   at Microsoft.EntityFrameworkCore.Storage.RelationalCommand.ExecuteReaderAsync(RelationalCommandParameterObject parameterObject, CancellationToken cancellationToken)
   at Microsoft.EntityFrameworkCore.Storage.RelationalCommand.ExecuteReaderAsync(RelationalCommandParameterObject parameterObject, CancellationToken cancellationToken)
   at Microsoft.EntityFrameworkCore.Query.Internal.SingleQueryingEnumerable`1.AsyncEnumerator.InitializeReaderAsync(AsyncEnumerator enumerator, CancellationToken cancellationToken)
   at Npgsql.EntityFrameworkCore.PostgreSQL.Storage.Internal.NpgsqlExecutionStrategy.ExecuteAsync[TState,TResult](TState state, Func`4 operation, Func`4 verifySucceeded, CancellationToken cancellationToken)
   at Microsoft.EntityFrameworkCore.Query.Internal.SingleQueryingEnumerable`1.AsyncEnumerator.MoveNextAsync()
  Exception data:
    Severity: ERROR
    SqlState: 42P01
    MessageText: relation "authors" does not exist
    Position: 27
    File: parse_relation.c
    Line: 1452
    Routine: parserOpenTable
Npgsql.PostgresException (0x80004005): 42P01: relation "authors" does not exist

POSITION: 27
   at Npgsql.Internal.NpgsqlConnector.ReadMessageLong(Boolean async, DataRowLoadingMode dataRowLoadingMode, Boolean readingNotifications, Boolean isReadingPrependedMessage)
   at System.Runtime.CompilerServices.PoolingAsyncValueTaskMethodBuilder`1.StateMachineBox`1.System.Threading.Tasks.Sources.IValueTaskSource<TResult>.GetResult(Int16 token)
   at Npgsql.NpgsqlDataReader.NextResult(Boolean async, Boolean isConsuming, CancellationToken cancellationToken)
   at Npgsql.NpgsqlDataReader.NextResult(Boolean async, Boolean isConsuming, CancellationToken cancellationToken)
   at Npgsql.NpgsqlCommand.ExecuteReader(Boolean async, CommandBehavior behavior, CancellationToken cancellationToken)
   at Npgsql.NpgsqlCommand.ExecuteReader(Boolean async, CommandBehavior behavior, CancellationToken cancellationToken)
   at Npgsql.NpgsqlCommand.ExecuteDbDataReaderAsync(CommandBehavior behavior, CancellationToken cancellationToken)
   at Microsoft.EntityFrameworkCore.Storage.RelationalCommand.ExecuteReaderAsync(RelationalCommandParameterObject parameterObject, CancellationToken cancellationToken)
   at Microsoft.EntityFrameworkCore.Storage.RelationalCommand.ExecuteReaderAsync(RelationalCommandParameterObject parameterObject, CancellationToken cancellationToken)
   at Microsoft.EntityFrameworkCore.Query.Internal.SingleQueryingEnumerable`1.AsyncEnumerator.InitializeReaderAsync(AsyncEnumerator enumerator, CancellationToken cancellationToken)
   at Npgsql.EntityFrameworkCore.PostgreSQL.Storage.Internal.NpgsqlExecutionStrategy.ExecuteAsync[TState,TResult](TState state, Func`4 operation, Func`4 verifySucceeded, CancellationToken cancellationToken)
   at Microsoft.EntityFrameworkCore.Query.Internal.SingleQueryingEnumerable`1.AsyncEnumerator.MoveNextAsync()
  Exception data:
    Severity: ERROR
    SqlState: 42P01
    MessageText: relation "authors" does not exist
    Position: 27
    File: parse_relation.c
    Line: 1452
    Routine: parserOpenTable
2025-11-24 12:28:36.334 +02:00 [ERR] An exception occurred while iterating over the results of a query for context type 'CatalogService.Dal.CatalogDbContext'.
Npgsql.PostgresException (0x80004005): 42P01: relation "genres" does not exist

POSITION: 27
   at Npgsql.Internal.NpgsqlConnector.ReadMessageLong(Boolean async, DataRowLoadingMode dataRowLoadingMode, Boolean readingNotifications, Boolean isReadingPrependedMessage)
   at System.Runtime.CompilerServices.PoolingAsyncValueTaskMethodBuilder`1.StateMachineBox`1.System.Threading.Tasks.Sources.IValueTaskSource<TResult>.GetResult(Int16 token)
   at Npgsql.NpgsqlDataReader.NextResult(Boolean async, Boolean isConsuming, CancellationToken cancellationToken)
   at Npgsql.NpgsqlDataReader.NextResult(Boolean async, Boolean isConsuming, CancellationToken cancellationToken)
   at Npgsql.NpgsqlCommand.ExecuteReader(Boolean async, CommandBehavior behavior, CancellationToken cancellationToken)
   at Npgsql.NpgsqlCommand.ExecuteReader(Boolean async, CommandBehavior behavior, CancellationToken cancellationToken)
   at Npgsql.NpgsqlCommand.ExecuteDbDataReaderAsync(CommandBehavior behavior, CancellationToken cancellationToken)
   at Microsoft.EntityFrameworkCore.Storage.RelationalCommand.ExecuteReaderAsync(RelationalCommandParameterObject parameterObject, CancellationToken cancellationToken)
   at Microsoft.EntityFrameworkCore.Storage.RelationalCommand.ExecuteReaderAsync(RelationalCommandParameterObject parameterObject, CancellationToken cancellationToken)
   at Microsoft.EntityFrameworkCore.Query.Internal.SingleQueryingEnumerable`1.AsyncEnumerator.InitializeReaderAsync(AsyncEnumerator enumerator, CancellationToken cancellationToken)
   at Npgsql.EntityFrameworkCore.PostgreSQL.Storage.Internal.NpgsqlExecutionStrategy.ExecuteAsync[TState,TResult](TState state, Func`4 operation, Func`4 verifySucceeded, CancellationToken cancellationToken)
   at Microsoft.EntityFrameworkCore.Query.Internal.SingleQueryingEnumerable`1.AsyncEnumerator.MoveNextAsync()
  Exception data:
    Severity: ERROR
    SqlState: 42P01
    MessageText: relation "genres" does not exist
    Position: 27
    File: parse_relation.c
    Line: 1452
    Routine: parserOpenTable
Npgsql.PostgresException (0x80004005): 42P01: relation "genres" does not exist

POSITION: 27
   at Npgsql.Internal.NpgsqlConnector.ReadMessageLong(Boolean async, DataRowLoadingMode dataRowLoadingMode, Boolean readingNotifications, Boolean isReadingPrependedMessage)
   at System.Runtime.CompilerServices.PoolingAsyncValueTaskMethodBuilder`1.StateMachineBox`1.System.Threading.Tasks.Sources.IValueTaskSource<TResult>.GetResult(Int16 token)
   at Npgsql.NpgsqlDataReader.NextResult(Boolean async, Boolean isConsuming, CancellationToken cancellationToken)
   at Npgsql.NpgsqlDataReader.NextResult(Boolean async, Boolean isConsuming, CancellationToken cancellationToken)
   at Npgsql.NpgsqlCommand.ExecuteReader(Boolean async, CommandBehavior behavior, CancellationToken cancellationToken)
   at Npgsql.NpgsqlCommand.ExecuteReader(Boolean async, CommandBehavior behavior, CancellationToken cancellationToken)
   at Npgsql.NpgsqlCommand.ExecuteDbDataReaderAsync(CommandBehavior behavior, CancellationToken cancellationToken)
   at Microsoft.EntityFrameworkCore.Storage.RelationalCommand.ExecuteReaderAsync(RelationalCommandParameterObject parameterObject, CancellationToken cancellationToken)
   at Microsoft.EntityFrameworkCore.Storage.RelationalCommand.ExecuteReaderAsync(RelationalCommandParameterObject parameterObject, CancellationToken cancellationToken)
   at Microsoft.EntityFrameworkCore.Query.Internal.SingleQueryingEnumerable`1.AsyncEnumerator.InitializeReaderAsync(AsyncEnumerator enumerator, CancellationToken cancellationToken)
   at Npgsql.EntityFrameworkCore.PostgreSQL.Storage.Internal.NpgsqlExecutionStrategy.ExecuteAsync[TState,TResult](TState state, Func`4 operation, Func`4 verifySucceeded, CancellationToken cancellationToken)
   at Microsoft.EntityFrameworkCore.Query.Internal.SingleQueryingEnumerable`1.AsyncEnumerator.MoveNextAsync()
  Exception data:
    Severity: ERROR
    SqlState: 42P01
    MessageText: relation "genres" does not exist
    Position: 27
    File: parse_relation.c
    Line: 1452
    Routine: parserOpenTable
2025-11-24 12:28:36.386 +02:00 [INF] Executed action CatalogService.Api.Controllers.BooksController.GetAll (CatalogService.Api) in 167.8207ms
2025-11-24 12:28:36.454 +02:00 [INF] Executed action CatalogService.Api.Controllers.AuthorsController.GetAll (CatalogService.Api) in 220.9837ms
2025-11-24 12:28:36.492 +02:00 [INF] Executed action CatalogService.Api.Controllers.GenresController.GetAll (CatalogService.Api) in 242.6926ms
2025-11-24 12:28:36.494 +02:00 [INF] Executed endpoint 'CatalogService.Api.Controllers.BooksController.GetAll (CatalogService.Api)'
2025-11-24 12:28:36.504 +02:00 [INF] Executed endpoint 'CatalogService.Api.Controllers.AuthorsController.GetAll (CatalogService.Api)'
2025-11-24 12:28:36.514 +02:00 [INF] Executed endpoint 'CatalogService.Api.Controllers.GenresController.GetAll (CatalogService.Api)'
2025-11-24 12:28:36.559 +02:00 [ERR] An unhandled exception has occurred while executing the request.
Npgsql.PostgresException (0x80004005): 42P01: relation "books" does not exist

POSITION: 95
   at Npgsql.Internal.NpgsqlConnector.ReadMessageLong(Boolean async, DataRowLoadingMode dataRowLoadingMode, Boolean readingNotifications, Boolean isReadingPrependedMessage)
   at System.Runtime.CompilerServices.PoolingAsyncValueTaskMethodBuilder`1.StateMachineBox`1.System.Threading.Tasks.Sources.IValueTaskSource<TResult>.GetResult(Int16 token)
   at Npgsql.NpgsqlDataReader.NextResult(Boolean async, Boolean isConsuming, CancellationToken cancellationToken)
   at Npgsql.NpgsqlDataReader.NextResult(Boolean async, Boolean isConsuming, CancellationToken cancellationToken)
   at Npgsql.NpgsqlCommand.ExecuteReader(Boolean async, CommandBehavior behavior, CancellationToken cancellationToken)
   at Npgsql.NpgsqlCommand.ExecuteReader(Boolean async, CommandBehavior behavior, CancellationToken cancellationToken)
   at Npgsql.NpgsqlCommand.ExecuteDbDataReaderAsync(CommandBehavior behavior, CancellationToken cancellationToken)
   at Microsoft.EntityFrameworkCore.Storage.RelationalCommand.ExecuteReaderAsync(RelationalCommandParameterObject parameterObject, CancellationToken cancellationToken)
   at Microsoft.EntityFrameworkCore.Storage.RelationalCommand.ExecuteReaderAsync(RelationalCommandParameterObject parameterObject, CancellationToken cancellationToken)
   at Microsoft.EntityFrameworkCore.Query.Internal.SingleQueryingEnumerable`1.AsyncEnumerator.InitializeReaderAsync(AsyncEnumerator enumerator, CancellationToken cancellationToken)
   at Npgsql.EntityFrameworkCore.PostgreSQL.Storage.Internal.NpgsqlExecutionStrategy.ExecuteAsync[TState,TResult](TState state, Func`4 operation, Func`4 verifySucceeded, CancellationToken cancellationToken)
   at Microsoft.EntityFrameworkCore.Query.Internal.SingleQueryingEnumerable`1.AsyncEnumerator.MoveNextAsync()
   at Microsoft.EntityFrameworkCore.EntityFrameworkQueryableExtensions.ToListAsync[TSource](IQueryable`1 source, CancellationToken cancellationToken)
   at Microsoft.EntityFrameworkCore.EntityFrameworkQueryableExtensions.ToListAsync[TSource](IQueryable`1 source, CancellationToken cancellationToken)
   at CatalogService.Bll.Services.BookService.GetAllAsync() in C:\Users\Admin\Documents\projects\LibrarySystem\CatalogService\CatalogService.Bll\Services\BookService.cs:line 24
   at CatalogService.Api.Controllers.BooksController.GetAll() in C:\Users\Admin\Documents\projects\LibrarySystem\CatalogService\CatalogService.Api\Controllers\BooksController.cs:line 16
   at Microsoft.AspNetCore.Mvc.Infrastructure.ActionMethodExecutor.TaskOfIActionResultExecutor.Execute(ActionContext actionContext, IActionResultTypeMapper mapper, ObjectMethodExecutor executor, Object controller, Object[] arguments)
   at Microsoft.AspNetCore.Mvc.Infrastructure.ControllerActionInvoker.<InvokeActionMethodAsync>g__Awaited|12_0(ControllerActionInvoker invoker, ValueTask`1 actionResultValueTask)
   at Microsoft.AspNetCore.Mvc.Infrastructure.ControllerActionInvoker.<InvokeNextActionFilterAsync>g__Awaited|10_0(ControllerActionInvoker invoker, Task lastTask, State next, Scope scope, Object state, Boolean isCompleted)
   at Microsoft.AspNetCore.Mvc.Infrastructure.ControllerActionInvoker.Rethrow(ActionExecutedContextSealed context)
   at Microsoft.AspNetCore.Mvc.Infrastructure.ControllerActionInvoker.Next(State& next, Scope& scope, Object& state, Boolean& isCompleted)
   at Microsoft.AspNetCore.Mvc.Infrastructure.ControllerActionInvoker.<InvokeInnerFilterAsync>g__Awaited|13_0(ControllerActionInvoker invoker, Task lastTask, State next, Scope scope, Object state, Boolean isCompleted)
   at Microsoft.AspNetCore.Mvc.Infrastructure.ResourceInvoker.<InvokeFilterPipelineAsync>g__Awaited|20_0(ResourceInvoker invoker, Task lastTask, State next, Scope scope, Object state, Boolean isCompleted)
   at Microsoft.AspNetCore.Mvc.Infrastructure.ResourceInvoker.<InvokeAsync>g__Logged|17_1(ResourceInvoker invoker)
   at Microsoft.AspNetCore.Mvc.Infrastructure.ResourceInvoker.<InvokeAsync>g__Logged|17_1(ResourceInvoker invoker)
   at Microsoft.AspNetCore.Routing.EndpointMiddleware.<Invoke>g__AwaitRequestTask|7_0(Endpoint endpoint, Task requestTask, ILogger logger)
   at Swashbuckle.AspNetCore.SwaggerUI.SwaggerUIMiddleware.Invoke(HttpContext httpContext)
   at Swashbuckle.AspNetCore.Swagger.SwaggerMiddleware.Invoke(HttpContext httpContext, ISwaggerProvider swaggerProvider)
   at Hellang.Middleware.ProblemDetails.ProblemDetailsMiddleware.Invoke(HttpContext context)
  Exception data:
    Severity: ERROR
    SqlState: 42P01
    MessageText: relation "books" does not exist
    Position: 95
    File: parse_relation.c
    Line: 1452
    Routine: parserOpenTable
2025-11-24 12:28:36.564 +02:00 [ERR] An unhandled exception has occurred while executing the request.
Npgsql.PostgresException (0x80004005): 42P01: relation "authors" does not exist

POSITION: 27
   at Npgsql.Internal.NpgsqlConnector.ReadMessageLong(Boolean async, DataRowLoadingMode dataRowLoadingMode, Boolean readingNotifications, Boolean isReadingPrependedMessage)
   at System.Runtime.CompilerServices.PoolingAsyncValueTaskMethodBuilder`1.StateMachineBox`1.System.Threading.Tasks.Sources.IValueTaskSource<TResult>.GetResult(Int16 token)
   at Npgsql.NpgsqlDataReader.NextResult(Boolean async, Boolean isConsuming, CancellationToken cancellationToken)
   at Npgsql.NpgsqlDataReader.NextResult(Boolean async, Boolean isConsuming, CancellationToken cancellationToken)
   at Npgsql.NpgsqlCommand.ExecuteReader(Boolean async, CommandBehavior behavior, CancellationToken cancellationToken)
   at Npgsql.NpgsqlCommand.ExecuteReader(Boolean async, CommandBehavior behavior, CancellationToken cancellationToken)
   at Npgsql.NpgsqlCommand.ExecuteDbDataReaderAsync(CommandBehavior behavior, CancellationToken cancellationToken)
   at Microsoft.EntityFrameworkCore.Storage.RelationalCommand.ExecuteReaderAsync(RelationalCommandParameterObject parameterObject, CancellationToken cancellationToken)
   at Microsoft.EntityFrameworkCore.Storage.RelationalCommand.ExecuteReaderAsync(RelationalCommandParameterObject parameterObject, CancellationToken cancellationToken)
   at Microsoft.EntityFrameworkCore.Query.Internal.SingleQueryingEnumerable`1.AsyncEnumerator.InitializeReaderAsync(AsyncEnumerator enumerator, CancellationToken cancellationToken)
   at Npgsql.EntityFrameworkCore.PostgreSQL.Storage.Internal.NpgsqlExecutionStrategy.ExecuteAsync[TState,TResult](TState state, Func`4 operation, Func`4 verifySucceeded, CancellationToken cancellationToken)
   at Microsoft.EntityFrameworkCore.Query.Internal.SingleQueryingEnumerable`1.AsyncEnumerator.MoveNextAsync()
   at Microsoft.EntityFrameworkCore.EntityFrameworkQueryableExtensions.ToListAsync[TSource](IQueryable`1 source, CancellationToken cancellationToken)
   at Microsoft.EntityFrameworkCore.EntityFrameworkQueryableExtensions.ToListAsync[TSource](IQueryable`1 source, CancellationToken cancellationToken)
   at CatalogService.Dal.Repositories.GenericRepository`1.GetAllAsync() in C:\Users\Admin\Documents\projects\LibrarySystem\CatalogService\CatalogService.Dal\Repositories\GenericRepository.cs:line 10
   at CatalogService.Bll.Services.AuthorService.GetAllAsync() in C:\Users\Admin\Documents\projects\LibrarySystem\CatalogService\CatalogService.Bll\Services\AuthorService.cs:line 21
   at CatalogService.Api.Controllers.AuthorsController.GetAll() in C:\Users\Admin\Documents\projects\LibrarySystem\CatalogService\CatalogService.Api\Controllers\AuthorsController.cs:line 16
   at Microsoft.AspNetCore.Mvc.Infrastructure.ActionMethodExecutor.TaskOfIActionResultExecutor.Execute(ActionContext actionContext, IActionResultTypeMapper mapper, ObjectMethodExecutor executor, Object controller, Object[] arguments)
   at Microsoft.AspNetCore.Mvc.Infrastructure.ControllerActionInvoker.<InvokeActionMethodAsync>g__Awaited|12_0(ControllerActionInvoker invoker, ValueTask`1 actionResultValueTask)
   at Microsoft.AspNetCore.Mvc.Infrastructure.ControllerActionInvoker.<InvokeNextActionFilterAsync>g__Awaited|10_0(ControllerActionInvoker invoker, Task lastTask, State next, Scope scope, Object state, Boolean isCompleted)
   at Microsoft.AspNetCore.Mvc.Infrastructure.ControllerActionInvoker.Rethrow(ActionExecutedContextSealed context)
   at Microsoft.AspNetCore.Mvc.Infrastructure.ControllerActionInvoker.Next(State& next, Scope& scope, Object& state, Boolean& isCompleted)
   at Microsoft.AspNetCore.Mvc.Infrastructure.ControllerActionInvoker.<InvokeInnerFilterAsync>g__Awaited|13_0(ControllerActionInvoker invoker, Task lastTask, State next, Scope scope, Object state, Boolean isCompleted)
   at Microsoft.AspNetCore.Mvc.Infrastructure.ResourceInvoker.<InvokeFilterPipelineAsync>g__Awaited|20_0(ResourceInvoker invoker, Task lastTask, State next, Scope scope, Object state, Boolean isCompleted)
   at Microsoft.AspNetCore.Mvc.Infrastructure.ResourceInvoker.<InvokeAsync>g__Logged|17_1(ResourceInvoker invoker)
   at Microsoft.AspNetCore.Mvc.Infrastructure.ResourceInvoker.<InvokeAsync>g__Logged|17_1(ResourceInvoker invoker)
   at Microsoft.AspNetCore.Routing.EndpointMiddleware.<Invoke>g__AwaitRequestTask|7_0(Endpoint endpoint, Task requestTask, ILogger logger)
   at Swashbuckle.AspNetCore.SwaggerUI.SwaggerUIMiddleware.Invoke(HttpContext httpContext)
   at Swashbuckle.AspNetCore.Swagger.SwaggerMiddleware.Invoke(HttpContext httpContext, ISwaggerProvider swaggerProvider)
   at Hellang.Middleware.ProblemDetails.ProblemDetailsMiddleware.Invoke(HttpContext context)
  Exception data:
    Severity: ERROR
    SqlState: 42P01
    MessageText: relation "authors" does not exist
    Position: 27
    File: parse_relation.c
    Line: 1452
    Routine: parserOpenTable
2025-11-24 12:28:36.568 +02:00 [ERR] An unhandled exception has occurred while executing the request.
Npgsql.PostgresException (0x80004005): 42P01: relation "genres" does not exist

POSITION: 27
   at Npgsql.Internal.NpgsqlConnector.ReadMessageLong(Boolean async, DataRowLoadingMode dataRowLoadingMode, Boolean readingNotifications, Boolean isReadingPrependedMessage)
   at System.Runtime.CompilerServices.PoolingAsyncValueTaskMethodBuilder`1.StateMachineBox`1.System.Threading.Tasks.Sources.IValueTaskSource<TResult>.GetResult(Int16 token)
   at Npgsql.NpgsqlDataReader.NextResult(Boolean async, Boolean isConsuming, CancellationToken cancellationToken)
   at Npgsql.NpgsqlDataReader.NextResult(Boolean async, Boolean isConsuming, CancellationToken cancellationToken)
   at Npgsql.NpgsqlCommand.ExecuteReader(Boolean async, CommandBehavior behavior, CancellationToken cancellationToken)
   at Npgsql.NpgsqlCommand.ExecuteReader(Boolean async, CommandBehavior behavior, CancellationToken cancellationToken)
   at Npgsql.NpgsqlCommand.ExecuteDbDataReaderAsync(CommandBehavior behavior, CancellationToken cancellationToken)
   at Microsoft.EntityFrameworkCore.Storage.RelationalCommand.ExecuteReaderAsync(RelationalCommandParameterObject parameterObject, CancellationToken cancellationToken)
   at Microsoft.EntityFrameworkCore.Storage.RelationalCommand.ExecuteReaderAsync(RelationalCommandParameterObject parameterObject, CancellationToken cancellationToken)
   at Microsoft.EntityFrameworkCore.Query.Internal.SingleQueryingEnumerable`1.AsyncEnumerator.InitializeReaderAsync(AsyncEnumerator enumerator, CancellationToken cancellationToken)
   at Npgsql.EntityFrameworkCore.PostgreSQL.Storage.Internal.NpgsqlExecutionStrategy.ExecuteAsync[TState,TResult](TState state, Func`4 operation, Func`4 verifySucceeded, CancellationToken cancellationToken)
   at Microsoft.EntityFrameworkCore.Query.Internal.SingleQueryingEnumerable`1.AsyncEnumerator.MoveNextAsync()
   at Microsoft.EntityFrameworkCore.EntityFrameworkQueryableExtensions.ToListAsync[TSource](IQueryable`1 source, CancellationToken cancellationToken)
   at Microsoft.EntityFrameworkCore.EntityFrameworkQueryableExtensions.ToListAsync[TSource](IQueryable`1 source, CancellationToken cancellationToken)
   at CatalogService.Dal.Repositories.GenericRepository`1.GetAllAsync() in C:\Users\Admin\Documents\projects\LibrarySystem\CatalogService\CatalogService.Dal\Repositories\GenericRepository.cs:line 10
   at CatalogService.Bll.Services.GenreService.GetAllAsync() in C:\Users\Admin\Documents\projects\LibrarySystem\CatalogService\CatalogService.Bll\Services\GenreService.cs:line 21
   at CatalogService.Api.Controllers.GenresController.GetAll() in C:\Users\Admin\Documents\projects\LibrarySystem\CatalogService\CatalogService.Api\Controllers\GenresController.cs:line 16
   at Microsoft.AspNetCore.Mvc.Infrastructure.ActionMethodExecutor.TaskOfIActionResultExecutor.Execute(ActionContext actionContext, IActionResultTypeMapper mapper, ObjectMethodExecutor executor, Object controller, Object[] arguments)
   at Microsoft.AspNetCore.Mvc.Infrastructure.ControllerActionInvoker.<InvokeActionMethodAsync>g__Awaited|12_0(ControllerActionInvoker invoker, ValueTask`1 actionResultValueTask)
   at Microsoft.AspNetCore.Mvc.Infrastructure.ControllerActionInvoker.<InvokeNextActionFilterAsync>g__Awaited|10_0(ControllerActionInvoker invoker, Task lastTask, State next, Scope scope, Object state, Boolean isCompleted)
   at Microsoft.AspNetCore.Mvc.Infrastructure.ControllerActionInvoker.Rethrow(ActionExecutedContextSealed context)
   at Microsoft.AspNetCore.Mvc.Infrastructure.ControllerActionInvoker.Next(State& next, Scope& scope, Object& state, Boolean& isCompleted)
   at Microsoft.AspNetCore.Mvc.Infrastructure.ControllerActionInvoker.<InvokeInnerFilterAsync>g__Awaited|13_0(ControllerActionInvoker invoker, Task lastTask, State next, Scope scope, Object state, Boolean isCompleted)
   at Microsoft.AspNetCore.Mvc.Infrastructure.ResourceInvoker.<InvokeFilterPipelineAsync>g__Awaited|20_0(ResourceInvoker invoker, Task lastTask, State next, Scope scope, Object state, Boolean isCompleted)
   at Microsoft.AspNetCore.Mvc.Infrastructure.ResourceInvoker.<InvokeAsync>g__Logged|17_1(ResourceInvoker invoker)
   at Microsoft.AspNetCore.Mvc.Infrastructure.ResourceInvoker.<InvokeAsync>g__Logged|17_1(ResourceInvoker invoker)
   at Microsoft.AspNetCore.Routing.EndpointMiddleware.<Invoke>g__AwaitRequestTask|7_0(Endpoint endpoint, Task requestTask, ILogger logger)
   at Swashbuckle.AspNetCore.SwaggerUI.SwaggerUIMiddleware.Invoke(HttpContext httpContext)
   at Swashbuckle.AspNetCore.Swagger.SwaggerMiddleware.Invoke(HttpContext httpContext, ISwaggerProvider swaggerProvider)
   at Hellang.Middleware.ProblemDetails.ProblemDetailsMiddleware.Invoke(HttpContext context)
  Exception data:
    Severity: ERROR
    SqlState: 42P01
    MessageText: relation "genres" does not exist
    Position: 27
    File: parse_relation.c
    Line: 1452
    Routine: parserOpenTable
2025-11-24 12:28:36.647 +02:00 [INF] Executing ObjectResult, writing value of type 'Microsoft.AspNetCore.Mvc.ProblemDetails'.
2025-11-24 12:28:36.730 +02:00 [INF] Executing ObjectResult, writing value of type 'Microsoft.AspNetCore.Mvc.ProblemDetails'.
2025-11-24 12:28:36.812 +02:00 [INF] Executing ObjectResult, writing value of type 'Microsoft.AspNetCore.Mvc.ProblemDetails'.
2025-11-24 12:28:36.814 +02:00 [INF] Request finished HTTP/1.1 GET http://localhost:5180/api/books - 500 null application/problem+json; charset=utf-8 706.2141ms
2025-11-24 12:28:36.817 +02:00 [INF] Request finished HTTP/1.1 GET http://localhost:5180/api/authors - 500 null application/problem+json; charset=utf-8 708.1469ms
2025-11-24 12:28:36.832 +02:00 [INF] Request finished HTTP/1.1 GET http://localhost:5180/api/genres - 500 null application/problem+json; charset=utf-8 720.2727ms
2025-11-24 12:28:36.860 +02:00 [INF] Request starting HTTP/1.1 GET http://localhost:5180/api/books - null null
2025-11-24 12:28:36.862 +02:00 [INF] Request starting HTTP/1.1 GET http://localhost:5180/api/authors - null null
2025-11-24 12:28:36.864 +02:00 [INF] Request starting HTTP/1.1 GET http://localhost:5180/api/genres - null null
2025-11-24 12:28:36.936 +02:00 [INF] Executing endpoint 'CatalogService.Api.Controllers.BooksController.GetAll (CatalogService.Api)'
2025-11-24 12:28:36.959 +02:00 [INF] Executing endpoint 'CatalogService.Api.Controllers.AuthorsController.GetAll (CatalogService.Api)'
2025-11-24 12:28:36.980 +02:00 [INF] Executing endpoint 'CatalogService.Api.Controllers.GenresController.GetAll (CatalogService.Api)'
2025-11-24 12:28:36.989 +02:00 [INF] Route matched with {action = "GetAll", controller = "Books"}. Executing controller action with signature System.Threading.Tasks.Task`1[Microsoft.AspNetCore.Mvc.IActionResult] GetAll() on controller CatalogService.Api.Controllers.BooksController (CatalogService.Api).
2025-11-24 12:28:36.998 +02:00 [INF] Route matched with {action = "GetAll", controller = "Authors"}. Executing controller action with signature System.Threading.Tasks.Task`1[Microsoft.AspNetCore.Mvc.IActionResult] GetAll() on controller CatalogService.Api.Controllers.AuthorsController (CatalogService.Api).
2025-11-24 12:28:37.007 +02:00 [INF] Route matched with {action = "GetAll", controller = "Genres"}. Executing controller action with signature System.Threading.Tasks.Task`1[Microsoft.AspNetCore.Mvc.IActionResult] GetAll() on controller CatalogService.Api.Controllers.GenresController (CatalogService.Api).
2025-11-24 12:28:37.029 +02:00 [ERR] Failed executing DbCommand (3ms) [Parameters=[], CommandType='"Text"', CommandTimeout='30']
SELECT b.id, b.authorid, b.genreid, b.is_available, b.title, a.id, a.name, g.id, g.name
FROM books AS b
INNER JOIN authors AS a ON b.authorid = a.id
INNER JOIN genres AS g ON b.genreid = g.id
2025-11-24 12:28:37.042 +02:00 [ERR] Failed executing DbCommand (2ms) [Parameters=[], CommandType='"Text"', CommandTimeout='30']
SELECT a.id, a.name
FROM authors AS a
2025-11-24 12:28:37.059 +02:00 [ERR] Failed executing DbCommand (3ms) [Parameters=[], CommandType='"Text"', CommandTimeout='30']
SELECT g.id, g.name
FROM genres AS g
2025-11-24 12:28:37.080 +02:00 [ERR] An exception occurred while iterating over the results of a query for context type 'CatalogService.Dal.CatalogDbContext'.
Npgsql.PostgresException (0x80004005): 42P01: relation "books" does not exist

POSITION: 95
   at Npgsql.Internal.NpgsqlConnector.ReadMessageLong(Boolean async, DataRowLoadingMode dataRowLoadingMode, Boolean readingNotifications, Boolean isReadingPrependedMessage)
   at System.Runtime.CompilerServices.PoolingAsyncValueTaskMethodBuilder`1.StateMachineBox`1.System.Threading.Tasks.Sources.IValueTaskSource<TResult>.GetResult(Int16 token)
   at Npgsql.NpgsqlDataReader.NextResult(Boolean async, Boolean isConsuming, CancellationToken cancellationToken)
   at Npgsql.NpgsqlDataReader.NextResult(Boolean async, Boolean isConsuming, CancellationToken cancellationToken)
   at Npgsql.NpgsqlCommand.ExecuteReader(Boolean async, CommandBehavior behavior, CancellationToken cancellationToken)
   at Npgsql.NpgsqlCommand.ExecuteReader(Boolean async, CommandBehavior behavior, CancellationToken cancellationToken)
   at Npgsql.NpgsqlCommand.ExecuteDbDataReaderAsync(CommandBehavior behavior, CancellationToken cancellationToken)
   at Microsoft.EntityFrameworkCore.Storage.RelationalCommand.ExecuteReaderAsync(RelationalCommandParameterObject parameterObject, CancellationToken cancellationToken)
   at Microsoft.EntityFrameworkCore.Storage.RelationalCommand.ExecuteReaderAsync(RelationalCommandParameterObject parameterObject, CancellationToken cancellationToken)
   at Microsoft.EntityFrameworkCore.Query.Internal.SingleQueryingEnumerable`1.AsyncEnumerator.InitializeReaderAsync(AsyncEnumerator enumerator, CancellationToken cancellationToken)
   at Npgsql.EntityFrameworkCore.PostgreSQL.Storage.Internal.NpgsqlExecutionStrategy.ExecuteAsync[TState,TResult](TState state, Func`4 operation, Func`4 verifySucceeded, CancellationToken cancellationToken)
   at Microsoft.EntityFrameworkCore.Query.Internal.SingleQueryingEnumerable`1.AsyncEnumerator.MoveNextAsync()
  Exception data:
    Severity: ERROR
    SqlState: 42P01
    MessageText: relation "books" does not exist
    Position: 95
    File: parse_relation.c
    Line: 1452
    Routine: parserOpenTable
Npgsql.PostgresException (0x80004005): 42P01: relation "books" does not exist

POSITION: 95
   at Npgsql.Internal.NpgsqlConnector.ReadMessageLong(Boolean async, DataRowLoadingMode dataRowLoadingMode, Boolean readingNotifications, Boolean isReadingPrependedMessage)
   at System.Runtime.CompilerServices.PoolingAsyncValueTaskMethodBuilder`1.StateMachineBox`1.System.Threading.Tasks.Sources.IValueTaskSource<TResult>.GetResult(Int16 token)
   at Npgsql.NpgsqlDataReader.NextResult(Boolean async, Boolean isConsuming, CancellationToken cancellationToken)
   at Npgsql.NpgsqlDataReader.NextResult(Boolean async, Boolean isConsuming, CancellationToken cancellationToken)
   at Npgsql.NpgsqlCommand.ExecuteReader(Boolean async, CommandBehavior behavior, CancellationToken cancellationToken)
   at Npgsql.NpgsqlCommand.ExecuteReader(Boolean async, CommandBehavior behavior, CancellationToken cancellationToken)
   at Npgsql.NpgsqlCommand.ExecuteDbDataReaderAsync(CommandBehavior behavior, CancellationToken cancellationToken)
   at Microsoft.EntityFrameworkCore.Storage.RelationalCommand.ExecuteReaderAsync(RelationalCommandParameterObject parameterObject, CancellationToken cancellationToken)
   at Microsoft.EntityFrameworkCore.Storage.RelationalCommand.ExecuteReaderAsync(RelationalCommandParameterObject parameterObject, CancellationToken cancellationToken)
   at Microsoft.EntityFrameworkCore.Query.Internal.SingleQueryingEnumerable`1.AsyncEnumerator.InitializeReaderAsync(AsyncEnumerator enumerator, CancellationToken cancellationToken)
   at Npgsql.EntityFrameworkCore.PostgreSQL.Storage.Internal.NpgsqlExecutionStrategy.ExecuteAsync[TState,TResult](TState state, Func`4 operation, Func`4 verifySucceeded, CancellationToken cancellationToken)
   at Microsoft.EntityFrameworkCore.Query.Internal.SingleQueryingEnumerable`1.AsyncEnumerator.MoveNextAsync()
  Exception data:
    Severity: ERROR
    SqlState: 42P01
    MessageText: relation "books" does not exist
    Position: 95
    File: parse_relation.c
    Line: 1452
    Routine: parserOpenTable
2025-11-24 12:28:37.096 +02:00 [ERR] An exception occurred while iterating over the results of a query for context type 'CatalogService.Dal.CatalogDbContext'.
Npgsql.PostgresException (0x80004005): 42P01: relation "authors" does not exist

POSITION: 27
   at Npgsql.Internal.NpgsqlConnector.ReadMessageLong(Boolean async, DataRowLoadingMode dataRowLoadingMode, Boolean readingNotifications, Boolean isReadingPrependedMessage)
   at System.Runtime.CompilerServices.PoolingAsyncValueTaskMethodBuilder`1.StateMachineBox`1.System.Threading.Tasks.Sources.IValueTaskSource<TResult>.GetResult(Int16 token)
   at Npgsql.NpgsqlDataReader.NextResult(Boolean async, Boolean isConsuming, CancellationToken cancellationToken)
   at Npgsql.NpgsqlDataReader.NextResult(Boolean async, Boolean isConsuming, CancellationToken cancellationToken)
   at Npgsql.NpgsqlCommand.ExecuteReader(Boolean async, CommandBehavior behavior, CancellationToken cancellationToken)
   at Npgsql.NpgsqlCommand.ExecuteReader(Boolean async, CommandBehavior behavior, CancellationToken cancellationToken)
   at Npgsql.NpgsqlCommand.ExecuteDbDataReaderAsync(CommandBehavior behavior, CancellationToken cancellationToken)
   at Microsoft.EntityFrameworkCore.Storage.RelationalCommand.ExecuteReaderAsync(RelationalCommandParameterObject parameterObject, CancellationToken cancellationToken)
   at Microsoft.EntityFrameworkCore.Storage.RelationalCommand.ExecuteReaderAsync(RelationalCommandParameterObject parameterObject, CancellationToken cancellationToken)
   at Microsoft.EntityFrameworkCore.Query.Internal.SingleQueryingEnumerable`1.AsyncEnumerator.InitializeReaderAsync(AsyncEnumerator enumerator, CancellationToken cancellationToken)
   at Npgsql.EntityFrameworkCore.PostgreSQL.Storage.Internal.NpgsqlExecutionStrategy.ExecuteAsync[TState,TResult](TState state, Func`4 operation, Func`4 verifySucceeded, CancellationToken cancellationToken)
   at Microsoft.EntityFrameworkCore.Query.Internal.SingleQueryingEnumerable`1.AsyncEnumerator.MoveNextAsync()
  Exception data:
    Severity: ERROR
    SqlState: 42P01
    MessageText: relation "authors" does not exist
    Position: 27
    File: parse_relation.c
    Line: 1452
    Routine: parserOpenTable
Npgsql.PostgresException (0x80004005): 42P01: relation "authors" does not exist

POSITION: 27
   at Npgsql.Internal.NpgsqlConnector.ReadMessageLong(Boolean async, DataRowLoadingMode dataRowLoadingMode, Boolean readingNotifications, Boolean isReadingPrependedMessage)
   at System.Runtime.CompilerServices.PoolingAsyncValueTaskMethodBuilder`1.StateMachineBox`1.System.Threading.Tasks.Sources.IValueTaskSource<TResult>.GetResult(Int16 token)
   at Npgsql.NpgsqlDataReader.NextResult(Boolean async, Boolean isConsuming, CancellationToken cancellationToken)
   at Npgsql.NpgsqlDataReader.NextResult(Boolean async, Boolean isConsuming, CancellationToken cancellationToken)
   at Npgsql.NpgsqlCommand.ExecuteReader(Boolean async, CommandBehavior behavior, CancellationToken cancellationToken)
   at Npgsql.NpgsqlCommand.ExecuteReader(Boolean async, CommandBehavior behavior, CancellationToken cancellationToken)
   at Npgsql.NpgsqlCommand.ExecuteDbDataReaderAsync(CommandBehavior behavior, CancellationToken cancellationToken)
   at Microsoft.EntityFrameworkCore.Storage.RelationalCommand.ExecuteReaderAsync(RelationalCommandParameterObject parameterObject, CancellationToken cancellationToken)
   at Microsoft.EntityFrameworkCore.Storage.RelationalCommand.ExecuteReaderAsync(RelationalCommandParameterObject parameterObject, CancellationToken cancellationToken)
   at Microsoft.EntityFrameworkCore.Query.Internal.SingleQueryingEnumerable`1.AsyncEnumerator.InitializeReaderAsync(AsyncEnumerator enumerator, CancellationToken cancellationToken)
   at Npgsql.EntityFrameworkCore.PostgreSQL.Storage.Internal.NpgsqlExecutionStrategy.ExecuteAsync[TState,TResult](TState state, Func`4 operation, Func`4 verifySucceeded, CancellationToken cancellationToken)
   at Microsoft.EntityFrameworkCore.Query.Internal.SingleQueryingEnumerable`1.AsyncEnumerator.MoveNextAsync()
  Exception data:
    Severity: ERROR
    SqlState: 42P01
    MessageText: relation "authors" does not exist
    Position: 27
    File: parse_relation.c
    Line: 1452
    Routine: parserOpenTable
2025-11-24 12:28:37.115 +02:00 [ERR] An exception occurred while iterating over the results of a query for context type 'CatalogService.Dal.CatalogDbContext'.
Npgsql.PostgresException (0x80004005): 42P01: relation "genres" does not exist

POSITION: 27
   at Npgsql.Internal.NpgsqlConnector.ReadMessageLong(Boolean async, DataRowLoadingMode dataRowLoadingMode, Boolean readingNotifications, Boolean isReadingPrependedMessage)
   at System.Runtime.CompilerServices.PoolingAsyncValueTaskMethodBuilder`1.StateMachineBox`1.System.Threading.Tasks.Sources.IValueTaskSource<TResult>.GetResult(Int16 token)
   at Npgsql.NpgsqlDataReader.NextResult(Boolean async, Boolean isConsuming, CancellationToken cancellationToken)
   at Npgsql.NpgsqlDataReader.NextResult(Boolean async, Boolean isConsuming, CancellationToken cancellationToken)
   at Npgsql.NpgsqlCommand.ExecuteReader(Boolean async, CommandBehavior behavior, CancellationToken cancellationToken)
   at Npgsql.NpgsqlCommand.ExecuteReader(Boolean async, CommandBehavior behavior, CancellationToken cancellationToken)
   at Npgsql.NpgsqlCommand.ExecuteDbDataReaderAsync(CommandBehavior behavior, CancellationToken cancellationToken)
   at Microsoft.EntityFrameworkCore.Storage.RelationalCommand.ExecuteReaderAsync(RelationalCommandParameterObject parameterObject, CancellationToken cancellationToken)
   at Microsoft.EntityFrameworkCore.Storage.RelationalCommand.ExecuteReaderAsync(RelationalCommandParameterObject parameterObject, CancellationToken cancellationToken)
   at Microsoft.EntityFrameworkCore.Query.Internal.SingleQueryingEnumerable`1.AsyncEnumerator.InitializeReaderAsync(AsyncEnumerator enumerator, CancellationToken cancellationToken)
   at Npgsql.EntityFrameworkCore.PostgreSQL.Storage.Internal.NpgsqlExecutionStrategy.ExecuteAsync[TState,TResult](TState state, Func`4 operation, Func`4 verifySucceeded, CancellationToken cancellationToken)
   at Microsoft.EntityFrameworkCore.Query.Internal.SingleQueryingEnumerable`1.AsyncEnumerator.MoveNextAsync()
  Exception data:
    Severity: ERROR
    SqlState: 42P01
    MessageText: relation "genres" does not exist
    Position: 27
    File: parse_relation.c
    Line: 1452
    Routine: parserOpenTable
Npgsql.PostgresException (0x80004005): 42P01: relation "genres" does not exist

POSITION: 27
   at Npgsql.Internal.NpgsqlConnector.ReadMessageLong(Boolean async, DataRowLoadingMode dataRowLoadingMode, Boolean readingNotifications, Boolean isReadingPrependedMessage)
   at System.Runtime.CompilerServices.PoolingAsyncValueTaskMethodBuilder`1.StateMachineBox`1.System.Threading.Tasks.Sources.IValueTaskSource<TResult>.GetResult(Int16 token)
   at Npgsql.NpgsqlDataReader.NextResult(Boolean async, Boolean isConsuming, CancellationToken cancellationToken)
   at Npgsql.NpgsqlDataReader.NextResult(Boolean async, Boolean isConsuming, CancellationToken cancellationToken)
   at Npgsql.NpgsqlCommand.ExecuteReader(Boolean async, CommandBehavior behavior, CancellationToken cancellationToken)
   at Npgsql.NpgsqlCommand.ExecuteReader(Boolean async, CommandBehavior behavior, CancellationToken cancellationToken)
   at Npgsql.NpgsqlCommand.ExecuteDbDataReaderAsync(CommandBehavior behavior, CancellationToken cancellationToken)
   at Microsoft.EntityFrameworkCore.Storage.RelationalCommand.ExecuteReaderAsync(RelationalCommandParameterObject parameterObject, CancellationToken cancellationToken)
   at Microsoft.EntityFrameworkCore.Storage.RelationalCommand.ExecuteReaderAsync(RelationalCommandParameterObject parameterObject, CancellationToken cancellationToken)
   at Microsoft.EntityFrameworkCore.Query.Internal.SingleQueryingEnumerable`1.AsyncEnumerator.InitializeReaderAsync(AsyncEnumerator enumerator, CancellationToken cancellationToken)
   at Npgsql.EntityFrameworkCore.PostgreSQL.Storage.Internal.NpgsqlExecutionStrategy.ExecuteAsync[TState,TResult](TState state, Func`4 operation, Func`4 verifySucceeded, CancellationToken cancellationToken)
   at Microsoft.EntityFrameworkCore.Query.Internal.SingleQueryingEnumerable`1.AsyncEnumerator.MoveNextAsync()
  Exception data:
    Severity: ERROR
    SqlState: 42P01
    MessageText: relation "genres" does not exist
    Position: 27
    File: parse_relation.c
    Line: 1452
    Routine: parserOpenTable
2025-11-24 12:28:37.165 +02:00 [INF] Executed action CatalogService.Api.Controllers.BooksController.GetAll (CatalogService.Api) in 143.809ms
2025-11-24 12:28:37.211 +02:00 [INF] Executed action CatalogService.Api.Controllers.AuthorsController.GetAll (CatalogService.Api) in 173.7418ms
2025-11-24 12:28:37.260 +02:00 [INF] Executed action CatalogService.Api.Controllers.GenresController.GetAll (CatalogService.Api) in 206.2804ms
2025-11-24 12:28:37.263 +02:00 [INF] Executed endpoint 'CatalogService.Api.Controllers.BooksController.GetAll (CatalogService.Api)'
2025-11-24 12:28:37.273 +02:00 [INF] Executed endpoint 'CatalogService.Api.Controllers.AuthorsController.GetAll (CatalogService.Api)'
2025-11-24 12:28:37.283 +02:00 [INF] Executed endpoint 'CatalogService.Api.Controllers.GenresController.GetAll (CatalogService.Api)'
2025-11-24 12:28:37.320 +02:00 [ERR] An unhandled exception has occurred while executing the request.
Npgsql.PostgresException (0x80004005): 42P01: relation "books" does not exist

POSITION: 95
   at Npgsql.Internal.NpgsqlConnector.ReadMessageLong(Boolean async, DataRowLoadingMode dataRowLoadingMode, Boolean readingNotifications, Boolean isReadingPrependedMessage)
   at System.Runtime.CompilerServices.PoolingAsyncValueTaskMethodBuilder`1.StateMachineBox`1.System.Threading.Tasks.Sources.IValueTaskSource<TResult>.GetResult(Int16 token)
   at Npgsql.NpgsqlDataReader.NextResult(Boolean async, Boolean isConsuming, CancellationToken cancellationToken)
   at Npgsql.NpgsqlDataReader.NextResult(Boolean async, Boolean isConsuming, CancellationToken cancellationToken)
   at Npgsql.NpgsqlCommand.ExecuteReader(Boolean async, CommandBehavior behavior, CancellationToken cancellationToken)
   at Npgsql.NpgsqlCommand.ExecuteReader(Boolean async, CommandBehavior behavior, CancellationToken cancellationToken)
   at Npgsql.NpgsqlCommand.ExecuteDbDataReaderAsync(CommandBehavior behavior, CancellationToken cancellationToken)
   at Microsoft.EntityFrameworkCore.Storage.RelationalCommand.ExecuteReaderAsync(RelationalCommandParameterObject parameterObject, CancellationToken cancellationToken)
   at Microsoft.EntityFrameworkCore.Storage.RelationalCommand.ExecuteReaderAsync(RelationalCommandParameterObject parameterObject, CancellationToken cancellationToken)
   at Microsoft.EntityFrameworkCore.Query.Internal.SingleQueryingEnumerable`1.AsyncEnumerator.InitializeReaderAsync(AsyncEnumerator enumerator, CancellationToken cancellationToken)
   at Npgsql.EntityFrameworkCore.PostgreSQL.Storage.Internal.NpgsqlExecutionStrategy.ExecuteAsync[TState,TResult](TState state, Func`4 operation, Func`4 verifySucceeded, CancellationToken cancellationToken)
   at Microsoft.EntityFrameworkCore.Query.Internal.SingleQueryingEnumerable`1.AsyncEnumerator.MoveNextAsync()
   at Microsoft.EntityFrameworkCore.EntityFrameworkQueryableExtensions.ToListAsync[TSource](IQueryable`1 source, CancellationToken cancellationToken)
   at Microsoft.EntityFrameworkCore.EntityFrameworkQueryableExtensions.ToListAsync[TSource](IQueryable`1 source, CancellationToken cancellationToken)
   at CatalogService.Bll.Services.BookService.GetAllAsync() in C:\Users\Admin\Documents\projects\LibrarySystem\CatalogService\CatalogService.Bll\Services\BookService.cs:line 24
   at CatalogService.Api.Controllers.BooksController.GetAll() in C:\Users\Admin\Documents\projects\LibrarySystem\CatalogService\CatalogService.Api\Controllers\BooksController.cs:line 16
   at Microsoft.AspNetCore.Mvc.Infrastructure.ActionMethodExecutor.TaskOfIActionResultExecutor.Execute(ActionContext actionContext, IActionResultTypeMapper mapper, ObjectMethodExecutor executor, Object controller, Object[] arguments)
   at Microsoft.AspNetCore.Mvc.Infrastructure.ControllerActionInvoker.<InvokeActionMethodAsync>g__Awaited|12_0(ControllerActionInvoker invoker, ValueTask`1 actionResultValueTask)
   at Microsoft.AspNetCore.Mvc.Infrastructure.ControllerActionInvoker.<InvokeNextActionFilterAsync>g__Awaited|10_0(ControllerActionInvoker invoker, Task lastTask, State next, Scope scope, Object state, Boolean isCompleted)
   at Microsoft.AspNetCore.Mvc.Infrastructure.ControllerActionInvoker.Rethrow(ActionExecutedContextSealed context)
   at Microsoft.AspNetCore.Mvc.Infrastructure.ControllerActionInvoker.Next(State& next, Scope& scope, Object& state, Boolean& isCompleted)
   at Microsoft.AspNetCore.Mvc.Infrastructure.ControllerActionInvoker.<InvokeInnerFilterAsync>g__Awaited|13_0(ControllerActionInvoker invoker, Task lastTask, State next, Scope scope, Object state, Boolean isCompleted)
   at Microsoft.AspNetCore.Mvc.Infrastructure.ResourceInvoker.<InvokeFilterPipelineAsync>g__Awaited|20_0(ResourceInvoker invoker, Task lastTask, State next, Scope scope, Object state, Boolean isCompleted)
   at Microsoft.AspNetCore.Mvc.Infrastructure.ResourceInvoker.<InvokeAsync>g__Logged|17_1(ResourceInvoker invoker)
   at Microsoft.AspNetCore.Mvc.Infrastructure.ResourceInvoker.<InvokeAsync>g__Logged|17_1(ResourceInvoker invoker)
   at Microsoft.AspNetCore.Routing.EndpointMiddleware.<Invoke>g__AwaitRequestTask|7_0(Endpoint endpoint, Task requestTask, ILogger logger)
   at Swashbuckle.AspNetCore.SwaggerUI.SwaggerUIMiddleware.Invoke(HttpContext httpContext)
   at Swashbuckle.AspNetCore.Swagger.SwaggerMiddleware.Invoke(HttpContext httpContext, ISwaggerProvider swaggerProvider)
   at Hellang.Middleware.ProblemDetails.ProblemDetailsMiddleware.Invoke(HttpContext context)
  Exception data:
    Severity: ERROR
    SqlState: 42P01
    MessageText: relation "books" does not exist
    Position: 95
    File: parse_relation.c
    Line: 1452
    Routine: parserOpenTable
2025-11-24 12:28:37.332 +02:00 [ERR] An unhandled exception has occurred while executing the request.
Npgsql.PostgresException (0x80004005): 42P01: relation "authors" does not exist

POSITION: 27
   at Npgsql.Internal.NpgsqlConnector.ReadMessageLong(Boolean async, DataRowLoadingMode dataRowLoadingMode, Boolean readingNotifications, Boolean isReadingPrependedMessage)
   at System.Runtime.CompilerServices.PoolingAsyncValueTaskMethodBuilder`1.StateMachineBox`1.System.Threading.Tasks.Sources.IValueTaskSource<TResult>.GetResult(Int16 token)
   at Npgsql.NpgsqlDataReader.NextResult(Boolean async, Boolean isConsuming, CancellationToken cancellationToken)
   at Npgsql.NpgsqlDataReader.NextResult(Boolean async, Boolean isConsuming, CancellationToken cancellationToken)
   at Npgsql.NpgsqlCommand.ExecuteReader(Boolean async, CommandBehavior behavior, CancellationToken cancellationToken)
   at Npgsql.NpgsqlCommand.ExecuteReader(Boolean async, CommandBehavior behavior, CancellationToken cancellationToken)
   at Npgsql.NpgsqlCommand.ExecuteDbDataReaderAsync(CommandBehavior behavior, CancellationToken cancellationToken)
   at Microsoft.EntityFrameworkCore.Storage.RelationalCommand.ExecuteReaderAsync(RelationalCommandParameterObject parameterObject, CancellationToken cancellationToken)
   at Microsoft.EntityFrameworkCore.Storage.RelationalCommand.ExecuteReaderAsync(RelationalCommandParameterObject parameterObject, CancellationToken cancellationToken)
   at Microsoft.EntityFrameworkCore.Query.Internal.SingleQueryingEnumerable`1.AsyncEnumerator.InitializeReaderAsync(AsyncEnumerator enumerator, CancellationToken cancellationToken)
   at Npgsql.EntityFrameworkCore.PostgreSQL.Storage.Internal.NpgsqlExecutionStrategy.ExecuteAsync[TState,TResult](TState state, Func`4 operation, Func`4 verifySucceeded, CancellationToken cancellationToken)
   at Microsoft.EntityFrameworkCore.Query.Internal.SingleQueryingEnumerable`1.AsyncEnumerator.MoveNextAsync()
   at Microsoft.EntityFrameworkCore.EntityFrameworkQueryableExtensions.ToListAsync[TSource](IQueryable`1 source, CancellationToken cancellationToken)
   at Microsoft.EntityFrameworkCore.EntityFrameworkQueryableExtensions.ToListAsync[TSource](IQueryable`1 source, CancellationToken cancellationToken)
   at CatalogService.Dal.Repositories.GenericRepository`1.GetAllAsync() in C:\Users\Admin\Documents\projects\LibrarySystem\CatalogService\CatalogService.Dal\Repositories\GenericRepository.cs:line 10
   at CatalogService.Bll.Services.AuthorService.GetAllAsync() in C:\Users\Admin\Documents\projects\LibrarySystem\CatalogService\CatalogService.Bll\Services\AuthorService.cs:line 21
   at CatalogService.Api.Controllers.AuthorsController.GetAll() in C:\Users\Admin\Documents\projects\LibrarySystem\CatalogService\CatalogService.Api\Controllers\AuthorsController.cs:line 16
   at Microsoft.AspNetCore.Mvc.Infrastructure.ActionMethodExecutor.TaskOfIActionResultExecutor.Execute(ActionContext actionContext, IActionResultTypeMapper mapper, ObjectMethodExecutor executor, Object controller, Object[] arguments)
   at Microsoft.AspNetCore.Mvc.Infrastructure.ControllerActionInvoker.<InvokeActionMethodAsync>g__Awaited|12_0(ControllerActionInvoker invoker, ValueTask`1 actionResultValueTask)
   at Microsoft.AspNetCore.Mvc.Infrastructure.ControllerActionInvoker.<InvokeNextActionFilterAsync>g__Awaited|10_0(ControllerActionInvoker invoker, Task lastTask, State next, Scope scope, Object state, Boolean isCompleted)
   at Microsoft.AspNetCore.Mvc.Infrastructure.ControllerActionInvoker.Rethrow(ActionExecutedContextSealed context)
   at Microsoft.AspNetCore.Mvc.Infrastructure.ControllerActionInvoker.Next(State& next, Scope& scope, Object& state, Boolean& isCompleted)
   at Microsoft.AspNetCore.Mvc.Infrastructure.ControllerActionInvoker.<InvokeInnerFilterAsync>g__Awaited|13_0(ControllerActionInvoker invoker, Task lastTask, State next, Scope scope, Object state, Boolean isCompleted)
   at Microsoft.AspNetCore.Mvc.Infrastructure.ResourceInvoker.<InvokeFilterPipelineAsync>g__Awaited|20_0(ResourceInvoker invoker, Task lastTask, State next, Scope scope, Object state, Boolean isCompleted)
   at Microsoft.AspNetCore.Mvc.Infrastructure.ResourceInvoker.<InvokeAsync>g__Logged|17_1(ResourceInvoker invoker)
   at Microsoft.AspNetCore.Mvc.Infrastructure.ResourceInvoker.<InvokeAsync>g__Logged|17_1(ResourceInvoker invoker)
   at Microsoft.AspNetCore.Routing.EndpointMiddleware.<Invoke>g__AwaitRequestTask|7_0(Endpoint endpoint, Task requestTask, ILogger logger)
   at Swashbuckle.AspNetCore.SwaggerUI.SwaggerUIMiddleware.Invoke(HttpContext httpContext)
   at Swashbuckle.AspNetCore.Swagger.SwaggerMiddleware.Invoke(HttpContext httpContext, ISwaggerProvider swaggerProvider)
   at Hellang.Middleware.ProblemDetails.ProblemDetailsMiddleware.Invoke(HttpContext context)
  Exception data:
    Severity: ERROR
    SqlState: 42P01
    MessageText: relation "authors" does not exist
    Position: 27
    File: parse_relation.c
    Line: 1452
    Routine: parserOpenTable
2025-11-24 12:28:37.336 +02:00 [ERR] An unhandled exception has occurred while executing the request.
Npgsql.PostgresException (0x80004005): 42P01: relation "genres" does not exist

POSITION: 27
   at Npgsql.Internal.NpgsqlConnector.ReadMessageLong(Boolean async, DataRowLoadingMode dataRowLoadingMode, Boolean readingNotifications, Boolean isReadingPrependedMessage)
   at System.Runtime.CompilerServices.PoolingAsyncValueTaskMethodBuilder`1.StateMachineBox`1.System.Threading.Tasks.Sources.IValueTaskSource<TResult>.GetResult(Int16 token)
   at Npgsql.NpgsqlDataReader.NextResult(Boolean async, Boolean isConsuming, CancellationToken cancellationToken)
   at Npgsql.NpgsqlDataReader.NextResult(Boolean async, Boolean isConsuming, CancellationToken cancellationToken)
   at Npgsql.NpgsqlCommand.ExecuteReader(Boolean async, CommandBehavior behavior, CancellationToken cancellationToken)
   at Npgsql.NpgsqlCommand.ExecuteReader(Boolean async, CommandBehavior behavior, CancellationToken cancellationToken)
   at Npgsql.NpgsqlCommand.ExecuteDbDataReaderAsync(CommandBehavior behavior, CancellationToken cancellationToken)
   at Microsoft.EntityFrameworkCore.Storage.RelationalCommand.ExecuteReaderAsync(RelationalCommandParameterObject parameterObject, CancellationToken cancellationToken)
   at Microsoft.EntityFrameworkCore.Storage.RelationalCommand.ExecuteReaderAsync(RelationalCommandParameterObject parameterObject, CancellationToken cancellationToken)
   at Microsoft.EntityFrameworkCore.Query.Internal.SingleQueryingEnumerable`1.AsyncEnumerator.InitializeReaderAsync(AsyncEnumerator enumerator, CancellationToken cancellationToken)
   at Npgsql.EntityFrameworkCore.PostgreSQL.Storage.Internal.NpgsqlExecutionStrategy.ExecuteAsync[TState,TResult](TState state, Func`4 operation, Func`4 verifySucceeded, CancellationToken cancellationToken)
   at Microsoft.EntityFrameworkCore.Query.Internal.SingleQueryingEnumerable`1.AsyncEnumerator.MoveNextAsync()
   at Microsoft.EntityFrameworkCore.EntityFrameworkQueryableExtensions.ToListAsync[TSource](IQueryable`1 source, CancellationToken cancellationToken)
   at Microsoft.EntityFrameworkCore.EntityFrameworkQueryableExtensions.ToListAsync[TSource](IQueryable`1 source, CancellationToken cancellationToken)
   at CatalogService.Dal.Repositories.GenericRepository`1.GetAllAsync() in C:\Users\Admin\Documents\projects\LibrarySystem\CatalogService\CatalogService.Dal\Repositories\GenericRepository.cs:line 10
   at CatalogService.Bll.Services.GenreService.GetAllAsync() in C:\Users\Admin\Documents\projects\LibrarySystem\CatalogService\CatalogService.Bll\Services\GenreService.cs:line 21
   at CatalogService.Api.Controllers.GenresController.GetAll() in C:\Users\Admin\Documents\projects\LibrarySystem\CatalogService\CatalogService.Api\Controllers\GenresController.cs:line 16
   at Microsoft.AspNetCore.Mvc.Infrastructure.ActionMethodExecutor.TaskOfIActionResultExecutor.Execute(ActionContext actionContext, IActionResultTypeMapper mapper, ObjectMethodExecutor executor, Object controller, Object[] arguments)
   at Microsoft.AspNetCore.Mvc.Infrastructure.ControllerActionInvoker.<InvokeActionMethodAsync>g__Awaited|12_0(ControllerActionInvoker invoker, ValueTask`1 actionResultValueTask)
   at Microsoft.AspNetCore.Mvc.Infrastructure.ControllerActionInvoker.<InvokeNextActionFilterAsync>g__Awaited|10_0(ControllerActionInvoker invoker, Task lastTask, State next, Scope scope, Object state, Boolean isCompleted)
   at Microsoft.AspNetCore.Mvc.Infrastructure.ControllerActionInvoker.Rethrow(ActionExecutedContextSealed context)
   at Microsoft.AspNetCore.Mvc.Infrastructure.ControllerActionInvoker.Next(State& next, Scope& scope, Object& state, Boolean& isCompleted)
   at Microsoft.AspNetCore.Mvc.Infrastructure.ControllerActionInvoker.<InvokeInnerFilterAsync>g__Awaited|13_0(ControllerActionInvoker invoker, Task lastTask, State next, Scope scope, Object state, Boolean isCompleted)
   at Microsoft.AspNetCore.Mvc.Infrastructure.ResourceInvoker.<InvokeFilterPipelineAsync>g__Awaited|20_0(ResourceInvoker invoker, Task lastTask, State next, Scope scope, Object state, Boolean isCompleted)
   at Microsoft.AspNetCore.Mvc.Infrastructure.ResourceInvoker.<InvokeAsync>g__Logged|17_1(ResourceInvoker invoker)
   at Microsoft.AspNetCore.Mvc.Infrastructure.ResourceInvoker.<InvokeAsync>g__Logged|17_1(ResourceInvoker invoker)
   at Microsoft.AspNetCore.Routing.EndpointMiddleware.<Invoke>g__AwaitRequestTask|7_0(Endpoint endpoint, Task requestTask, ILogger logger)
   at Swashbuckle.AspNetCore.SwaggerUI.SwaggerUIMiddleware.Invoke(HttpContext httpContext)
   at Swashbuckle.AspNetCore.Swagger.SwaggerMiddleware.Invoke(HttpContext httpContext, ISwaggerProvider swaggerProvider)
   at Hellang.Middleware.ProblemDetails.ProblemDetailsMiddleware.Invoke(HttpContext context)
  Exception data:
    Severity: ERROR
    SqlState: 42P01
    MessageText: relation "genres" does not exist
    Position: 27
    File: parse_relation.c
    Line: 1452
    Routine: parserOpenTable
2025-11-24 12:28:37.406 +02:00 [INF] Executing ObjectResult, writing value of type 'Microsoft.AspNetCore.Mvc.ProblemDetails'.
2025-11-24 12:28:37.472 +02:00 [INF] Executing ObjectResult, writing value of type 'Microsoft.AspNetCore.Mvc.ProblemDetails'.
2025-11-24 12:28:37.525 +02:00 [INF] Executing ObjectResult, writing value of type 'Microsoft.AspNetCore.Mvc.ProblemDetails'.
2025-11-24 12:28:37.526 +02:00 [INF] Request finished HTTP/1.1 GET http://localhost:5180/api/books - 500 null application/problem+json; charset=utf-8 665.8844ms
2025-11-24 12:28:37.531 +02:00 [INF] Request finished HTTP/1.1 GET http://localhost:5180/api/authors - 500 null application/problem+json; charset=utf-8 668.7668ms
2025-11-24 12:28:37.535 +02:00 [INF] Request finished HTTP/1.1 GET http://localhost:5180/api/genres - 500 null application/problem+json; charset=utf-8 670.9901ms
2025-11-24 13:34:37.778 +02:00 [INF] Now listening on: http://localhost:5180
2025-11-24 13:34:37.862 +02:00 [INF] Application started. Press Ctrl+C to shut down.
2025-11-24 13:34:37.864 +02:00 [INF] Hosting environment: Development
2025-11-24 13:34:37.866 +02:00 [INF] Content root path: C:\Users\Admin\Documents\projects\LibrarySystem\CatalogService\CatalogService.Api
2025-11-24 13:34:47.523 +02:00 [INF] Request starting HTTP/1.1 GET http://localhost:5180/api/genres - null null
2025-11-24 13:34:47.523 +02:00 [INF] Request starting HTTP/1.1 GET http://localhost:5180/api/authors - null null
2025-11-24 13:34:47.523 +02:00 [INF] Request starting HTTP/1.1 GET http://localhost:5180/api/books - null null
2025-11-24 13:34:47.593 +02:00 [INF] Executing endpoint 'CatalogService.Api.Controllers.AuthorsController.GetAll (CatalogService.Api)'
2025-11-24 13:34:47.593 +02:00 [INF] Executing endpoint 'CatalogService.Api.Controllers.GenresController.GetAll (CatalogService.Api)'
2025-11-24 13:34:47.593 +02:00 [INF] Executing endpoint 'CatalogService.Api.Controllers.BooksController.GetAll (CatalogService.Api)'
2025-11-24 13:34:47.622 +02:00 [INF] Route matched with {action = "GetAll", controller = "Books"}. Executing controller action with signature System.Threading.Tasks.Task`1[Microsoft.AspNetCore.Mvc.IActionResult] GetAll() on controller CatalogService.Api.Controllers.BooksController (CatalogService.Api).
2025-11-24 13:34:47.622 +02:00 [INF] Route matched with {action = "GetAll", controller = "Genres"}. Executing controller action with signature System.Threading.Tasks.Task`1[Microsoft.AspNetCore.Mvc.IActionResult] GetAll() on controller CatalogService.Api.Controllers.GenresController (CatalogService.Api).
2025-11-24 13:34:47.622 +02:00 [INF] Route matched with {action = "GetAll", controller = "Authors"}. Executing controller action with signature System.Threading.Tasks.Task`1[Microsoft.AspNetCore.Mvc.IActionResult] GetAll() on controller CatalogService.Api.Controllers.AuthorsController (CatalogService.Api).
2025-11-24 13:34:49.580 +02:00 [ERR] Failed executing DbCommand (36ms) [Parameters=[], CommandType='"Text"', CommandTimeout='30']
SELECT a.id, a.name
FROM authors AS a
2025-11-24 13:34:49.580 +02:00 [ERR] Failed executing DbCommand (36ms) [Parameters=[], CommandType='"Text"', CommandTimeout='30']
SELECT b.id, b.authorid, b.genreid, b.is_available, b.title, a.id, a.name, g.id, g.name
FROM books AS b
INNER JOIN authors AS a ON b.authorid = a.id
INNER JOIN genres AS g ON b.genreid = g.id
2025-11-24 13:34:49.580 +02:00 [ERR] Failed executing DbCommand (36ms) [Parameters=[], CommandType='"Text"', CommandTimeout='30']
SELECT g.id, g.name
FROM genres AS g
2025-11-24 13:34:49.627 +02:00 [ERR] An exception occurred while iterating over the results of a query for context type 'CatalogService.Dal.CatalogDbContext'.
Npgsql.PostgresException (0x80004005): 42P01: relation "genres" does not exist

POSITION: 27
   at Npgsql.Internal.NpgsqlConnector.ReadMessageLong(Boolean async, DataRowLoadingMode dataRowLoadingMode, Boolean readingNotifications, Boolean isReadingPrependedMessage)
   at System.Runtime.CompilerServices.PoolingAsyncValueTaskMethodBuilder`1.StateMachineBox`1.System.Threading.Tasks.Sources.IValueTaskSource<TResult>.GetResult(Int16 token)
   at Npgsql.NpgsqlDataReader.NextResult(Boolean async, Boolean isConsuming, CancellationToken cancellationToken)
   at Npgsql.NpgsqlDataReader.NextResult(Boolean async, Boolean isConsuming, CancellationToken cancellationToken)
   at Npgsql.NpgsqlCommand.ExecuteReader(Boolean async, CommandBehavior behavior, CancellationToken cancellationToken)
   at Npgsql.NpgsqlCommand.ExecuteReader(Boolean async, CommandBehavior behavior, CancellationToken cancellationToken)
   at Npgsql.NpgsqlCommand.ExecuteDbDataReaderAsync(CommandBehavior behavior, CancellationToken cancellationToken)
   at Microsoft.EntityFrameworkCore.Storage.RelationalCommand.ExecuteReaderAsync(RelationalCommandParameterObject parameterObject, CancellationToken cancellationToken)
   at Microsoft.EntityFrameworkCore.Storage.RelationalCommand.ExecuteReaderAsync(RelationalCommandParameterObject parameterObject, CancellationToken cancellationToken)
   at Microsoft.EntityFrameworkCore.Query.Internal.SingleQueryingEnumerable`1.AsyncEnumerator.InitializeReaderAsync(AsyncEnumerator enumerator, CancellationToken cancellationToken)
   at Npgsql.EntityFrameworkCore.PostgreSQL.Storage.Internal.NpgsqlExecutionStrategy.ExecuteAsync[TState,TResult](TState state, Func`4 operation, Func`4 verifySucceeded, CancellationToken cancellationToken)
   at Microsoft.EntityFrameworkCore.Query.Internal.SingleQueryingEnumerable`1.AsyncEnumerator.MoveNextAsync()
  Exception data:
    Severity: ERROR
    SqlState: 42P01
    MessageText: relation "genres" does not exist
    Position: 27
    File: parse_relation.c
    Line: 1452
    Routine: parserOpenTable
Npgsql.PostgresException (0x80004005): 42P01: relation "genres" does not exist

POSITION: 27
   at Npgsql.Internal.NpgsqlConnector.ReadMessageLong(Boolean async, DataRowLoadingMode dataRowLoadingMode, Boolean readingNotifications, Boolean isReadingPrependedMessage)
   at System.Runtime.CompilerServices.PoolingAsyncValueTaskMethodBuilder`1.StateMachineBox`1.System.Threading.Tasks.Sources.IValueTaskSource<TResult>.GetResult(Int16 token)
   at Npgsql.NpgsqlDataReader.NextResult(Boolean async, Boolean isConsuming, CancellationToken cancellationToken)
   at Npgsql.NpgsqlDataReader.NextResult(Boolean async, Boolean isConsuming, CancellationToken cancellationToken)
   at Npgsql.NpgsqlCommand.ExecuteReader(Boolean async, CommandBehavior behavior, CancellationToken cancellationToken)
   at Npgsql.NpgsqlCommand.ExecuteReader(Boolean async, CommandBehavior behavior, CancellationToken cancellationToken)
   at Npgsql.NpgsqlCommand.ExecuteDbDataReaderAsync(CommandBehavior behavior, CancellationToken cancellationToken)
   at Microsoft.EntityFrameworkCore.Storage.RelationalCommand.ExecuteReaderAsync(RelationalCommandParameterObject parameterObject, CancellationToken cancellationToken)
   at Microsoft.EntityFrameworkCore.Storage.RelationalCommand.ExecuteReaderAsync(RelationalCommandParameterObject parameterObject, CancellationToken cancellationToken)
   at Microsoft.EntityFrameworkCore.Query.Internal.SingleQueryingEnumerable`1.AsyncEnumerator.InitializeReaderAsync(AsyncEnumerator enumerator, CancellationToken cancellationToken)
   at Npgsql.EntityFrameworkCore.PostgreSQL.Storage.Internal.NpgsqlExecutionStrategy.ExecuteAsync[TState,TResult](TState state, Func`4 operation, Func`4 verifySucceeded, CancellationToken cancellationToken)
   at Microsoft.EntityFrameworkCore.Query.Internal.SingleQueryingEnumerable`1.AsyncEnumerator.MoveNextAsync()
  Exception data:
    Severity: ERROR
    SqlState: 42P01
    MessageText: relation "genres" does not exist
    Position: 27
    File: parse_relation.c
    Line: 1452
    Routine: parserOpenTable
2025-11-24 13:34:49.627 +02:00 [ERR] An exception occurred while iterating over the results of a query for context type 'CatalogService.Dal.CatalogDbContext'.
Npgsql.PostgresException (0x80004005): 42P01: relation "authors" does not exist

POSITION: 27
   at Npgsql.Internal.NpgsqlConnector.ReadMessageLong(Boolean async, DataRowLoadingMode dataRowLoadingMode, Boolean readingNotifications, Boolean isReadingPrependedMessage)
   at System.Runtime.CompilerServices.PoolingAsyncValueTaskMethodBuilder`1.StateMachineBox`1.System.Threading.Tasks.Sources.IValueTaskSource<TResult>.GetResult(Int16 token)
   at Npgsql.NpgsqlDataReader.NextResult(Boolean async, Boolean isConsuming, CancellationToken cancellationToken)
   at Npgsql.NpgsqlDataReader.NextResult(Boolean async, Boolean isConsuming, CancellationToken cancellationToken)
   at Npgsql.NpgsqlCommand.ExecuteReader(Boolean async, CommandBehavior behavior, CancellationToken cancellationToken)
   at Npgsql.NpgsqlCommand.ExecuteReader(Boolean async, CommandBehavior behavior, CancellationToken cancellationToken)
   at Npgsql.NpgsqlCommand.ExecuteDbDataReaderAsync(CommandBehavior behavior, CancellationToken cancellationToken)
   at Microsoft.EntityFrameworkCore.Storage.RelationalCommand.ExecuteReaderAsync(RelationalCommandParameterObject parameterObject, CancellationToken cancellationToken)
   at Microsoft.EntityFrameworkCore.Storage.RelationalCommand.ExecuteReaderAsync(RelationalCommandParameterObject parameterObject, CancellationToken cancellationToken)
   at Microsoft.EntityFrameworkCore.Query.Internal.SingleQueryingEnumerable`1.AsyncEnumerator.InitializeReaderAsync(AsyncEnumerator enumerator, CancellationToken cancellationToken)
   at Npgsql.EntityFrameworkCore.PostgreSQL.Storage.Internal.NpgsqlExecutionStrategy.ExecuteAsync[TState,TResult](TState state, Func`4 operation, Func`4 verifySucceeded, CancellationToken cancellationToken)
   at Microsoft.EntityFrameworkCore.Query.Internal.SingleQueryingEnumerable`1.AsyncEnumerator.MoveNextAsync()
  Exception data:
    Severity: ERROR
    SqlState: 42P01
    MessageText: relation "authors" does not exist
    Position: 27
    File: parse_relation.c
    Line: 1452
    Routine: parserOpenTable
Npgsql.PostgresException (0x80004005): 42P01: relation "authors" does not exist

POSITION: 27
   at Npgsql.Internal.NpgsqlConnector.ReadMessageLong(Boolean async, DataRowLoadingMode dataRowLoadingMode, Boolean readingNotifications, Boolean isReadingPrependedMessage)
   at System.Runtime.CompilerServices.PoolingAsyncValueTaskMethodBuilder`1.StateMachineBox`1.System.Threading.Tasks.Sources.IValueTaskSource<TResult>.GetResult(Int16 token)
   at Npgsql.NpgsqlDataReader.NextResult(Boolean async, Boolean isConsuming, CancellationToken cancellationToken)
   at Npgsql.NpgsqlDataReader.NextResult(Boolean async, Boolean isConsuming, CancellationToken cancellationToken)
   at Npgsql.NpgsqlCommand.ExecuteReader(Boolean async, CommandBehavior behavior, CancellationToken cancellationToken)
   at Npgsql.NpgsqlCommand.ExecuteReader(Boolean async, CommandBehavior behavior, CancellationToken cancellationToken)
   at Npgsql.NpgsqlCommand.ExecuteDbDataReaderAsync(CommandBehavior behavior, CancellationToken cancellationToken)
   at Microsoft.EntityFrameworkCore.Storage.RelationalCommand.ExecuteReaderAsync(RelationalCommandParameterObject parameterObject, CancellationToken cancellationToken)
   at Microsoft.EntityFrameworkCore.Storage.RelationalCommand.ExecuteReaderAsync(RelationalCommandParameterObject parameterObject, CancellationToken cancellationToken)
   at Microsoft.EntityFrameworkCore.Query.Internal.SingleQueryingEnumerable`1.AsyncEnumerator.InitializeReaderAsync(AsyncEnumerator enumerator, CancellationToken cancellationToken)
   at Npgsql.EntityFrameworkCore.PostgreSQL.Storage.Internal.NpgsqlExecutionStrategy.ExecuteAsync[TState,TResult](TState state, Func`4 operation, Func`4 verifySucceeded, CancellationToken cancellationToken)
   at Microsoft.EntityFrameworkCore.Query.Internal.SingleQueryingEnumerable`1.AsyncEnumerator.MoveNextAsync()
  Exception data:
    Severity: ERROR
    SqlState: 42P01
    MessageText: relation "authors" does not exist
    Position: 27
    File: parse_relation.c
    Line: 1452
    Routine: parserOpenTable
2025-11-24 13:34:49.627 +02:00 [ERR] An exception occurred while iterating over the results of a query for context type 'CatalogService.Dal.CatalogDbContext'.
Npgsql.PostgresException (0x80004005): 42P01: relation "books" does not exist

POSITION: 95
   at Npgsql.Internal.NpgsqlConnector.ReadMessageLong(Boolean async, DataRowLoadingMode dataRowLoadingMode, Boolean readingNotifications, Boolean isReadingPrependedMessage)
   at System.Runtime.CompilerServices.PoolingAsyncValueTaskMethodBuilder`1.StateMachineBox`1.System.Threading.Tasks.Sources.IValueTaskSource<TResult>.GetResult(Int16 token)
   at Npgsql.NpgsqlDataReader.NextResult(Boolean async, Boolean isConsuming, CancellationToken cancellationToken)
   at Npgsql.NpgsqlDataReader.NextResult(Boolean async, Boolean isConsuming, CancellationToken cancellationToken)
   at Npgsql.NpgsqlCommand.ExecuteReader(Boolean async, CommandBehavior behavior, CancellationToken cancellationToken)
   at Npgsql.NpgsqlCommand.ExecuteReader(Boolean async, CommandBehavior behavior, CancellationToken cancellationToken)
   at Npgsql.NpgsqlCommand.ExecuteDbDataReaderAsync(CommandBehavior behavior, CancellationToken cancellationToken)
   at Microsoft.EntityFrameworkCore.Storage.RelationalCommand.ExecuteReaderAsync(RelationalCommandParameterObject parameterObject, CancellationToken cancellationToken)
   at Microsoft.EntityFrameworkCore.Storage.RelationalCommand.ExecuteReaderAsync(RelationalCommandParameterObject parameterObject, CancellationToken cancellationToken)
   at Microsoft.EntityFrameworkCore.Query.Internal.SingleQueryingEnumerable`1.AsyncEnumerator.InitializeReaderAsync(AsyncEnumerator enumerator, CancellationToken cancellationToken)
   at Npgsql.EntityFrameworkCore.PostgreSQL.Storage.Internal.NpgsqlExecutionStrategy.ExecuteAsync[TState,TResult](TState state, Func`4 operation, Func`4 verifySucceeded, CancellationToken cancellationToken)
   at Microsoft.EntityFrameworkCore.Query.Internal.SingleQueryingEnumerable`1.AsyncEnumerator.MoveNextAsync()
  Exception data:
    Severity: ERROR
    SqlState: 42P01
    MessageText: relation "books" does not exist
    Position: 95
    File: parse_relation.c
    Line: 1452
    Routine: parserOpenTable
Npgsql.PostgresException (0x80004005): 42P01: relation "books" does not exist

POSITION: 95
   at Npgsql.Internal.NpgsqlConnector.ReadMessageLong(Boolean async, DataRowLoadingMode dataRowLoadingMode, Boolean readingNotifications, Boolean isReadingPrependedMessage)
   at System.Runtime.CompilerServices.PoolingAsyncValueTaskMethodBuilder`1.StateMachineBox`1.System.Threading.Tasks.Sources.IValueTaskSource<TResult>.GetResult(Int16 token)
   at Npgsql.NpgsqlDataReader.NextResult(Boolean async, Boolean isConsuming, CancellationToken cancellationToken)
   at Npgsql.NpgsqlDataReader.NextResult(Boolean async, Boolean isConsuming, CancellationToken cancellationToken)
   at Npgsql.NpgsqlCommand.ExecuteReader(Boolean async, CommandBehavior behavior, CancellationToken cancellationToken)
   at Npgsql.NpgsqlCommand.ExecuteReader(Boolean async, CommandBehavior behavior, CancellationToken cancellationToken)
   at Npgsql.NpgsqlCommand.ExecuteDbDataReaderAsync(CommandBehavior behavior, CancellationToken cancellationToken)
   at Microsoft.EntityFrameworkCore.Storage.RelationalCommand.ExecuteReaderAsync(RelationalCommandParameterObject parameterObject, CancellationToken cancellationToken)
   at Microsoft.EntityFrameworkCore.Storage.RelationalCommand.ExecuteReaderAsync(RelationalCommandParameterObject parameterObject, CancellationToken cancellationToken)
   at Microsoft.EntityFrameworkCore.Query.Internal.SingleQueryingEnumerable`1.AsyncEnumerator.InitializeReaderAsync(AsyncEnumerator enumerator, CancellationToken cancellationToken)
   at Npgsql.EntityFrameworkCore.PostgreSQL.Storage.Internal.NpgsqlExecutionStrategy.ExecuteAsync[TState,TResult](TState state, Func`4 operation, Func`4 verifySucceeded, CancellationToken cancellationToken)
   at Microsoft.EntityFrameworkCore.Query.Internal.SingleQueryingEnumerable`1.AsyncEnumerator.MoveNextAsync()
  Exception data:
    Severity: ERROR
    SqlState: 42P01
    MessageText: relation "books" does not exist
    Position: 95
    File: parse_relation.c
    Line: 1452
    Routine: parserOpenTable
2025-11-24 13:34:49.671 +02:00 [INF] Executed action CatalogService.Api.Controllers.GenresController.GetAll (CatalogService.Api) in 2033.2712ms
2025-11-24 13:34:49.680 +02:00 [INF] Executed action CatalogService.Api.Controllers.AuthorsController.GetAll (CatalogService.Api) in 2042.2517ms
2025-11-24 13:34:49.700 +02:00 [INF] Executed action CatalogService.Api.Controllers.BooksController.GetAll (CatalogService.Api) in 2072.1883ms
2025-11-24 13:34:49.711 +02:00 [INF] Executed endpoint 'CatalogService.Api.Controllers.GenresController.GetAll (CatalogService.Api)'
2025-11-24 13:34:49.715 +02:00 [INF] Executed endpoint 'CatalogService.Api.Controllers.AuthorsController.GetAll (CatalogService.Api)'
2025-11-24 13:34:49.722 +02:00 [INF] Executed endpoint 'CatalogService.Api.Controllers.BooksController.GetAll (CatalogService.Api)'
2025-11-24 13:34:49.784 +02:00 [ERR] An unhandled exception has occurred while executing the request.
Npgsql.PostgresException (0x80004005): 42P01: relation "genres" does not exist

POSITION: 27
   at Npgsql.Internal.NpgsqlConnector.ReadMessageLong(Boolean async, DataRowLoadingMode dataRowLoadingMode, Boolean readingNotifications, Boolean isReadingPrependedMessage)
   at System.Runtime.CompilerServices.PoolingAsyncValueTaskMethodBuilder`1.StateMachineBox`1.System.Threading.Tasks.Sources.IValueTaskSource<TResult>.GetResult(Int16 token)
   at Npgsql.NpgsqlDataReader.NextResult(Boolean async, Boolean isConsuming, CancellationToken cancellationToken)
   at Npgsql.NpgsqlDataReader.NextResult(Boolean async, Boolean isConsuming, CancellationToken cancellationToken)
   at Npgsql.NpgsqlCommand.ExecuteReader(Boolean async, CommandBehavior behavior, CancellationToken cancellationToken)
   at Npgsql.NpgsqlCommand.ExecuteReader(Boolean async, CommandBehavior behavior, CancellationToken cancellationToken)
   at Npgsql.NpgsqlCommand.ExecuteDbDataReaderAsync(CommandBehavior behavior, CancellationToken cancellationToken)
   at Microsoft.EntityFrameworkCore.Storage.RelationalCommand.ExecuteReaderAsync(RelationalCommandParameterObject parameterObject, CancellationToken cancellationToken)
   at Microsoft.EntityFrameworkCore.Storage.RelationalCommand.ExecuteReaderAsync(RelationalCommandParameterObject parameterObject, CancellationToken cancellationToken)
   at Microsoft.EntityFrameworkCore.Query.Internal.SingleQueryingEnumerable`1.AsyncEnumerator.InitializeReaderAsync(AsyncEnumerator enumerator, CancellationToken cancellationToken)
   at Npgsql.EntityFrameworkCore.PostgreSQL.Storage.Internal.NpgsqlExecutionStrategy.ExecuteAsync[TState,TResult](TState state, Func`4 operation, Func`4 verifySucceeded, CancellationToken cancellationToken)
   at Microsoft.EntityFrameworkCore.Query.Internal.SingleQueryingEnumerable`1.AsyncEnumerator.MoveNextAsync()
   at Microsoft.EntityFrameworkCore.EntityFrameworkQueryableExtensions.ToListAsync[TSource](IQueryable`1 source, CancellationToken cancellationToken)
   at Microsoft.EntityFrameworkCore.EntityFrameworkQueryableExtensions.ToListAsync[TSource](IQueryable`1 source, CancellationToken cancellationToken)
   at CatalogService.Dal.Repositories.GenericRepository`1.GetAllAsync() in C:\Users\Admin\Documents\projects\LibrarySystem\CatalogService\CatalogService.Dal\Repositories\GenericRepository.cs:line 10
   at CatalogService.Bll.Services.GenreService.GetAllAsync() in C:\Users\Admin\Documents\projects\LibrarySystem\CatalogService\CatalogService.Bll\Services\GenreService.cs:line 21
   at CatalogService.Api.Controllers.GenresController.GetAll() in C:\Users\Admin\Documents\projects\LibrarySystem\CatalogService\CatalogService.Api\Controllers\GenresController.cs:line 16
   at Microsoft.AspNetCore.Mvc.Infrastructure.ActionMethodExecutor.TaskOfIActionResultExecutor.Execute(ActionContext actionContext, IActionResultTypeMapper mapper, ObjectMethodExecutor executor, Object controller, Object[] arguments)
   at Microsoft.AspNetCore.Mvc.Infrastructure.ControllerActionInvoker.<InvokeActionMethodAsync>g__Awaited|12_0(ControllerActionInvoker invoker, ValueTask`1 actionResultValueTask)
   at Microsoft.AspNetCore.Mvc.Infrastructure.ControllerActionInvoker.<InvokeNextActionFilterAsync>g__Awaited|10_0(ControllerActionInvoker invoker, Task lastTask, State next, Scope scope, Object state, Boolean isCompleted)
   at Microsoft.AspNetCore.Mvc.Infrastructure.ControllerActionInvoker.Rethrow(ActionExecutedContextSealed context)
   at Microsoft.AspNetCore.Mvc.Infrastructure.ControllerActionInvoker.Next(State& next, Scope& scope, Object& state, Boolean& isCompleted)
   at Microsoft.AspNetCore.Mvc.Infrastructure.ControllerActionInvoker.<InvokeInnerFilterAsync>g__Awaited|13_0(ControllerActionInvoker invoker, Task lastTask, State next, Scope scope, Object state, Boolean isCompleted)
   at Microsoft.AspNetCore.Mvc.Infrastructure.ResourceInvoker.<InvokeFilterPipelineAsync>g__Awaited|20_0(ResourceInvoker invoker, Task lastTask, State next, Scope scope, Object state, Boolean isCompleted)
   at Microsoft.AspNetCore.Mvc.Infrastructure.ResourceInvoker.<InvokeAsync>g__Logged|17_1(ResourceInvoker invoker)
   at Microsoft.AspNetCore.Mvc.Infrastructure.ResourceInvoker.<InvokeAsync>g__Logged|17_1(ResourceInvoker invoker)
   at Microsoft.AspNetCore.Routing.EndpointMiddleware.<Invoke>g__AwaitRequestTask|7_0(Endpoint endpoint, Task requestTask, ILogger logger)
   at Swashbuckle.AspNetCore.SwaggerUI.SwaggerUIMiddleware.Invoke(HttpContext httpContext)
   at Swashbuckle.AspNetCore.Swagger.SwaggerMiddleware.Invoke(HttpContext httpContext, ISwaggerProvider swaggerProvider)
   at Hellang.Middleware.ProblemDetails.ProblemDetailsMiddleware.Invoke(HttpContext context)
  Exception data:
    Severity: ERROR
    SqlState: 42P01
    MessageText: relation "genres" does not exist
    Position: 27
    File: parse_relation.c
    Line: 1452
    Routine: parserOpenTable
2025-11-24 13:34:49.784 +02:00 [ERR] An unhandled exception has occurred while executing the request.
Npgsql.PostgresException (0x80004005): 42P01: relation "authors" does not exist

POSITION: 27
   at Npgsql.Internal.NpgsqlConnector.ReadMessageLong(Boolean async, DataRowLoadingMode dataRowLoadingMode, Boolean readingNotifications, Boolean isReadingPrependedMessage)
   at System.Runtime.CompilerServices.PoolingAsyncValueTaskMethodBuilder`1.StateMachineBox`1.System.Threading.Tasks.Sources.IValueTaskSource<TResult>.GetResult(Int16 token)
   at Npgsql.NpgsqlDataReader.NextResult(Boolean async, Boolean isConsuming, CancellationToken cancellationToken)
   at Npgsql.NpgsqlDataReader.NextResult(Boolean async, Boolean isConsuming, CancellationToken cancellationToken)
   at Npgsql.NpgsqlCommand.ExecuteReader(Boolean async, CommandBehavior behavior, CancellationToken cancellationToken)
   at Npgsql.NpgsqlCommand.ExecuteReader(Boolean async, CommandBehavior behavior, CancellationToken cancellationToken)
   at Npgsql.NpgsqlCommand.ExecuteDbDataReaderAsync(CommandBehavior behavior, CancellationToken cancellationToken)
   at Microsoft.EntityFrameworkCore.Storage.RelationalCommand.ExecuteReaderAsync(RelationalCommandParameterObject parameterObject, CancellationToken cancellationToken)
   at Microsoft.EntityFrameworkCore.Storage.RelationalCommand.ExecuteReaderAsync(RelationalCommandParameterObject parameterObject, CancellationToken cancellationToken)
   at Microsoft.EntityFrameworkCore.Query.Internal.SingleQueryingEnumerable`1.AsyncEnumerator.InitializeReaderAsync(AsyncEnumerator enumerator, CancellationToken cancellationToken)
   at Npgsql.EntityFrameworkCore.PostgreSQL.Storage.Internal.NpgsqlExecutionStrategy.ExecuteAsync[TState,TResult](TState state, Func`4 operation, Func`4 verifySucceeded, CancellationToken cancellationToken)
   at Microsoft.EntityFrameworkCore.Query.Internal.SingleQueryingEnumerable`1.AsyncEnumerator.MoveNextAsync()
   at Microsoft.EntityFrameworkCore.EntityFrameworkQueryableExtensions.ToListAsync[TSource](IQueryable`1 source, CancellationToken cancellationToken)
   at Microsoft.EntityFrameworkCore.EntityFrameworkQueryableExtensions.ToListAsync[TSource](IQueryable`1 source, CancellationToken cancellationToken)
   at CatalogService.Dal.Repositories.GenericRepository`1.GetAllAsync() in C:\Users\Admin\Documents\projects\LibrarySystem\CatalogService\CatalogService.Dal\Repositories\GenericRepository.cs:line 10
   at CatalogService.Bll.Services.AuthorService.GetAllAsync() in C:\Users\Admin\Documents\projects\LibrarySystem\CatalogService\CatalogService.Bll\Services\AuthorService.cs:line 21
   at CatalogService.Api.Controllers.AuthorsController.GetAll() in C:\Users\Admin\Documents\projects\LibrarySystem\CatalogService\CatalogService.Api\Controllers\AuthorsController.cs:line 16
   at Microsoft.AspNetCore.Mvc.Infrastructure.ActionMethodExecutor.TaskOfIActionResultExecutor.Execute(ActionContext actionContext, IActionResultTypeMapper mapper, ObjectMethodExecutor executor, Object controller, Object[] arguments)
   at Microsoft.AspNetCore.Mvc.Infrastructure.ControllerActionInvoker.<InvokeActionMethodAsync>g__Awaited|12_0(ControllerActionInvoker invoker, ValueTask`1 actionResultValueTask)
   at Microsoft.AspNetCore.Mvc.Infrastructure.ControllerActionInvoker.<InvokeNextActionFilterAsync>g__Awaited|10_0(ControllerActionInvoker invoker, Task lastTask, State next, Scope scope, Object state, Boolean isCompleted)
   at Microsoft.AspNetCore.Mvc.Infrastructure.ControllerActionInvoker.Rethrow(ActionExecutedContextSealed context)
   at Microsoft.AspNetCore.Mvc.Infrastructure.ControllerActionInvoker.Next(State& next, Scope& scope, Object& state, Boolean& isCompleted)
   at Microsoft.AspNetCore.Mvc.Infrastructure.ControllerActionInvoker.<InvokeInnerFilterAsync>g__Awaited|13_0(ControllerActionInvoker invoker, Task lastTask, State next, Scope scope, Object state, Boolean isCompleted)
   at Microsoft.AspNetCore.Mvc.Infrastructure.ResourceInvoker.<InvokeFilterPipelineAsync>g__Awaited|20_0(ResourceInvoker invoker, Task lastTask, State next, Scope scope, Object state, Boolean isCompleted)
   at Microsoft.AspNetCore.Mvc.Infrastructure.ResourceInvoker.<InvokeAsync>g__Logged|17_1(ResourceInvoker invoker)
   at Microsoft.AspNetCore.Mvc.Infrastructure.ResourceInvoker.<InvokeAsync>g__Logged|17_1(ResourceInvoker invoker)
   at Microsoft.AspNetCore.Routing.EndpointMiddleware.<Invoke>g__AwaitRequestTask|7_0(Endpoint endpoint, Task requestTask, ILogger logger)
   at Swashbuckle.AspNetCore.SwaggerUI.SwaggerUIMiddleware.Invoke(HttpContext httpContext)
   at Swashbuckle.AspNetCore.Swagger.SwaggerMiddleware.Invoke(HttpContext httpContext, ISwaggerProvider swaggerProvider)
   at Hellang.Middleware.ProblemDetails.ProblemDetailsMiddleware.Invoke(HttpContext context)
  Exception data:
    Severity: ERROR
    SqlState: 42P01
    MessageText: relation "authors" does not exist
    Position: 27
    File: parse_relation.c
    Line: 1452
    Routine: parserOpenTable
2025-11-24 13:34:49.784 +02:00 [ERR] An unhandled exception has occurred while executing the request.
Npgsql.PostgresException (0x80004005): 42P01: relation "books" does not exist

POSITION: 95
   at Npgsql.Internal.NpgsqlConnector.ReadMessageLong(Boolean async, DataRowLoadingMode dataRowLoadingMode, Boolean readingNotifications, Boolean isReadingPrependedMessage)
   at System.Runtime.CompilerServices.PoolingAsyncValueTaskMethodBuilder`1.StateMachineBox`1.System.Threading.Tasks.Sources.IValueTaskSource<TResult>.GetResult(Int16 token)
   at Npgsql.NpgsqlDataReader.NextResult(Boolean async, Boolean isConsuming, CancellationToken cancellationToken)
   at Npgsql.NpgsqlDataReader.NextResult(Boolean async, Boolean isConsuming, CancellationToken cancellationToken)
   at Npgsql.NpgsqlCommand.ExecuteReader(Boolean async, CommandBehavior behavior, CancellationToken cancellationToken)
   at Npgsql.NpgsqlCommand.ExecuteReader(Boolean async, CommandBehavior behavior, CancellationToken cancellationToken)
   at Npgsql.NpgsqlCommand.ExecuteDbDataReaderAsync(CommandBehavior behavior, CancellationToken cancellationToken)
   at Microsoft.EntityFrameworkCore.Storage.RelationalCommand.ExecuteReaderAsync(RelationalCommandParameterObject parameterObject, CancellationToken cancellationToken)
   at Microsoft.EntityFrameworkCore.Storage.RelationalCommand.ExecuteReaderAsync(RelationalCommandParameterObject parameterObject, CancellationToken cancellationToken)
   at Microsoft.EntityFrameworkCore.Query.Internal.SingleQueryingEnumerable`1.AsyncEnumerator.InitializeReaderAsync(AsyncEnumerator enumerator, CancellationToken cancellationToken)
   at Npgsql.EntityFrameworkCore.PostgreSQL.Storage.Internal.NpgsqlExecutionStrategy.ExecuteAsync[TState,TResult](TState state, Func`4 operation, Func`4 verifySucceeded, CancellationToken cancellationToken)
   at Microsoft.EntityFrameworkCore.Query.Internal.SingleQueryingEnumerable`1.AsyncEnumerator.MoveNextAsync()
   at Microsoft.EntityFrameworkCore.EntityFrameworkQueryableExtensions.ToListAsync[TSource](IQueryable`1 source, CancellationToken cancellationToken)
   at Microsoft.EntityFrameworkCore.EntityFrameworkQueryableExtensions.ToListAsync[TSource](IQueryable`1 source, CancellationToken cancellationToken)
   at CatalogService.Bll.Services.BookService.GetAllAsync() in C:\Users\Admin\Documents\projects\LibrarySystem\CatalogService\CatalogService.Bll\Services\BookService.cs:line 24
   at CatalogService.Api.Controllers.BooksController.GetAll() in C:\Users\Admin\Documents\projects\LibrarySystem\CatalogService\CatalogService.Api\Controllers\BooksController.cs:line 16
   at Microsoft.AspNetCore.Mvc.Infrastructure.ActionMethodExecutor.TaskOfIActionResultExecutor.Execute(ActionContext actionContext, IActionResultTypeMapper mapper, ObjectMethodExecutor executor, Object controller, Object[] arguments)
   at Microsoft.AspNetCore.Mvc.Infrastructure.ControllerActionInvoker.<InvokeActionMethodAsync>g__Awaited|12_0(ControllerActionInvoker invoker, ValueTask`1 actionResultValueTask)
   at Microsoft.AspNetCore.Mvc.Infrastructure.ControllerActionInvoker.<InvokeNextActionFilterAsync>g__Awaited|10_0(ControllerActionInvoker invoker, Task lastTask, State next, Scope scope, Object state, Boolean isCompleted)
   at Microsoft.AspNetCore.Mvc.Infrastructure.ControllerActionInvoker.Rethrow(ActionExecutedContextSealed context)
   at Microsoft.AspNetCore.Mvc.Infrastructure.ControllerActionInvoker.Next(State& next, Scope& scope, Object& state, Boolean& isCompleted)
   at Microsoft.AspNetCore.Mvc.Infrastructure.ControllerActionInvoker.<InvokeInnerFilterAsync>g__Awaited|13_0(ControllerActionInvoker invoker, Task lastTask, State next, Scope scope, Object state, Boolean isCompleted)
   at Microsoft.AspNetCore.Mvc.Infrastructure.ResourceInvoker.<InvokeFilterPipelineAsync>g__Awaited|20_0(ResourceInvoker invoker, Task lastTask, State next, Scope scope, Object state, Boolean isCompleted)
   at Microsoft.AspNetCore.Mvc.Infrastructure.ResourceInvoker.<InvokeAsync>g__Logged|17_1(ResourceInvoker invoker)
   at Microsoft.AspNetCore.Mvc.Infrastructure.ResourceInvoker.<InvokeAsync>g__Logged|17_1(ResourceInvoker invoker)
   at Microsoft.AspNetCore.Routing.EndpointMiddleware.<Invoke>g__AwaitRequestTask|7_0(Endpoint endpoint, Task requestTask, ILogger logger)
   at Swashbuckle.AspNetCore.SwaggerUI.SwaggerUIMiddleware.Invoke(HttpContext httpContext)
   at Swashbuckle.AspNetCore.Swagger.SwaggerMiddleware.Invoke(HttpContext httpContext, ISwaggerProvider swaggerProvider)
   at Hellang.Middleware.ProblemDetails.ProblemDetailsMiddleware.Invoke(HttpContext context)
  Exception data:
    Severity: ERROR
    SqlState: 42P01
    MessageText: relation "books" does not exist
    Position: 95
    File: parse_relation.c
    Line: 1452
    Routine: parserOpenTable
2025-11-24 13:34:49.826 +02:00 [INF] Executing ObjectResult, writing value of type 'Microsoft.AspNetCore.Mvc.ProblemDetails'.
2025-11-24 13:34:49.844 +02:00 [INF] Executing ObjectResult, writing value of type 'Microsoft.AspNetCore.Mvc.ProblemDetails'.
2025-11-24 13:34:49.870 +02:00 [INF] Executing ObjectResult, writing value of type 'Microsoft.AspNetCore.Mvc.ProblemDetails'.
2025-11-24 13:34:49.958 +02:00 [INF] Request finished HTTP/1.1 GET http://localhost:5180/api/books - 500 null application/problem+json; charset=utf-8 2438.763ms
2025-11-24 13:34:49.958 +02:00 [INF] Request finished HTTP/1.1 GET http://localhost:5180/api/genres - 500 null application/problem+json; charset=utf-8 2438.6899ms
2025-11-24 13:34:49.958 +02:00 [INF] Request finished HTTP/1.1 GET http://localhost:5180/api/authors - 500 null application/problem+json; charset=utf-8 2438.6832ms
2025-11-24 13:34:49.965 +02:00 [INF] Request starting HTTP/1.1 GET http://localhost:5180/api/authors - null null
2025-11-24 13:34:49.967 +02:00 [INF] Request starting HTTP/1.1 GET http://localhost:5180/api/books - null null
2025-11-24 13:34:49.968 +02:00 [INF] Request starting HTTP/1.1 GET http://localhost:5180/api/genres - null null
2025-11-24 13:34:49.984 +02:00 [INF] Executing endpoint 'CatalogService.Api.Controllers.AuthorsController.GetAll (CatalogService.Api)'
2025-11-24 13:34:49.986 +02:00 [INF] Executing endpoint 'CatalogService.Api.Controllers.BooksController.GetAll (CatalogService.Api)'
2025-11-24 13:34:49.993 +02:00 [INF] Executing endpoint 'CatalogService.Api.Controllers.GenresController.GetAll (CatalogService.Api)'
2025-11-24 13:34:49.995 +02:00 [INF] Route matched with {action = "GetAll", controller = "Authors"}. Executing controller action with signature System.Threading.Tasks.Task`1[Microsoft.AspNetCore.Mvc.IActionResult] GetAll() on controller CatalogService.Api.Controllers.AuthorsController (CatalogService.Api).
2025-11-24 13:34:49.997 +02:00 [INF] Route matched with {action = "GetAll", controller = "Books"}. Executing controller action with signature System.Threading.Tasks.Task`1[Microsoft.AspNetCore.Mvc.IActionResult] GetAll() on controller CatalogService.Api.Controllers.BooksController (CatalogService.Api).
2025-11-24 13:34:50.000 +02:00 [INF] Route matched with {action = "GetAll", controller = "Genres"}. Executing controller action with signature System.Threading.Tasks.Task`1[Microsoft.AspNetCore.Mvc.IActionResult] GetAll() on controller CatalogService.Api.Controllers.GenresController (CatalogService.Api).
2025-11-24 13:34:50.093 +02:00 [ERR] Failed executing DbCommand (5ms) [Parameters=[], CommandType='"Text"', CommandTimeout='30']
SELECT g.id, g.name
FROM genres AS g
2025-11-24 13:34:50.093 +02:00 [ERR] Failed executing DbCommand (5ms) [Parameters=[], CommandType='"Text"', CommandTimeout='30']
SELECT a.id, a.name
FROM authors AS a
2025-11-24 13:34:50.093 +02:00 [ERR] Failed executing DbCommand (3ms) [Parameters=[], CommandType='"Text"', CommandTimeout='30']
SELECT b.id, b.authorid, b.genreid, b.is_available, b.title, a.id, a.name, g.id, g.name
FROM books AS b
INNER JOIN authors AS a ON b.authorid = a.id
INNER JOIN genres AS g ON b.genreid = g.id
2025-11-24 13:34:50.103 +02:00 [ERR] An exception occurred while iterating over the results of a query for context type 'CatalogService.Dal.CatalogDbContext'.
Npgsql.PostgresException (0x80004005): 42P01: relation "genres" does not exist

POSITION: 27
   at Npgsql.Internal.NpgsqlConnector.ReadMessageLong(Boolean async, DataRowLoadingMode dataRowLoadingMode, Boolean readingNotifications, Boolean isReadingPrependedMessage)
   at System.Runtime.CompilerServices.PoolingAsyncValueTaskMethodBuilder`1.StateMachineBox`1.System.Threading.Tasks.Sources.IValueTaskSource<TResult>.GetResult(Int16 token)
   at Npgsql.NpgsqlDataReader.NextResult(Boolean async, Boolean isConsuming, CancellationToken cancellationToken)
   at Npgsql.NpgsqlDataReader.NextResult(Boolean async, Boolean isConsuming, CancellationToken cancellationToken)
   at Npgsql.NpgsqlCommand.ExecuteReader(Boolean async, CommandBehavior behavior, CancellationToken cancellationToken)
   at Npgsql.NpgsqlCommand.ExecuteReader(Boolean async, CommandBehavior behavior, CancellationToken cancellationToken)
   at Npgsql.NpgsqlCommand.ExecuteDbDataReaderAsync(CommandBehavior behavior, CancellationToken cancellationToken)
   at Microsoft.EntityFrameworkCore.Storage.RelationalCommand.ExecuteReaderAsync(RelationalCommandParameterObject parameterObject, CancellationToken cancellationToken)
   at Microsoft.EntityFrameworkCore.Storage.RelationalCommand.ExecuteReaderAsync(RelationalCommandParameterObject parameterObject, CancellationToken cancellationToken)
   at Microsoft.EntityFrameworkCore.Query.Internal.SingleQueryingEnumerable`1.AsyncEnumerator.InitializeReaderAsync(AsyncEnumerator enumerator, CancellationToken cancellationToken)
   at Npgsql.EntityFrameworkCore.PostgreSQL.Storage.Internal.NpgsqlExecutionStrategy.ExecuteAsync[TState,TResult](TState state, Func`4 operation, Func`4 verifySucceeded, CancellationToken cancellationToken)
   at Microsoft.EntityFrameworkCore.Query.Internal.SingleQueryingEnumerable`1.AsyncEnumerator.MoveNextAsync()
  Exception data:
    Severity: ERROR
    SqlState: 42P01
    MessageText: relation "genres" does not exist
    Position: 27
    File: parse_relation.c
    Line: 1452
    Routine: parserOpenTable
Npgsql.PostgresException (0x80004005): 42P01: relation "genres" does not exist

POSITION: 27
   at Npgsql.Internal.NpgsqlConnector.ReadMessageLong(Boolean async, DataRowLoadingMode dataRowLoadingMode, Boolean readingNotifications, Boolean isReadingPrependedMessage)
   at System.Runtime.CompilerServices.PoolingAsyncValueTaskMethodBuilder`1.StateMachineBox`1.System.Threading.Tasks.Sources.IValueTaskSource<TResult>.GetResult(Int16 token)
   at Npgsql.NpgsqlDataReader.NextResult(Boolean async, Boolean isConsuming, CancellationToken cancellationToken)
   at Npgsql.NpgsqlDataReader.NextResult(Boolean async, Boolean isConsuming, CancellationToken cancellationToken)
   at Npgsql.NpgsqlCommand.ExecuteReader(Boolean async, CommandBehavior behavior, CancellationToken cancellationToken)
   at Npgsql.NpgsqlCommand.ExecuteReader(Boolean async, CommandBehavior behavior, CancellationToken cancellationToken)
   at Npgsql.NpgsqlCommand.ExecuteDbDataReaderAsync(CommandBehavior behavior, CancellationToken cancellationToken)
   at Microsoft.EntityFrameworkCore.Storage.RelationalCommand.ExecuteReaderAsync(RelationalCommandParameterObject parameterObject, CancellationToken cancellationToken)
   at Microsoft.EntityFrameworkCore.Storage.RelationalCommand.ExecuteReaderAsync(RelationalCommandParameterObject parameterObject, CancellationToken cancellationToken)
   at Microsoft.EntityFrameworkCore.Query.Internal.SingleQueryingEnumerable`1.AsyncEnumerator.InitializeReaderAsync(AsyncEnumerator enumerator, CancellationToken cancellationToken)
   at Npgsql.EntityFrameworkCore.PostgreSQL.Storage.Internal.NpgsqlExecutionStrategy.ExecuteAsync[TState,TResult](TState state, Func`4 operation, Func`4 verifySucceeded, CancellationToken cancellationToken)
   at Microsoft.EntityFrameworkCore.Query.Internal.SingleQueryingEnumerable`1.AsyncEnumerator.MoveNextAsync()
  Exception data:
    Severity: ERROR
    SqlState: 42P01
    MessageText: relation "genres" does not exist
    Position: 27
    File: parse_relation.c
    Line: 1452
    Routine: parserOpenTable
2025-11-24 13:34:50.108 +02:00 [ERR] An exception occurred while iterating over the results of a query for context type 'CatalogService.Dal.CatalogDbContext'.
Npgsql.PostgresException (0x80004005): 42P01: relation "authors" does not exist

POSITION: 27
   at Npgsql.Internal.NpgsqlConnector.ReadMessageLong(Boolean async, DataRowLoadingMode dataRowLoadingMode, Boolean readingNotifications, Boolean isReadingPrependedMessage)
   at System.Runtime.CompilerServices.PoolingAsyncValueTaskMethodBuilder`1.StateMachineBox`1.System.Threading.Tasks.Sources.IValueTaskSource<TResult>.GetResult(Int16 token)
   at Npgsql.NpgsqlDataReader.NextResult(Boolean async, Boolean isConsuming, CancellationToken cancellationToken)
   at Npgsql.NpgsqlDataReader.NextResult(Boolean async, Boolean isConsuming, CancellationToken cancellationToken)
   at Npgsql.NpgsqlCommand.ExecuteReader(Boolean async, CommandBehavior behavior, CancellationToken cancellationToken)
   at Npgsql.NpgsqlCommand.ExecuteReader(Boolean async, CommandBehavior behavior, CancellationToken cancellationToken)
   at Npgsql.NpgsqlCommand.ExecuteDbDataReaderAsync(CommandBehavior behavior, CancellationToken cancellationToken)
   at Microsoft.EntityFrameworkCore.Storage.RelationalCommand.ExecuteReaderAsync(RelationalCommandParameterObject parameterObject, CancellationToken cancellationToken)
   at Microsoft.EntityFrameworkCore.Storage.RelationalCommand.ExecuteReaderAsync(RelationalCommandParameterObject parameterObject, CancellationToken cancellationToken)
   at Microsoft.EntityFrameworkCore.Query.Internal.SingleQueryingEnumerable`1.AsyncEnumerator.InitializeReaderAsync(AsyncEnumerator enumerator, CancellationToken cancellationToken)
   at Npgsql.EntityFrameworkCore.PostgreSQL.Storage.Internal.NpgsqlExecutionStrategy.ExecuteAsync[TState,TResult](TState state, Func`4 operation, Func`4 verifySucceeded, CancellationToken cancellationToken)
   at Microsoft.EntityFrameworkCore.Query.Internal.SingleQueryingEnumerable`1.AsyncEnumerator.MoveNextAsync()
  Exception data:
    Severity: ERROR
    SqlState: 42P01
    MessageText: relation "authors" does not exist
    Position: 27
    File: parse_relation.c
    Line: 1452
    Routine: parserOpenTable
Npgsql.PostgresException (0x80004005): 42P01: relation "authors" does not exist

POSITION: 27
   at Npgsql.Internal.NpgsqlConnector.ReadMessageLong(Boolean async, DataRowLoadingMode dataRowLoadingMode, Boolean readingNotifications, Boolean isReadingPrependedMessage)
   at System.Runtime.CompilerServices.PoolingAsyncValueTaskMethodBuilder`1.StateMachineBox`1.System.Threading.Tasks.Sources.IValueTaskSource<TResult>.GetResult(Int16 token)
   at Npgsql.NpgsqlDataReader.NextResult(Boolean async, Boolean isConsuming, CancellationToken cancellationToken)
   at Npgsql.NpgsqlDataReader.NextResult(Boolean async, Boolean isConsuming, CancellationToken cancellationToken)
   at Npgsql.NpgsqlCommand.ExecuteReader(Boolean async, CommandBehavior behavior, CancellationToken cancellationToken)
   at Npgsql.NpgsqlCommand.ExecuteReader(Boolean async, CommandBehavior behavior, CancellationToken cancellationToken)
   at Npgsql.NpgsqlCommand.ExecuteDbDataReaderAsync(CommandBehavior behavior, CancellationToken cancellationToken)
   at Microsoft.EntityFrameworkCore.Storage.RelationalCommand.ExecuteReaderAsync(RelationalCommandParameterObject parameterObject, CancellationToken cancellationToken)
   at Microsoft.EntityFrameworkCore.Storage.RelationalCommand.ExecuteReaderAsync(RelationalCommandParameterObject parameterObject, CancellationToken cancellationToken)
   at Microsoft.EntityFrameworkCore.Query.Internal.SingleQueryingEnumerable`1.AsyncEnumerator.InitializeReaderAsync(AsyncEnumerator enumerator, CancellationToken cancellationToken)
   at Npgsql.EntityFrameworkCore.PostgreSQL.Storage.Internal.NpgsqlExecutionStrategy.ExecuteAsync[TState,TResult](TState state, Func`4 operation, Func`4 verifySucceeded, CancellationToken cancellationToken)
   at Microsoft.EntityFrameworkCore.Query.Internal.SingleQueryingEnumerable`1.AsyncEnumerator.MoveNextAsync()
  Exception data:
    Severity: ERROR
    SqlState: 42P01
    MessageText: relation "authors" does not exist
    Position: 27
    File: parse_relation.c
    Line: 1452
    Routine: parserOpenTable
2025-11-24 13:34:50.113 +02:00 [ERR] An exception occurred while iterating over the results of a query for context type 'CatalogService.Dal.CatalogDbContext'.
Npgsql.PostgresException (0x80004005): 42P01: relation "books" does not exist

POSITION: 95
   at Npgsql.Internal.NpgsqlConnector.ReadMessageLong(Boolean async, DataRowLoadingMode dataRowLoadingMode, Boolean readingNotifications, Boolean isReadingPrependedMessage)
   at System.Runtime.CompilerServices.PoolingAsyncValueTaskMethodBuilder`1.StateMachineBox`1.System.Threading.Tasks.Sources.IValueTaskSource<TResult>.GetResult(Int16 token)
   at Npgsql.NpgsqlDataReader.NextResult(Boolean async, Boolean isConsuming, CancellationToken cancellationToken)
   at Npgsql.NpgsqlDataReader.NextResult(Boolean async, Boolean isConsuming, CancellationToken cancellationToken)
   at Npgsql.NpgsqlCommand.ExecuteReader(Boolean async, CommandBehavior behavior, CancellationToken cancellationToken)
   at Npgsql.NpgsqlCommand.ExecuteReader(Boolean async, CommandBehavior behavior, CancellationToken cancellationToken)
   at Npgsql.NpgsqlCommand.ExecuteDbDataReaderAsync(CommandBehavior behavior, CancellationToken cancellationToken)
   at Microsoft.EntityFrameworkCore.Storage.RelationalCommand.ExecuteReaderAsync(RelationalCommandParameterObject parameterObject, CancellationToken cancellationToken)
   at Microsoft.EntityFrameworkCore.Storage.RelationalCommand.ExecuteReaderAsync(RelationalCommandParameterObject parameterObject, CancellationToken cancellationToken)
   at Microsoft.EntityFrameworkCore.Query.Internal.SingleQueryingEnumerable`1.AsyncEnumerator.InitializeReaderAsync(AsyncEnumerator enumerator, CancellationToken cancellationToken)
   at Npgsql.EntityFrameworkCore.PostgreSQL.Storage.Internal.NpgsqlExecutionStrategy.ExecuteAsync[TState,TResult](TState state, Func`4 operation, Func`4 verifySucceeded, CancellationToken cancellationToken)
   at Microsoft.EntityFrameworkCore.Query.Internal.SingleQueryingEnumerable`1.AsyncEnumerator.MoveNextAsync()
  Exception data:
    Severity: ERROR
    SqlState: 42P01
    MessageText: relation "books" does not exist
    Position: 95
    File: parse_relation.c
    Line: 1452
    Routine: parserOpenTable
Npgsql.PostgresException (0x80004005): 42P01: relation "books" does not exist

POSITION: 95
   at Npgsql.Internal.NpgsqlConnector.ReadMessageLong(Boolean async, DataRowLoadingMode dataRowLoadingMode, Boolean readingNotifications, Boolean isReadingPrependedMessage)
   at System.Runtime.CompilerServices.PoolingAsyncValueTaskMethodBuilder`1.StateMachineBox`1.System.Threading.Tasks.Sources.IValueTaskSource<TResult>.GetResult(Int16 token)
   at Npgsql.NpgsqlDataReader.NextResult(Boolean async, Boolean isConsuming, CancellationToken cancellationToken)
   at Npgsql.NpgsqlDataReader.NextResult(Boolean async, Boolean isConsuming, CancellationToken cancellationToken)
   at Npgsql.NpgsqlCommand.ExecuteReader(Boolean async, CommandBehavior behavior, CancellationToken cancellationToken)
   at Npgsql.NpgsqlCommand.ExecuteReader(Boolean async, CommandBehavior behavior, CancellationToken cancellationToken)
   at Npgsql.NpgsqlCommand.ExecuteDbDataReaderAsync(CommandBehavior behavior, CancellationToken cancellationToken)
   at Microsoft.EntityFrameworkCore.Storage.RelationalCommand.ExecuteReaderAsync(RelationalCommandParameterObject parameterObject, CancellationToken cancellationToken)
   at Microsoft.EntityFrameworkCore.Storage.RelationalCommand.ExecuteReaderAsync(RelationalCommandParameterObject parameterObject, CancellationToken cancellationToken)
   at Microsoft.EntityFrameworkCore.Query.Internal.SingleQueryingEnumerable`1.AsyncEnumerator.InitializeReaderAsync(AsyncEnumerator enumerator, CancellationToken cancellationToken)
   at Npgsql.EntityFrameworkCore.PostgreSQL.Storage.Internal.NpgsqlExecutionStrategy.ExecuteAsync[TState,TResult](TState state, Func`4 operation, Func`4 verifySucceeded, CancellationToken cancellationToken)
   at Microsoft.EntityFrameworkCore.Query.Internal.SingleQueryingEnumerable`1.AsyncEnumerator.MoveNextAsync()
  Exception data:
    Severity: ERROR
    SqlState: 42P01
    MessageText: relation "books" does not exist
    Position: 95
    File: parse_relation.c
    Line: 1452
    Routine: parserOpenTable
2025-11-24 13:34:50.130 +02:00 [INF] Executed action CatalogService.Api.Controllers.GenresController.GetAll (CatalogService.Api) in 117.4551ms
2025-11-24 13:34:50.147 +02:00 [INF] Executed action CatalogService.Api.Controllers.AuthorsController.GetAll (CatalogService.Api) in 143.7587ms
2025-11-24 13:34:50.167 +02:00 [INF] Executed action CatalogService.Api.Controllers.BooksController.GetAll (CatalogService.Api) in 158.3629ms
2025-11-24 13:34:50.168 +02:00 [INF] Executed endpoint 'CatalogService.Api.Controllers.GenresController.GetAll (CatalogService.Api)'
2025-11-24 13:34:50.172 +02:00 [INF] Executed endpoint 'CatalogService.Api.Controllers.AuthorsController.GetAll (CatalogService.Api)'
2025-11-24 13:34:50.176 +02:00 [INF] Executed endpoint 'CatalogService.Api.Controllers.BooksController.GetAll (CatalogService.Api)'
2025-11-24 13:34:50.188 +02:00 [ERR] An unhandled exception has occurred while executing the request.
Npgsql.PostgresException (0x80004005): 42P01: relation "genres" does not exist

POSITION: 27
   at Npgsql.Internal.NpgsqlConnector.ReadMessageLong(Boolean async, DataRowLoadingMode dataRowLoadingMode, Boolean readingNotifications, Boolean isReadingPrependedMessage)
   at System.Runtime.CompilerServices.PoolingAsyncValueTaskMethodBuilder`1.StateMachineBox`1.System.Threading.Tasks.Sources.IValueTaskSource<TResult>.GetResult(Int16 token)
   at Npgsql.NpgsqlDataReader.NextResult(Boolean async, Boolean isConsuming, CancellationToken cancellationToken)
   at Npgsql.NpgsqlDataReader.NextResult(Boolean async, Boolean isConsuming, CancellationToken cancellationToken)
   at Npgsql.NpgsqlCommand.ExecuteReader(Boolean async, CommandBehavior behavior, CancellationToken cancellationToken)
   at Npgsql.NpgsqlCommand.ExecuteReader(Boolean async, CommandBehavior behavior, CancellationToken cancellationToken)
   at Npgsql.NpgsqlCommand.ExecuteDbDataReaderAsync(CommandBehavior behavior, CancellationToken cancellationToken)
   at Microsoft.EntityFrameworkCore.Storage.RelationalCommand.ExecuteReaderAsync(RelationalCommandParameterObject parameterObject, CancellationToken cancellationToken)
   at Microsoft.EntityFrameworkCore.Storage.RelationalCommand.ExecuteReaderAsync(RelationalCommandParameterObject parameterObject, CancellationToken cancellationToken)
   at Microsoft.EntityFrameworkCore.Query.Internal.SingleQueryingEnumerable`1.AsyncEnumerator.InitializeReaderAsync(AsyncEnumerator enumerator, CancellationToken cancellationToken)
   at Npgsql.EntityFrameworkCore.PostgreSQL.Storage.Internal.NpgsqlExecutionStrategy.ExecuteAsync[TState,TResult](TState state, Func`4 operation, Func`4 verifySucceeded, CancellationToken cancellationToken)
   at Microsoft.EntityFrameworkCore.Query.Internal.SingleQueryingEnumerable`1.AsyncEnumerator.MoveNextAsync()
   at Microsoft.EntityFrameworkCore.EntityFrameworkQueryableExtensions.ToListAsync[TSource](IQueryable`1 source, CancellationToken cancellationToken)
   at Microsoft.EntityFrameworkCore.EntityFrameworkQueryableExtensions.ToListAsync[TSource](IQueryable`1 source, CancellationToken cancellationToken)
   at CatalogService.Dal.Repositories.GenericRepository`1.GetAllAsync() in C:\Users\Admin\Documents\projects\LibrarySystem\CatalogService\CatalogService.Dal\Repositories\GenericRepository.cs:line 10
   at CatalogService.Bll.Services.GenreService.GetAllAsync() in C:\Users\Admin\Documents\projects\LibrarySystem\CatalogService\CatalogService.Bll\Services\GenreService.cs:line 21
   at CatalogService.Api.Controllers.GenresController.GetAll() in C:\Users\Admin\Documents\projects\LibrarySystem\CatalogService\CatalogService.Api\Controllers\GenresController.cs:line 16
   at Microsoft.AspNetCore.Mvc.Infrastructure.ActionMethodExecutor.TaskOfIActionResultExecutor.Execute(ActionContext actionContext, IActionResultTypeMapper mapper, ObjectMethodExecutor executor, Object controller, Object[] arguments)
   at Microsoft.AspNetCore.Mvc.Infrastructure.ControllerActionInvoker.<InvokeActionMethodAsync>g__Awaited|12_0(ControllerActionInvoker invoker, ValueTask`1 actionResultValueTask)
   at Microsoft.AspNetCore.Mvc.Infrastructure.ControllerActionInvoker.<InvokeNextActionFilterAsync>g__Awaited|10_0(ControllerActionInvoker invoker, Task lastTask, State next, Scope scope, Object state, Boolean isCompleted)
   at Microsoft.AspNetCore.Mvc.Infrastructure.ControllerActionInvoker.Rethrow(ActionExecutedContextSealed context)
   at Microsoft.AspNetCore.Mvc.Infrastructure.ControllerActionInvoker.Next(State& next, Scope& scope, Object& state, Boolean& isCompleted)
   at Microsoft.AspNetCore.Mvc.Infrastructure.ControllerActionInvoker.<InvokeInnerFilterAsync>g__Awaited|13_0(ControllerActionInvoker invoker, Task lastTask, State next, Scope scope, Object state, Boolean isCompleted)
   at Microsoft.AspNetCore.Mvc.Infrastructure.ResourceInvoker.<InvokeFilterPipelineAsync>g__Awaited|20_0(ResourceInvoker invoker, Task lastTask, State next, Scope scope, Object state, Boolean isCompleted)
   at Microsoft.AspNetCore.Mvc.Infrastructure.ResourceInvoker.<InvokeAsync>g__Logged|17_1(ResourceInvoker invoker)
   at Microsoft.AspNetCore.Mvc.Infrastructure.ResourceInvoker.<InvokeAsync>g__Logged|17_1(ResourceInvoker invoker)
   at Microsoft.AspNetCore.Routing.EndpointMiddleware.<Invoke>g__AwaitRequestTask|7_0(Endpoint endpoint, Task requestTask, ILogger logger)
   at Swashbuckle.AspNetCore.SwaggerUI.SwaggerUIMiddleware.Invoke(HttpContext httpContext)
   at Swashbuckle.AspNetCore.Swagger.SwaggerMiddleware.Invoke(HttpContext httpContext, ISwaggerProvider swaggerProvider)
   at Hellang.Middleware.ProblemDetails.ProblemDetailsMiddleware.Invoke(HttpContext context)
  Exception data:
    Severity: ERROR
    SqlState: 42P01
    MessageText: relation "genres" does not exist
    Position: 27
    File: parse_relation.c
    Line: 1452
    Routine: parserOpenTable
2025-11-24 13:34:50.190 +02:00 [ERR] An unhandled exception has occurred while executing the request.
Npgsql.PostgresException (0x80004005): 42P01: relation "authors" does not exist

POSITION: 27
   at Npgsql.Internal.NpgsqlConnector.ReadMessageLong(Boolean async, DataRowLoadingMode dataRowLoadingMode, Boolean readingNotifications, Boolean isReadingPrependedMessage)
   at System.Runtime.CompilerServices.PoolingAsyncValueTaskMethodBuilder`1.StateMachineBox`1.System.Threading.Tasks.Sources.IValueTaskSource<TResult>.GetResult(Int16 token)
   at Npgsql.NpgsqlDataReader.NextResult(Boolean async, Boolean isConsuming, CancellationToken cancellationToken)
   at Npgsql.NpgsqlDataReader.NextResult(Boolean async, Boolean isConsuming, CancellationToken cancellationToken)
   at Npgsql.NpgsqlCommand.ExecuteReader(Boolean async, CommandBehavior behavior, CancellationToken cancellationToken)
   at Npgsql.NpgsqlCommand.ExecuteReader(Boolean async, CommandBehavior behavior, CancellationToken cancellationToken)
   at Npgsql.NpgsqlCommand.ExecuteDbDataReaderAsync(CommandBehavior behavior, CancellationToken cancellationToken)
   at Microsoft.EntityFrameworkCore.Storage.RelationalCommand.ExecuteReaderAsync(RelationalCommandParameterObject parameterObject, CancellationToken cancellationToken)
   at Microsoft.EntityFrameworkCore.Storage.RelationalCommand.ExecuteReaderAsync(RelationalCommandParameterObject parameterObject, CancellationToken cancellationToken)
   at Microsoft.EntityFrameworkCore.Query.Internal.SingleQueryingEnumerable`1.AsyncEnumerator.InitializeReaderAsync(AsyncEnumerator enumerator, CancellationToken cancellationToken)
   at Npgsql.EntityFrameworkCore.PostgreSQL.Storage.Internal.NpgsqlExecutionStrategy.ExecuteAsync[TState,TResult](TState state, Func`4 operation, Func`4 verifySucceeded, CancellationToken cancellationToken)
   at Microsoft.EntityFrameworkCore.Query.Internal.SingleQueryingEnumerable`1.AsyncEnumerator.MoveNextAsync()
   at Microsoft.EntityFrameworkCore.EntityFrameworkQueryableExtensions.ToListAsync[TSource](IQueryable`1 source, CancellationToken cancellationToken)
   at Microsoft.EntityFrameworkCore.EntityFrameworkQueryableExtensions.ToListAsync[TSource](IQueryable`1 source, CancellationToken cancellationToken)
   at CatalogService.Dal.Repositories.GenericRepository`1.GetAllAsync() in C:\Users\Admin\Documents\projects\LibrarySystem\CatalogService\CatalogService.Dal\Repositories\GenericRepository.cs:line 10
   at CatalogService.Bll.Services.AuthorService.GetAllAsync() in C:\Users\Admin\Documents\projects\LibrarySystem\CatalogService\CatalogService.Bll\Services\AuthorService.cs:line 21
   at CatalogService.Api.Controllers.AuthorsController.GetAll() in C:\Users\Admin\Documents\projects\LibrarySystem\CatalogService\CatalogService.Api\Controllers\AuthorsController.cs:line 16
   at Microsoft.AspNetCore.Mvc.Infrastructure.ActionMethodExecutor.TaskOfIActionResultExecutor.Execute(ActionContext actionContext, IActionResultTypeMapper mapper, ObjectMethodExecutor executor, Object controller, Object[] arguments)
   at Microsoft.AspNetCore.Mvc.Infrastructure.ControllerActionInvoker.<InvokeActionMethodAsync>g__Awaited|12_0(ControllerActionInvoker invoker, ValueTask`1 actionResultValueTask)
   at Microsoft.AspNetCore.Mvc.Infrastructure.ControllerActionInvoker.<InvokeNextActionFilterAsync>g__Awaited|10_0(ControllerActionInvoker invoker, Task lastTask, State next, Scope scope, Object state, Boolean isCompleted)
   at Microsoft.AspNetCore.Mvc.Infrastructure.ControllerActionInvoker.Rethrow(ActionExecutedContextSealed context)
   at Microsoft.AspNetCore.Mvc.Infrastructure.ControllerActionInvoker.Next(State& next, Scope& scope, Object& state, Boolean& isCompleted)
   at Microsoft.AspNetCore.Mvc.Infrastructure.ControllerActionInvoker.<InvokeInnerFilterAsync>g__Awaited|13_0(ControllerActionInvoker invoker, Task lastTask, State next, Scope scope, Object state, Boolean isCompleted)
   at Microsoft.AspNetCore.Mvc.Infrastructure.ResourceInvoker.<InvokeFilterPipelineAsync>g__Awaited|20_0(ResourceInvoker invoker, Task lastTask, State next, Scope scope, Object state, Boolean isCompleted)
   at Microsoft.AspNetCore.Mvc.Infrastructure.ResourceInvoker.<InvokeAsync>g__Logged|17_1(ResourceInvoker invoker)
   at Microsoft.AspNetCore.Mvc.Infrastructure.ResourceInvoker.<InvokeAsync>g__Logged|17_1(ResourceInvoker invoker)
   at Microsoft.AspNetCore.Routing.EndpointMiddleware.<Invoke>g__AwaitRequestTask|7_0(Endpoint endpoint, Task requestTask, ILogger logger)
   at Swashbuckle.AspNetCore.SwaggerUI.SwaggerUIMiddleware.Invoke(HttpContext httpContext)
   at Swashbuckle.AspNetCore.Swagger.SwaggerMiddleware.Invoke(HttpContext httpContext, ISwaggerProvider swaggerProvider)
   at Hellang.Middleware.ProblemDetails.ProblemDetailsMiddleware.Invoke(HttpContext context)
  Exception data:
    Severity: ERROR
    SqlState: 42P01
    MessageText: relation "authors" does not exist
    Position: 27
    File: parse_relation.c
    Line: 1452
    Routine: parserOpenTable
2025-11-24 13:34:50.192 +02:00 [ERR] An unhandled exception has occurred while executing the request.
Npgsql.PostgresException (0x80004005): 42P01: relation "books" does not exist

POSITION: 95
   at Npgsql.Internal.NpgsqlConnector.ReadMessageLong(Boolean async, DataRowLoadingMode dataRowLoadingMode, Boolean readingNotifications, Boolean isReadingPrependedMessage)
   at System.Runtime.CompilerServices.PoolingAsyncValueTaskMethodBuilder`1.StateMachineBox`1.System.Threading.Tasks.Sources.IValueTaskSource<TResult>.GetResult(Int16 token)
   at Npgsql.NpgsqlDataReader.NextResult(Boolean async, Boolean isConsuming, CancellationToken cancellationToken)
   at Npgsql.NpgsqlDataReader.NextResult(Boolean async, Boolean isConsuming, CancellationToken cancellationToken)
   at Npgsql.NpgsqlCommand.ExecuteReader(Boolean async, CommandBehavior behavior, CancellationToken cancellationToken)
   at Npgsql.NpgsqlCommand.ExecuteReader(Boolean async, CommandBehavior behavior, CancellationToken cancellationToken)
   at Npgsql.NpgsqlCommand.ExecuteDbDataReaderAsync(CommandBehavior behavior, CancellationToken cancellationToken)
   at Microsoft.EntityFrameworkCore.Storage.RelationalCommand.ExecuteReaderAsync(RelationalCommandParameterObject parameterObject, CancellationToken cancellationToken)
   at Microsoft.EntityFrameworkCore.Storage.RelationalCommand.ExecuteReaderAsync(RelationalCommandParameterObject parameterObject, CancellationToken cancellationToken)
   at Microsoft.EntityFrameworkCore.Query.Internal.SingleQueryingEnumerable`1.AsyncEnumerator.InitializeReaderAsync(AsyncEnumerator enumerator, CancellationToken cancellationToken)
   at Npgsql.EntityFrameworkCore.PostgreSQL.Storage.Internal.NpgsqlExecutionStrategy.ExecuteAsync[TState,TResult](TState state, Func`4 operation, Func`4 verifySucceeded, CancellationToken cancellationToken)
   at Microsoft.EntityFrameworkCore.Query.Internal.SingleQueryingEnumerable`1.AsyncEnumerator.MoveNextAsync()
   at Microsoft.EntityFrameworkCore.EntityFrameworkQueryableExtensions.ToListAsync[TSource](IQueryable`1 source, CancellationToken cancellationToken)
   at Microsoft.EntityFrameworkCore.EntityFrameworkQueryableExtensions.ToListAsync[TSource](IQueryable`1 source, CancellationToken cancellationToken)
   at CatalogService.Bll.Services.BookService.GetAllAsync() in C:\Users\Admin\Documents\projects\LibrarySystem\CatalogService\CatalogService.Bll\Services\BookService.cs:line 24
   at CatalogService.Api.Controllers.BooksController.GetAll() in C:\Users\Admin\Documents\projects\LibrarySystem\CatalogService\CatalogService.Api\Controllers\BooksController.cs:line 16
   at Microsoft.AspNetCore.Mvc.Infrastructure.ActionMethodExecutor.TaskOfIActionResultExecutor.Execute(ActionContext actionContext, IActionResultTypeMapper mapper, ObjectMethodExecutor executor, Object controller, Object[] arguments)
   at Microsoft.AspNetCore.Mvc.Infrastructure.ControllerActionInvoker.<InvokeActionMethodAsync>g__Awaited|12_0(ControllerActionInvoker invoker, ValueTask`1 actionResultValueTask)
   at Microsoft.AspNetCore.Mvc.Infrastructure.ControllerActionInvoker.<InvokeNextActionFilterAsync>g__Awaited|10_0(ControllerActionInvoker invoker, Task lastTask, State next, Scope scope, Object state, Boolean isCompleted)
   at Microsoft.AspNetCore.Mvc.Infrastructure.ControllerActionInvoker.Rethrow(ActionExecutedContextSealed context)
   at Microsoft.AspNetCore.Mvc.Infrastructure.ControllerActionInvoker.Next(State& next, Scope& scope, Object& state, Boolean& isCompleted)
   at Microsoft.AspNetCore.Mvc.Infrastructure.ControllerActionInvoker.<InvokeInnerFilterAsync>g__Awaited|13_0(ControllerActionInvoker invoker, Task lastTask, State next, Scope scope, Object state, Boolean isCompleted)
   at Microsoft.AspNetCore.Mvc.Infrastructure.ResourceInvoker.<InvokeFilterPipelineAsync>g__Awaited|20_0(ResourceInvoker invoker, Task lastTask, State next, Scope scope, Object state, Boolean isCompleted)
   at Microsoft.AspNetCore.Mvc.Infrastructure.ResourceInvoker.<InvokeAsync>g__Logged|17_1(ResourceInvoker invoker)
   at Microsoft.AspNetCore.Mvc.Infrastructure.ResourceInvoker.<InvokeAsync>g__Logged|17_1(ResourceInvoker invoker)
   at Microsoft.AspNetCore.Routing.EndpointMiddleware.<Invoke>g__AwaitRequestTask|7_0(Endpoint endpoint, Task requestTask, ILogger logger)
   at Swashbuckle.AspNetCore.SwaggerUI.SwaggerUIMiddleware.Invoke(HttpContext httpContext)
   at Swashbuckle.AspNetCore.Swagger.SwaggerMiddleware.Invoke(HttpContext httpContext, ISwaggerProvider swaggerProvider)
   at Hellang.Middleware.ProblemDetails.ProblemDetailsMiddleware.Invoke(HttpContext context)
  Exception data:
    Severity: ERROR
    SqlState: 42P01
    MessageText: relation "books" does not exist
    Position: 95
    File: parse_relation.c
    Line: 1452
    Routine: parserOpenTable
2025-11-24 13:34:50.218 +02:00 [INF] Executing ObjectResult, writing value of type 'Microsoft.AspNetCore.Mvc.ProblemDetails'.
2025-11-24 13:34:50.244 +02:00 [INF] Executing ObjectResult, writing value of type 'Microsoft.AspNetCore.Mvc.ProblemDetails'.
2025-11-24 13:34:50.267 +02:00 [INF] Executing ObjectResult, writing value of type 'Microsoft.AspNetCore.Mvc.ProblemDetails'.
2025-11-24 13:34:50.268 +02:00 [INF] Request finished HTTP/1.1 GET http://localhost:5180/api/genres - 500 null application/problem+json; charset=utf-8 300.4482ms
2025-11-24 13:34:50.270 +02:00 [INF] Request finished HTTP/1.1 GET http://localhost:5180/api/authors - 500 null application/problem+json; charset=utf-8 304.8104ms
2025-11-24 13:34:50.274 +02:00 [INF] Request finished HTTP/1.1 GET http://localhost:5180/api/books - 500 null application/problem+json; charset=utf-8 306.5308ms
2025-11-24 13:48:44.930 +02:00 [INF] Executed DbCommand (18ms) [Parameters=[], CommandType='"Text"', CommandTimeout='30']
SELECT "MigrationId", "ProductVersion"
FROM "__EFMigrationsHistory"
ORDER BY "MigrationId";
2025-11-24 13:51:05.265 +02:00 [INF] Executed DbCommand (16ms) [Parameters=[], CommandType='"Text"', CommandTimeout='30']
SELECT "MigrationId", "ProductVersion"
FROM "__EFMigrationsHistory"
ORDER BY "MigrationId";
2025-11-24 13:51:05.538 +02:00 [INF] Executed DbCommand (6ms) [Parameters=[], CommandType='"Text"', CommandTimeout='30']
CREATE TABLE IF NOT EXISTS "__EFMigrationsHistory" (
    "MigrationId" character varying(150) NOT NULL,
    "ProductVersion" character varying(32) NOT NULL,
    CONSTRAINT "PK___EFMigrationsHistory" PRIMARY KEY ("MigrationId")
);
2025-11-24 13:51:05.549 +02:00 [INF] Acquiring an exclusive lock for migration application. See https://aka.ms/efcore-docs-migrations-lock for more information if this takes too long.
2025-11-24 13:51:05.554 +02:00 [INF] Executed DbCommand (2ms) [Parameters=[], CommandType='"Text"', CommandTimeout='30']
LOCK TABLE "__EFMigrationsHistory" IN ACCESS EXCLUSIVE MODE
2025-11-24 13:51:05.557 +02:00 [INF] Executed DbCommand (0ms) [Parameters=[], CommandType='"Text"', CommandTimeout='30']
SELECT "MigrationId", "ProductVersion"
FROM "__EFMigrationsHistory"
ORDER BY "MigrationId";
2025-11-24 13:51:05.565 +02:00 [INF] Applying migration '20251124115053_AddGenresTable'.
2025-11-24 13:51:05.592 +02:00 [ERR] Failed executing DbCommand (4ms) [Parameters=[], CommandType='"Text"', CommandTimeout='30']
ALTER TABLE "Books" DROP CONSTRAINT "FK_Books_Authors_AuthorId";
2025-11-24 13:53:45.536 +02:00 [ERR] Failed executing DbCommand (17ms) [Parameters=[], CommandType='"Text"', CommandTimeout='30']
SELECT "MigrationId", "ProductVersion"
FROM "__EFMigrationsHistory"
ORDER BY "MigrationId";
2025-11-24 13:53:45.797 +02:00 [INF] Acquiring an exclusive lock for migration application. See https://aka.ms/efcore-docs-migrations-lock for more information if this takes too long.
2025-11-24 13:53:45.811 +02:00 [INF] Applying migration '20251118160114_InitialCreate'.
2025-11-24 13:53:45.883 +02:00 [INF] Applying migration '20251124115053_AddGenresTable'.
2025-11-24 13:57:12.963 +02:00 [INF] Now listening on: http://localhost:5180
2025-11-24 13:57:13.012 +02:00 [INF] Application started. Press Ctrl+C to shut down.
2025-11-24 13:57:13.015 +02:00 [INF] Hosting environment: Development
2025-11-24 13:57:13.016 +02:00 [INF] Content root path: C:\Users\Admin\Documents\projects\LibrarySystem\CatalogService\CatalogService.Api
2025-11-24 13:57:20.984 +02:00 [INF] Request starting HTTP/1.1 GET http://localhost:5180/api/genres - null null
2025-11-24 13:57:20.984 +02:00 [INF] Request starting HTTP/1.1 GET http://localhost:5180/api/authors - null null
2025-11-24 13:57:20.984 +02:00 [INF] Request starting HTTP/1.1 GET http://localhost:5180/api/books - null null
2025-11-24 13:57:21.050 +02:00 [INF] Executing endpoint 'CatalogService.Api.Controllers.AuthorsController.GetAll (CatalogService.Api)'
2025-11-24 13:57:21.050 +02:00 [INF] Executing endpoint 'CatalogService.Api.Controllers.BooksController.GetAll (CatalogService.Api)'
2025-11-24 13:57:21.050 +02:00 [INF] Executing endpoint 'CatalogService.Api.Controllers.GenresController.GetAll (CatalogService.Api)'
2025-11-24 13:57:21.075 +02:00 [INF] Route matched with {action = "GetAll", controller = "Genres"}. Executing controller action with signature System.Threading.Tasks.Task`1[Microsoft.AspNetCore.Mvc.IActionResult] GetAll() on controller CatalogService.Api.Controllers.GenresController (CatalogService.Api).
2025-11-24 13:57:21.075 +02:00 [INF] Route matched with {action = "GetAll", controller = "Books"}. Executing controller action with signature System.Threading.Tasks.Task`1[Microsoft.AspNetCore.Mvc.IActionResult] GetAll() on controller CatalogService.Api.Controllers.BooksController (CatalogService.Api).
2025-11-24 13:57:21.075 +02:00 [INF] Route matched with {action = "GetAll", controller = "Authors"}. Executing controller action with signature System.Threading.Tasks.Task`1[Microsoft.AspNetCore.Mvc.IActionResult] GetAll() on controller CatalogService.Api.Controllers.AuthorsController (CatalogService.Api).
2025-11-24 13:57:22.964 +02:00 [INF] Executed DbCommand (33ms) [Parameters=[], CommandType='"Text"', CommandTimeout='30']
SELECT g.id, g.name
FROM genres AS g
2025-11-24 13:57:22.964 +02:00 [INF] Executed DbCommand (33ms) [Parameters=[], CommandType='"Text"', CommandTimeout='30']
SELECT a.id, a.name
FROM authors AS a
2025-11-24 13:57:22.964 +02:00 [INF] Executed DbCommand (33ms) [Parameters=[], CommandType='"Text"', CommandTimeout='30']
SELECT b.id, b.authorid, b.genreid, b."IsAvailable", b.title, a.id, a.name, g.id, g.name
FROM books AS b
INNER JOIN authors AS a ON b.authorid = a.id
INNER JOIN genres AS g ON b.genreid = g.id
2025-11-24 13:57:23.124 +02:00 [INF] Executing OkObjectResult, writing value of type 'System.Collections.Generic.List`1[[CatalogService.Bll.Dtos.GenreDto, CatalogService.Bll, Version=1.0.0.0, Culture=neutral, PublicKeyToken=null]]'.
2025-11-24 13:57:23.124 +02:00 [INF] Executing OkObjectResult, writing value of type 'System.Collections.Generic.List`1[[CatalogService.Bll.Dtos.BookDto, CatalogService.Bll, Version=1.0.0.0, Culture=neutral, PublicKeyToken=null]]'.
2025-11-24 13:57:23.124 +02:00 [INF] Executing OkObjectResult, writing value of type 'System.Collections.Generic.List`1[[CatalogService.Bll.Dtos.AuthorDto, CatalogService.Bll, Version=1.0.0.0, Culture=neutral, PublicKeyToken=null]]'.
2025-11-24 13:57:23.182 +02:00 [INF] Executed action CatalogService.Api.Controllers.BooksController.GetAll (CatalogService.Api) in 2092.4252ms
2025-11-24 13:57:23.182 +02:00 [INF] Executed action CatalogService.Api.Controllers.AuthorsController.GetAll (CatalogService.Api) in 2087.3536ms
2025-11-24 13:57:23.182 +02:00 [INF] Executed action CatalogService.Api.Controllers.GenresController.GetAll (CatalogService.Api) in 2096.6711ms
2025-11-24 13:57:23.186 +02:00 [INF] Request starting HTTP/1.1 GET http://localhost:5180/api/genres - null null
2025-11-24 13:57:23.187 +02:00 [INF] Request starting HTTP/1.1 GET http://localhost:5180/api/authors - null null
2025-11-24 13:57:23.187 +02:00 [INF] Request starting HTTP/1.1 GET http://localhost:5180/api/books - null null
2025-11-24 13:57:23.191 +02:00 [INF] Executed endpoint 'CatalogService.Api.Controllers.BooksController.GetAll (CatalogService.Api)'
2025-11-24 13:57:23.193 +02:00 [INF] Executed endpoint 'CatalogService.Api.Controllers.AuthorsController.GetAll (CatalogService.Api)'
2025-11-24 13:57:23.195 +02:00 [INF] Executed endpoint 'CatalogService.Api.Controllers.GenresController.GetAll (CatalogService.Api)'
2025-11-24 13:57:23.204 +02:00 [INF] Executing endpoint 'CatalogService.Api.Controllers.GenresController.GetAll (CatalogService.Api)'
2025-11-24 13:57:23.206 +02:00 [INF] Executing endpoint 'CatalogService.Api.Controllers.AuthorsController.GetAll (CatalogService.Api)'
2025-11-24 13:57:23.211 +02:00 [INF] Executing endpoint 'CatalogService.Api.Controllers.BooksController.GetAll (CatalogService.Api)'
2025-11-24 13:57:23.222 +02:00 [INF] Route matched with {action = "GetAll", controller = "Genres"}. Executing controller action with signature System.Threading.Tasks.Task`1[Microsoft.AspNetCore.Mvc.IActionResult] GetAll() on controller CatalogService.Api.Controllers.GenresController (CatalogService.Api).
2025-11-24 13:57:23.225 +02:00 [INF] Route matched with {action = "GetAll", controller = "Authors"}. Executing controller action with signature System.Threading.Tasks.Task`1[Microsoft.AspNetCore.Mvc.IActionResult] GetAll() on controller CatalogService.Api.Controllers.AuthorsController (CatalogService.Api).
2025-11-24 13:57:23.226 +02:00 [INF] Request finished HTTP/1.1 GET http://localhost:5180/api/authors - 200 null application/json; charset=utf-8 2244.1039ms
2025-11-24 13:57:23.226 +02:00 [INF] Request finished HTTP/1.1 GET http://localhost:5180/api/genres - 200 null application/json; charset=utf-8 2244.1207ms
2025-11-24 13:57:23.226 +02:00 [INF] Request finished HTTP/1.1 GET http://localhost:5180/api/books - 200 null application/json; charset=utf-8 2244.1305ms
2025-11-24 13:57:23.227 +02:00 [INF] Route matched with {action = "GetAll", controller = "Books"}. Executing controller action with signature System.Threading.Tasks.Task`1[Microsoft.AspNetCore.Mvc.IActionResult] GetAll() on controller CatalogService.Api.Controllers.BooksController (CatalogService.Api).
2025-11-24 13:57:23.333 +02:00 [INF] Executed DbCommand (6ms) [Parameters=[], CommandType='"Text"', CommandTimeout='30']
SELECT g.id, g.name
FROM genres AS g
2025-11-24 13:57:23.333 +02:00 [INF] Executed DbCommand (6ms) [Parameters=[], CommandType='"Text"', CommandTimeout='30']
SELECT a.id, a.name
FROM authors AS a
2025-11-24 13:57:23.333 +02:00 [INF] Executed DbCommand (4ms) [Parameters=[], CommandType='"Text"', CommandTimeout='30']
SELECT b.id, b.authorid, b.genreid, b."IsAvailable", b.title, a.id, a.name, g.id, g.name
FROM books AS b
INNER JOIN authors AS a ON b.authorid = a.id
INNER JOIN genres AS g ON b.genreid = g.id
2025-11-24 13:57:23.341 +02:00 [INF] Executing OkObjectResult, writing value of type 'System.Collections.Generic.List`1[[CatalogService.Bll.Dtos.GenreDto, CatalogService.Bll, Version=1.0.0.0, Culture=neutral, PublicKeyToken=null]]'.
2025-11-24 13:57:23.347 +02:00 [INF] Executing OkObjectResult, writing value of type 'System.Collections.Generic.List`1[[CatalogService.Bll.Dtos.AuthorDto, CatalogService.Bll, Version=1.0.0.0, Culture=neutral, PublicKeyToken=null]]'.
2025-11-24 13:57:23.352 +02:00 [INF] Executing OkObjectResult, writing value of type 'System.Collections.Generic.List`1[[CatalogService.Bll.Dtos.BookDto, CatalogService.Bll, Version=1.0.0.0, Culture=neutral, PublicKeyToken=null]]'.
2025-11-24 13:57:23.356 +02:00 [INF] Executed action CatalogService.Api.Controllers.GenresController.GetAll (CatalogService.Api) in 125.7895ms
2025-11-24 13:57:23.360 +02:00 [INF] Executed action CatalogService.Api.Controllers.AuthorsController.GetAll (CatalogService.Api) in 125.8489ms
2025-11-24 13:57:23.363 +02:00 [INF] Executed action CatalogService.Api.Controllers.BooksController.GetAll (CatalogService.Api) in 106.1008ms
2025-11-24 13:57:23.366 +02:00 [INF] Executed endpoint 'CatalogService.Api.Controllers.GenresController.GetAll (CatalogService.Api)'
2025-11-24 13:57:23.368 +02:00 [INF] Executed endpoint 'CatalogService.Api.Controllers.AuthorsController.GetAll (CatalogService.Api)'
2025-11-24 13:57:23.371 +02:00 [INF] Executed endpoint 'CatalogService.Api.Controllers.BooksController.GetAll (CatalogService.Api)'
2025-11-24 13:57:23.374 +02:00 [INF] Request finished HTTP/1.1 GET http://localhost:5180/api/genres - 200 null application/json; charset=utf-8 187.9024ms
2025-11-24 13:57:23.376 +02:00 [INF] Request finished HTTP/1.1 GET http://localhost:5180/api/authors - 200 null application/json; charset=utf-8 189.1781ms
2025-11-24 13:57:23.379 +02:00 [INF] Request finished HTTP/1.1 GET http://localhost:5180/api/books - 200 null application/json; charset=utf-8 191.4626ms
2025-11-24 13:57:41.449 +02:00 [INF] Request starting HTTP/1.1 POST http://localhost:5180/api/books - application/json 43
2025-11-24 13:57:41.461 +02:00 [INF] CORS policy execution successful.
2025-11-24 13:57:41.464 +02:00 [INF] Executing endpoint 'CatalogService.Api.Controllers.BooksController.Create (CatalogService.Api)'
2025-11-24 13:57:41.478 +02:00 [INF] Route matched with {action = "Create", controller = "Books"}. Executing controller action with signature System.Threading.Tasks.Task`1[Microsoft.AspNetCore.Mvc.IActionResult] Create(CatalogService.Bll.Dtos.CreateBookDto) on controller CatalogService.Api.Controllers.BooksController (CatalogService.Api).
2025-11-24 13:57:41.751 +02:00 [INF] Executed DbCommand (16ms) [Parameters=[@p0='?' (DbType = Int32), @p1='?' (DbType = Int32), @p2='?' (DbType = Boolean), @p3='?'], CommandType='"Text"', CommandTimeout='30']
INSERT INTO books (authorid, genreid, "IsAvailable", title)
VALUES (@p0, @p1, @p2, @p3)
RETURNING id;
2025-11-24 13:57:41.787 +02:00 [INF] Executing CreatedAtActionResult, writing value of type 'CatalogService.Bll.Dtos.CreateBookDto'.
2025-11-24 13:57:41.811 +02:00 [INF] Executed action CatalogService.Api.Controllers.BooksController.Create (CatalogService.Api) in 325.8909ms
2025-11-24 13:57:41.816 +02:00 [INF] Executed endpoint 'CatalogService.Api.Controllers.BooksController.Create (CatalogService.Api)'
2025-11-24 13:57:41.820 +02:00 [INF] Request finished HTTP/1.1 POST http://localhost:5180/api/books - 201 null application/json; charset=utf-8 370.9205ms
2025-11-24 13:57:41.833 +02:00 [INF] Request starting HTTP/1.1 GET http://localhost:5180/api/books - null null
2025-11-24 13:57:41.833 +02:00 [INF] Request starting HTTP/1.1 GET http://localhost:5180/api/authors - null null
2025-11-24 13:57:41.833 +02:00 [INF] Request starting HTTP/1.1 GET http://localhost:5180/api/genres - null null
2025-11-24 13:57:41.840 +02:00 [INF] Executing endpoint 'CatalogService.Api.Controllers.BooksController.GetAll (CatalogService.Api)'
2025-11-24 13:57:41.847 +02:00 [INF] Executing endpoint 'CatalogService.Api.Controllers.AuthorsController.GetAll (CatalogService.Api)'
2025-11-24 13:57:41.853 +02:00 [INF] Executing endpoint 'CatalogService.Api.Controllers.GenresController.GetAll (CatalogService.Api)'
2025-11-24 13:57:41.856 +02:00 [INF] Route matched with {action = "GetAll", controller = "Books"}. Executing controller action with signature System.Threading.Tasks.Task`1[Microsoft.AspNetCore.Mvc.IActionResult] GetAll() on controller CatalogService.Api.Controllers.BooksController (CatalogService.Api).
2025-11-24 13:57:41.859 +02:00 [INF] Route matched with {action = "GetAll", controller = "Authors"}. Executing controller action with signature System.Threading.Tasks.Task`1[Microsoft.AspNetCore.Mvc.IActionResult] GetAll() on controller CatalogService.Api.Controllers.AuthorsController (CatalogService.Api).
2025-11-24 13:57:41.862 +02:00 [INF] Route matched with {action = "GetAll", controller = "Genres"}. Executing controller action with signature System.Threading.Tasks.Task`1[Microsoft.AspNetCore.Mvc.IActionResult] GetAll() on controller CatalogService.Api.Controllers.GenresController (CatalogService.Api).
2025-11-24 13:57:41.872 +02:00 [INF] Executed DbCommand (3ms) [Parameters=[], CommandType='"Text"', CommandTimeout='30']
SELECT b.id, b.authorid, b.genreid, b."IsAvailable", b.title, a.id, a.name, g.id, g.name
FROM books AS b
INNER JOIN authors AS a ON b.authorid = a.id
INNER JOIN genres AS g ON b.genreid = g.id
2025-11-24 13:57:41.876 +02:00 [INF] Executed DbCommand (1ms) [Parameters=[], CommandType='"Text"', CommandTimeout='30']
SELECT a.id, a.name
FROM authors AS a
2025-11-24 13:57:41.881 +02:00 [INF] Executed DbCommand (1ms) [Parameters=[], CommandType='"Text"', CommandTimeout='30']
SELECT g.id, g.name
FROM genres AS g
2025-11-24 13:57:41.884 +02:00 [INF] Executing OkObjectResult, writing value of type 'System.Collections.Generic.List`1[[CatalogService.Bll.Dtos.BookDto, CatalogService.Bll, Version=1.0.0.0, Culture=neutral, PublicKeyToken=null]]'.
2025-11-24 13:57:41.888 +02:00 [INF] Executing OkObjectResult, writing value of type 'System.Collections.Generic.List`1[[CatalogService.Bll.Dtos.AuthorDto, CatalogService.Bll, Version=1.0.0.0, Culture=neutral, PublicKeyToken=null]]'.
2025-11-24 13:57:41.895 +02:00 [INF] Executing OkObjectResult, writing value of type 'System.Collections.Generic.List`1[[CatalogService.Bll.Dtos.GenreDto, CatalogService.Bll, Version=1.0.0.0, Culture=neutral, PublicKeyToken=null]]'.
2025-11-24 13:57:41.898 +02:00 [INF] Executed action CatalogService.Api.Controllers.BooksController.GetAll (CatalogService.Api) in 31.366ms
2025-11-24 13:57:41.902 +02:00 [INF] Executed action CatalogService.Api.Controllers.AuthorsController.GetAll (CatalogService.Api) in 29.8696ms
2025-11-24 13:57:41.906 +02:00 [INF] Executed action CatalogService.Api.Controllers.GenresController.GetAll (CatalogService.Api) in 29.241ms
2025-11-24 13:57:41.910 +02:00 [INF] Executed endpoint 'CatalogService.Api.Controllers.BooksController.GetAll (CatalogService.Api)'
2025-11-24 13:57:41.913 +02:00 [INF] Executed endpoint 'CatalogService.Api.Controllers.AuthorsController.GetAll (CatalogService.Api)'
2025-11-24 13:57:41.916 +02:00 [INF] Executed endpoint 'CatalogService.Api.Controllers.GenresController.GetAll (CatalogService.Api)'
2025-11-24 13:57:41.919 +02:00 [INF] Request finished HTTP/1.1 GET http://localhost:5180/api/books - 200 null application/json; charset=utf-8 85.9402ms
2025-11-24 13:57:41.922 +02:00 [INF] Request finished HTTP/1.1 GET http://localhost:5180/api/authors - 200 null application/json; charset=utf-8 88.702ms
2025-11-24 13:57:41.925 +02:00 [INF] Request finished HTTP/1.1 GET http://localhost:5180/api/genres - 200 null application/json; charset=utf-8 91.5886ms
2025-11-24 13:57:57.856 +02:00 [INF] Request starting HTTP/1.1 PUT http://localhost:5180/api/books/4 - application/json 51
2025-11-24 13:57:57.866 +02:00 [INF] CORS policy execution successful.
2025-11-24 13:57:57.868 +02:00 [INF] Executing endpoint 'CatalogService.Api.Controllers.BooksController.Update (CatalogService.Api)'
2025-11-24 13:57:57.875 +02:00 [INF] Route matched with {action = "Update", controller = "Books"}. Executing controller action with signature System.Threading.Tasks.Task`1[Microsoft.AspNetCore.Mvc.IActionResult] Update(Int32, UpdateBookDto) on controller CatalogService.Api.Controllers.BooksController (CatalogService.Api).
2025-11-24 13:57:57.954 +02:00 [INF] Executed DbCommand (1ms) [Parameters=[@__p_0='?' (DbType = Int32)], CommandType='"Text"', CommandTimeout='30']
SELECT b.id, b.authorid, b.genreid, b."IsAvailable", b.title
FROM books AS b
WHERE b.id = @__p_0
LIMIT 1
2025-11-24 13:57:57.971 +02:00 [INF] Executed DbCommand (4ms) [Parameters=[@p4='?' (DbType = Int32), @p0='?' (DbType = Int32), @p1='?' (DbType = Int32), @p2='?' (DbType = Boolean), @p3='?'], CommandType='"Text"', CommandTimeout='30']
UPDATE books SET authorid = @p0, genreid = @p1, "IsAvailable" = @p2, title = @p3
WHERE id = @p4;
2025-11-24 13:57:57.983 +02:00 [INF] Executing StatusCodeResult, setting HTTP status code 204
2025-11-24 13:57:57.986 +02:00 [INF] Executed action CatalogService.Api.Controllers.BooksController.Update (CatalogService.Api) in 104.8513ms
2025-11-24 13:57:57.991 +02:00 [INF] Executed endpoint 'CatalogService.Api.Controllers.BooksController.Update (CatalogService.Api)'
2025-11-24 13:57:57.994 +02:00 [INF] Request finished HTTP/1.1 PUT http://localhost:5180/api/books/4 - 204 null null 138.815ms
2025-11-24 13:57:58.006 +02:00 [INF] Request starting HTTP/1.1 GET http://localhost:5180/api/authors - null null
2025-11-24 13:57:58.006 +02:00 [INF] Request starting HTTP/1.1 GET http://localhost:5180/api/books - null null
2025-11-24 13:57:58.006 +02:00 [INF] Request starting HTTP/1.1 GET http://localhost:5180/api/genres - null null
2025-11-24 13:57:58.012 +02:00 [INF] Executing endpoint 'CatalogService.Api.Controllers.AuthorsController.GetAll (CatalogService.Api)'
2025-11-24 13:57:58.017 +02:00 [INF] Executing endpoint 'CatalogService.Api.Controllers.BooksController.GetAll (CatalogService.Api)'
2025-11-24 13:57:58.023 +02:00 [INF] Executing endpoint 'CatalogService.Api.Controllers.GenresController.GetAll (CatalogService.Api)'
2025-11-24 13:57:58.025 +02:00 [INF] Route matched with {action = "GetAll", controller = "Authors"}. Executing controller action with signature System.Threading.Tasks.Task`1[Microsoft.AspNetCore.Mvc.IActionResult] GetAll() on controller CatalogService.Api.Controllers.AuthorsController (CatalogService.Api).
2025-11-24 13:57:58.028 +02:00 [INF] Route matched with {action = "GetAll", controller = "Books"}. Executing controller action with signature System.Threading.Tasks.Task`1[Microsoft.AspNetCore.Mvc.IActionResult] GetAll() on controller CatalogService.Api.Controllers.BooksController (CatalogService.Api).
2025-11-24 13:57:58.030 +02:00 [INF] Route matched with {action = "GetAll", controller = "Genres"}. Executing controller action with signature System.Threading.Tasks.Task`1[Microsoft.AspNetCore.Mvc.IActionResult] GetAll() on controller CatalogService.Api.Controllers.GenresController (CatalogService.Api).
2025-11-24 13:57:58.036 +02:00 [INF] Executed DbCommand (1ms) [Parameters=[], CommandType='"Text"', CommandTimeout='30']
SELECT a.id, a.name
FROM authors AS a
2025-11-24 13:57:58.041 +02:00 [INF] Executed DbCommand (1ms) [Parameters=[], CommandType='"Text"', CommandTimeout='30']
SELECT b.id, b.authorid, b.genreid, b."IsAvailable", b.title, a.id, a.name, g.id, g.name
FROM books AS b
INNER JOIN authors AS a ON b.authorid = a.id
INNER JOIN genres AS g ON b.genreid = g.id
2025-11-24 13:57:58.045 +02:00 [INF] Executed DbCommand (1ms) [Parameters=[], CommandType='"Text"', CommandTimeout='30']
SELECT g.id, g.name
FROM genres AS g
2025-11-24 13:57:58.049 +02:00 [INF] Executing OkObjectResult, writing value of type 'System.Collections.Generic.List`1[[CatalogService.Bll.Dtos.AuthorDto, CatalogService.Bll, Version=1.0.0.0, Culture=neutral, PublicKeyToken=null]]'.
2025-11-24 13:57:58.058 +02:00 [INF] Executing OkObjectResult, writing value of type 'System.Collections.Generic.List`1[[CatalogService.Bll.Dtos.BookDto, CatalogService.Bll, Version=1.0.0.0, Culture=neutral, PublicKeyToken=null]]'.
2025-11-24 13:57:58.062 +02:00 [INF] Executing OkObjectResult, writing value of type 'System.Collections.Generic.List`1[[CatalogService.Bll.Dtos.GenreDto, CatalogService.Bll, Version=1.0.0.0, Culture=neutral, PublicKeyToken=null]]'.
2025-11-24 13:57:58.065 +02:00 [INF] Executed action CatalogService.Api.Controllers.AuthorsController.GetAll (CatalogService.Api) in 30.4683ms
2025-11-24 13:57:58.068 +02:00 [INF] Executed action CatalogService.Api.Controllers.BooksController.GetAll (CatalogService.Api) in 29.1379ms
2025-11-24 13:57:58.071 +02:00 [INF] Executed action CatalogService.Api.Controllers.GenresController.GetAll (CatalogService.Api) in 27.2596ms
2025-11-24 13:57:58.073 +02:00 [INF] Executed endpoint 'CatalogService.Api.Controllers.AuthorsController.GetAll (CatalogService.Api)'
2025-11-24 13:57:58.076 +02:00 [INF] Executed endpoint 'CatalogService.Api.Controllers.BooksController.GetAll (CatalogService.Api)'
2025-11-24 13:57:58.079 +02:00 [INF] Executed endpoint 'CatalogService.Api.Controllers.GenresController.GetAll (CatalogService.Api)'
2025-11-24 13:57:58.081 +02:00 [INF] Request finished HTTP/1.1 GET http://localhost:5180/api/authors - 200 null application/json; charset=utf-8 75.184ms
2025-11-24 13:57:58.084 +02:00 [INF] Request finished HTTP/1.1 GET http://localhost:5180/api/books - 200 null application/json; charset=utf-8 78.0293ms
2025-11-24 13:57:58.086 +02:00 [INF] Request finished HTTP/1.1 GET http://localhost:5180/api/genres - 200 null application/json; charset=utf-8 80.1496ms
2025-11-24 13:58:07.449 +02:00 [INF] Request starting HTTP/1.1 PUT http://localhost:5180/api/books/4 - application/json 51
2025-11-24 13:58:07.462 +02:00 [INF] CORS policy execution successful.
2025-11-24 13:58:07.465 +02:00 [INF] Executing endpoint 'CatalogService.Api.Controllers.BooksController.Update (CatalogService.Api)'
2025-11-24 13:58:07.467 +02:00 [INF] Route matched with {action = "Update", controller = "Books"}. Executing controller action with signature System.Threading.Tasks.Task`1[Microsoft.AspNetCore.Mvc.IActionResult] Update(Int32, UpdateBookDto) on controller CatalogService.Api.Controllers.BooksController (CatalogService.Api).
2025-11-24 13:58:07.476 +02:00 [INF] Executed DbCommand (1ms) [Parameters=[@__p_0='?' (DbType = Int32)], CommandType='"Text"', CommandTimeout='30']
SELECT b.id, b.authorid, b.genreid, b."IsAvailable", b.title
FROM books AS b
WHERE b.id = @__p_0
LIMIT 1
2025-11-24 13:58:07.491 +02:00 [INF] Executed DbCommand (6ms) [Parameters=[@p4='?' (DbType = Int32), @p0='?' (DbType = Int32), @p1='?' (DbType = Int32), @p2='?' (DbType = Boolean), @p3='?'], CommandType='"Text"', CommandTimeout='30']
UPDATE books SET authorid = @p0, genreid = @p1, "IsAvailable" = @p2, title = @p3
WHERE id = @p4;
2025-11-24 13:58:07.498 +02:00 [INF] Executing StatusCodeResult, setting HTTP status code 204
2025-11-24 13:58:07.501 +02:00 [INF] Executed action CatalogService.Api.Controllers.BooksController.Update (CatalogService.Api) in 30.8355ms
2025-11-24 13:58:07.505 +02:00 [INF] Executed endpoint 'CatalogService.Api.Controllers.BooksController.Update (CatalogService.Api)'
2025-11-24 13:58:07.508 +02:00 [INF] Request finished HTTP/1.1 PUT http://localhost:5180/api/books/4 - 204 null null 59.0619ms
2025-11-24 13:58:07.520 +02:00 [INF] Request starting HTTP/1.1 GET http://localhost:5180/api/books - null null
2025-11-24 13:58:07.520 +02:00 [INF] Request starting HTTP/1.1 GET http://localhost:5180/api/authors - null null
2025-11-24 13:58:07.520 +02:00 [INF] Request starting HTTP/1.1 GET http://localhost:5180/api/genres - null null
2025-11-24 13:58:07.526 +02:00 [INF] Executing endpoint 'CatalogService.Api.Controllers.BooksController.GetAll (CatalogService.Api)'
2025-11-24 13:58:07.531 +02:00 [INF] Executing endpoint 'CatalogService.Api.Controllers.AuthorsController.GetAll (CatalogService.Api)'
2025-11-24 13:58:07.535 +02:00 [INF] Executing endpoint 'CatalogService.Api.Controllers.GenresController.GetAll (CatalogService.Api)'
2025-11-24 13:58:07.537 +02:00 [INF] Route matched with {action = "GetAll", controller = "Books"}. Executing controller action with signature System.Threading.Tasks.Task`1[Microsoft.AspNetCore.Mvc.IActionResult] GetAll() on controller CatalogService.Api.Controllers.BooksController (CatalogService.Api).
2025-11-24 13:58:07.540 +02:00 [INF] Route matched with {action = "GetAll", controller = "Authors"}. Executing controller action with signature System.Threading.Tasks.Task`1[Microsoft.AspNetCore.Mvc.IActionResult] GetAll() on controller CatalogService.Api.Controllers.AuthorsController (CatalogService.Api).
2025-11-24 13:58:07.542 +02:00 [INF] Route matched with {action = "GetAll", controller = "Genres"}. Executing controller action with signature System.Threading.Tasks.Task`1[Microsoft.AspNetCore.Mvc.IActionResult] GetAll() on controller CatalogService.Api.Controllers.GenresController (CatalogService.Api).
2025-11-24 13:58:07.548 +02:00 [INF] Executed DbCommand (1ms) [Parameters=[], CommandType='"Text"', CommandTimeout='30']
SELECT b.id, b.authorid, b.genreid, b."IsAvailable", b.title, a.id, a.name, g.id, g.name
FROM books AS b
INNER JOIN authors AS a ON b.authorid = a.id
INNER JOIN genres AS g ON b.genreid = g.id
2025-11-24 13:58:07.553 +02:00 [INF] Executed DbCommand (1ms) [Parameters=[], CommandType='"Text"', CommandTimeout='30']
SELECT a.id, a.name
FROM authors AS a
2025-11-24 13:58:07.557 +02:00 [INF] Executed DbCommand (1ms) [Parameters=[], CommandType='"Text"', CommandTimeout='30']
SELECT g.id, g.name
FROM genres AS g
2025-11-24 13:58:07.562 +02:00 [INF] Executing OkObjectResult, writing value of type 'System.Collections.Generic.List`1[[CatalogService.Bll.Dtos.BookDto, CatalogService.Bll, Version=1.0.0.0, Culture=neutral, PublicKeyToken=null]]'.
2025-11-24 13:58:07.567 +02:00 [INF] Executing OkObjectResult, writing value of type 'System.Collections.Generic.List`1[[CatalogService.Bll.Dtos.AuthorDto, CatalogService.Bll, Version=1.0.0.0, Culture=neutral, PublicKeyToken=null]]'.
2025-11-24 13:58:07.573 +02:00 [INF] Executing OkObjectResult, writing value of type 'System.Collections.Generic.List`1[[CatalogService.Bll.Dtos.GenreDto, CatalogService.Bll, Version=1.0.0.0, Culture=neutral, PublicKeyToken=null]]'.
2025-11-24 13:58:07.576 +02:00 [INF] Executed action CatalogService.Api.Controllers.BooksController.GetAll (CatalogService.Api) in 29.3554ms
2025-11-24 13:58:07.579 +02:00 [INF] Executed action CatalogService.Api.Controllers.AuthorsController.GetAll (CatalogService.Api) in 27.6535ms
2025-11-24 13:58:07.581 +02:00 [INF] Executed action CatalogService.Api.Controllers.GenresController.GetAll (CatalogService.Api) in 26.0213ms
2025-11-24 13:58:07.584 +02:00 [INF] Executed endpoint 'CatalogService.Api.Controllers.BooksController.GetAll (CatalogService.Api)'
2025-11-24 13:58:07.587 +02:00 [INF] Executed endpoint 'CatalogService.Api.Controllers.AuthorsController.GetAll (CatalogService.Api)'
2025-11-24 13:58:07.589 +02:00 [INF] Executed endpoint 'CatalogService.Api.Controllers.GenresController.GetAll (CatalogService.Api)'
2025-11-24 13:58:07.592 +02:00 [INF] Request finished HTTP/1.1 GET http://localhost:5180/api/books - 200 null application/json; charset=utf-8 71.9304ms
2025-11-24 13:58:07.594 +02:00 [INF] Request finished HTTP/1.1 GET http://localhost:5180/api/authors - 200 null application/json; charset=utf-8 74.0913ms
2025-11-24 13:58:07.597 +02:00 [INF] Request finished HTTP/1.1 GET http://localhost:5180/api/genres - 200 null application/json; charset=utf-8 76.4873ms
2025-11-24 13:58:41.785 +02:00 [INF] Request starting HTTP/1.1 GET http://localhost:5180/api/books - null null
2025-11-24 13:58:41.785 +02:00 [INF] Request starting HTTP/1.1 GET http://localhost:5180/api/authors - null null
2025-11-24 13:58:41.786 +02:00 [INF] Request starting HTTP/1.1 GET http://localhost:5180/api/genres - null null
2025-11-24 13:58:41.793 +02:00 [INF] Executing endpoint 'CatalogService.Api.Controllers.BooksController.GetAll (CatalogService.Api)'
2025-11-24 13:58:41.799 +02:00 [INF] Executing endpoint 'CatalogService.Api.Controllers.AuthorsController.GetAll (CatalogService.Api)'
2025-11-24 13:58:41.807 +02:00 [INF] Executing endpoint 'CatalogService.Api.Controllers.GenresController.GetAll (CatalogService.Api)'
2025-11-24 13:58:41.809 +02:00 [INF] Route matched with {action = "GetAll", controller = "Books"}. Executing controller action with signature System.Threading.Tasks.Task`1[Microsoft.AspNetCore.Mvc.IActionResult] GetAll() on controller CatalogService.Api.Controllers.BooksController (CatalogService.Api).
2025-11-24 13:58:41.812 +02:00 [INF] Route matched with {action = "GetAll", controller = "Authors"}. Executing controller action with signature System.Threading.Tasks.Task`1[Microsoft.AspNetCore.Mvc.IActionResult] GetAll() on controller CatalogService.Api.Controllers.AuthorsController (CatalogService.Api).
2025-11-24 13:58:41.816 +02:00 [INF] Route matched with {action = "GetAll", controller = "Genres"}. Executing controller action with signature System.Threading.Tasks.Task`1[Microsoft.AspNetCore.Mvc.IActionResult] GetAll() on controller CatalogService.Api.Controllers.GenresController (CatalogService.Api).
2025-11-24 13:58:41.824 +02:00 [INF] Executed DbCommand (1ms) [Parameters=[], CommandType='"Text"', CommandTimeout='30']
SELECT b.id, b.authorid, b.genreid, b."IsAvailable", b.title, a.id, a.name, g.id, g.name
FROM books AS b
INNER JOIN authors AS a ON b.authorid = a.id
INNER JOIN genres AS g ON b.genreid = g.id
2025-11-24 13:58:41.829 +02:00 [INF] Executed DbCommand (1ms) [Parameters=[], CommandType='"Text"', CommandTimeout='30']
SELECT a.id, a.name
FROM authors AS a
2025-11-24 13:58:41.834 +02:00 [INF] Executed DbCommand (1ms) [Parameters=[], CommandType='"Text"', CommandTimeout='30']
SELECT g.id, g.name
FROM genres AS g
2025-11-24 13:58:41.838 +02:00 [INF] Executing OkObjectResult, writing value of type 'System.Collections.Generic.List`1[[CatalogService.Bll.Dtos.BookDto, CatalogService.Bll, Version=1.0.0.0, Culture=neutral, PublicKeyToken=null]]'.
2025-11-24 13:58:41.842 +02:00 [INF] Executing OkObjectResult, writing value of type 'System.Collections.Generic.List`1[[CatalogService.Bll.Dtos.AuthorDto, CatalogService.Bll, Version=1.0.0.0, Culture=neutral, PublicKeyToken=null]]'.
2025-11-24 13:58:41.849 +02:00 [INF] Executing OkObjectResult, writing value of type 'System.Collections.Generic.List`1[[CatalogService.Bll.Dtos.GenreDto, CatalogService.Bll, Version=1.0.0.0, Culture=neutral, PublicKeyToken=null]]'.
2025-11-24 13:58:41.852 +02:00 [INF] Executed action CatalogService.Api.Controllers.BooksController.GetAll (CatalogService.Api) in 30.8462ms
2025-11-24 13:58:41.855 +02:00 [INF] Executed action CatalogService.Api.Controllers.AuthorsController.GetAll (CatalogService.Api) in 28.3483ms
2025-11-24 13:58:41.858 +02:00 [INF] Executed action CatalogService.Api.Controllers.GenresController.GetAll (CatalogService.Api) in 26.2119ms
2025-11-24 13:58:41.857 +02:00 [INF] Request starting HTTP/1.1 GET http://localhost:5180/api/books - null null
2025-11-24 13:58:41.860 +02:00 [INF] Request starting HTTP/1.1 GET http://localhost:5180/api/authors - null null
2025-11-24 13:58:41.861 +02:00 [INF] Executed endpoint 'CatalogService.Api.Controllers.BooksController.GetAll (CatalogService.Api)'
2025-11-24 13:58:41.862 +02:00 [INF] Request starting HTTP/1.1 GET http://localhost:5180/api/genres - null null
2025-11-24 13:58:41.864 +02:00 [INF] Executed endpoint 'CatalogService.Api.Controllers.AuthorsController.GetAll (CatalogService.Api)'
2025-11-24 13:58:41.867 +02:00 [INF] Executed endpoint 'CatalogService.Api.Controllers.GenresController.GetAll (CatalogService.Api)'
2025-11-24 13:58:41.872 +02:00 [INF] Executing endpoint 'CatalogService.Api.Controllers.BooksController.GetAll (CatalogService.Api)'
2025-11-24 13:58:41.877 +02:00 [INF] Executing endpoint 'CatalogService.Api.Controllers.AuthorsController.GetAll (CatalogService.Api)'
2025-11-24 13:58:41.880 +02:00 [INF] Request finished HTTP/1.1 GET http://localhost:5180/api/books - 200 null application/json; charset=utf-8 94.8522ms
2025-11-24 13:58:41.884 +02:00 [INF] Executing endpoint 'CatalogService.Api.Controllers.GenresController.GetAll (CatalogService.Api)'
2025-11-24 13:58:41.886 +02:00 [INF] Request finished HTTP/1.1 GET http://localhost:5180/api/authors - 200 null application/json; charset=utf-8 101.4521ms
2025-11-24 13:58:41.888 +02:00 [INF] Request finished HTTP/1.1 GET http://localhost:5180/api/genres - 200 null application/json; charset=utf-8 102.6558ms
2025-11-24 13:58:41.890 +02:00 [INF] Route matched with {action = "GetAll", controller = "Books"}. Executing controller action with signature System.Threading.Tasks.Task`1[Microsoft.AspNetCore.Mvc.IActionResult] GetAll() on controller CatalogService.Api.Controllers.BooksController (CatalogService.Api).
2025-11-24 13:58:41.892 +02:00 [INF] Route matched with {action = "GetAll", controller = "Authors"}. Executing controller action with signature System.Threading.Tasks.Task`1[Microsoft.AspNetCore.Mvc.IActionResult] GetAll() on controller CatalogService.Api.Controllers.AuthorsController (CatalogService.Api).
2025-11-24 13:58:41.899 +02:00 [INF] Route matched with {action = "GetAll", controller = "Genres"}. Executing controller action with signature System.Threading.Tasks.Task`1[Microsoft.AspNetCore.Mvc.IActionResult] GetAll() on controller CatalogService.Api.Controllers.GenresController (CatalogService.Api).
2025-11-24 13:58:41.917 +02:00 [INF] Executed DbCommand (1ms) [Parameters=[], CommandType='"Text"', CommandTimeout='30']
SELECT b.id, b.authorid, b.genreid, b."IsAvailable", b.title, a.id, a.name, g.id, g.name
FROM books AS b
INNER JOIN authors AS a ON b.authorid = a.id
INNER JOIN genres AS g ON b.genreid = g.id
2025-11-24 13:58:41.919 +02:00 [INF] Executed DbCommand (1ms) [Parameters=[], CommandType='"Text"', CommandTimeout='30']
SELECT a.id, a.name
FROM authors AS a
2025-11-24 13:58:41.922 +02:00 [INF] Executed DbCommand (1ms) [Parameters=[], CommandType='"Text"', CommandTimeout='30']
SELECT g.id, g.name
FROM genres AS g
2025-11-24 13:58:41.924 +02:00 [INF] Executing OkObjectResult, writing value of type 'System.Collections.Generic.List`1[[CatalogService.Bll.Dtos.BookDto, CatalogService.Bll, Version=1.0.0.0, Culture=neutral, PublicKeyToken=null]]'.
2025-11-24 13:58:41.928 +02:00 [INF] Executing OkObjectResult, writing value of type 'System.Collections.Generic.List`1[[CatalogService.Bll.Dtos.AuthorDto, CatalogService.Bll, Version=1.0.0.0, Culture=neutral, PublicKeyToken=null]]'.
2025-11-24 13:58:41.934 +02:00 [INF] Executing OkObjectResult, writing value of type 'System.Collections.Generic.List`1[[CatalogService.Bll.Dtos.GenreDto, CatalogService.Bll, Version=1.0.0.0, Culture=neutral, PublicKeyToken=null]]'.
2025-11-24 13:58:41.938 +02:00 [INF] Executed action CatalogService.Api.Controllers.BooksController.GetAll (CatalogService.Api) in 22.3839ms
2025-11-24 13:58:41.941 +02:00 [INF] Executed action CatalogService.Api.Controllers.AuthorsController.GetAll (CatalogService.Api) in 22.9217ms
2025-11-24 13:58:41.944 +02:00 [INF] Executed action CatalogService.Api.Controllers.GenresController.GetAll (CatalogService.Api) in 23.1391ms
2025-11-24 13:58:41.946 +02:00 [INF] Executed endpoint 'CatalogService.Api.Controllers.BooksController.GetAll (CatalogService.Api)'
2025-11-24 13:58:41.949 +02:00 [INF] Executed endpoint 'CatalogService.Api.Controllers.AuthorsController.GetAll (CatalogService.Api)'
2025-11-24 13:58:41.951 +02:00 [INF] Executed endpoint 'CatalogService.Api.Controllers.GenresController.GetAll (CatalogService.Api)'
2025-11-24 13:58:41.953 +02:00 [INF] Request finished HTTP/1.1 GET http://localhost:5180/api/books - 200 null application/json; charset=utf-8 95.7558ms
2025-11-24 13:58:41.955 +02:00 [INF] Request finished HTTP/1.1 GET http://localhost:5180/api/authors - 200 null application/json; charset=utf-8 95.4865ms
2025-11-24 13:58:41.959 +02:00 [INF] Request finished HTTP/1.1 GET http://localhost:5180/api/genres - 200 null application/json; charset=utf-8 97.3862ms
2025-11-24 13:59:00.705 +02:00 [INF] Request starting HTTP/1.1 GET http://localhost:5180/api/books - null null
2025-11-24 13:59:00.705 +02:00 [INF] Request starting HTTP/1.1 GET http://localhost:5180/api/authors - null null
2025-11-24 13:59:00.705 +02:00 [INF] Request starting HTTP/1.1 GET http://localhost:5180/api/genres - null null
2025-11-24 13:59:00.712 +02:00 [INF] Executing endpoint 'CatalogService.Api.Controllers.BooksController.GetAll (CatalogService.Api)'
2025-11-24 13:59:00.719 +02:00 [INF] Executing endpoint 'CatalogService.Api.Controllers.AuthorsController.GetAll (CatalogService.Api)'
2025-11-24 13:59:00.724 +02:00 [INF] Executing endpoint 'CatalogService.Api.Controllers.GenresController.GetAll (CatalogService.Api)'
2025-11-24 13:59:00.725 +02:00 [INF] Route matched with {action = "GetAll", controller = "Books"}. Executing controller action with signature System.Threading.Tasks.Task`1[Microsoft.AspNetCore.Mvc.IActionResult] GetAll() on controller CatalogService.Api.Controllers.BooksController (CatalogService.Api).
2025-11-24 13:59:00.728 +02:00 [INF] Route matched with {action = "GetAll", controller = "Authors"}. Executing controller action with signature System.Threading.Tasks.Task`1[Microsoft.AspNetCore.Mvc.IActionResult] GetAll() on controller CatalogService.Api.Controllers.AuthorsController (CatalogService.Api).
2025-11-24 13:59:00.730 +02:00 [INF] Route matched with {action = "GetAll", controller = "Genres"}. Executing controller action with signature System.Threading.Tasks.Task`1[Microsoft.AspNetCore.Mvc.IActionResult] GetAll() on controller CatalogService.Api.Controllers.GenresController (CatalogService.Api).
2025-11-24 13:59:00.736 +02:00 [INF] Executed DbCommand (1ms) [Parameters=[], CommandType='"Text"', CommandTimeout='30']
SELECT b.id, b.authorid, b.genreid, b."IsAvailable", b.title, a.id, a.name, g.id, g.name
FROM books AS b
INNER JOIN authors AS a ON b.authorid = a.id
INNER JOIN genres AS g ON b.genreid = g.id
2025-11-24 13:59:00.739 +02:00 [INF] Executed DbCommand (0ms) [Parameters=[], CommandType='"Text"', CommandTimeout='30']
SELECT a.id, a.name
FROM authors AS a
2025-11-24 13:59:00.742 +02:00 [INF] Executed DbCommand (0ms) [Parameters=[], CommandType='"Text"', CommandTimeout='30']
SELECT g.id, g.name
FROM genres AS g
2025-11-24 13:59:00.746 +02:00 [INF] Executing OkObjectResult, writing value of type 'System.Collections.Generic.List`1[[CatalogService.Bll.Dtos.BookDto, CatalogService.Bll, Version=1.0.0.0, Culture=neutral, PublicKeyToken=null]]'.
2025-11-24 13:59:00.750 +02:00 [INF] Executing OkObjectResult, writing value of type 'System.Collections.Generic.List`1[[CatalogService.Bll.Dtos.AuthorDto, CatalogService.Bll, Version=1.0.0.0, Culture=neutral, PublicKeyToken=null]]'.
2025-11-24 13:59:00.754 +02:00 [INF] Executing OkObjectResult, writing value of type 'System.Collections.Generic.List`1[[CatalogService.Bll.Dtos.GenreDto, CatalogService.Bll, Version=1.0.0.0, Culture=neutral, PublicKeyToken=null]]'.
2025-11-24 13:59:00.757 +02:00 [INF] Executed action CatalogService.Api.Controllers.BooksController.GetAll (CatalogService.Api) in 23.0712ms
2025-11-24 13:59:00.760 +02:00 [INF] Executed action CatalogService.Api.Controllers.AuthorsController.GetAll (CatalogService.Api) in 22.4002ms
2025-11-24 13:59:00.761 +02:00 [INF] Request starting HTTP/1.1 GET http://localhost:5180/api/books - null null
2025-11-24 13:59:00.763 +02:00 [INF] Executed action CatalogService.Api.Controllers.GenresController.GetAll (CatalogService.Api) in 21.2597ms
2025-11-24 13:59:00.764 +02:00 [INF] Request starting HTTP/1.1 GET http://localhost:5180/api/authors - null null
2025-11-24 13:59:00.765 +02:00 [INF] Executed endpoint 'CatalogService.Api.Controllers.BooksController.GetAll (CatalogService.Api)'
2025-11-24 13:59:00.767 +02:00 [INF] Request starting HTTP/1.1 GET http://localhost:5180/api/genres - null null
2025-11-24 13:59:00.768 +02:00 [INF] Executed endpoint 'CatalogService.Api.Controllers.AuthorsController.GetAll (CatalogService.Api)'
2025-11-24 13:59:00.773 +02:00 [INF] Executing endpoint 'CatalogService.Api.Controllers.BooksController.GetAll (CatalogService.Api)'
2025-11-24 13:59:00.774 +02:00 [INF] Executed endpoint 'CatalogService.Api.Controllers.GenresController.GetAll (CatalogService.Api)'
2025-11-24 13:59:00.780 +02:00 [INF] Executing endpoint 'CatalogService.Api.Controllers.AuthorsController.GetAll (CatalogService.Api)'
2025-11-24 13:59:00.782 +02:00 [INF] Request finished HTTP/1.1 GET http://localhost:5180/api/books - 200 null application/json; charset=utf-8 77.6752ms
2025-11-24 13:59:00.788 +02:00 [INF] Executing endpoint 'CatalogService.Api.Controllers.GenresController.GetAll (CatalogService.Api)'
2025-11-24 13:59:00.790 +02:00 [INF] Request finished HTTP/1.1 GET http://localhost:5180/api/authors - 200 null application/json; charset=utf-8 85.2742ms
2025-11-24 13:59:00.793 +02:00 [INF] Route matched with {action = "GetAll", controller = "Books"}. Executing controller action with signature System.Threading.Tasks.Task`1[Microsoft.AspNetCore.Mvc.IActionResult] GetAll() on controller CatalogService.Api.Controllers.BooksController (CatalogService.Api).
2025-11-24 13:59:00.795 +02:00 [INF] Request finished HTTP/1.1 GET http://localhost:5180/api/genres - 200 null application/json; charset=utf-8 89.9031ms
2025-11-24 13:59:00.798 +02:00 [INF] Route matched with {action = "GetAll", controller = "Authors"}. Executing controller action with signature System.Threading.Tasks.Task`1[Microsoft.AspNetCore.Mvc.IActionResult] GetAll() on controller CatalogService.Api.Controllers.AuthorsController (CatalogService.Api).
2025-11-24 13:59:00.805 +02:00 [INF] Route matched with {action = "GetAll", controller = "Genres"}. Executing controller action with signature System.Threading.Tasks.Task`1[Microsoft.AspNetCore.Mvc.IActionResult] GetAll() on controller CatalogService.Api.Controllers.GenresController (CatalogService.Api).
2025-11-24 13:59:00.813 +02:00 [INF] Executed DbCommand (1ms) [Parameters=[], CommandType='"Text"', CommandTimeout='30']
SELECT b.id, b.authorid, b.genreid, b."IsAvailable", b.title, a.id, a.name, g.id, g.name
FROM books AS b
INNER JOIN authors AS a ON b.authorid = a.id
INNER JOIN genres AS g ON b.genreid = g.id
2025-11-24 13:59:00.823 +02:00 [INF] Executed DbCommand (1ms) [Parameters=[], CommandType='"Text"', CommandTimeout='30']
SELECT a.id, a.name
FROM authors AS a
2025-11-24 13:59:00.827 +02:00 [INF] Executed DbCommand (1ms) [Parameters=[], CommandType='"Text"', CommandTimeout='30']
SELECT g.id, g.name
FROM genres AS g
2025-11-24 13:59:00.832 +02:00 [INF] Executing OkObjectResult, writing value of type 'System.Collections.Generic.List`1[[CatalogService.Bll.Dtos.BookDto, CatalogService.Bll, Version=1.0.0.0, Culture=neutral, PublicKeyToken=null]]'.
2025-11-24 13:59:00.835 +02:00 [INF] Executing OkObjectResult, writing value of type 'System.Collections.Generic.List`1[[CatalogService.Bll.Dtos.AuthorDto, CatalogService.Bll, Version=1.0.0.0, Culture=neutral, PublicKeyToken=null]]'.
2025-11-24 13:59:00.839 +02:00 [INF] Executing OkObjectResult, writing value of type 'System.Collections.Generic.List`1[[CatalogService.Bll.Dtos.GenreDto, CatalogService.Bll, Version=1.0.0.0, Culture=neutral, PublicKeyToken=null]]'.
2025-11-24 13:59:00.842 +02:00 [INF] Executed action CatalogService.Api.Controllers.BooksController.GetAll (CatalogService.Api) in 30.1133ms
2025-11-24 13:59:00.845 +02:00 [INF] Executed action CatalogService.Api.Controllers.AuthorsController.GetAll (CatalogService.Api) in 23.0041ms
2025-11-24 13:59:00.854 +02:00 [INF] Executed endpoint 'CatalogService.Api.Controllers.AuthorsController.GetAll (CatalogService.Api)'
2025-11-24 13:59:00.850 +02:00 [INF] Executed endpoint 'CatalogService.Api.Controllers.BooksController.GetAll (CatalogService.Api)'
2025-11-24 13:59:00.848 +02:00 [INF] Executed action CatalogService.Api.Controllers.GenresController.GetAll (CatalogService.Api) in 21.8571ms
2025-11-24 13:59:00.856 +02:00 [INF] Request finished HTTP/1.1 GET http://localhost:5180/api/authors - 200 null application/json; charset=utf-8 92.0118ms
2025-11-24 13:59:00.858 +02:00 [INF] Request finished HTTP/1.1 GET http://localhost:5180/api/books - 200 null application/json; charset=utf-8 97.0657ms
2025-11-24 13:59:00.860 +02:00 [INF] Executed endpoint 'CatalogService.Api.Controllers.GenresController.GetAll (CatalogService.Api)'
2025-11-24 13:59:00.872 +02:00 [INF] Request finished HTTP/1.1 GET http://localhost:5180/api/genres - 200 null application/json; charset=utf-8 104.9268ms
2025-11-24 13:59:06.343 +02:00 [INF] Request starting HTTP/1.1 GET http://localhost:5180/api/books - null null
2025-11-24 13:59:06.343 +02:00 [INF] Request starting HTTP/1.1 GET http://localhost:5180/api/authors - null null
2025-11-24 13:59:06.344 +02:00 [INF] Request starting HTTP/1.1 GET http://localhost:5180/api/genres - null null
2025-11-24 13:59:06.350 +02:00 [INF] Executing endpoint 'CatalogService.Api.Controllers.BooksController.GetAll (CatalogService.Api)'
2025-11-24 13:59:06.355 +02:00 [INF] Executing endpoint 'CatalogService.Api.Controllers.AuthorsController.GetAll (CatalogService.Api)'
2025-11-24 13:59:06.363 +02:00 [INF] Executing endpoint 'CatalogService.Api.Controllers.GenresController.GetAll (CatalogService.Api)'
2025-11-24 13:59:06.366 +02:00 [INF] Route matched with {action = "GetAll", controller = "Books"}. Executing controller action with signature System.Threading.Tasks.Task`1[Microsoft.AspNetCore.Mvc.IActionResult] GetAll() on controller CatalogService.Api.Controllers.BooksController (CatalogService.Api).
2025-11-24 13:59:06.369 +02:00 [INF] Route matched with {action = "GetAll", controller = "Authors"}. Executing controller action with signature System.Threading.Tasks.Task`1[Microsoft.AspNetCore.Mvc.IActionResult] GetAll() on controller CatalogService.Api.Controllers.AuthorsController (CatalogService.Api).
2025-11-24 13:59:06.372 +02:00 [INF] Route matched with {action = "GetAll", controller = "Genres"}. Executing controller action with signature System.Threading.Tasks.Task`1[Microsoft.AspNetCore.Mvc.IActionResult] GetAll() on controller CatalogService.Api.Controllers.GenresController (CatalogService.Api).
2025-11-24 13:59:06.381 +02:00 [INF] Executed DbCommand (1ms) [Parameters=[], CommandType='"Text"', CommandTimeout='30']
SELECT b.id, b.authorid, b.genreid, b."IsAvailable", b.title, a.id, a.name, g.id, g.name
FROM books AS b
INNER JOIN authors AS a ON b.authorid = a.id
INNER JOIN genres AS g ON b.genreid = g.id
2025-11-24 13:59:06.386 +02:00 [INF] Executed DbCommand (1ms) [Parameters=[], CommandType='"Text"', CommandTimeout='30']
SELECT a.id, a.name
FROM authors AS a
2025-11-24 13:59:06.391 +02:00 [INF] Executed DbCommand (1ms) [Parameters=[], CommandType='"Text"', CommandTimeout='30']
SELECT g.id, g.name
FROM genres AS g
2025-11-24 13:59:06.395 +02:00 [INF] Executing OkObjectResult, writing value of type 'System.Collections.Generic.List`1[[CatalogService.Bll.Dtos.BookDto, CatalogService.Bll, Version=1.0.0.0, Culture=neutral, PublicKeyToken=null]]'.
2025-11-24 13:59:06.401 +02:00 [INF] Executing OkObjectResult, writing value of type 'System.Collections.Generic.List`1[[CatalogService.Bll.Dtos.AuthorDto, CatalogService.Bll, Version=1.0.0.0, Culture=neutral, PublicKeyToken=null]]'.
2025-11-24 13:59:06.407 +02:00 [INF] Executing OkObjectResult, writing value of type 'System.Collections.Generic.List`1[[CatalogService.Bll.Dtos.GenreDto, CatalogService.Bll, Version=1.0.0.0, Culture=neutral, PublicKeyToken=null]]'.
2025-11-24 13:59:06.414 +02:00 [INF] Executed action CatalogService.Api.Controllers.AuthorsController.GetAll (CatalogService.Api) in 29.1958ms
2025-11-24 13:59:06.410 +02:00 [INF] Executed action CatalogService.Api.Controllers.BooksController.GetAll (CatalogService.Api) in 31.7688ms
2025-11-24 13:59:06.417 +02:00 [INF] Executed action CatalogService.Api.Controllers.GenresController.GetAll (CatalogService.Api) in 26.9593ms
2025-11-24 13:59:06.417 +02:00 [INF] Request starting HTTP/1.1 GET http://localhost:5180/api/books - null null
2025-11-24 13:59:06.420 +02:00 [INF] Executed endpoint 'CatalogService.Api.Controllers.AuthorsController.GetAll (CatalogService.Api)'
2025-11-24 13:59:06.421 +02:00 [INF] Request starting HTTP/1.1 GET http://localhost:5180/api/authors - null null
2025-11-24 13:59:06.421 +02:00 [INF] Request starting HTTP/1.1 GET http://localhost:5180/api/genres - null null
2025-11-24 13:59:06.423 +02:00 [INF] Executed endpoint 'CatalogService.Api.Controllers.BooksController.GetAll (CatalogService.Api)'
2025-11-24 13:59:06.426 +02:00 [INF] Executed endpoint 'CatalogService.Api.Controllers.GenresController.GetAll (CatalogService.Api)'
2025-11-24 13:59:06.433 +02:00 [INF] Executing endpoint 'CatalogService.Api.Controllers.BooksController.GetAll (CatalogService.Api)'
2025-11-24 13:59:06.435 +02:00 [INF] Request finished HTTP/1.1 GET http://localhost:5180/api/authors - 200 null application/json; charset=utf-8 91.8422ms
2025-11-24 13:59:06.442 +02:00 [INF] Executing endpoint 'CatalogService.Api.Controllers.AuthorsController.GetAll (CatalogService.Api)'
2025-11-24 13:59:06.448 +02:00 [INF] Executing endpoint 'CatalogService.Api.Controllers.GenresController.GetAll (CatalogService.Api)'
2025-11-24 13:59:06.450 +02:00 [INF] Request finished HTTP/1.1 GET http://localhost:5180/api/books - 200 null application/json; charset=utf-8 107.0361ms
2025-11-24 13:59:06.453 +02:00 [INF] Request finished HTTP/1.1 GET http://localhost:5180/api/genres - 200 null application/json; charset=utf-8 108.9084ms
2025-11-24 13:59:06.455 +02:00 [INF] Route matched with {action = "GetAll", controller = "Books"}. Executing controller action with signature System.Threading.Tasks.Task`1[Microsoft.AspNetCore.Mvc.IActionResult] GetAll() on controller CatalogService.Api.Controllers.BooksController (CatalogService.Api).
2025-11-24 13:59:06.463 +02:00 [INF] Route matched with {action = "GetAll", controller = "Authors"}. Executing controller action with signature System.Threading.Tasks.Task`1[Microsoft.AspNetCore.Mvc.IActionResult] GetAll() on controller CatalogService.Api.Controllers.AuthorsController (CatalogService.Api).
2025-11-24 13:59:06.465 +02:00 [INF] Route matched with {action = "GetAll", controller = "Genres"}. Executing controller action with signature System.Threading.Tasks.Task`1[Microsoft.AspNetCore.Mvc.IActionResult] GetAll() on controller CatalogService.Api.Controllers.GenresController (CatalogService.Api).
2025-11-24 13:59:06.482 +02:00 [INF] Executed DbCommand (1ms) [Parameters=[], CommandType='"Text"', CommandTimeout='30']
SELECT b.id, b.authorid, b.genreid, b."IsAvailable", b.title, a.id, a.name, g.id, g.name
FROM books AS b
INNER JOIN authors AS a ON b.authorid = a.id
INNER JOIN genres AS g ON b.genreid = g.id
2025-11-24 13:59:06.484 +02:00 [INF] Executed DbCommand (0ms) [Parameters=[], CommandType='"Text"', CommandTimeout='30']
SELECT a.id, a.name
FROM authors AS a
2025-11-24 13:59:06.488 +02:00 [INF] Executed DbCommand (0ms) [Parameters=[], CommandType='"Text"', CommandTimeout='30']
SELECT g.id, g.name
FROM genres AS g
2025-11-24 13:59:06.491 +02:00 [INF] Executing OkObjectResult, writing value of type 'System.Collections.Generic.List`1[[CatalogService.Bll.Dtos.BookDto, CatalogService.Bll, Version=1.0.0.0, Culture=neutral, PublicKeyToken=null]]'.
2025-11-24 13:59:06.493 +02:00 [INF] Executing OkObjectResult, writing value of type 'System.Collections.Generic.List`1[[CatalogService.Bll.Dtos.AuthorDto, CatalogService.Bll, Version=1.0.0.0, Culture=neutral, PublicKeyToken=null]]'.
2025-11-24 13:59:06.498 +02:00 [INF] Executing OkObjectResult, writing value of type 'System.Collections.Generic.List`1[[CatalogService.Bll.Dtos.GenreDto, CatalogService.Bll, Version=1.0.0.0, Culture=neutral, PublicKeyToken=null]]'.
2025-11-24 13:59:06.501 +02:00 [INF] Executed action CatalogService.Api.Controllers.BooksController.GetAll (CatalogService.Api) in 21.8074ms
2025-11-24 13:59:06.504 +02:00 [INF] Executed action CatalogService.Api.Controllers.AuthorsController.GetAll (CatalogService.Api) in 20.9892ms
2025-11-24 13:59:06.506 +02:00 [INF] Executed action CatalogService.Api.Controllers.GenresController.GetAll (CatalogService.Api) in 19.4906ms
2025-11-24 13:59:06.508 +02:00 [INF] Executed endpoint 'CatalogService.Api.Controllers.BooksController.GetAll (CatalogService.Api)'
2025-11-24 13:59:06.510 +02:00 [INF] Executed endpoint 'CatalogService.Api.Controllers.AuthorsController.GetAll (CatalogService.Api)'
2025-11-24 13:59:06.512 +02:00 [INF] Executed endpoint 'CatalogService.Api.Controllers.GenresController.GetAll (CatalogService.Api)'
2025-11-24 13:59:06.514 +02:00 [INF] Request finished HTTP/1.1 GET http://localhost:5180/api/books - 200 null application/json; charset=utf-8 97.5075ms
2025-11-24 13:59:06.516 +02:00 [INF] Request finished HTTP/1.1 GET http://localhost:5180/api/authors - 200 null application/json; charset=utf-8 95.553ms
2025-11-24 13:59:06.518 +02:00 [INF] Request finished HTTP/1.1 GET http://localhost:5180/api/genres - 200 null application/json; charset=utf-8 97.1825ms
2025-11-24 13:59:16.661 +02:00 [INF] Request starting HTTP/1.1 GET http://localhost:5180/api/books - null null
2025-11-24 13:59:16.661 +02:00 [INF] Request starting HTTP/1.1 GET http://localhost:5180/api/authors - null null
2025-11-24 13:59:16.661 +02:00 [INF] Request starting HTTP/1.1 GET http://localhost:5180/api/genres - null null
2025-11-24 13:59:16.672 +02:00 [INF] Executing endpoint 'CatalogService.Api.Controllers.BooksController.GetAll (CatalogService.Api)'
2025-11-24 13:59:16.681 +02:00 [INF] Executing endpoint 'CatalogService.Api.Controllers.AuthorsController.GetAll (CatalogService.Api)'
2025-11-24 13:59:16.687 +02:00 [INF] Executing endpoint 'CatalogService.Api.Controllers.GenresController.GetAll (CatalogService.Api)'
2025-11-24 13:59:16.690 +02:00 [INF] Route matched with {action = "GetAll", controller = "Books"}. Executing controller action with signature System.Threading.Tasks.Task`1[Microsoft.AspNetCore.Mvc.IActionResult] GetAll() on controller CatalogService.Api.Controllers.BooksController (CatalogService.Api).
2025-11-24 13:59:16.693 +02:00 [INF] Route matched with {action = "GetAll", controller = "Authors"}. Executing controller action with signature System.Threading.Tasks.Task`1[Microsoft.AspNetCore.Mvc.IActionResult] GetAll() on controller CatalogService.Api.Controllers.AuthorsController (CatalogService.Api).
2025-11-24 13:59:16.696 +02:00 [INF] Route matched with {action = "GetAll", controller = "Genres"}. Executing controller action with signature System.Threading.Tasks.Task`1[Microsoft.AspNetCore.Mvc.IActionResult] GetAll() on controller CatalogService.Api.Controllers.GenresController (CatalogService.Api).
2025-11-24 13:59:16.703 +02:00 [INF] Executed DbCommand (1ms) [Parameters=[], CommandType='"Text"', CommandTimeout='30']
SELECT b.id, b.authorid, b.genreid, b."IsAvailable", b.title, a.id, a.name, g.id, g.name
FROM books AS b
INNER JOIN authors AS a ON b.authorid = a.id
INNER JOIN genres AS g ON b.genreid = g.id
2025-11-24 13:59:16.707 +02:00 [INF] Executed DbCommand (1ms) [Parameters=[], CommandType='"Text"', CommandTimeout='30']
SELECT a.id, a.name
FROM authors AS a
2025-11-24 13:59:16.710 +02:00 [INF] Executed DbCommand (1ms) [Parameters=[], CommandType='"Text"', CommandTimeout='30']
SELECT g.id, g.name
FROM genres AS g
2025-11-24 13:59:16.715 +02:00 [INF] Executing OkObjectResult, writing value of type 'System.Collections.Generic.List`1[[CatalogService.Bll.Dtos.BookDto, CatalogService.Bll, Version=1.0.0.0, Culture=neutral, PublicKeyToken=null]]'.
2025-11-24 13:59:16.719 +02:00 [INF] Executing OkObjectResult, writing value of type 'System.Collections.Generic.List`1[[CatalogService.Bll.Dtos.AuthorDto, CatalogService.Bll, Version=1.0.0.0, Culture=neutral, PublicKeyToken=null]]'.
2025-11-24 13:59:16.724 +02:00 [INF] Executing OkObjectResult, writing value of type 'System.Collections.Generic.List`1[[CatalogService.Bll.Dtos.GenreDto, CatalogService.Bll, Version=1.0.0.0, Culture=neutral, PublicKeyToken=null]]'.
2025-11-24 13:59:16.728 +02:00 [INF] Executed action CatalogService.Api.Controllers.BooksController.GetAll (CatalogService.Api) in 26.8268ms
2025-11-24 13:59:16.732 +02:00 [INF] Executed action CatalogService.Api.Controllers.AuthorsController.GetAll (CatalogService.Api) in 26.0643ms
2025-11-24 13:59:16.733 +02:00 [INF] Request starting HTTP/1.1 GET http://localhost:5180/api/books - null null
2025-11-24 13:59:16.735 +02:00 [INF] Executed action CatalogService.Api.Controllers.GenresController.GetAll (CatalogService.Api) in 25.7005ms
2025-11-24 13:59:16.738 +02:00 [INF] Executed endpoint 'CatalogService.Api.Controllers.BooksController.GetAll (CatalogService.Api)'
2025-11-24 13:59:16.736 +02:00 [INF] Request starting HTTP/1.1 GET http://localhost:5180/api/authors - null null
2025-11-24 13:59:16.739 +02:00 [INF] Request starting HTTP/1.1 GET http://localhost:5180/api/genres - null null
2025-11-24 13:59:16.741 +02:00 [INF] Executed endpoint 'CatalogService.Api.Controllers.AuthorsController.GetAll (CatalogService.Api)'
2025-11-24 13:59:16.747 +02:00 [INF] Executing endpoint 'CatalogService.Api.Controllers.BooksController.GetAll (CatalogService.Api)'
2025-11-24 13:59:16.750 +02:00 [INF] Executed endpoint 'CatalogService.Api.Controllers.GenresController.GetAll (CatalogService.Api)'
2025-11-24 13:59:16.753 +02:00 [INF] Request finished HTTP/1.1 GET http://localhost:5180/api/books - 200 null application/json; charset=utf-8 91.9432ms
2025-11-24 13:59:16.758 +02:00 [INF] Executing endpoint 'CatalogService.Api.Controllers.AuthorsController.GetAll (CatalogService.Api)'
2025-11-24 13:59:16.764 +02:00 [INF] Executing endpoint 'CatalogService.Api.Controllers.GenresController.GetAll (CatalogService.Api)'
2025-11-24 13:59:16.766 +02:00 [INF] Request finished HTTP/1.1 GET http://localhost:5180/api/authors - 200 null application/json; charset=utf-8 105.1138ms
2025-11-24 13:59:16.768 +02:00 [INF] Route matched with {action = "GetAll", controller = "Books"}. Executing controller action with signature System.Threading.Tasks.Task`1[Microsoft.AspNetCore.Mvc.IActionResult] GetAll() on controller CatalogService.Api.Controllers.BooksController (CatalogService.Api).
2025-11-24 13:59:16.770 +02:00 [INF] Request finished HTTP/1.1 GET http://localhost:5180/api/genres - 200 null application/json; charset=utf-8 108.978ms
2025-11-24 13:59:16.777 +02:00 [INF] Route matched with {action = "GetAll", controller = "Authors"}. Executing controller action with signature System.Threading.Tasks.Task`1[Microsoft.AspNetCore.Mvc.IActionResult] GetAll() on controller CatalogService.Api.Controllers.AuthorsController (CatalogService.Api).
2025-11-24 13:59:16.778 +02:00 [INF] Route matched with {action = "GetAll", controller = "Genres"}. Executing controller action with signature System.Threading.Tasks.Task`1[Microsoft.AspNetCore.Mvc.IActionResult] GetAll() on controller CatalogService.Api.Controllers.GenresController (CatalogService.Api).
2025-11-24 13:59:16.788 +02:00 [INF] Executed DbCommand (1ms) [Parameters=[], CommandType='"Text"', CommandTimeout='30']
SELECT b.id, b.authorid, b.genreid, b."IsAvailable", b.title, a.id, a.name, g.id, g.name
FROM books AS b
INNER JOIN authors AS a ON b.authorid = a.id
INNER JOIN genres AS g ON b.genreid = g.id
2025-11-24 13:59:16.795 +02:00 [INF] Executed DbCommand (0ms) [Parameters=[], CommandType='"Text"', CommandTimeout='30']
SELECT a.id, a.name
FROM authors AS a
2025-11-24 13:59:16.799 +02:00 [INF] Executed DbCommand (0ms) [Parameters=[], CommandType='"Text"', CommandTimeout='30']
SELECT g.id, g.name
FROM genres AS g
2025-11-24 13:59:16.802 +02:00 [INF] Executing OkObjectResult, writing value of type 'System.Collections.Generic.List`1[[CatalogService.Bll.Dtos.BookDto, CatalogService.Bll, Version=1.0.0.0, Culture=neutral, PublicKeyToken=null]]'.
2025-11-24 13:59:16.804 +02:00 [INF] Executing OkObjectResult, writing value of type 'System.Collections.Generic.List`1[[CatalogService.Bll.Dtos.AuthorDto, CatalogService.Bll, Version=1.0.0.0, Culture=neutral, PublicKeyToken=null]]'.
2025-11-24 13:59:16.807 +02:00 [INF] Executing OkObjectResult, writing value of type 'System.Collections.Generic.List`1[[CatalogService.Bll.Dtos.GenreDto, CatalogService.Bll, Version=1.0.0.0, Culture=neutral, PublicKeyToken=null]]'.
2025-11-24 13:59:16.810 +02:00 [INF] Executed action CatalogService.Api.Controllers.BooksController.GetAll (CatalogService.Api) in 23.6668ms
2025-11-24 13:59:16.813 +02:00 [INF] Executed action CatalogService.Api.Controllers.AuthorsController.GetAll (CatalogService.Api) in 18.1633ms
2025-11-24 13:59:16.815 +02:00 [INF] Executed action CatalogService.Api.Controllers.GenresController.GetAll (CatalogService.Api) in 17.7852ms
2025-11-24 13:59:16.817 +02:00 [INF] Executed endpoint 'CatalogService.Api.Controllers.BooksController.GetAll (CatalogService.Api)'
2025-11-24 13:59:16.819 +02:00 [INF] Executed endpoint 'CatalogService.Api.Controllers.AuthorsController.GetAll (CatalogService.Api)'
2025-11-24 13:59:16.821 +02:00 [INF] Executed endpoint 'CatalogService.Api.Controllers.GenresController.GetAll (CatalogService.Api)'
2025-11-24 13:59:16.822 +02:00 [INF] Request finished HTTP/1.1 GET http://localhost:5180/api/books - 200 null application/json; charset=utf-8 89.0872ms
2025-11-24 13:59:16.824 +02:00 [INF] Request finished HTTP/1.1 GET http://localhost:5180/api/authors - 200 null application/json; charset=utf-8 88.0477ms
2025-11-24 13:59:16.826 +02:00 [INF] Request finished HTTP/1.1 GET http://localhost:5180/api/genres - 200 null application/json; charset=utf-8 87.0331ms
2025-11-24 13:59:18.474 +02:00 [INF] Request starting HTTP/1.1 GET http://localhost:5180/api/books - null null
2025-11-24 13:59:18.474 +02:00 [INF] Request starting HTTP/1.1 GET http://localhost:5180/api/authors - null null
2025-11-24 13:59:18.474 +02:00 [INF] Request starting HTTP/1.1 GET http://localhost:5180/api/genres - null null
2025-11-24 13:59:18.482 +02:00 [INF] Executing endpoint 'CatalogService.Api.Controllers.BooksController.GetAll (CatalogService.Api)'
2025-11-24 13:59:18.488 +02:00 [INF] Executing endpoint 'CatalogService.Api.Controllers.AuthorsController.GetAll (CatalogService.Api)'
2025-11-24 13:59:18.497 +02:00 [INF] Executing endpoint 'CatalogService.Api.Controllers.GenresController.GetAll (CatalogService.Api)'
2025-11-24 13:59:18.501 +02:00 [INF] Route matched with {action = "GetAll", controller = "Books"}. Executing controller action with signature System.Threading.Tasks.Task`1[Microsoft.AspNetCore.Mvc.IActionResult] GetAll() on controller CatalogService.Api.Controllers.BooksController (CatalogService.Api).
2025-11-24 13:59:18.504 +02:00 [INF] Route matched with {action = "GetAll", controller = "Authors"}. Executing controller action with signature System.Threading.Tasks.Task`1[Microsoft.AspNetCore.Mvc.IActionResult] GetAll() on controller CatalogService.Api.Controllers.AuthorsController (CatalogService.Api).
2025-11-24 13:59:18.508 +02:00 [INF] Route matched with {action = "GetAll", controller = "Genres"}. Executing controller action with signature System.Threading.Tasks.Task`1[Microsoft.AspNetCore.Mvc.IActionResult] GetAll() on controller CatalogService.Api.Controllers.GenresController (CatalogService.Api).
2025-11-24 13:59:18.516 +02:00 [INF] Executed DbCommand (1ms) [Parameters=[], CommandType='"Text"', CommandTimeout='30']
SELECT b.id, b.authorid, b.genreid, b."IsAvailable", b.title, a.id, a.name, g.id, g.name
FROM books AS b
INNER JOIN authors AS a ON b.authorid = a.id
INNER JOIN genres AS g ON b.genreid = g.id
2025-11-24 13:59:18.520 +02:00 [INF] Executed DbCommand (1ms) [Parameters=[], CommandType='"Text"', CommandTimeout='30']
SELECT a.id, a.name
FROM authors AS a
2025-11-24 13:59:18.525 +02:00 [INF] Executed DbCommand (1ms) [Parameters=[], CommandType='"Text"', CommandTimeout='30']
SELECT g.id, g.name
FROM genres AS g
2025-11-24 13:59:18.531 +02:00 [INF] Executing OkObjectResult, writing value of type 'System.Collections.Generic.List`1[[CatalogService.Bll.Dtos.BookDto, CatalogService.Bll, Version=1.0.0.0, Culture=neutral, PublicKeyToken=null]]'.
2025-11-24 13:59:18.536 +02:00 [INF] Executing OkObjectResult, writing value of type 'System.Collections.Generic.List`1[[CatalogService.Bll.Dtos.AuthorDto, CatalogService.Bll, Version=1.0.0.0, Culture=neutral, PublicKeyToken=null]]'.
2025-11-24 13:59:18.542 +02:00 [INF] Executing OkObjectResult, writing value of type 'System.Collections.Generic.List`1[[CatalogService.Bll.Dtos.GenreDto, CatalogService.Bll, Version=1.0.0.0, Culture=neutral, PublicKeyToken=null]]'.
2025-11-24 13:59:18.546 +02:00 [INF] Executed action CatalogService.Api.Controllers.BooksController.GetAll (CatalogService.Api) in 32.8277ms
2025-11-24 13:59:18.549 +02:00 [INF] Executed action CatalogService.Api.Controllers.AuthorsController.GetAll (CatalogService.Api) in 30.6319ms
2025-11-24 13:59:18.553 +02:00 [INF] Executed action CatalogService.Api.Controllers.GenresController.GetAll (CatalogService.Api) in 28.7105ms
2025-11-24 13:59:18.551 +02:00 [INF] Request starting HTTP/1.1 GET http://localhost:5180/api/books - null null
2025-11-24 13:59:18.556 +02:00 [INF] Executed endpoint 'CatalogService.Api.Controllers.BooksController.GetAll (CatalogService.Api)'
2025-11-24 13:59:18.554 +02:00 [INF] Request starting HTTP/1.1 GET http://localhost:5180/api/authors - null null
2025-11-24 13:59:18.556 +02:00 [INF] Request starting HTTP/1.1 GET http://localhost:5180/api/genres - null null
2025-11-24 13:59:18.559 +02:00 [INF] Executed endpoint 'CatalogService.Api.Controllers.AuthorsController.GetAll (CatalogService.Api)'
2025-11-24 13:59:18.561 +02:00 [INF] Executed endpoint 'CatalogService.Api.Controllers.GenresController.GetAll (CatalogService.Api)'
2025-11-24 13:59:18.566 +02:00 [INF] Executing endpoint 'CatalogService.Api.Controllers.BooksController.GetAll (CatalogService.Api)'
2025-11-24 13:59:18.568 +02:00 [INF] Request finished HTTP/1.1 GET http://localhost:5180/api/books - 200 null application/json; charset=utf-8 93.5283ms
2025-11-24 13:59:18.573 +02:00 [INF] Executing endpoint 'CatalogService.Api.Controllers.AuthorsController.GetAll (CatalogService.Api)'
2025-11-24 13:59:18.578 +02:00 [INF] Executing endpoint 'CatalogService.Api.Controllers.GenresController.GetAll (CatalogService.Api)'
2025-11-24 13:59:18.581 +02:00 [INF] Request finished HTTP/1.1 GET http://localhost:5180/api/authors - 200 null application/json; charset=utf-8 106.7232ms
2025-11-24 13:59:18.584 +02:00 [INF] Request finished HTTP/1.1 GET http://localhost:5180/api/genres - 200 null application/json; charset=utf-8 109.2366ms
2025-11-24 13:59:18.586 +02:00 [INF] Route matched with {action = "GetAll", controller = "Books"}. Executing controller action with signature System.Threading.Tasks.Task`1[Microsoft.AspNetCore.Mvc.IActionResult] GetAll() on controller CatalogService.Api.Controllers.BooksController (CatalogService.Api).
2025-11-24 13:59:18.596 +02:00 [INF] Route matched with {action = "GetAll", controller = "Authors"}. Executing controller action with signature System.Threading.Tasks.Task`1[Microsoft.AspNetCore.Mvc.IActionResult] GetAll() on controller CatalogService.Api.Controllers.AuthorsController (CatalogService.Api).
2025-11-24 13:59:18.599 +02:00 [INF] Route matched with {action = "GetAll", controller = "Genres"}. Executing controller action with signature System.Threading.Tasks.Task`1[Microsoft.AspNetCore.Mvc.IActionResult] GetAll() on controller CatalogService.Api.Controllers.GenresController (CatalogService.Api).
2025-11-24 13:59:18.619 +02:00 [INF] Executed DbCommand (1ms) [Parameters=[], CommandType='"Text"', CommandTimeout='30']
SELECT b.id, b.authorid, b.genreid, b."IsAvailable", b.title, a.id, a.name, g.id, g.name
FROM books AS b
INNER JOIN authors AS a ON b.authorid = a.id
INNER JOIN genres AS g ON b.genreid = g.id
2025-11-24 13:59:18.623 +02:00 [INF] Executed DbCommand (1ms) [Parameters=[], CommandType='"Text"', CommandTimeout='30']
SELECT a.id, a.name
FROM authors AS a
2025-11-24 13:59:18.629 +02:00 [INF] Executed DbCommand (1ms) [Parameters=[], CommandType='"Text"', CommandTimeout='30']
SELECT g.id, g.name
FROM genres AS g
2025-11-24 13:59:18.633 +02:00 [INF] Executing OkObjectResult, writing value of type 'System.Collections.Generic.List`1[[CatalogService.Bll.Dtos.BookDto, CatalogService.Bll, Version=1.0.0.0, Culture=neutral, PublicKeyToken=null]]'.
2025-11-24 13:59:18.638 +02:00 [INF] Executing OkObjectResult, writing value of type 'System.Collections.Generic.List`1[[CatalogService.Bll.Dtos.AuthorDto, CatalogService.Bll, Version=1.0.0.0, Culture=neutral, PublicKeyToken=null]]'.
2025-11-24 13:59:18.643 +02:00 [INF] Executing OkObjectResult, writing value of type 'System.Collections.Generic.List`1[[CatalogService.Bll.Dtos.GenreDto, CatalogService.Bll, Version=1.0.0.0, Culture=neutral, PublicKeyToken=null]]'.
2025-11-24 13:59:18.647 +02:00 [INF] Executed action CatalogService.Api.Controllers.BooksController.GetAll (CatalogService.Api) in 29.7742ms
2025-11-24 13:59:18.651 +02:00 [INF] Executed action CatalogService.Api.Controllers.AuthorsController.GetAll (CatalogService.Api) in 29.0445ms
2025-11-24 13:59:18.654 +02:00 [INF] Executed action CatalogService.Api.Controllers.GenresController.GetAll (CatalogService.Api) in 26.3339ms
2025-11-24 13:59:18.657 +02:00 [INF] Executed endpoint 'CatalogService.Api.Controllers.BooksController.GetAll (CatalogService.Api)'
2025-11-24 13:59:18.659 +02:00 [INF] Executed endpoint 'CatalogService.Api.Controllers.AuthorsController.GetAll (CatalogService.Api)'
2025-11-24 13:59:18.661 +02:00 [INF] Executed endpoint 'CatalogService.Api.Controllers.GenresController.GetAll (CatalogService.Api)'
2025-11-24 13:59:18.663 +02:00 [INF] Request finished HTTP/1.1 GET http://localhost:5180/api/books - 200 null application/json; charset=utf-8 111.9296ms
2025-11-24 13:59:18.665 +02:00 [INF] Request finished HTTP/1.1 GET http://localhost:5180/api/authors - 200 null application/json; charset=utf-8 111.2845ms
2025-11-24 13:59:18.667 +02:00 [INF] Request finished HTTP/1.1 GET http://localhost:5180/api/genres - 200 null application/json; charset=utf-8 110.7088ms
2025-11-24 13:59:52.991 +02:00 [INF] Request starting HTTP/1.1 DELETE http://localhost:5180/api/books/4 - null 0
2025-11-24 13:59:53.000 +02:00 [INF] CORS policy execution successful.
2025-11-24 13:59:53.002 +02:00 [INF] Executing endpoint 'CatalogService.Api.Controllers.BooksController.Delete (CatalogService.Api)'
2025-11-24 13:59:53.012 +02:00 [INF] Route matched with {action = "Delete", controller = "Books"}. Executing controller action with signature System.Threading.Tasks.Task`1[Microsoft.AspNetCore.Mvc.IActionResult] Delete(Int32) on controller CatalogService.Api.Controllers.BooksController (CatalogService.Api).
2025-11-24 13:59:53.021 +02:00 [INF] Executed DbCommand (1ms) [Parameters=[@__p_0='?' (DbType = Int32)], CommandType='"Text"', CommandTimeout='30']
SELECT b.id, b.authorid, b.genreid, b."IsAvailable", b.title
FROM books AS b
WHERE b.id = @__p_0
LIMIT 1
2025-11-24 13:59:53.037 +02:00 [INF] Executed DbCommand (2ms) [Parameters=[@p0='?' (DbType = Int32)], CommandType='"Text"', CommandTimeout='30']
DELETE FROM books
WHERE id = @p0;
2025-11-24 13:59:53.047 +02:00 [INF] Executing StatusCodeResult, setting HTTP status code 204
2025-11-24 13:59:53.051 +02:00 [INF] Executed action CatalogService.Api.Controllers.BooksController.Delete (CatalogService.Api) in 33.5609ms
2025-11-24 13:59:53.055 +02:00 [INF] Executed endpoint 'CatalogService.Api.Controllers.BooksController.Delete (CatalogService.Api)'
2025-11-24 13:59:53.059 +02:00 [INF] Request finished HTTP/1.1 DELETE http://localhost:5180/api/books/4 - 204 null null 67.4877ms
2025-11-24 13:59:53.071 +02:00 [INF] Request starting HTTP/1.1 GET http://localhost:5180/api/books - null null
2025-11-24 13:59:53.071 +02:00 [INF] Request starting HTTP/1.1 GET http://localhost:5180/api/authors - null null
2025-11-24 13:59:53.072 +02:00 [INF] Request starting HTTP/1.1 GET http://localhost:5180/api/genres - null null
2025-11-24 13:59:53.077 +02:00 [INF] Executing endpoint 'CatalogService.Api.Controllers.BooksController.GetAll (CatalogService.Api)'
2025-11-24 13:59:53.081 +02:00 [INF] Executing endpoint 'CatalogService.Api.Controllers.AuthorsController.GetAll (CatalogService.Api)'
2025-11-24 13:59:53.086 +02:00 [INF] Executing endpoint 'CatalogService.Api.Controllers.GenresController.GetAll (CatalogService.Api)'
2025-11-24 13:59:53.089 +02:00 [INF] Route matched with {action = "GetAll", controller = "Books"}. Executing controller action with signature System.Threading.Tasks.Task`1[Microsoft.AspNetCore.Mvc.IActionResult] GetAll() on controller CatalogService.Api.Controllers.BooksController (CatalogService.Api).
2025-11-24 13:59:53.091 +02:00 [INF] Route matched with {action = "GetAll", controller = "Authors"}. Executing controller action with signature System.Threading.Tasks.Task`1[Microsoft.AspNetCore.Mvc.IActionResult] GetAll() on controller CatalogService.Api.Controllers.AuthorsController (CatalogService.Api).
2025-11-24 13:59:53.095 +02:00 [INF] Route matched with {action = "GetAll", controller = "Genres"}. Executing controller action with signature System.Threading.Tasks.Task`1[Microsoft.AspNetCore.Mvc.IActionResult] GetAll() on controller CatalogService.Api.Controllers.GenresController (CatalogService.Api).
2025-11-24 13:59:53.102 +02:00 [INF] Executed DbCommand (1ms) [Parameters=[], CommandType='"Text"', CommandTimeout='30']
SELECT b.id, b.authorid, b.genreid, b."IsAvailable", b.title, a.id, a.name, g.id, g.name
FROM books AS b
INNER JOIN authors AS a ON b.authorid = a.id
INNER JOIN genres AS g ON b.genreid = g.id
2025-11-24 13:59:53.107 +02:00 [INF] Executed DbCommand (1ms) [Parameters=[], CommandType='"Text"', CommandTimeout='30']
SELECT a.id, a.name
FROM authors AS a
2025-11-24 13:59:53.112 +02:00 [INF] Executed DbCommand (1ms) [Parameters=[], CommandType='"Text"', CommandTimeout='30']
SELECT g.id, g.name
FROM genres AS g
2025-11-24 13:59:53.116 +02:00 [INF] Executing OkObjectResult, writing value of type 'System.Collections.Generic.List`1[[CatalogService.Bll.Dtos.BookDto, CatalogService.Bll, Version=1.0.0.0, Culture=neutral, PublicKeyToken=null]]'.
2025-11-24 13:59:53.122 +02:00 [INF] Executing OkObjectResult, writing value of type 'System.Collections.Generic.List`1[[CatalogService.Bll.Dtos.AuthorDto, CatalogService.Bll, Version=1.0.0.0, Culture=neutral, PublicKeyToken=null]]'.
2025-11-24 13:59:53.128 +02:00 [INF] Executing OkObjectResult, writing value of type 'System.Collections.Generic.List`1[[CatalogService.Bll.Dtos.GenreDto, CatalogService.Bll, Version=1.0.0.0, Culture=neutral, PublicKeyToken=null]]'.
2025-11-24 13:59:53.131 +02:00 [INF] Executed action CatalogService.Api.Controllers.BooksController.GetAll (CatalogService.Api) in 30.8751ms
2025-11-24 13:59:53.134 +02:00 [INF] Executed action CatalogService.Api.Controllers.AuthorsController.GetAll (CatalogService.Api) in 28.3266ms
2025-11-24 13:59:53.137 +02:00 [INF] Executed action CatalogService.Api.Controllers.GenresController.GetAll (CatalogService.Api) in 25.7557ms
2025-11-24 13:59:53.139 +02:00 [INF] Executed endpoint 'CatalogService.Api.Controllers.BooksController.GetAll (CatalogService.Api)'
2025-11-24 13:59:53.142 +02:00 [INF] Executed endpoint 'CatalogService.Api.Controllers.AuthorsController.GetAll (CatalogService.Api)'
2025-11-24 13:59:53.145 +02:00 [INF] Executed endpoint 'CatalogService.Api.Controllers.GenresController.GetAll (CatalogService.Api)'
2025-11-24 13:59:53.146 +02:00 [INF] Request finished HTTP/1.1 GET http://localhost:5180/api/books - 200 null application/json; charset=utf-8 75.4172ms
2025-11-24 13:59:53.148 +02:00 [INF] Request finished HTTP/1.1 GET http://localhost:5180/api/authors - 200 null application/json; charset=utf-8 77.0159ms
2025-11-24 13:59:53.151 +02:00 [INF] Request finished HTTP/1.1 GET http://localhost:5180/api/genres - 200 null application/json; charset=utf-8 78.6347ms
2025-11-24 17:23:17.190 +02:00 [INF] Executed DbCommand (15ms) [Parameters=[], CommandType='"Text"', CommandTimeout='30']
SELECT "MigrationId", "ProductVersion"
FROM "__EFMigrationsHistory"
ORDER BY "MigrationId";
2025-11-24 17:23:17.452 +02:00 [INF] Executed DbCommand (4ms) [Parameters=[], CommandType='"Text"', CommandTimeout='30']
CREATE TABLE IF NOT EXISTS "__EFMigrationsHistory" (
    "MigrationId" character varying(150) NOT NULL,
    "ProductVersion" character varying(32) NOT NULL,
    CONSTRAINT "PK___EFMigrationsHistory" PRIMARY KEY ("MigrationId")
);
2025-11-24 17:23:17.463 +02:00 [INF] Acquiring an exclusive lock for migration application. See https://aka.ms/efcore-docs-migrations-lock for more information if this takes too long.
2025-11-24 17:23:17.467 +02:00 [INF] Executed DbCommand (0ms) [Parameters=[], CommandType='"Text"', CommandTimeout='30']
LOCK TABLE "__EFMigrationsHistory" IN ACCESS EXCLUSIVE MODE
2025-11-24 17:23:17.470 +02:00 [INF] Executed DbCommand (0ms) [Parameters=[], CommandType='"Text"', CommandTimeout='30']
SELECT "MigrationId", "ProductVersion"
FROM "__EFMigrationsHistory"
ORDER BY "MigrationId";
2025-11-24 17:23:17.477 +02:00 [INF] Applying migration '20251124152304_UpdateBookTable'.
2025-11-24 17:23:17.500 +02:00 [ERR] Failed executing DbCommand (6ms) [Parameters=[], CommandType='"Text"', CommandTimeout='30']
ALTER TABLE books ADD "IsAvailable" boolean NOT NULL DEFAULT FALSE;
2025-11-24 17:24:34.591 +02:00 [ERR] Failed executing DbCommand (23ms) [Parameters=[], CommandType='"Text"', CommandTimeout='30']
SELECT "MigrationId", "ProductVersion"
FROM "__EFMigrationsHistory"
ORDER BY "MigrationId";
2025-11-24 17:24:34.887 +02:00 [INF] Acquiring an exclusive lock for migration application. See https://aka.ms/efcore-docs-migrations-lock for more information if this takes too long.
2025-11-24 17:24:34.901 +02:00 [INF] Applying migration '20251124152304_UpdateBookTable'.
2025-11-24 17:24:34.919 +02:00 [ERR] Failed executing DbCommand (1ms) [Parameters=[], CommandType='"Text"', CommandTimeout='30']
ALTER TABLE books ADD "IsAvailable" boolean NOT NULL DEFAULT FALSE;
2025-11-24 17:26:40.877 +02:00 [INF] Executed DbCommand (16ms) [Parameters=[], CommandType='"Text"', CommandTimeout='30']
SELECT "MigrationId", "ProductVersion"
FROM "__EFMigrationsHistory"
ORDER BY "MigrationId";
2025-11-24 17:26:41.126 +02:00 [INF] Executed DbCommand (4ms) [Parameters=[], CommandType='"Text"', CommandTimeout='30']
CREATE TABLE IF NOT EXISTS "__EFMigrationsHistory" (
    "MigrationId" character varying(150) NOT NULL,
    "ProductVersion" character varying(32) NOT NULL,
    CONSTRAINT "PK___EFMigrationsHistory" PRIMARY KEY ("MigrationId")
);
2025-11-24 17:26:41.137 +02:00 [INF] Acquiring an exclusive lock for migration application. See https://aka.ms/efcore-docs-migrations-lock for more information if this takes too long.
2025-11-24 17:26:41.141 +02:00 [INF] Executed DbCommand (1ms) [Parameters=[], CommandType='"Text"', CommandTimeout='30']
LOCK TABLE "__EFMigrationsHistory" IN ACCESS EXCLUSIVE MODE
2025-11-24 17:26:41.144 +02:00 [INF] Executed DbCommand (0ms) [Parameters=[], CommandType='"Text"', CommandTimeout='30']
SELECT "MigrationId", "ProductVersion"
FROM "__EFMigrationsHistory"
ORDER BY "MigrationId";
2025-11-24 17:26:41.151 +02:00 [INF] Applying migration '20251124152630_UpdateBookTable'.
2025-11-24 17:26:41.159 +02:00 [INF] Executed DbCommand (1ms) [Parameters=[], CommandType='"Text"', CommandTimeout='30']
INSERT INTO "__EFMigrationsHistory" ("MigrationId", "ProductVersion")
VALUES ('20251124152630_UpdateBookTable', '9.0.1');
2025-11-24 17:27:51.639 +02:00 [INF] Executed DbCommand (16ms) [Parameters=[], CommandType='"Text"', CommandTimeout='30']
SELECT "MigrationId", "ProductVersion"
FROM "__EFMigrationsHistory"
ORDER BY "MigrationId";
2025-11-24 17:28:17.408 +02:00 [INF] Executed DbCommand (15ms) [Parameters=[], CommandType='"Text"', CommandTimeout='30']
SELECT "MigrationId", "ProductVersion"
FROM "__EFMigrationsHistory"
ORDER BY "MigrationId";
2025-11-24 17:29:09.338 +02:00 [INF] Executed DbCommand (17ms) [Parameters=[], CommandType='"Text"', CommandTimeout='30']
SELECT "MigrationId", "ProductVersion"
FROM "__EFMigrationsHistory"
ORDER BY "MigrationId";
2025-11-24 17:29:09.626 +02:00 [INF] Executed DbCommand (4ms) [Parameters=[], CommandType='"Text"', CommandTimeout='30']
CREATE TABLE IF NOT EXISTS "__EFMigrationsHistory" (
    "MigrationId" character varying(150) NOT NULL,
    "ProductVersion" character varying(32) NOT NULL,
    CONSTRAINT "PK___EFMigrationsHistory" PRIMARY KEY ("MigrationId")
);
2025-11-24 17:29:09.636 +02:00 [INF] Acquiring an exclusive lock for migration application. See https://aka.ms/efcore-docs-migrations-lock for more information if this takes too long.
2025-11-24 17:29:09.639 +02:00 [INF] Executed DbCommand (1ms) [Parameters=[], CommandType='"Text"', CommandTimeout='30']
LOCK TABLE "__EFMigrationsHistory" IN ACCESS EXCLUSIVE MODE
2025-11-24 17:29:09.642 +02:00 [INF] Executed DbCommand (0ms) [Parameters=[], CommandType='"Text"', CommandTimeout='30']
SELECT "MigrationId", "ProductVersion"
FROM "__EFMigrationsHistory"
ORDER BY "MigrationId";
2025-11-24 17:29:09.649 +02:00 [INF] Applying migration '20251124152859_UpdateBookTable'.
2025-11-24 17:29:09.680 +02:00 [INF] Executed DbCommand (8ms) [Parameters=[], CommandType='"Text"', CommandTimeout='30']
CREATE TABLE authors (
    id integer GENERATED BY DEFAULT AS IDENTITY,
    name character varying(100) NOT NULL,
    CONSTRAINT "PK_authors" PRIMARY KEY (id)
);
2025-11-24 17:29:09.687 +02:00 [INF] Executed DbCommand (4ms) [Parameters=[], CommandType='"Text"', CommandTimeout='30']
CREATE TABLE genres (
    id integer GENERATED BY DEFAULT AS IDENTITY,
    name character varying(100) NOT NULL,
    CONSTRAINT "PK_genres" PRIMARY KEY (id)
);
2025-11-24 17:29:09.695 +02:00 [INF] Executed DbCommand (6ms) [Parameters=[], CommandType='"Text"', CommandTimeout='30']
CREATE TABLE books (
    id integer GENERATED BY DEFAULT AS IDENTITY,
    title character varying(200) NOT NULL,
    authorid integer NOT NULL,
    genreid integer NOT NULL,
    CONSTRAINT "PK_books" PRIMARY KEY (id),
    CONSTRAINT "FK_books_authors_authorid" FOREIGN KEY (authorid) REFERENCES authors (id) ON DELETE RESTRICT,
    CONSTRAINT "FK_books_genres_genreid" FOREIGN KEY (genreid) REFERENCES genres (id) ON DELETE RESTRICT
);
2025-11-24 17:29:09.701 +02:00 [INF] Executed DbCommand (4ms) [Parameters=[], CommandType='"Text"', CommandTimeout='30']
INSERT INTO authors (id, name)
VALUES (1, 'Тарас Шевченко');
INSERT INTO authors (id, name)
VALUES (2, 'Ліна Костенко');
INSERT INTO authors (id, name)
VALUES (3, 'Іван Франко');
2025-11-24 17:29:09.705 +02:00 [INF] Executed DbCommand (1ms) [Parameters=[], CommandType='"Text"', CommandTimeout='30']
INSERT INTO genres (id, name)
VALUES (1, 'Поезія');
INSERT INTO genres (id, name)
VALUES (2, 'Проза');
INSERT INTO genres (id, name)
VALUES (3, 'Фантастика');
2025-11-24 17:29:09.709 +02:00 [INF] Executed DbCommand (2ms) [Parameters=[], CommandType='"Text"', CommandTimeout='30']
INSERT INTO books (id, authorid, genreid, title)
VALUES (1, 1, 1, 'Кобзар');
INSERT INTO books (id, authorid, genreid, title)
VALUES (2, 2, 1, 'Маруся Чурай');
INSERT INTO books (id, authorid, genreid, title)
VALUES (3, 3, 2, 'Захар Беркут');
2025-11-24 17:29:09.716 +02:00 [INF] Executed DbCommand (4ms) [Parameters=[], CommandType='"Text"', CommandTimeout='30']
CREATE INDEX "IX_books_authorid" ON books (authorid);
2025-11-24 17:29:09.721 +02:00 [INF] Executed DbCommand (3ms) [Parameters=[], CommandType='"Text"', CommandTimeout='30']
CREATE INDEX "IX_books_genreid" ON books (genreid);
2025-11-24 17:29:09.727 +02:00 [INF] Executed DbCommand (3ms) [Parameters=[], CommandType='"Text"', CommandTimeout='30']
SELECT setval(
    pg_get_serial_sequence('authors', 'id'),
    GREATEST(
        (SELECT MAX(id) FROM authors) + 1,
        nextval(pg_get_serial_sequence('authors', 'id'))),
    false);
SELECT setval(
    pg_get_serial_sequence('genres', 'id'),
    GREATEST(
        (SELECT MAX(id) FROM genres) + 1,
        nextval(pg_get_serial_sequence('genres', 'id'))),
    false);
SELECT setval(
    pg_get_serial_sequence('books', 'id'),
    GREATEST(
        (SELECT MAX(id) FROM books) + 1,
        nextval(pg_get_serial_sequence('books', 'id'))),
    false);
2025-11-24 17:29:09.730 +02:00 [INF] Executed DbCommand (0ms) [Parameters=[], CommandType='"Text"', CommandTimeout='30']
INSERT INTO "__EFMigrationsHistory" ("MigrationId", "ProductVersion")
VALUES ('20251124152859_UpdateBookTable', '9.0.1');
2025-11-24 17:34:23.146 +02:00 [INF] Now listening on: http://localhost:5180
2025-11-24 17:34:23.218 +02:00 [INF] Application started. Press Ctrl+C to shut down.
2025-11-24 17:34:23.219 +02:00 [INF] Hosting environment: Development
2025-11-24 17:34:23.220 +02:00 [INF] Content root path: C:\Users\Admin\Documents\projects\LibrarySystem\CatalogService\CatalogService.Api
2025-11-24 17:34:30.803 +02:00 [INF] Request starting HTTP/1.1 GET http://localhost:5180/api/genres - null null
2025-11-24 17:34:30.802 +02:00 [INF] Request starting HTTP/1.1 GET http://localhost:5180/api/books - null null
2025-11-24 17:34:30.802 +02:00 [INF] Request starting HTTP/1.1 GET http://localhost:5180/api/authors - null null
2025-11-24 17:34:30.873 +02:00 [INF] Executing endpoint 'CatalogService.Api.Controllers.GenresController.GetAll (CatalogService.Api)'
2025-11-24 17:34:30.873 +02:00 [INF] Executing endpoint 'CatalogService.Api.Controllers.BooksController.GetAll (CatalogService.Api)'
2025-11-24 17:34:30.873 +02:00 [INF] Executing endpoint 'CatalogService.Api.Controllers.AuthorsController.GetAll (CatalogService.Api)'
2025-11-24 17:34:30.902 +02:00 [INF] Route matched with {action = "GetAll", controller = "Authors"}. Executing controller action with signature System.Threading.Tasks.Task`1[Microsoft.AspNetCore.Mvc.IActionResult] GetAll() on controller CatalogService.Api.Controllers.AuthorsController (CatalogService.Api).
2025-11-24 17:34:30.902 +02:00 [INF] Route matched with {action = "GetAll", controller = "Books"}. Executing controller action with signature System.Threading.Tasks.Task`1[Microsoft.AspNetCore.Mvc.IActionResult] GetAll() on controller CatalogService.Api.Controllers.BooksController (CatalogService.Api).
2025-11-24 17:34:30.902 +02:00 [INF] Route matched with {action = "GetAll", controller = "Genres"}. Executing controller action with signature System.Threading.Tasks.Task`1[Microsoft.AspNetCore.Mvc.IActionResult] GetAll() on controller CatalogService.Api.Controllers.GenresController (CatalogService.Api).
2025-11-24 17:34:32.645 +02:00 [INF] Executed DbCommand (21ms) [Parameters=[], CommandType='"Text"', CommandTimeout='30']
SELECT a.id, a.name
FROM authors AS a
2025-11-24 17:34:32.645 +02:00 [INF] Executed DbCommand (21ms) [Parameters=[], CommandType='"Text"', CommandTimeout='30']
SELECT g.id, g.name
FROM genres AS g
2025-11-24 17:34:32.645 +02:00 [INF] Executed DbCommand (21ms) [Parameters=[], CommandType='"Text"', CommandTimeout='30']
SELECT b.id, b.authorid, b.genreid, b.title, a.id, a.name, g.id, g.name
FROM books AS b
INNER JOIN authors AS a ON b.authorid = a.id
INNER JOIN genres AS g ON b.genreid = g.id
2025-11-24 17:34:32.748 +02:00 [INF] Executing OkObjectResult, writing value of type 'System.Collections.Generic.List`1[[CatalogService.Bll.Dtos.AuthorDto, CatalogService.Bll, Version=1.0.0.0, Culture=neutral, PublicKeyToken=null]]'.
2025-11-24 17:34:32.748 +02:00 [INF] Executing OkObjectResult, writing value of type 'System.Collections.Generic.List`1[[CatalogService.Bll.Dtos.BookDto, CatalogService.Bll, Version=1.0.0.0, Culture=neutral, PublicKeyToken=null]]'.
2025-11-24 17:34:32.748 +02:00 [INF] Executing OkObjectResult, writing value of type 'System.Collections.Generic.List`1[[CatalogService.Bll.Dtos.GenreDto, CatalogService.Bll, Version=1.0.0.0, Culture=neutral, PublicKeyToken=null]]'.
2025-11-24 17:34:32.786 +02:00 [INF] Executed action CatalogService.Api.Controllers.BooksController.GetAll (CatalogService.Api) in 1869.2964ms
2025-11-24 17:34:32.786 +02:00 [INF] Executed action CatalogService.Api.Controllers.GenresController.GetAll (CatalogService.Api) in 1862.8543ms
2025-11-24 17:34:32.786 +02:00 [INF] Executed action CatalogService.Api.Controllers.AuthorsController.GetAll (CatalogService.Api) in 1875.1341ms
2025-11-24 17:34:32.797 +02:00 [INF] Request starting HTTP/1.1 GET http://localhost:5180/api/genres - null null
2025-11-24 17:34:32.797 +02:00 [INF] Request starting HTTP/1.1 GET http://localhost:5180/api/books - null null
2025-11-24 17:34:32.797 +02:00 [INF] Request starting HTTP/1.1 GET http://localhost:5180/api/authors - null null
2025-11-24 17:34:32.798 +02:00 [INF] Executed endpoint 'CatalogService.Api.Controllers.BooksController.GetAll (CatalogService.Api)'
2025-11-24 17:34:32.800 +02:00 [INF] Executed endpoint 'CatalogService.Api.Controllers.GenresController.GetAll (CatalogService.Api)'
2025-11-24 17:34:32.803 +02:00 [INF] Executed endpoint 'CatalogService.Api.Controllers.AuthorsController.GetAll (CatalogService.Api)'
2025-11-24 17:34:32.809 +02:00 [INF] Executing endpoint 'CatalogService.Api.Controllers.GenresController.GetAll (CatalogService.Api)'
2025-11-24 17:34:32.812 +02:00 [INF] Executing endpoint 'CatalogService.Api.Controllers.BooksController.GetAll (CatalogService.Api)'
2025-11-24 17:34:32.816 +02:00 [INF] Executing endpoint 'CatalogService.Api.Controllers.AuthorsController.GetAll (CatalogService.Api)'
2025-11-24 17:34:32.824 +02:00 [INF] Route matched with {action = "GetAll", controller = "Genres"}. Executing controller action with signature System.Threading.Tasks.Task`1[Microsoft.AspNetCore.Mvc.IActionResult] GetAll() on controller CatalogService.Api.Controllers.GenresController (CatalogService.Api).
2025-11-24 17:34:32.825 +02:00 [INF] Route matched with {action = "GetAll", controller = "Books"}. Executing controller action with signature System.Threading.Tasks.Task`1[Microsoft.AspNetCore.Mvc.IActionResult] GetAll() on controller CatalogService.Api.Controllers.BooksController (CatalogService.Api).
2025-11-24 17:34:32.827 +02:00 [INF] Request finished HTTP/1.1 GET http://localhost:5180/api/genres - 200 null application/json; charset=utf-8 2027.4265ms
2025-11-24 17:34:32.827 +02:00 [INF] Request finished HTTP/1.1 GET http://localhost:5180/api/authors - 200 null application/json; charset=utf-8 2027.4809ms
2025-11-24 17:34:32.827 +02:00 [INF] Request finished HTTP/1.1 GET http://localhost:5180/api/books - 200 null application/json; charset=utf-8 2027.4885ms
2025-11-24 17:34:32.828 +02:00 [INF] Route matched with {action = "GetAll", controller = "Authors"}. Executing controller action with signature System.Threading.Tasks.Task`1[Microsoft.AspNetCore.Mvc.IActionResult] GetAll() on controller CatalogService.Api.Controllers.AuthorsController (CatalogService.Api).
2025-11-24 17:34:32.897 +02:00 [INF] Executed DbCommand (3ms) [Parameters=[], CommandType='"Text"', CommandTimeout='30']
SELECT g.id, g.name
FROM genres AS g
2025-11-24 17:34:32.897 +02:00 [INF] Executed DbCommand (3ms) [Parameters=[], CommandType='"Text"', CommandTimeout='30']
SELECT a.id, a.name
FROM authors AS a
2025-11-24 17:34:32.897 +02:00 [INF] Executed DbCommand (2ms) [Parameters=[], CommandType='"Text"', CommandTimeout='30']
SELECT b.id, b.authorid, b.genreid, b.title, a.id, a.name, g.id, g.name
FROM books AS b
INNER JOIN authors AS a ON b.authorid = a.id
INNER JOIN genres AS g ON b.genreid = g.id
2025-11-24 17:34:32.901 +02:00 [INF] Executing OkObjectResult, writing value of type 'System.Collections.Generic.List`1[[CatalogService.Bll.Dtos.GenreDto, CatalogService.Bll, Version=1.0.0.0, Culture=neutral, PublicKeyToken=null]]'.
2025-11-24 17:34:32.904 +02:00 [INF] Executing OkObjectResult, writing value of type 'System.Collections.Generic.List`1[[CatalogService.Bll.Dtos.AuthorDto, CatalogService.Bll, Version=1.0.0.0, Culture=neutral, PublicKeyToken=null]]'.
2025-11-24 17:34:32.908 +02:00 [INF] Executing OkObjectResult, writing value of type 'System.Collections.Generic.List`1[[CatalogService.Bll.Dtos.BookDto, CatalogService.Bll, Version=1.0.0.0, Culture=neutral, PublicKeyToken=null]]'.
2025-11-24 17:34:32.910 +02:00 [INF] Executed action CatalogService.Api.Controllers.GenresController.GetAll (CatalogService.Api) in 78.1674ms
2025-11-24 17:34:32.912 +02:00 [INF] Executed action CatalogService.Api.Controllers.AuthorsController.GetAll (CatalogService.Api) in 56.7742ms
2025-11-24 17:34:32.915 +02:00 [INF] Executed action CatalogService.Api.Controllers.BooksController.GetAll (CatalogService.Api) in 79.0586ms
2025-11-24 17:34:32.916 +02:00 [INF] Executed endpoint 'CatalogService.Api.Controllers.GenresController.GetAll (CatalogService.Api)'
2025-11-24 17:34:32.918 +02:00 [INF] Executed endpoint 'CatalogService.Api.Controllers.AuthorsController.GetAll (CatalogService.Api)'
2025-11-24 17:34:32.919 +02:00 [INF] Executed endpoint 'CatalogService.Api.Controllers.BooksController.GetAll (CatalogService.Api)'
2025-11-24 17:34:32.921 +02:00 [INF] Request finished HTTP/1.1 GET http://localhost:5180/api/genres - 200 null application/json; charset=utf-8 124.4209ms
2025-11-24 17:34:32.922 +02:00 [INF] Request finished HTTP/1.1 GET http://localhost:5180/api/authors - 200 null application/json; charset=utf-8 125.9542ms
2025-11-24 17:34:32.924 +02:00 [INF] Request finished HTTP/1.1 GET http://localhost:5180/api/books - 200 null application/json; charset=utf-8 127.8755ms
2025-11-24 17:39:59.919 +02:00 [INF] Request starting HTTP/1.1 GET http://localhost:5180/api/books - null null
2025-11-24 17:39:59.937 +02:00 [INF] Request starting HTTP/1.1 GET http://localhost:5180/api/authors - null null
2025-11-24 17:39:59.939 +02:00 [INF] Request starting HTTP/1.1 GET http://localhost:5180/api/genres - null null
2025-11-24 17:39:59.943 +02:00 [INF] Executing endpoint 'CatalogService.Api.Controllers.BooksController.GetAll (CatalogService.Api)'
2025-11-24 17:39:59.947 +02:00 [INF] Executing endpoint 'CatalogService.Api.Controllers.AuthorsController.GetAll (CatalogService.Api)'
2025-11-24 17:39:59.952 +02:00 [INF] Executing endpoint 'CatalogService.Api.Controllers.GenresController.GetAll (CatalogService.Api)'
2025-11-24 17:39:59.955 +02:00 [INF] Route matched with {action = "GetAll", controller = "Books"}. Executing controller action with signature System.Threading.Tasks.Task`1[Microsoft.AspNetCore.Mvc.IActionResult] GetAll() on controller CatalogService.Api.Controllers.BooksController (CatalogService.Api).
2025-11-24 17:39:59.957 +02:00 [INF] Route matched with {action = "GetAll", controller = "Authors"}. Executing controller action with signature System.Threading.Tasks.Task`1[Microsoft.AspNetCore.Mvc.IActionResult] GetAll() on controller CatalogService.Api.Controllers.AuthorsController (CatalogService.Api).
2025-11-24 17:39:59.958 +02:00 [INF] Route matched with {action = "GetAll", controller = "Genres"}. Executing controller action with signature System.Threading.Tasks.Task`1[Microsoft.AspNetCore.Mvc.IActionResult] GetAll() on controller CatalogService.Api.Controllers.GenresController (CatalogService.Api).
2025-11-24 17:40:00.047 +02:00 [INF] Executed DbCommand (2ms) [Parameters=[], CommandType='"Text"', CommandTimeout='30']
SELECT a.id, a.name
FROM authors AS a
2025-11-24 17:40:00.061 +02:00 [INF] Executed DbCommand (4ms) [Parameters=[], CommandType='"Text"', CommandTimeout='30']
SELECT b.id, b.authorid, b.genreid, b.title, a.id, a.name, g.id, g.name
FROM books AS b
INNER JOIN authors AS a ON b.authorid = a.id
INNER JOIN genres AS g ON b.genreid = g.id
2025-11-24 17:40:00.063 +02:00 [INF] Executing OkObjectResult, writing value of type 'System.Collections.Generic.List`1[[CatalogService.Bll.Dtos.AuthorDto, CatalogService.Bll, Version=1.0.0.0, Culture=neutral, PublicKeyToken=null]]'.
2025-11-24 17:40:00.069 +02:00 [INF] Executing OkObjectResult, writing value of type 'System.Collections.Generic.List`1[[CatalogService.Bll.Dtos.BookDto, CatalogService.Bll, Version=1.0.0.0, Culture=neutral, PublicKeyToken=null]]'.
2025-11-24 17:40:00.071 +02:00 [INF] Executed action CatalogService.Api.Controllers.AuthorsController.GetAll (CatalogService.Api) in 105.5296ms
2025-11-24 17:40:00.073 +02:00 [INF] Executed action CatalogService.Api.Controllers.BooksController.GetAll (CatalogService.Api) in 111.397ms
2025-11-24 17:40:00.075 +02:00 [INF] Executed endpoint 'CatalogService.Api.Controllers.AuthorsController.GetAll (CatalogService.Api)'
2025-11-24 17:40:00.078 +02:00 [INF] Executed endpoint 'CatalogService.Api.Controllers.BooksController.GetAll (CatalogService.Api)'
2025-11-24 17:40:00.080 +02:00 [INF] Request finished HTTP/1.1 GET http://localhost:5180/api/authors - 200 null application/json; charset=utf-8 142.3332ms
2025-11-24 17:40:00.082 +02:00 [INF] Request finished HTTP/1.1 GET http://localhost:5180/api/books - 200 null application/json; charset=utf-8 163.6848ms
2025-11-24 17:40:00.094 +02:00 [INF] Executed DbCommand (2ms) [Parameters=[], CommandType='"Text"', CommandTimeout='30']
SELECT g.id, g.name
FROM genres AS g
2025-11-24 17:40:00.098 +02:00 [INF] Executing OkObjectResult, writing value of type 'System.Collections.Generic.List`1[[CatalogService.Bll.Dtos.GenreDto, CatalogService.Bll, Version=1.0.0.0, Culture=neutral, PublicKeyToken=null]]'.
2025-11-24 17:40:00.100 +02:00 [INF] Executed action CatalogService.Api.Controllers.GenresController.GetAll (CatalogService.Api) in 131.7615ms
2025-11-24 17:40:00.104 +02:00 [INF] Executed endpoint 'CatalogService.Api.Controllers.GenresController.GetAll (CatalogService.Api)'
2025-11-24 17:40:00.106 +02:00 [INF] Request finished HTTP/1.1 GET http://localhost:5180/api/genres - 200 null application/json; charset=utf-8 167.5198ms
2025-11-24 17:40:00.901 +02:00 [INF] Request starting HTTP/1.1 GET http://localhost:5180/api/books - null null
2025-11-24 17:40:00.902 +02:00 [INF] Request starting HTTP/1.1 GET http://localhost:5180/api/authors - null null
2025-11-24 17:40:00.902 +02:00 [INF] Request starting HTTP/1.1 GET http://localhost:5180/api/genres - null null
2025-11-24 17:40:00.905 +02:00 [INF] Executing endpoint 'CatalogService.Api.Controllers.BooksController.GetAll (CatalogService.Api)'
2025-11-24 17:40:00.909 +02:00 [INF] Executing endpoint 'CatalogService.Api.Controllers.AuthorsController.GetAll (CatalogService.Api)'
2025-11-24 17:40:00.913 +02:00 [INF] Executing endpoint 'CatalogService.Api.Controllers.GenresController.GetAll (CatalogService.Api)'
2025-11-24 17:40:00.915 +02:00 [INF] Route matched with {action = "GetAll", controller = "Books"}. Executing controller action with signature System.Threading.Tasks.Task`1[Microsoft.AspNetCore.Mvc.IActionResult] GetAll() on controller CatalogService.Api.Controllers.BooksController (CatalogService.Api).
2025-11-24 17:40:00.916 +02:00 [INF] Route matched with {action = "GetAll", controller = "Authors"}. Executing controller action with signature System.Threading.Tasks.Task`1[Microsoft.AspNetCore.Mvc.IActionResult] GetAll() on controller CatalogService.Api.Controllers.AuthorsController (CatalogService.Api).
2025-11-24 17:40:00.918 +02:00 [INF] Route matched with {action = "GetAll", controller = "Genres"}. Executing controller action with signature System.Threading.Tasks.Task`1[Microsoft.AspNetCore.Mvc.IActionResult] GetAll() on controller CatalogService.Api.Controllers.GenresController (CatalogService.Api).
2025-11-24 17:40:00.926 +02:00 [INF] Executed DbCommand (3ms) [Parameters=[], CommandType='"Text"', CommandTimeout='30']
SELECT b.id, b.authorid, b.genreid, b.title, a.id, a.name, g.id, g.name
FROM books AS b
INNER JOIN authors AS a ON b.authorid = a.id
INNER JOIN genres AS g ON b.genreid = g.id
2025-11-24 17:40:00.926 +02:00 [INF] Executed DbCommand (1ms) [Parameters=[], CommandType='"Text"', CommandTimeout='30']
SELECT a.id, a.name
FROM authors AS a
2025-11-24 17:40:00.930 +02:00 [INF] Executed DbCommand (1ms) [Parameters=[], CommandType='"Text"', CommandTimeout='30']
SELECT g.id, g.name
FROM genres AS g
2025-11-24 17:40:00.933 +02:00 [INF] Executing OkObjectResult, writing value of type 'System.Collections.Generic.List`1[[CatalogService.Bll.Dtos.BookDto, CatalogService.Bll, Version=1.0.0.0, Culture=neutral, PublicKeyToken=null]]'.
2025-11-24 17:40:00.936 +02:00 [INF] Executing OkObjectResult, writing value of type 'System.Collections.Generic.List`1[[CatalogService.Bll.Dtos.AuthorDto, CatalogService.Bll, Version=1.0.0.0, Culture=neutral, PublicKeyToken=null]]'.
2025-11-24 17:40:00.939 +02:00 [INF] Executing OkObjectResult, writing value of type 'System.Collections.Generic.List`1[[CatalogService.Bll.Dtos.GenreDto, CatalogService.Bll, Version=1.0.0.0, Culture=neutral, PublicKeyToken=null]]'.
2025-11-24 17:40:00.941 +02:00 [INF] Executed action CatalogService.Api.Controllers.BooksController.GetAll (CatalogService.Api) in 19.7403ms
2025-11-24 17:40:00.943 +02:00 [INF] Executed action CatalogService.Api.Controllers.AuthorsController.GetAll (CatalogService.Api) in 18.9079ms
2025-11-24 17:40:00.946 +02:00 [INF] Executed action CatalogService.Api.Controllers.GenresController.GetAll (CatalogService.Api) in 17.9194ms
2025-11-24 17:40:00.948 +02:00 [INF] Executed endpoint 'CatalogService.Api.Controllers.BooksController.GetAll (CatalogService.Api)'
2025-11-24 17:40:00.951 +02:00 [INF] Executed endpoint 'CatalogService.Api.Controllers.AuthorsController.GetAll (CatalogService.Api)'
2025-11-24 17:40:00.954 +02:00 [INF] Executed endpoint 'CatalogService.Api.Controllers.GenresController.GetAll (CatalogService.Api)'
2025-11-24 17:40:00.956 +02:00 [INF] Request finished HTTP/1.1 GET http://localhost:5180/api/books - 200 null application/json; charset=utf-8 54.5338ms
2025-11-24 17:40:00.959 +02:00 [INF] Request finished HTTP/1.1 GET http://localhost:5180/api/authors - 200 null application/json; charset=utf-8 57.0384ms
2025-11-24 17:40:00.961 +02:00 [INF] Request finished HTTP/1.1 GET http://localhost:5180/api/genres - 200 null application/json; charset=utf-8 59.6184ms
2025-11-24 17:40:02.922 +02:00 [INF] Request starting HTTP/1.1 GET http://localhost:5180/api/books - null null
2025-11-24 17:40:02.923 +02:00 [INF] Request starting HTTP/1.1 GET http://localhost:5180/api/authors - null null
2025-11-24 17:40:02.923 +02:00 [INF] Request starting HTTP/1.1 GET http://localhost:5180/api/genres - null null
2025-11-24 17:40:02.943 +02:00 [INF] Executing endpoint 'CatalogService.Api.Controllers.BooksController.GetAll (CatalogService.Api)'
2025-11-24 17:40:02.962 +02:00 [INF] Executing endpoint 'CatalogService.Api.Controllers.AuthorsController.GetAll (CatalogService.Api)'
2025-11-24 17:40:02.972 +02:00 [INF] Executing endpoint 'CatalogService.Api.Controllers.GenresController.GetAll (CatalogService.Api)'
2025-11-24 17:40:02.974 +02:00 [INF] Route matched with {action = "GetAll", controller = "Books"}. Executing controller action with signature System.Threading.Tasks.Task`1[Microsoft.AspNetCore.Mvc.IActionResult] GetAll() on controller CatalogService.Api.Controllers.BooksController (CatalogService.Api).
2025-11-24 17:40:02.977 +02:00 [INF] Route matched with {action = "GetAll", controller = "Authors"}. Executing controller action with signature System.Threading.Tasks.Task`1[Microsoft.AspNetCore.Mvc.IActionResult] GetAll() on controller CatalogService.Api.Controllers.AuthorsController (CatalogService.Api).
2025-11-24 17:40:02.980 +02:00 [INF] Route matched with {action = "GetAll", controller = "Genres"}. Executing controller action with signature System.Threading.Tasks.Task`1[Microsoft.AspNetCore.Mvc.IActionResult] GetAll() on controller CatalogService.Api.Controllers.GenresController (CatalogService.Api).
2025-11-24 17:40:02.987 +02:00 [INF] Executed DbCommand (2ms) [Parameters=[], CommandType='"Text"', CommandTimeout='30']
SELECT b.id, b.authorid, b.genreid, b.title, a.id, a.name, g.id, g.name
FROM books AS b
INNER JOIN authors AS a ON b.authorid = a.id
INNER JOIN genres AS g ON b.genreid = g.id
2025-11-24 17:40:02.990 +02:00 [INF] Executed DbCommand (1ms) [Parameters=[], CommandType='"Text"', CommandTimeout='30']
SELECT a.id, a.name
FROM authors AS a
2025-11-24 17:40:02.994 +02:00 [INF] Executed DbCommand (1ms) [Parameters=[], CommandType='"Text"', CommandTimeout='30']
SELECT g.id, g.name
FROM genres AS g
2025-11-24 17:40:02.997 +02:00 [INF] Executing OkObjectResult, writing value of type 'System.Collections.Generic.List`1[[CatalogService.Bll.Dtos.BookDto, CatalogService.Bll, Version=1.0.0.0, Culture=neutral, PublicKeyToken=null]]'.
2025-11-24 17:40:03.001 +02:00 [INF] Executing OkObjectResult, writing value of type 'System.Collections.Generic.List`1[[CatalogService.Bll.Dtos.AuthorDto, CatalogService.Bll, Version=1.0.0.0, Culture=neutral, PublicKeyToken=null]]'.
2025-11-24 17:40:03.006 +02:00 [INF] Executing OkObjectResult, writing value of type 'System.Collections.Generic.List`1[[CatalogService.Bll.Dtos.GenreDto, CatalogService.Bll, Version=1.0.0.0, Culture=neutral, PublicKeyToken=null]]'.
2025-11-24 17:40:03.009 +02:00 [INF] Executed action CatalogService.Api.Controllers.BooksController.GetAll (CatalogService.Api) in 25.4818ms
2025-11-24 17:40:03.012 +02:00 [INF] Executed action CatalogService.Api.Controllers.AuthorsController.GetAll (CatalogService.Api) in 23.7863ms
2025-11-24 17:40:03.015 +02:00 [INF] Executed action CatalogService.Api.Controllers.GenresController.GetAll (CatalogService.Api) in 22.904ms
2025-11-24 17:40:03.018 +02:00 [INF] Executed endpoint 'CatalogService.Api.Controllers.BooksController.GetAll (CatalogService.Api)'
2025-11-24 17:40:03.020 +02:00 [INF] Executed endpoint 'CatalogService.Api.Controllers.AuthorsController.GetAll (CatalogService.Api)'
2025-11-24 17:40:03.023 +02:00 [INF] Executed endpoint 'CatalogService.Api.Controllers.GenresController.GetAll (CatalogService.Api)'
2025-11-24 17:40:03.024 +02:00 [INF] Request finished HTTP/1.1 GET http://localhost:5180/api/books - 200 null application/json; charset=utf-8 102.0901ms
2025-11-24 17:40:03.026 +02:00 [INF] Request finished HTTP/1.1 GET http://localhost:5180/api/authors - 200 null application/json; charset=utf-8 103.2164ms
2025-11-24 17:40:03.028 +02:00 [INF] Request finished HTTP/1.1 GET http://localhost:5180/api/genres - 200 null application/json; charset=utf-8 104.3466ms
2025-11-24 19:10:49.635 +02:00 [INF] Now listening on: http://localhost:5180
2025-11-24 19:10:49.718 +02:00 [INF] Application started. Press Ctrl+C to shut down.
2025-11-24 19:10:49.721 +02:00 [INF] Hosting environment: Development
2025-11-24 19:10:49.722 +02:00 [INF] Content root path: C:\Users\Admin\Documents\projects\LibrarySystem\CatalogService\CatalogService.Api
2025-11-24 19:11:47.796 +02:00 [INF] Now listening on: http://localhost:5180
2025-11-24 19:11:47.883 +02:00 [INF] Application started. Press Ctrl+C to shut down.
2025-11-24 19:11:47.885 +02:00 [INF] Hosting environment: Development
2025-11-24 19:11:47.887 +02:00 [INF] Content root path: C:\Users\Admin\Documents\projects\LibrarySystem\CatalogService\CatalogService.Api
2025-11-24 19:11:54.999 +02:00 [INF] Request starting HTTP/1.1 GET http://localhost:5180/api/authors - null null
2025-11-24 19:11:54.999 +02:00 [INF] Request starting HTTP/1.1 GET http://localhost:5180/api/books - null null
2025-11-24 19:11:54.999 +02:00 [INF] Request starting HTTP/1.1 GET http://localhost:5180/api/genres - null null
2025-11-24 19:11:55.069 +02:00 [INF] Executing endpoint 'CatalogService.Api.Controllers.GenresController.GetAll (CatalogService.Api)'
2025-11-24 19:11:55.069 +02:00 [INF] Executing endpoint 'CatalogService.Api.Controllers.BooksController.GetAll (CatalogService.Api)'
2025-11-24 19:11:55.069 +02:00 [INF] Executing endpoint 'CatalogService.Api.Controllers.AuthorsController.GetAll (CatalogService.Api)'
2025-11-24 19:11:55.098 +02:00 [INF] Route matched with {action = "GetAll", controller = "Genres"}. Executing controller action with signature System.Threading.Tasks.Task`1[Microsoft.AspNetCore.Mvc.IActionResult] GetAll() on controller CatalogService.Api.Controllers.GenresController (CatalogService.Api).
2025-11-24 19:11:55.098 +02:00 [INF] Route matched with {action = "GetAll", controller = "Authors"}. Executing controller action with signature System.Threading.Tasks.Task`1[Microsoft.AspNetCore.Mvc.IActionResult] GetAll() on controller CatalogService.Api.Controllers.AuthorsController (CatalogService.Api).
2025-11-24 19:11:55.098 +02:00 [INF] Route matched with {action = "GetAll", controller = "Books"}. Executing controller action with signature System.Threading.Tasks.Task`1[Microsoft.AspNetCore.Mvc.IActionResult] GetAll() on controller CatalogService.Api.Controllers.BooksController (CatalogService.Api).
2025-11-24 19:11:56.895 +02:00 [INF] Executed DbCommand (29ms) [Parameters=[], CommandType='"Text"', CommandTimeout='30']
SELECT a.id, a.name
FROM authors AS a
2025-11-24 19:11:56.895 +02:00 [INF] Executed DbCommand (29ms) [Parameters=[], CommandType='"Text"', CommandTimeout='30']
SELECT g.id, g.name
FROM genres AS g
2025-11-24 19:11:56.895 +02:00 [INF] Executed DbCommand (29ms) [Parameters=[], CommandType='"Text"', CommandTimeout='30']
SELECT b.id, b.authorid, b.genreid, b.title, a.id, a.name, g.id, g.name
FROM books AS b
INNER JOIN authors AS a ON b.authorid = a.id
INNER JOIN genres AS g ON b.genreid = g.id
2025-11-24 19:11:57.058 +02:00 [INF] Executing OkObjectResult, writing value of type 'System.Collections.Generic.List`1[[CatalogService.Bll.Dtos.BookDto, CatalogService.Bll, Version=1.0.0.0, Culture=neutral, PublicKeyToken=null]]'.
2025-11-24 19:11:57.058 +02:00 [INF] Executing OkObjectResult, writing value of type 'System.Collections.Generic.List`1[[CatalogService.Bll.Dtos.GenreDto, CatalogService.Bll, Version=1.0.0.0, Culture=neutral, PublicKeyToken=null]]'.
2025-11-24 19:11:57.058 +02:00 [INF] Executing OkObjectResult, writing value of type 'System.Collections.Generic.List`1[[CatalogService.Bll.Dtos.AuthorDto, CatalogService.Bll, Version=1.0.0.0, Culture=neutral, PublicKeyToken=null]]'.
2025-11-24 19:11:57.209 +02:00 [INF] Executed action CatalogService.Api.Controllers.AuthorsController.GetAll (CatalogService.Api) in 2097.4379ms
2025-11-24 19:11:57.210 +02:00 [INF] Executed action CatalogService.Api.Controllers.BooksController.GetAll (CatalogService.Api) in 2093.3535ms
2025-11-24 19:11:57.210 +02:00 [INF] Executed action CatalogService.Api.Controllers.GenresController.GetAll (CatalogService.Api) in 2100.3685ms
2025-11-24 19:11:57.223 +02:00 [INF] Request starting HTTP/1.1 GET http://localhost:5180/api/books - null null
2025-11-24 19:11:57.223 +02:00 [INF] Request starting HTTP/1.1 GET http://localhost:5180/api/genres - null null
2025-11-24 19:11:57.223 +02:00 [INF] Request starting HTTP/1.1 GET http://localhost:5180/api/authors - null null
2025-11-24 19:11:57.234 +02:00 [INF] Executed endpoint 'CatalogService.Api.Controllers.AuthorsController.GetAll (CatalogService.Api)'
2025-11-24 19:11:57.235 +02:00 [INF] Executed endpoint 'CatalogService.Api.Controllers.BooksController.GetAll (CatalogService.Api)'
2025-11-24 19:11:57.238 +02:00 [INF] Executed endpoint 'CatalogService.Api.Controllers.GenresController.GetAll (CatalogService.Api)'
2025-11-24 19:11:57.250 +02:00 [INF] Executing endpoint 'CatalogService.Api.Controllers.GenresController.GetAll (CatalogService.Api)'
2025-11-24 19:11:57.250 +02:00 [INF] Executing endpoint 'CatalogService.Api.Controllers.BooksController.GetAll (CatalogService.Api)'
2025-11-24 19:11:57.256 +02:00 [INF] Executing endpoint 'CatalogService.Api.Controllers.AuthorsController.GetAll (CatalogService.Api)'
2025-11-24 19:11:57.275 +02:00 [INF] Request finished HTTP/1.1 GET http://localhost:5180/api/authors - 200 null application/json; charset=utf-8 2279.3123ms
2025-11-24 19:11:57.275 +02:00 [INF] Request finished HTTP/1.1 GET http://localhost:5180/api/books - 200 null application/json; charset=utf-8 2280.1342ms
2025-11-24 19:11:57.275 +02:00 [INF] Request finished HTTP/1.1 GET http://localhost:5180/api/genres - 200 null application/json; charset=utf-8 2280.1477ms
2025-11-24 19:11:57.280 +02:00 [INF] Route matched with {action = "GetAll", controller = "Genres"}. Executing controller action with signature System.Threading.Tasks.Task`1[Microsoft.AspNetCore.Mvc.IActionResult] GetAll() on controller CatalogService.Api.Controllers.GenresController (CatalogService.Api).
2025-11-24 19:11:57.285 +02:00 [INF] Route matched with {action = "GetAll", controller = "Books"}. Executing controller action with signature System.Threading.Tasks.Task`1[Microsoft.AspNetCore.Mvc.IActionResult] GetAll() on controller CatalogService.Api.Controllers.BooksController (CatalogService.Api).
2025-11-24 19:11:57.286 +02:00 [INF] Route matched with {action = "GetAll", controller = "Authors"}. Executing controller action with signature System.Threading.Tasks.Task`1[Microsoft.AspNetCore.Mvc.IActionResult] GetAll() on controller CatalogService.Api.Controllers.AuthorsController (CatalogService.Api).
2025-11-24 19:11:57.451 +02:00 [INF] Executed DbCommand (4ms) [Parameters=[], CommandType='"Text"', CommandTimeout='30']
SELECT b.id, b.authorid, b.genreid, b.title, a.id, a.name, g.id, g.name
FROM books AS b
INNER JOIN authors AS a ON b.authorid = a.id
INNER JOIN genres AS g ON b.genreid = g.id
2025-11-24 19:11:57.451 +02:00 [INF] Executed DbCommand (6ms) [Parameters=[], CommandType='"Text"', CommandTimeout='30']
SELECT a.id, a.name
FROM authors AS a
2025-11-24 19:11:57.451 +02:00 [INF] Executed DbCommand (6ms) [Parameters=[], CommandType='"Text"', CommandTimeout='30']
SELECT g.id, g.name
FROM genres AS g
2025-11-24 19:11:57.457 +02:00 [INF] Executing OkObjectResult, writing value of type 'System.Collections.Generic.List`1[[CatalogService.Bll.Dtos.BookDto, CatalogService.Bll, Version=1.0.0.0, Culture=neutral, PublicKeyToken=null]]'.
2025-11-24 19:11:57.461 +02:00 [INF] Executing OkObjectResult, writing value of type 'System.Collections.Generic.List`1[[CatalogService.Bll.Dtos.AuthorDto, CatalogService.Bll, Version=1.0.0.0, Culture=neutral, PublicKeyToken=null]]'.
2025-11-24 19:11:57.465 +02:00 [INF] Executing OkObjectResult, writing value of type 'System.Collections.Generic.List`1[[CatalogService.Bll.Dtos.GenreDto, CatalogService.Bll, Version=1.0.0.0, Culture=neutral, PublicKeyToken=null]]'.
2025-11-24 19:11:57.468 +02:00 [INF] Executed action CatalogService.Api.Controllers.BooksController.GetAll (CatalogService.Api) in 156.6438ms
2025-11-24 19:11:57.471 +02:00 [INF] Executed action CatalogService.Api.Controllers.AuthorsController.GetAll (CatalogService.Api) in 152.1687ms
2025-11-24 19:11:57.475 +02:00 [INF] Executed action CatalogService.Api.Controllers.GenresController.GetAll (CatalogService.Api) in 167.8147ms
2025-11-24 19:11:57.477 +02:00 [INF] Executed endpoint 'CatalogService.Api.Controllers.BooksController.GetAll (CatalogService.Api)'
2025-11-24 19:11:57.480 +02:00 [INF] Executed endpoint 'CatalogService.Api.Controllers.AuthorsController.GetAll (CatalogService.Api)'
2025-11-24 19:11:57.482 +02:00 [INF] Executed endpoint 'CatalogService.Api.Controllers.GenresController.GetAll (CatalogService.Api)'
2025-11-24 19:11:57.484 +02:00 [INF] Request finished HTTP/1.1 GET http://localhost:5180/api/books - 200 null application/json; charset=utf-8 261.3973ms
2025-11-24 19:11:57.486 +02:00 [INF] Request finished HTTP/1.1 GET http://localhost:5180/api/authors - 200 null application/json; charset=utf-8 262.9308ms
2025-11-24 19:11:57.489 +02:00 [INF] Request finished HTTP/1.1 GET http://localhost:5180/api/genres - 200 null application/json; charset=utf-8 265.4873ms
2025-11-24 19:17:41.393 +02:00 [INF] Now listening on: http://localhost:5180
2025-11-24 19:17:41.467 +02:00 [INF] Application started. Press Ctrl+C to shut down.
2025-11-24 19:17:41.469 +02:00 [INF] Hosting environment: Development
2025-11-24 19:17:41.471 +02:00 [INF] Content root path: C:\Users\Admin\Documents\projects\LibrarySystem\CatalogService\CatalogService.Api
2025-11-24 19:17:47.758 +02:00 [INF] Request starting HTTP/1.1 GET http://localhost:5180/api/authors - null null
2025-11-24 19:17:47.758 +02:00 [INF] Request starting HTTP/1.1 GET http://localhost:5180/api/genres - null null
2025-11-24 19:17:47.758 +02:00 [INF] Request starting HTTP/1.1 GET http://localhost:5180/api/books - null null
2025-11-24 19:17:47.826 +02:00 [INF] Executing endpoint 'CatalogService.Api.Controllers.AuthorsController.GetAll (CatalogService.Api)'
2025-11-24 19:17:47.826 +02:00 [INF] Executing endpoint 'CatalogService.Api.Controllers.BooksController.GetAll (CatalogService.Api)'
2025-11-24 19:17:47.826 +02:00 [INF] Executing endpoint 'CatalogService.Api.Controllers.GenresController.GetAll (CatalogService.Api)'
2025-11-24 19:17:47.855 +02:00 [INF] Route matched with {action = "GetAll", controller = "Genres"}. Executing controller action with signature System.Threading.Tasks.Task`1[Microsoft.AspNetCore.Mvc.IActionResult] GetAll() on controller CatalogService.Api.Controllers.GenresController (CatalogService.Api).
2025-11-24 19:17:47.855 +02:00 [INF] Route matched with {action = "GetAll", controller = "Authors"}. Executing controller action with signature System.Threading.Tasks.Task`1[Microsoft.AspNetCore.Mvc.IActionResult] GetAll() on controller CatalogService.Api.Controllers.AuthorsController (CatalogService.Api).
2025-11-24 19:17:47.855 +02:00 [INF] Route matched with {action = "GetAll", controller = "Books"}. Executing controller action with signature System.Threading.Tasks.Task`1[Microsoft.AspNetCore.Mvc.IActionResult] GetAll() on controller CatalogService.Api.Controllers.BooksController (CatalogService.Api).
2025-11-24 19:17:49.542 +02:00 [INF] Executed DbCommand (23ms) [Parameters=[], CommandType='"Text"', CommandTimeout='30']
SELECT b.id, b.authorid, b.genreid, b.title, a.id, a.name, g.id, g.name
FROM books AS b
INNER JOIN authors AS a ON b.authorid = a.id
INNER JOIN genres AS g ON b.genreid = g.id
2025-11-24 19:17:49.542 +02:00 [INF] Executed DbCommand (23ms) [Parameters=[], CommandType='"Text"', CommandTimeout='30']
SELECT a.id, a.name
FROM authors AS a
2025-11-24 19:17:49.542 +02:00 [INF] Executed DbCommand (23ms) [Parameters=[], CommandType='"Text"', CommandTimeout='30']
SELECT g.id, g.name
FROM genres AS g
2025-11-24 19:17:49.695 +02:00 [INF] Executing OkObjectResult, writing value of type 'System.Collections.Generic.List`1[[CatalogService.Bll.Dtos.AuthorDto, CatalogService.Bll, Version=1.0.0.0, Culture=neutral, PublicKeyToken=null]]'.
2025-11-24 19:17:49.695 +02:00 [INF] Executing OkObjectResult, writing value of type 'System.Collections.Generic.List`1[[CatalogService.Bll.Dtos.GenreDto, CatalogService.Bll, Version=1.0.0.0, Culture=neutral, PublicKeyToken=null]]'.
2025-11-24 19:17:49.696 +02:00 [INF] Executing OkObjectResult, writing value of type 'System.Collections.Generic.List`1[[CatalogService.Bll.Dtos.BookDto, CatalogService.Bll, Version=1.0.0.0, Culture=neutral, PublicKeyToken=null]]'.
2025-11-24 19:17:49.736 +02:00 [INF] Executed action CatalogService.Api.Controllers.BooksController.GetAll (CatalogService.Api) in 1859.7644ms
2025-11-24 19:17:49.736 +02:00 [INF] Executed action CatalogService.Api.Controllers.GenresController.GetAll (CatalogService.Api) in 1870.1431ms
2025-11-24 19:17:49.736 +02:00 [INF] Executed action CatalogService.Api.Controllers.AuthorsController.GetAll (CatalogService.Api) in 1864.4701ms
2025-11-24 19:17:49.741 +02:00 [INF] Request starting HTTP/1.1 GET http://localhost:5180/api/genres - null null
2025-11-24 19:17:49.742 +02:00 [INF] Request starting HTTP/1.1 GET http://localhost:5180/api/authors - null null
2025-11-24 19:17:49.742 +02:00 [INF] Request starting HTTP/1.1 GET http://localhost:5180/api/books - null null
2025-11-24 19:17:49.746 +02:00 [INF] Executed endpoint 'CatalogService.Api.Controllers.BooksController.GetAll (CatalogService.Api)'
2025-11-24 19:17:49.750 +02:00 [INF] Executed endpoint 'CatalogService.Api.Controllers.GenresController.GetAll (CatalogService.Api)'
2025-11-24 19:17:49.753 +02:00 [INF] Executed endpoint 'CatalogService.Api.Controllers.AuthorsController.GetAll (CatalogService.Api)'
2025-11-24 19:17:49.764 +02:00 [INF] Executing endpoint 'CatalogService.Api.Controllers.GenresController.GetAll (CatalogService.Api)'
2025-11-24 19:17:49.768 +02:00 [INF] Executing endpoint 'CatalogService.Api.Controllers.AuthorsController.GetAll (CatalogService.Api)'
2025-11-24 19:17:49.775 +02:00 [INF] Executing endpoint 'CatalogService.Api.Controllers.BooksController.GetAll (CatalogService.Api)'
2025-11-24 19:17:49.787 +02:00 [INF] Route matched with {action = "GetAll", controller = "Genres"}. Executing controller action with signature System.Threading.Tasks.Task`1[Microsoft.AspNetCore.Mvc.IActionResult] GetAll() on controller CatalogService.Api.Controllers.GenresController (CatalogService.Api).
2025-11-24 19:17:49.789 +02:00 [INF] Route matched with {action = "GetAll", controller = "Authors"}. Executing controller action with signature System.Threading.Tasks.Task`1[Microsoft.AspNetCore.Mvc.IActionResult] GetAll() on controller CatalogService.Api.Controllers.AuthorsController (CatalogService.Api).
2025-11-24 19:17:49.791 +02:00 [INF] Route matched with {action = "GetAll", controller = "Books"}. Executing controller action with signature System.Threading.Tasks.Task`1[Microsoft.AspNetCore.Mvc.IActionResult] GetAll() on controller CatalogService.Api.Controllers.BooksController (CatalogService.Api).
2025-11-24 19:17:49.791 +02:00 [INF] Request finished HTTP/1.1 GET http://localhost:5180/api/genres - 200 null application/json; charset=utf-8 2035.6814ms
2025-11-24 19:17:49.791 +02:00 [INF] Request finished HTTP/1.1 GET http://localhost:5180/api/authors - 200 null application/json; charset=utf-8 2035.6837ms
2025-11-24 19:17:49.791 +02:00 [INF] Request finished HTTP/1.1 GET http://localhost:5180/api/books - 200 null application/json; charset=utf-8 2035.6206ms
2025-11-24 19:17:49.883 +02:00 [INF] Executed DbCommand (5ms) [Parameters=[], CommandType='"Text"', CommandTimeout='30']
SELECT a.id, a.name
FROM authors AS a
2025-11-24 19:17:49.883 +02:00 [INF] Executed DbCommand (3ms) [Parameters=[], CommandType='"Text"', CommandTimeout='30']
SELECT b.id, b.authorid, b.genreid, b.title, a.id, a.name, g.id, g.name
FROM books AS b
INNER JOIN authors AS a ON b.authorid = a.id
INNER JOIN genres AS g ON b.genreid = g.id
2025-11-24 19:17:49.883 +02:00 [INF] Executed DbCommand (5ms) [Parameters=[], CommandType='"Text"', CommandTimeout='30']
SELECT g.id, g.name
FROM genres AS g
2025-11-24 19:17:49.891 +02:00 [INF] Executing OkObjectResult, writing value of type 'System.Collections.Generic.List`1[[CatalogService.Bll.Dtos.AuthorDto, CatalogService.Bll, Version=1.0.0.0, Culture=neutral, PublicKeyToken=null]]'.
2025-11-24 19:17:49.897 +02:00 [INF] Executing OkObjectResult, writing value of type 'System.Collections.Generic.List`1[[CatalogService.Bll.Dtos.BookDto, CatalogService.Bll, Version=1.0.0.0, Culture=neutral, PublicKeyToken=null]]'.
2025-11-24 19:17:49.903 +02:00 [INF] Executing OkObjectResult, writing value of type 'System.Collections.Generic.List`1[[CatalogService.Bll.Dtos.GenreDto, CatalogService.Bll, Version=1.0.0.0, Culture=neutral, PublicKeyToken=null]]'.
2025-11-24 19:17:49.906 +02:00 [INF] Executed action CatalogService.Api.Controllers.AuthorsController.GetAll (CatalogService.Api) in 107.0788ms
2025-11-24 19:17:49.910 +02:00 [INF] Executed action CatalogService.Api.Controllers.BooksController.GetAll (CatalogService.Api) in 106.4924ms
2025-11-24 19:17:49.914 +02:00 [INF] Executed action CatalogService.Api.Controllers.GenresController.GetAll (CatalogService.Api) in 118.5512ms
2025-11-24 19:17:49.916 +02:00 [INF] Executed endpoint 'CatalogService.Api.Controllers.AuthorsController.GetAll (CatalogService.Api)'
2025-11-24 19:17:49.920 +02:00 [INF] Executed endpoint 'CatalogService.Api.Controllers.BooksController.GetAll (CatalogService.Api)'
2025-11-24 19:17:49.924 +02:00 [INF] Executed endpoint 'CatalogService.Api.Controllers.GenresController.GetAll (CatalogService.Api)'
2025-11-24 19:17:49.927 +02:00 [INF] Request finished HTTP/1.1 GET http://localhost:5180/api/authors - 200 null application/json; charset=utf-8 184.9928ms
2025-11-24 19:17:49.930 +02:00 [INF] Request finished HTTP/1.1 GET http://localhost:5180/api/books - 200 null application/json; charset=utf-8 187.9034ms
2025-11-24 19:17:49.933 +02:00 [INF] Request finished HTTP/1.1 GET http://localhost:5180/api/genres - 200 null application/json; charset=utf-8 192.2313ms
2025-11-24 19:17:54.291 +02:00 [INF] Request starting HTTP/1.1 GET http://localhost:5180/api/books/2 - null null
2025-11-24 19:17:54.297 +02:00 [INF] Executing endpoint 'CatalogService.Api.Controllers.BooksController.GetById (CatalogService.Api)'
2025-11-24 19:17:54.309 +02:00 [INF] Route matched with {action = "GetById", controller = "Books"}. Executing controller action with signature System.Threading.Tasks.Task`1[Microsoft.AspNetCore.Mvc.IActionResult] GetById(Int32) on controller CatalogService.Api.Controllers.BooksController (CatalogService.Api).
2025-11-24 19:17:54.388 +02:00 [INF] Executed DbCommand (8ms) [Parameters=[@__id_0='?' (DbType = Int32)], CommandType='"Text"', CommandTimeout='30']
SELECT b.id, b.authorid, b.genreid, b.title, a.id, a.name, g.id, g.name
FROM books AS b
INNER JOIN authors AS a ON b.authorid = a.id
INNER JOIN genres AS g ON b.genreid = g.id
WHERE b.id = @__id_0
LIMIT 1
2025-11-24 19:17:54.395 +02:00 [INF] Executing OkObjectResult, writing value of type 'CatalogService.Bll.Dtos.BookDto'.
2025-11-24 19:17:54.397 +02:00 [INF] Executed action CatalogService.Api.Controllers.BooksController.GetById (CatalogService.Api) in 83.9246ms
2025-11-24 19:17:54.399 +02:00 [INF] Executed endpoint 'CatalogService.Api.Controllers.BooksController.GetById (CatalogService.Api)'
2025-11-24 19:17:54.401 +02:00 [INF] Request finished HTTP/1.1 GET http://localhost:5180/api/books/2 - 200 null application/json; charset=utf-8 110.1348ms
2025-11-24 19:18:13.816 +02:00 [INF] Request starting HTTP/1.1 GET http://localhost:5180/api/books/1 - null null
2025-11-24 19:18:13.824 +02:00 [INF] Executing endpoint 'CatalogService.Api.Controllers.BooksController.GetById (CatalogService.Api)'
2025-11-24 19:18:13.828 +02:00 [INF] Route matched with {action = "GetById", controller = "Books"}. Executing controller action with signature System.Threading.Tasks.Task`1[Microsoft.AspNetCore.Mvc.IActionResult] GetById(Int32) on controller CatalogService.Api.Controllers.BooksController (CatalogService.Api).
2025-11-24 19:18:13.839 +02:00 [INF] Executed DbCommand (2ms) [Parameters=[@__id_0='?' (DbType = Int32)], CommandType='"Text"', CommandTimeout='30']
SELECT b.id, b.authorid, b.genreid, b.title, a.id, a.name, g.id, g.name
FROM books AS b
INNER JOIN authors AS a ON b.authorid = a.id
INNER JOIN genres AS g ON b.genreid = g.id
WHERE b.id = @__id_0
LIMIT 1
2025-11-24 19:18:13.846 +02:00 [INF] Executing OkObjectResult, writing value of type 'CatalogService.Bll.Dtos.BookDto'.
2025-11-24 19:18:13.850 +02:00 [INF] Executed action CatalogService.Api.Controllers.BooksController.GetById (CatalogService.Api) in 16.9396ms
2025-11-24 19:18:13.854 +02:00 [INF] Executed endpoint 'CatalogService.Api.Controllers.BooksController.GetById (CatalogService.Api)'
2025-11-24 19:18:13.857 +02:00 [INF] Request finished HTTP/1.1 GET http://localhost:5180/api/books/1 - 200 null application/json; charset=utf-8 40.9366ms
2025-11-24 19:20:30.828 +02:00 [INF] Request starting HTTP/1.1 GET http://localhost:5180/api/books/1 - null null
2025-11-24 19:20:30.836 +02:00 [INF] Executing endpoint 'CatalogService.Api.Controllers.BooksController.GetById (CatalogService.Api)'
2025-11-24 19:20:30.839 +02:00 [INF] Route matched with {action = "GetById", controller = "Books"}. Executing controller action with signature System.Threading.Tasks.Task`1[Microsoft.AspNetCore.Mvc.IActionResult] GetById(Int32) on controller CatalogService.Api.Controllers.BooksController (CatalogService.Api).
2025-11-24 19:20:30.850 +02:00 [INF] Executed DbCommand (2ms) [Parameters=[@__id_0='?' (DbType = Int32)], CommandType='"Text"', CommandTimeout='30']
SELECT b.id, b.authorid, b.genreid, b.title, a.id, a.name, g.id, g.name
FROM books AS b
INNER JOIN authors AS a ON b.authorid = a.id
INNER JOIN genres AS g ON b.genreid = g.id
WHERE b.id = @__id_0
LIMIT 1
2025-11-24 19:20:30.857 +02:00 [INF] Executing OkObjectResult, writing value of type 'CatalogService.Bll.Dtos.BookDto'.
2025-11-24 19:20:30.861 +02:00 [INF] Executed action CatalogService.Api.Controllers.BooksController.GetById (CatalogService.Api) in 17.7163ms
2025-11-24 19:20:30.866 +02:00 [INF] Executed endpoint 'CatalogService.Api.Controllers.BooksController.GetById (CatalogService.Api)'
2025-11-24 19:20:30.870 +02:00 [INF] Request finished HTTP/1.1 GET http://localhost:5180/api/books/1 - 200 null application/json; charset=utf-8 41.5331ms
2025-11-24 19:20:37.476 +02:00 [INF] Request starting HTTP/1.1 GET http://localhost:5180/api/books/3 - null null
2025-11-24 19:20:37.484 +02:00 [INF] Executing endpoint 'CatalogService.Api.Controllers.BooksController.GetById (CatalogService.Api)'
2025-11-24 19:20:37.486 +02:00 [INF] Route matched with {action = "GetById", controller = "Books"}. Executing controller action with signature System.Threading.Tasks.Task`1[Microsoft.AspNetCore.Mvc.IActionResult] GetById(Int32) on controller CatalogService.Api.Controllers.BooksController (CatalogService.Api).
2025-11-24 19:20:37.495 +02:00 [INF] Executed DbCommand (2ms) [Parameters=[@__id_0='?' (DbType = Int32)], CommandType='"Text"', CommandTimeout='30']
SELECT b.id, b.authorid, b.genreid, b.title, a.id, a.name, g.id, g.name
FROM books AS b
INNER JOIN authors AS a ON b.authorid = a.id
INNER JOIN genres AS g ON b.genreid = g.id
WHERE b.id = @__id_0
LIMIT 1
2025-11-24 19:20:37.502 +02:00 [INF] Executing OkObjectResult, writing value of type 'CatalogService.Bll.Dtos.BookDto'.
2025-11-24 19:20:37.506 +02:00 [INF] Executed action CatalogService.Api.Controllers.BooksController.GetById (CatalogService.Api) in 14.1834ms
2025-11-24 19:20:37.510 +02:00 [INF] Executed endpoint 'CatalogService.Api.Controllers.BooksController.GetById (CatalogService.Api)'
2025-11-24 19:20:37.513 +02:00 [INF] Request finished HTTP/1.1 GET http://localhost:5180/api/books/3 - 200 null application/json; charset=utf-8 37.1805ms
2025-11-24 19:26:43.033 +02:00 [INF] Now listening on: http://localhost:5180
2025-11-24 19:26:43.112 +02:00 [INF] Application started. Press Ctrl+C to shut down.
2025-11-24 19:26:43.113 +02:00 [INF] Hosting environment: Development
2025-11-24 19:26:43.115 +02:00 [INF] Content root path: C:\Users\Admin\Documents\projects\LibrarySystem\CatalogService\CatalogService.Api
2025-11-24 19:26:49.714 +02:00 [INF] Request starting HTTP/1.1 GET http://localhost:5180/api/genres - null null
2025-11-24 19:26:49.714 +02:00 [INF] Request starting HTTP/1.1 GET http://localhost:5180/api/authors - null null
2025-11-24 19:26:49.714 +02:00 [INF] Request starting HTTP/1.1 GET http://localhost:5180/api/books - null null
2025-11-24 19:26:49.782 +02:00 [INF] Executing endpoint 'CatalogService.Api.Controllers.GenresController.GetAll (CatalogService.Api)'
2025-11-24 19:26:49.782 +02:00 [INF] Executing endpoint 'CatalogService.Api.Controllers.AuthorsController.GetAll (CatalogService.Api)'
2025-11-24 19:26:49.782 +02:00 [INF] Executing endpoint 'CatalogService.Api.Controllers.BooksController.GetAll (CatalogService.Api)'
2025-11-24 19:26:49.810 +02:00 [INF] Route matched with {action = "GetAll", controller = "Books"}. Executing controller action with signature System.Threading.Tasks.Task`1[Microsoft.AspNetCore.Mvc.IActionResult] GetAll() on controller CatalogService.Api.Controllers.BooksController (CatalogService.Api).
2025-11-24 19:26:49.810 +02:00 [INF] Route matched with {action = "GetAll", controller = "Genres"}. Executing controller action with signature System.Threading.Tasks.Task`1[Microsoft.AspNetCore.Mvc.IActionResult] GetAll() on controller CatalogService.Api.Controllers.GenresController (CatalogService.Api).
2025-11-24 19:26:49.810 +02:00 [INF] Route matched with {action = "GetAll", controller = "Authors"}. Executing controller action with signature System.Threading.Tasks.Task`1[Microsoft.AspNetCore.Mvc.IActionResult] GetAll() on controller CatalogService.Api.Controllers.AuthorsController (CatalogService.Api).
2025-11-24 19:26:51.510 +02:00 [INF] Executed DbCommand (21ms) [Parameters=[], CommandType='"Text"', CommandTimeout='30']
SELECT a.id, a.name
FROM authors AS a
2025-11-24 19:26:51.510 +02:00 [INF] Executed DbCommand (21ms) [Parameters=[], CommandType='"Text"', CommandTimeout='30']
SELECT g.id, g.name
FROM genres AS g
2025-11-24 19:26:51.510 +02:00 [INF] Executed DbCommand (21ms) [Parameters=[], CommandType='"Text"', CommandTimeout='30']
SELECT b.id, b.authorid, b.genreid, b.title, a.id, a.name, g.id, g.name
FROM books AS b
INNER JOIN authors AS a ON b.authorid = a.id
INNER JOIN genres AS g ON b.genreid = g.id
2025-11-24 19:26:51.620 +02:00 [INF] Executing OkObjectResult, writing value of type 'System.Collections.Generic.List`1[[CatalogService.Bll.Dtos.AuthorDto, CatalogService.Bll, Version=1.0.0.0, Culture=neutral, PublicKeyToken=null]]'.
2025-11-24 19:26:51.620 +02:00 [INF] Executing OkObjectResult, writing value of type 'System.Collections.Generic.List`1[[CatalogService.Bll.Dtos.BookDto, CatalogService.Bll, Version=1.0.0.0, Culture=neutral, PublicKeyToken=null]]'.
2025-11-24 19:26:51.620 +02:00 [INF] Executing OkObjectResult, writing value of type 'System.Collections.Generic.List`1[[CatalogService.Bll.Dtos.GenreDto, CatalogService.Bll, Version=1.0.0.0, Culture=neutral, PublicKeyToken=null]]'.
2025-11-24 19:26:51.677 +02:00 [INF] Executed action CatalogService.Api.Controllers.GenresController.GetAll (CatalogService.Api) in 1849.4629ms
2025-11-24 19:26:51.677 +02:00 [INF] Executed action CatalogService.Api.Controllers.AuthorsController.GetAll (CatalogService.Api) in 1845.0476ms
2025-11-24 19:26:51.678 +02:00 [INF] Executed action CatalogService.Api.Controllers.BooksController.GetAll (CatalogService.Api) in 1860.7439ms
2025-11-24 19:26:51.681 +02:00 [INF] Request starting HTTP/1.1 GET http://localhost:5180/api/authors - null null
2025-11-24 19:26:51.682 +02:00 [INF] Request starting HTTP/1.1 GET http://localhost:5180/api/genres - null null
2025-11-24 19:26:51.684 +02:00 [INF] Request starting HTTP/1.1 GET http://localhost:5180/api/books - null null
2025-11-24 19:26:51.688 +02:00 [INF] Executed endpoint 'CatalogService.Api.Controllers.GenresController.GetAll (CatalogService.Api)'
2025-11-24 19:26:51.690 +02:00 [INF] Executed endpoint 'CatalogService.Api.Controllers.AuthorsController.GetAll (CatalogService.Api)'
2025-11-24 19:26:51.693 +02:00 [INF] Executed endpoint 'CatalogService.Api.Controllers.BooksController.GetAll (CatalogService.Api)'
2025-11-24 19:26:51.701 +02:00 [INF] Executing endpoint 'CatalogService.Api.Controllers.AuthorsController.GetAll (CatalogService.Api)'
2025-11-24 19:26:51.703 +02:00 [INF] Executing endpoint 'CatalogService.Api.Controllers.GenresController.GetAll (CatalogService.Api)'
2025-11-24 19:26:51.708 +02:00 [INF] Executing endpoint 'CatalogService.Api.Controllers.BooksController.GetAll (CatalogService.Api)'
2025-11-24 19:26:51.723 +02:00 [INF] Route matched with {action = "GetAll", controller = "Authors"}. Executing controller action with signature System.Threading.Tasks.Task`1[Microsoft.AspNetCore.Mvc.IActionResult] GetAll() on controller CatalogService.Api.Controllers.AuthorsController (CatalogService.Api).
2025-11-24 19:26:51.725 +02:00 [INF] Route matched with {action = "GetAll", controller = "Genres"}. Executing controller action with signature System.Threading.Tasks.Task`1[Microsoft.AspNetCore.Mvc.IActionResult] GetAll() on controller CatalogService.Api.Controllers.GenresController (CatalogService.Api).
2025-11-24 19:26:51.725 +02:00 [INF] Request finished HTTP/1.1 GET http://localhost:5180/api/genres - 200 null application/json; charset=utf-8 2013.7546ms
2025-11-24 19:26:51.725 +02:00 [INF] Request finished HTTP/1.1 GET http://localhost:5180/api/books - 200 null application/json; charset=utf-8 2013.6951ms
2025-11-24 19:26:51.725 +02:00 [INF] Request finished HTTP/1.1 GET http://localhost:5180/api/authors - 200 null application/json; charset=utf-8 2013.7702ms
2025-11-24 19:26:51.727 +02:00 [INF] Route matched with {action = "GetAll", controller = "Books"}. Executing controller action with signature System.Threading.Tasks.Task`1[Microsoft.AspNetCore.Mvc.IActionResult] GetAll() on controller CatalogService.Api.Controllers.BooksController (CatalogService.Api).
2025-11-24 19:26:51.825 +02:00 [INF] Executed DbCommand (3ms) [Parameters=[], CommandType='"Text"', CommandTimeout='30']
SELECT b.id, b.authorid, b.genreid, b.title, a.id, a.name, g.id, g.name
FROM books AS b
INNER JOIN authors AS a ON b.authorid = a.id
INNER JOIN genres AS g ON b.genreid = g.id
2025-11-24 19:26:51.825 +02:00 [INF] Executed DbCommand (6ms) [Parameters=[], CommandType='"Text"', CommandTimeout='30']
SELECT g.id, g.name
FROM genres AS g
2025-11-24 19:26:51.825 +02:00 [INF] Executed DbCommand (5ms) [Parameters=[], CommandType='"Text"', CommandTimeout='30']
SELECT a.id, a.name
FROM authors AS a
2025-11-24 19:26:51.833 +02:00 [INF] Executing OkObjectResult, writing value of type 'System.Collections.Generic.List`1[[CatalogService.Bll.Dtos.BookDto, CatalogService.Bll, Version=1.0.0.0, Culture=neutral, PublicKeyToken=null]]'.
2025-11-24 19:26:51.836 +02:00 [INF] Executing OkObjectResult, writing value of type 'System.Collections.Generic.List`1[[CatalogService.Bll.Dtos.GenreDto, CatalogService.Bll, Version=1.0.0.0, Culture=neutral, PublicKeyToken=null]]'.
2025-11-24 19:26:51.841 +02:00 [INF] Executing OkObjectResult, writing value of type 'System.Collections.Generic.List`1[[CatalogService.Bll.Dtos.AuthorDto, CatalogService.Bll, Version=1.0.0.0, Culture=neutral, PublicKeyToken=null]]'.
2025-11-24 19:26:51.844 +02:00 [INF] Executed action CatalogService.Api.Controllers.BooksController.GetAll (CatalogService.Api) in 89.5413ms
2025-11-24 19:26:51.847 +02:00 [INF] Executed action CatalogService.Api.Controllers.GenresController.GetAll (CatalogService.Api) in 113.5433ms
2025-11-24 19:26:51.849 +02:00 [INF] Executed action CatalogService.Api.Controllers.AuthorsController.GetAll (CatalogService.Api) in 119.3859ms
2025-11-24 19:26:51.852 +02:00 [INF] Executed endpoint 'CatalogService.Api.Controllers.BooksController.GetAll (CatalogService.Api)'
2025-11-24 19:26:51.854 +02:00 [INF] Executed endpoint 'CatalogService.Api.Controllers.GenresController.GetAll (CatalogService.Api)'
2025-11-24 19:26:51.857 +02:00 [INF] Executed endpoint 'CatalogService.Api.Controllers.AuthorsController.GetAll (CatalogService.Api)'
2025-11-24 19:26:51.859 +02:00 [INF] Request finished HTTP/1.1 GET http://localhost:5180/api/books - 200 null application/json; charset=utf-8 174.4078ms
2025-11-24 19:26:51.861 +02:00 [INF] Request finished HTTP/1.1 GET http://localhost:5180/api/genres - 200 null application/json; charset=utf-8 179.4198ms
2025-11-24 19:26:51.863 +02:00 [INF] Request finished HTTP/1.1 GET http://localhost:5180/api/authors - 200 null application/json; charset=utf-8 181.7611ms
2025-11-24 19:26:56.912 +02:00 [INF] Request starting HTTP/1.1 GET http://localhost:5180/api/books/2 - null null
2025-11-24 19:26:56.920 +02:00 [INF] Executing endpoint 'CatalogService.Api.Controllers.BooksController.GetById (CatalogService.Api)'
2025-11-24 19:26:56.934 +02:00 [INF] Route matched with {action = "GetById", controller = "Books"}. Executing controller action with signature System.Threading.Tasks.Task`1[Microsoft.AspNetCore.Mvc.IActionResult] GetById(Int32) on controller CatalogService.Api.Controllers.BooksController (CatalogService.Api).
2025-11-24 19:26:57.026 +02:00 [INF] Executed DbCommand (8ms) [Parameters=[@__id_0='?' (DbType = Int32)], CommandType='"Text"', CommandTimeout='30']
SELECT b.id, b.authorid, b.genreid, b.title, a.id, a.name, g.id, g.name
FROM books AS b
INNER JOIN authors AS a ON b.authorid = a.id
INNER JOIN genres AS g ON b.genreid = g.id
WHERE b.id = @__id_0
LIMIT 1
2025-11-24 19:26:57.036 +02:00 [INF] Executing OkObjectResult, writing value of type 'CatalogService.Bll.Dtos.BookDto'.
2025-11-24 19:26:57.039 +02:00 [INF] Executed action CatalogService.Api.Controllers.BooksController.GetById (CatalogService.Api) in 100.5987ms
2025-11-24 19:26:57.042 +02:00 [INF] Executed endpoint 'CatalogService.Api.Controllers.BooksController.GetById (CatalogService.Api)'
2025-11-24 19:26:57.045 +02:00 [INF] Request finished HTTP/1.1 GET http://localhost:5180/api/books/2 - 200 null application/json; charset=utf-8 132.6492ms
2025-11-24 19:26:57.169 +02:00 [INF] Request starting HTTP/1.1 GET http://localhost:5180/api/books - null null
2025-11-24 19:26:57.170 +02:00 [INF] Request starting HTTP/1.1 GET http://localhost:5180/api/authors - null null
2025-11-24 19:26:57.170 +02:00 [INF] Request starting HTTP/1.1 GET http://localhost:5180/api/genres - null null
2025-11-24 19:26:57.174 +02:00 [INF] Executing endpoint 'CatalogService.Api.Controllers.BooksController.GetAll (CatalogService.Api)'
2025-11-24 19:26:57.179 +02:00 [INF] Executing endpoint 'CatalogService.Api.Controllers.AuthorsController.GetAll (CatalogService.Api)'
2025-11-24 19:26:57.184 +02:00 [INF] Executing endpoint 'CatalogService.Api.Controllers.GenresController.GetAll (CatalogService.Api)'
2025-11-24 19:26:57.187 +02:00 [INF] Route matched with {action = "GetAll", controller = "Books"}. Executing controller action with signature System.Threading.Tasks.Task`1[Microsoft.AspNetCore.Mvc.IActionResult] GetAll() on controller CatalogService.Api.Controllers.BooksController (CatalogService.Api).
2025-11-24 19:26:57.189 +02:00 [INF] Route matched with {action = "GetAll", controller = "Authors"}. Executing controller action with signature System.Threading.Tasks.Task`1[Microsoft.AspNetCore.Mvc.IActionResult] GetAll() on controller CatalogService.Api.Controllers.AuthorsController (CatalogService.Api).
2025-11-24 19:26:57.192 +02:00 [INF] Route matched with {action = "GetAll", controller = "Genres"}. Executing controller action with signature System.Threading.Tasks.Task`1[Microsoft.AspNetCore.Mvc.IActionResult] GetAll() on controller CatalogService.Api.Controllers.GenresController (CatalogService.Api).
2025-11-24 19:26:57.200 +02:00 [INF] Executed DbCommand (3ms) [Parameters=[], CommandType='"Text"', CommandTimeout='30']
SELECT b.id, b.authorid, b.genreid, b.title, a.id, a.name, g.id, g.name
FROM books AS b
INNER JOIN authors AS a ON b.authorid = a.id
INNER JOIN genres AS g ON b.genreid = g.id
2025-11-24 19:26:57.203 +02:00 [INF] Executed DbCommand (1ms) [Parameters=[], CommandType='"Text"', CommandTimeout='30']
SELECT a.id, a.name
FROM authors AS a
2025-11-24 19:26:57.207 +02:00 [INF] Executed DbCommand (1ms) [Parameters=[], CommandType='"Text"', CommandTimeout='30']
SELECT g.id, g.name
FROM genres AS g
2025-11-24 19:26:57.209 +02:00 [INF] Executing OkObjectResult, writing value of type 'System.Collections.Generic.List`1[[CatalogService.Bll.Dtos.BookDto, CatalogService.Bll, Version=1.0.0.0, Culture=neutral, PublicKeyToken=null]]'.
2025-11-24 19:26:57.213 +02:00 [INF] Executing OkObjectResult, writing value of type 'System.Collections.Generic.List`1[[CatalogService.Bll.Dtos.AuthorDto, CatalogService.Bll, Version=1.0.0.0, Culture=neutral, PublicKeyToken=null]]'.
2025-11-24 19:26:57.217 +02:00 [INF] Executing OkObjectResult, writing value of type 'System.Collections.Generic.List`1[[CatalogService.Bll.Dtos.GenreDto, CatalogService.Bll, Version=1.0.0.0, Culture=neutral, PublicKeyToken=null]]'.
2025-11-24 19:26:57.220 +02:00 [INF] Executed action CatalogService.Api.Controllers.BooksController.GetAll (CatalogService.Api) in 24.2281ms
2025-11-24 19:26:57.223 +02:00 [INF] Executed action CatalogService.Api.Controllers.AuthorsController.GetAll (CatalogService.Api) in 22.9831ms
2025-11-24 19:26:57.225 +02:00 [INF] Executed action CatalogService.Api.Controllers.GenresController.GetAll (CatalogService.Api) in 21.4916ms
2025-11-24 19:26:57.229 +02:00 [INF] Executed endpoint 'CatalogService.Api.Controllers.BooksController.GetAll (CatalogService.Api)'
2025-11-24 19:26:57.231 +02:00 [INF] Executed endpoint 'CatalogService.Api.Controllers.AuthorsController.GetAll (CatalogService.Api)'
2025-11-24 19:26:57.234 +02:00 [INF] Executed endpoint 'CatalogService.Api.Controllers.GenresController.GetAll (CatalogService.Api)'
2025-11-24 19:26:57.236 +02:00 [INF] Request finished HTTP/1.1 GET http://localhost:5180/api/books - 200 null application/json; charset=utf-8 67.0635ms
2025-11-24 19:26:57.239 +02:00 [INF] Request finished HTTP/1.1 GET http://localhost:5180/api/authors - 200 null application/json; charset=utf-8 69.3094ms
2025-11-24 19:26:57.241 +02:00 [INF] Request finished HTTP/1.1 GET http://localhost:5180/api/genres - 200 null application/json; charset=utf-8 71.2006ms
2025-11-24 21:35:48.284 +02:00 [INF] Request starting HTTP/1.1 GET http://localhost:5180/api/books - null null
2025-11-24 21:35:48.285 +02:00 [INF] Request starting HTTP/1.1 GET http://localhost:5180/api/authors - null null
2025-11-24 21:35:48.285 +02:00 [INF] Request starting HTTP/1.1 GET http://localhost:5180/api/genres - null null
2025-11-24 21:35:48.319 +02:00 [INF] Executing endpoint 'CatalogService.Api.Controllers.BooksController.GetAll (CatalogService.Api)'
2025-11-24 21:35:48.363 +02:00 [INF] Executing endpoint 'CatalogService.Api.Controllers.AuthorsController.GetAll (CatalogService.Api)'
2025-11-24 21:35:48.372 +02:00 [INF] Executing endpoint 'CatalogService.Api.Controllers.GenresController.GetAll (CatalogService.Api)'
2025-11-24 21:35:48.376 +02:00 [INF] Route matched with {action = "GetAll", controller = "Books"}. Executing controller action with signature System.Threading.Tasks.Task`1[Microsoft.AspNetCore.Mvc.IActionResult] GetAll() on controller CatalogService.Api.Controllers.BooksController (CatalogService.Api).
2025-11-24 21:35:48.380 +02:00 [INF] Route matched with {action = "GetAll", controller = "Authors"}. Executing controller action with signature System.Threading.Tasks.Task`1[Microsoft.AspNetCore.Mvc.IActionResult] GetAll() on controller CatalogService.Api.Controllers.AuthorsController (CatalogService.Api).
2025-11-24 21:35:48.384 +02:00 [INF] Route matched with {action = "GetAll", controller = "Genres"}. Executing controller action with signature System.Threading.Tasks.Task`1[Microsoft.AspNetCore.Mvc.IActionResult] GetAll() on controller CatalogService.Api.Controllers.GenresController (CatalogService.Api).
2025-11-24 21:35:48.506 +02:00 [INF] Executed DbCommand (4ms) [Parameters=[], CommandType='"Text"', CommandTimeout='30']
SELECT b.id, b.authorid, b.genreid, b.title, a.id, a.name, g.id, g.name
FROM books AS b
INNER JOIN authors AS a ON b.authorid = a.id
INNER JOIN genres AS g ON b.genreid = g.id
2025-11-24 21:35:48.522 +02:00 [INF] Executed DbCommand (2ms) [Parameters=[], CommandType='"Text"', CommandTimeout='30']
SELECT a.id, a.name
FROM authors AS a
2025-11-24 21:35:48.527 +02:00 [INF] Executing OkObjectResult, writing value of type 'System.Collections.Generic.List`1[[CatalogService.Bll.Dtos.BookDto, CatalogService.Bll, Version=1.0.0.0, Culture=neutral, PublicKeyToken=null]]'.
2025-11-24 21:35:48.532 +02:00 [INF] Executing OkObjectResult, writing value of type 'System.Collections.Generic.List`1[[CatalogService.Bll.Dtos.AuthorDto, CatalogService.Bll, Version=1.0.0.0, Culture=neutral, PublicKeyToken=null]]'.
2025-11-24 21:35:48.535 +02:00 [INF] Executed action CatalogService.Api.Controllers.BooksController.GetAll (CatalogService.Api) in 143.8717ms
2025-11-24 21:35:48.540 +02:00 [INF] Request starting HTTP/1.1 GET http://localhost:5180/api/books - null null
2025-11-24 21:35:48.542 +02:00 [INF] Executed action CatalogService.Api.Controllers.AuthorsController.GetAll (CatalogService.Api) in 109.7128ms
2025-11-24 21:35:48.544 +02:00 [INF] Executed endpoint 'CatalogService.Api.Controllers.BooksController.GetAll (CatalogService.Api)'
2025-11-24 21:35:48.548 +02:00 [INF] Request starting HTTP/1.1 GET http://localhost:5180/api/authors - null null
2025-11-24 21:35:48.549 +02:00 [INF] Executing endpoint 'CatalogService.Api.Controllers.BooksController.GetAll (CatalogService.Api)'
2025-11-24 21:35:48.551 +02:00 [INF] Executed endpoint 'CatalogService.Api.Controllers.AuthorsController.GetAll (CatalogService.Api)'
2025-11-24 21:35:48.554 +02:00 [INF] Request finished HTTP/1.1 GET http://localhost:5180/api/books - 200 null application/json; charset=utf-8 269.6791ms
2025-11-24 21:35:48.560 +02:00 [INF] Executing endpoint 'CatalogService.Api.Controllers.AuthorsController.GetAll (CatalogService.Api)'
2025-11-24 21:35:48.561 +02:00 [INF] Route matched with {action = "GetAll", controller = "Books"}. Executing controller action with signature System.Threading.Tasks.Task`1[Microsoft.AspNetCore.Mvc.IActionResult] GetAll() on controller CatalogService.Api.Controllers.BooksController (CatalogService.Api).
2025-11-24 21:35:48.563 +02:00 [INF] Request finished HTTP/1.1 GET http://localhost:5180/api/authors - 200 null application/json; charset=utf-8 278.1741ms
2025-11-24 21:35:48.571 +02:00 [INF] Executed DbCommand (2ms) [Parameters=[], CommandType='"Text"', CommandTimeout='30']
SELECT g.id, g.name
FROM genres AS g
2025-11-24 21:35:48.573 +02:00 [INF] Route matched with {action = "GetAll", controller = "Authors"}. Executing controller action with signature System.Threading.Tasks.Task`1[Microsoft.AspNetCore.Mvc.IActionResult] GetAll() on controller CatalogService.Api.Controllers.AuthorsController (CatalogService.Api).
2025-11-24 21:35:48.578 +02:00 [INF] Executed DbCommand (1ms) [Parameters=[], CommandType='"Text"', CommandTimeout='30']
SELECT b.id, b.authorid, b.genreid, b.title, a.id, a.name, g.id, g.name
FROM books AS b
INNER JOIN authors AS a ON b.authorid = a.id
INNER JOIN genres AS g ON b.genreid = g.id
2025-11-24 21:35:48.587 +02:00 [INF] Executing OkObjectResult, writing value of type 'System.Collections.Generic.List`1[[CatalogService.Bll.Dtos.GenreDto, CatalogService.Bll, Version=1.0.0.0, Culture=neutral, PublicKeyToken=null]]'.
2025-11-24 21:35:48.591 +02:00 [INF] Executed DbCommand (1ms) [Parameters=[], CommandType='"Text"', CommandTimeout='30']
SELECT a.id, a.name
FROM authors AS a
2025-11-24 21:35:48.593 +02:00 [INF] Executing OkObjectResult, writing value of type 'System.Collections.Generic.List`1[[CatalogService.Bll.Dtos.BookDto, CatalogService.Bll, Version=1.0.0.0, Culture=neutral, PublicKeyToken=null]]'.
2025-11-24 21:35:48.594 +02:00 [INF] Executed action CatalogService.Api.Controllers.GenresController.GetAll (CatalogService.Api) in 159.3372ms
2025-11-24 21:35:48.598 +02:00 [INF] Executing OkObjectResult, writing value of type 'System.Collections.Generic.List`1[[CatalogService.Bll.Dtos.AuthorDto, CatalogService.Bll, Version=1.0.0.0, Culture=neutral, PublicKeyToken=null]]'.
2025-11-24 21:35:48.599 +02:00 [INF] Request starting HTTP/1.1 GET http://localhost:5180/api/genres - null null
2025-11-24 21:35:48.602 +02:00 [INF] Executed action CatalogService.Api.Controllers.BooksController.GetAll (CatalogService.Api) in 26.3415ms
2025-11-24 21:35:48.607 +02:00 [INF] Executed endpoint 'CatalogService.Api.Controllers.GenresController.GetAll (CatalogService.Api)'
2025-11-24 21:35:48.609 +02:00 [INF] Executed action CatalogService.Api.Controllers.AuthorsController.GetAll (CatalogService.Api) in 19.9447ms
2025-11-24 21:35:48.613 +02:00 [INF] Executing endpoint 'CatalogService.Api.Controllers.GenresController.GetAll (CatalogService.Api)'
2025-11-24 21:35:48.615 +02:00 [INF] Executed endpoint 'CatalogService.Api.Controllers.BooksController.GetAll (CatalogService.Api)'
2025-11-24 21:35:48.626 +02:00 [INF] Request finished HTTP/1.1 GET http://localhost:5180/api/books - 200 null application/json; charset=utf-8 85.1839ms
2025-11-24 21:35:48.622 +02:00 [INF] Executed endpoint 'CatalogService.Api.Controllers.AuthorsController.GetAll (CatalogService.Api)'
2025-11-24 21:35:48.637 +02:00 [INF] Request finished HTTP/1.1 GET http://localhost:5180/api/authors - 200 null application/json; charset=utf-8 88.2511ms
2025-11-24 21:35:48.618 +02:00 [INF] Request finished HTTP/1.1 GET http://localhost:5180/api/genres - 200 null application/json; charset=utf-8 332.4666ms
2025-11-24 21:35:48.624 +02:00 [INF] Route matched with {action = "GetAll", controller = "Genres"}. Executing controller action with signature System.Threading.Tasks.Task`1[Microsoft.AspNetCore.Mvc.IActionResult] GetAll() on controller CatalogService.Api.Controllers.GenresController (CatalogService.Api).
2025-11-24 21:35:48.663 +02:00 [INF] Executed DbCommand (1ms) [Parameters=[], CommandType='"Text"', CommandTimeout='30']
SELECT g.id, g.name
FROM genres AS g
2025-11-24 21:35:48.667 +02:00 [INF] Executing OkObjectResult, writing value of type 'System.Collections.Generic.List`1[[CatalogService.Bll.Dtos.GenreDto, CatalogService.Bll, Version=1.0.0.0, Culture=neutral, PublicKeyToken=null]]'.
2025-11-24 21:35:48.671 +02:00 [INF] Executed action CatalogService.Api.Controllers.GenresController.GetAll (CatalogService.Api) in 10.7885ms
2025-11-24 21:35:48.674 +02:00 [INF] Executed endpoint 'CatalogService.Api.Controllers.GenresController.GetAll (CatalogService.Api)'
2025-11-24 21:35:48.676 +02:00 [INF] Request finished HTTP/1.1 GET http://localhost:5180/api/genres - 200 null application/json; charset=utf-8 76.902ms
2025-11-24 21:38:51.467 +02:00 [INF] Request starting HTTP/1.1 GET http://localhost:5180/api/authors - null null
2025-11-24 21:38:51.467 +02:00 [INF] Request starting HTTP/1.1 GET http://localhost:5180/api/books - null null
2025-11-24 21:38:51.468 +02:00 [INF] Request starting HTTP/1.1 GET http://localhost:5180/api/genres - null null
2025-11-24 21:38:51.474 +02:00 [INF] Executing endpoint 'CatalogService.Api.Controllers.AuthorsController.GetAll (CatalogService.Api)'
2025-11-24 21:38:51.478 +02:00 [INF] Executing endpoint 'CatalogService.Api.Controllers.BooksController.GetAll (CatalogService.Api)'
2025-11-24 21:38:51.484 +02:00 [INF] Executing endpoint 'CatalogService.Api.Controllers.GenresController.GetAll (CatalogService.Api)'
2025-11-24 21:38:51.487 +02:00 [INF] Route matched with {action = "GetAll", controller = "Authors"}. Executing controller action with signature System.Threading.Tasks.Task`1[Microsoft.AspNetCore.Mvc.IActionResult] GetAll() on controller CatalogService.Api.Controllers.AuthorsController (CatalogService.Api).
2025-11-24 21:38:51.489 +02:00 [INF] Route matched with {action = "GetAll", controller = "Books"}. Executing controller action with signature System.Threading.Tasks.Task`1[Microsoft.AspNetCore.Mvc.IActionResult] GetAll() on controller CatalogService.Api.Controllers.BooksController (CatalogService.Api).
2025-11-24 21:38:51.492 +02:00 [INF] Route matched with {action = "GetAll", controller = "Genres"}. Executing controller action with signature System.Threading.Tasks.Task`1[Microsoft.AspNetCore.Mvc.IActionResult] GetAll() on controller CatalogService.Api.Controllers.GenresController (CatalogService.Api).
2025-11-24 21:38:51.500 +02:00 [INF] Executed DbCommand (1ms) [Parameters=[], CommandType='"Text"', CommandTimeout='30']
SELECT a.id, a.name
FROM authors AS a
2025-11-24 21:38:51.506 +02:00 [INF] Executed DbCommand (3ms) [Parameters=[], CommandType='"Text"', CommandTimeout='30']
SELECT b.id, b.authorid, b.genreid, b.title, a.id, a.name, g.id, g.name
FROM books AS b
INNER JOIN authors AS a ON b.authorid = a.id
INNER JOIN genres AS g ON b.genreid = g.id
2025-11-24 21:38:51.508 +02:00 [INF] Executed DbCommand (1ms) [Parameters=[], CommandType='"Text"', CommandTimeout='30']
SELECT g.id, g.name
FROM genres AS g
2025-11-24 21:38:51.515 +02:00 [INF] Executing OkObjectResult, writing value of type 'System.Collections.Generic.List`1[[CatalogService.Bll.Dtos.AuthorDto, CatalogService.Bll, Version=1.0.0.0, Culture=neutral, PublicKeyToken=null]]'.
2025-11-24 21:38:51.520 +02:00 [INF] Executing OkObjectResult, writing value of type 'System.Collections.Generic.List`1[[CatalogService.Bll.Dtos.BookDto, CatalogService.Bll, Version=1.0.0.0, Culture=neutral, PublicKeyToken=null]]'.
2025-11-24 21:38:51.526 +02:00 [INF] Executing OkObjectResult, writing value of type 'System.Collections.Generic.List`1[[CatalogService.Bll.Dtos.GenreDto, CatalogService.Bll, Version=1.0.0.0, Culture=neutral, PublicKeyToken=null]]'.
2025-11-24 21:38:51.531 +02:00 [INF] Executed action CatalogService.Api.Controllers.AuthorsController.GetAll (CatalogService.Api) in 34.4288ms
2025-11-24 21:38:51.535 +02:00 [INF] Executed action CatalogService.Api.Controllers.BooksController.GetAll (CatalogService.Api) in 32.8146ms
2025-11-24 21:38:51.536 +02:00 [INF] Request starting HTTP/1.1 GET http://localhost:5180/api/authors - null null
2025-11-24 21:38:51.538 +02:00 [INF] Executed action CatalogService.Api.Controllers.GenresController.GetAll (CatalogService.Api) in 31.363ms
2025-11-24 21:38:51.541 +02:00 [INF] Executed endpoint 'CatalogService.Api.Controllers.AuthorsController.GetAll (CatalogService.Api)'
2025-11-24 21:38:51.540 +02:00 [INF] Request starting HTTP/1.1 GET http://localhost:5180/api/books - null null
2025-11-24 21:38:51.543 +02:00 [INF] Request starting HTTP/1.1 GET http://localhost:5180/api/genres - null null
2025-11-24 21:38:51.544 +02:00 [INF] Executed endpoint 'CatalogService.Api.Controllers.BooksController.GetAll (CatalogService.Api)'
2025-11-24 21:38:51.550 +02:00 [INF] Executing endpoint 'CatalogService.Api.Controllers.AuthorsController.GetAll (CatalogService.Api)'
2025-11-24 21:38:51.553 +02:00 [INF] Executed endpoint 'CatalogService.Api.Controllers.GenresController.GetAll (CatalogService.Api)'
2025-11-24 21:38:51.556 +02:00 [INF] Request finished HTTP/1.1 GET http://localhost:5180/api/authors - 200 null application/json; charset=utf-8 88.424ms
2025-11-24 21:38:51.561 +02:00 [INF] Executing endpoint 'CatalogService.Api.Controllers.BooksController.GetAll (CatalogService.Api)'
2025-11-24 21:38:51.568 +02:00 [INF] Executing endpoint 'CatalogService.Api.Controllers.GenresController.GetAll (CatalogService.Api)'
2025-11-24 21:38:51.570 +02:00 [INF] Request finished HTTP/1.1 GET http://localhost:5180/api/books - 200 null application/json; charset=utf-8 103.0242ms
2025-11-24 21:38:51.572 +02:00 [INF] Route matched with {action = "GetAll", controller = "Authors"}. Executing controller action with signature System.Threading.Tasks.Task`1[Microsoft.AspNetCore.Mvc.IActionResult] GetAll() on controller CatalogService.Api.Controllers.AuthorsController (CatalogService.Api).
2025-11-24 21:38:51.576 +02:00 [INF] Request finished HTTP/1.1 GET http://localhost:5180/api/genres - 200 null application/json; charset=utf-8 107.9754ms
2025-11-24 21:38:51.586 +02:00 [INF] Route matched with {action = "GetAll", controller = "Books"}. Executing controller action with signature System.Threading.Tasks.Task`1[Microsoft.AspNetCore.Mvc.IActionResult] GetAll() on controller CatalogService.Api.Controllers.BooksController (CatalogService.Api).
2025-11-24 21:38:51.588 +02:00 [INF] Route matched with {action = "GetAll", controller = "Genres"}. Executing controller action with signature System.Threading.Tasks.Task`1[Microsoft.AspNetCore.Mvc.IActionResult] GetAll() on controller CatalogService.Api.Controllers.GenresController (CatalogService.Api).
2025-11-24 21:38:51.598 +02:00 [INF] Executed DbCommand (1ms) [Parameters=[], CommandType='"Text"', CommandTimeout='30']
SELECT a.id, a.name
FROM authors AS a
2025-11-24 21:38:51.608 +02:00 [INF] Executed DbCommand (1ms) [Parameters=[], CommandType='"Text"', CommandTimeout='30']
SELECT b.id, b.authorid, b.genreid, b.title, a.id, a.name, g.id, g.name
FROM books AS b
INNER JOIN authors AS a ON b.authorid = a.id
INNER JOIN genres AS g ON b.genreid = g.id
2025-11-24 21:38:51.612 +02:00 [INF] Executed DbCommand (1ms) [Parameters=[], CommandType='"Text"', CommandTimeout='30']
SELECT g.id, g.name
FROM genres AS g
2025-11-24 21:38:51.616 +02:00 [INF] Executing OkObjectResult, writing value of type 'System.Collections.Generic.List`1[[CatalogService.Bll.Dtos.AuthorDto, CatalogService.Bll, Version=1.0.0.0, Culture=neutral, PublicKeyToken=null]]'.
2025-11-24 21:38:51.621 +02:00 [INF] Executing OkObjectResult, writing value of type 'System.Collections.Generic.List`1[[CatalogService.Bll.Dtos.BookDto, CatalogService.Bll, Version=1.0.0.0, Culture=neutral, PublicKeyToken=null]]'.
2025-11-24 21:38:51.626 +02:00 [INF] Executing OkObjectResult, writing value of type 'System.Collections.Generic.List`1[[CatalogService.Bll.Dtos.GenreDto, CatalogService.Bll, Version=1.0.0.0, Culture=neutral, PublicKeyToken=null]]'.
2025-11-24 21:38:51.629 +02:00 [INF] Executed action CatalogService.Api.Controllers.AuthorsController.GetAll (CatalogService.Api) in 31.5902ms
2025-11-24 21:38:51.632 +02:00 [INF] Executed action CatalogService.Api.Controllers.BooksController.GetAll (CatalogService.Api) in 25.7269ms
2025-11-24 21:38:51.636 +02:00 [INF] Executed action CatalogService.Api.Controllers.GenresController.GetAll (CatalogService.Api) in 25.1841ms
2025-11-24 21:38:51.639 +02:00 [INF] Executed endpoint 'CatalogService.Api.Controllers.AuthorsController.GetAll (CatalogService.Api)'
2025-11-24 21:38:51.642 +02:00 [INF] Executed endpoint 'CatalogService.Api.Controllers.BooksController.GetAll (CatalogService.Api)'
2025-11-24 21:38:51.645 +02:00 [INF] Executed endpoint 'CatalogService.Api.Controllers.GenresController.GetAll (CatalogService.Api)'
2025-11-24 21:38:51.648 +02:00 [INF] Request finished HTTP/1.1 GET http://localhost:5180/api/authors - 200 null application/json; charset=utf-8 111.2633ms
2025-11-24 21:38:51.651 +02:00 [INF] Request finished HTTP/1.1 GET http://localhost:5180/api/books - 200 null application/json; charset=utf-8 110.6444ms
2025-11-24 21:38:51.653 +02:00 [INF] Request finished HTTP/1.1 GET http://localhost:5180/api/genres - 200 null application/json; charset=utf-8 109.8165ms
2025-11-24 21:38:54.515 +02:00 [INF] Request starting HTTP/1.1 GET http://localhost:5180/api/books - null null
2025-11-24 21:38:54.515 +02:00 [INF] Request starting HTTP/1.1 GET http://localhost:5180/api/authors - null null
2025-11-24 21:38:54.515 +02:00 [INF] Request starting HTTP/1.1 GET http://localhost:5180/api/genres - null null
2025-11-24 21:38:54.521 +02:00 [INF] Executing endpoint 'CatalogService.Api.Controllers.BooksController.GetAll (CatalogService.Api)'
2025-11-24 21:38:54.526 +02:00 [INF] Executing endpoint 'CatalogService.Api.Controllers.AuthorsController.GetAll (CatalogService.Api)'
2025-11-24 21:38:54.532 +02:00 [INF] Executing endpoint 'CatalogService.Api.Controllers.GenresController.GetAll (CatalogService.Api)'
2025-11-24 21:38:54.534 +02:00 [INF] Route matched with {action = "GetAll", controller = "Books"}. Executing controller action with signature System.Threading.Tasks.Task`1[Microsoft.AspNetCore.Mvc.IActionResult] GetAll() on controller CatalogService.Api.Controllers.BooksController (CatalogService.Api).
2025-11-24 21:38:54.536 +02:00 [INF] Route matched with {action = "GetAll", controller = "Authors"}. Executing controller action with signature System.Threading.Tasks.Task`1[Microsoft.AspNetCore.Mvc.IActionResult] GetAll() on controller CatalogService.Api.Controllers.AuthorsController (CatalogService.Api).
2025-11-24 21:38:54.539 +02:00 [INF] Route matched with {action = "GetAll", controller = "Genres"}. Executing controller action with signature System.Threading.Tasks.Task`1[Microsoft.AspNetCore.Mvc.IActionResult] GetAll() on controller CatalogService.Api.Controllers.GenresController (CatalogService.Api).
2025-11-24 21:38:54.546 +02:00 [INF] Executed DbCommand (2ms) [Parameters=[], CommandType='"Text"', CommandTimeout='30']
SELECT b.id, b.authorid, b.genreid, b.title, a.id, a.name, g.id, g.name
FROM books AS b
INNER JOIN authors AS a ON b.authorid = a.id
INNER JOIN genres AS g ON b.genreid = g.id
2025-11-24 21:38:54.550 +02:00 [INF] Executed DbCommand (1ms) [Parameters=[], CommandType='"Text"', CommandTimeout='30']
SELECT a.id, a.name
FROM authors AS a
2025-11-24 21:38:54.557 +02:00 [INF] Executed DbCommand (1ms) [Parameters=[], CommandType='"Text"', CommandTimeout='30']
SELECT g.id, g.name
FROM genres AS g
2025-11-24 21:38:54.560 +02:00 [INF] Executing OkObjectResult, writing value of type 'System.Collections.Generic.List`1[[CatalogService.Bll.Dtos.BookDto, CatalogService.Bll, Version=1.0.0.0, Culture=neutral, PublicKeyToken=null]]'.
2025-11-24 21:38:54.565 +02:00 [INF] Executing OkObjectResult, writing value of type 'System.Collections.Generic.List`1[[CatalogService.Bll.Dtos.AuthorDto, CatalogService.Bll, Version=1.0.0.0, Culture=neutral, PublicKeyToken=null]]'.
2025-11-24 21:38:54.569 +02:00 [INF] Executing OkObjectResult, writing value of type 'System.Collections.Generic.List`1[[CatalogService.Bll.Dtos.GenreDto, CatalogService.Bll, Version=1.0.0.0, Culture=neutral, PublicKeyToken=null]]'.
2025-11-24 21:38:54.572 +02:00 [INF] Executed action CatalogService.Api.Controllers.BooksController.GetAll (CatalogService.Api) in 28.8326ms
2025-11-24 21:38:54.575 +02:00 [INF] Executed action CatalogService.Api.Controllers.AuthorsController.GetAll (CatalogService.Api) in 26.4245ms
2025-11-24 21:38:54.578 +02:00 [INF] Executed action CatalogService.Api.Controllers.GenresController.GetAll (CatalogService.Api) in 21.8731ms
2025-11-24 21:38:54.577 +02:00 [INF] Request starting HTTP/1.1 GET http://localhost:5180/api/books - null null
2025-11-24 21:38:54.580 +02:00 [INF] Request starting HTTP/1.1 GET http://localhost:5180/api/authors - null null
2025-11-24 21:38:54.581 +02:00 [INF] Executed endpoint 'CatalogService.Api.Controllers.BooksController.GetAll (CatalogService.Api)'
2025-11-24 21:38:54.582 +02:00 [INF] Request starting HTTP/1.1 GET http://localhost:5180/api/genres - null null
2025-11-24 21:38:54.585 +02:00 [INF] Executed endpoint 'CatalogService.Api.Controllers.AuthorsController.GetAll (CatalogService.Api)'
2025-11-24 21:38:54.588 +02:00 [INF] Executed endpoint 'CatalogService.Api.Controllers.GenresController.GetAll (CatalogService.Api)'
2025-11-24 21:38:54.593 +02:00 [INF] Executing endpoint 'CatalogService.Api.Controllers.BooksController.GetAll (CatalogService.Api)'
2025-11-24 21:38:54.599 +02:00 [INF] Executing endpoint 'CatalogService.Api.Controllers.AuthorsController.GetAll (CatalogService.Api)'
2025-11-24 21:38:54.602 +02:00 [INF] Request finished HTTP/1.1 GET http://localhost:5180/api/books - 200 null application/json; charset=utf-8 86.8793ms
2025-11-24 21:38:54.608 +02:00 [INF] Executing endpoint 'CatalogService.Api.Controllers.GenresController.GetAll (CatalogService.Api)'
2025-11-24 21:38:54.611 +02:00 [INF] Request finished HTTP/1.1 GET http://localhost:5180/api/authors - 200 null application/json; charset=utf-8 95.5872ms
2025-11-24 21:38:54.616 +02:00 [INF] Request finished HTTP/1.1 GET http://localhost:5180/api/genres - 200 null application/json; charset=utf-8 100.8212ms
2025-11-24 21:38:54.619 +02:00 [INF] Route matched with {action = "GetAll", controller = "Books"}. Executing controller action with signature System.Threading.Tasks.Task`1[Microsoft.AspNetCore.Mvc.IActionResult] GetAll() on controller CatalogService.Api.Controllers.BooksController (CatalogService.Api).
2025-11-24 21:38:54.622 +02:00 [INF] Route matched with {action = "GetAll", controller = "Authors"}. Executing controller action with signature System.Threading.Tasks.Task`1[Microsoft.AspNetCore.Mvc.IActionResult] GetAll() on controller CatalogService.Api.Controllers.AuthorsController (CatalogService.Api).
2025-11-24 21:38:54.631 +02:00 [INF] Route matched with {action = "GetAll", controller = "Genres"}. Executing controller action with signature System.Threading.Tasks.Task`1[Microsoft.AspNetCore.Mvc.IActionResult] GetAll() on controller CatalogService.Api.Controllers.GenresController (CatalogService.Api).
2025-11-24 21:38:54.655 +02:00 [INF] Executed DbCommand (1ms) [Parameters=[], CommandType='"Text"', CommandTimeout='30']
SELECT b.id, b.authorid, b.genreid, b.title, a.id, a.name, g.id, g.name
FROM books AS b
INNER JOIN authors AS a ON b.authorid = a.id
INNER JOIN genres AS g ON b.genreid = g.id
2025-11-24 21:38:54.658 +02:00 [INF] Executed DbCommand (1ms) [Parameters=[], CommandType='"Text"', CommandTimeout='30']
SELECT a.id, a.name
FROM authors AS a
2025-11-24 21:38:54.663 +02:00 [INF] Executed DbCommand (1ms) [Parameters=[], CommandType='"Text"', CommandTimeout='30']
SELECT g.id, g.name
FROM genres AS g
2025-11-24 21:38:54.668 +02:00 [INF] Executing OkObjectResult, writing value of type 'System.Collections.Generic.List`1[[CatalogService.Bll.Dtos.BookDto, CatalogService.Bll, Version=1.0.0.0, Culture=neutral, PublicKeyToken=null]]'.
2025-11-24 21:38:54.672 +02:00 [INF] Executing OkObjectResult, writing value of type 'System.Collections.Generic.List`1[[CatalogService.Bll.Dtos.AuthorDto, CatalogService.Bll, Version=1.0.0.0, Culture=neutral, PublicKeyToken=null]]'.
2025-11-24 21:38:54.677 +02:00 [INF] Executing OkObjectResult, writing value of type 'System.Collections.Generic.List`1[[CatalogService.Bll.Dtos.GenreDto, CatalogService.Bll, Version=1.0.0.0, Culture=neutral, PublicKeyToken=null]]'.
2025-11-24 21:38:54.681 +02:00 [INF] Executed action CatalogService.Api.Controllers.BooksController.GetAll (CatalogService.Api) in 28.3655ms
2025-11-24 21:38:54.685 +02:00 [INF] Executed action CatalogService.Api.Controllers.AuthorsController.GetAll (CatalogService.Api) in 27.8687ms
2025-11-24 21:38:54.688 +02:00 [INF] Executed action CatalogService.Api.Controllers.GenresController.GetAll (CatalogService.Api) in 26.8632ms
2025-11-24 21:38:54.690 +02:00 [INF] Executed endpoint 'CatalogService.Api.Controllers.BooksController.GetAll (CatalogService.Api)'
2025-11-24 21:38:54.693 +02:00 [INF] Executed endpoint 'CatalogService.Api.Controllers.AuthorsController.GetAll (CatalogService.Api)'
2025-11-24 21:38:54.695 +02:00 [INF] Executed endpoint 'CatalogService.Api.Controllers.GenresController.GetAll (CatalogService.Api)'
2025-11-24 21:38:54.698 +02:00 [INF] Request finished HTTP/1.1 GET http://localhost:5180/api/books - 200 null application/json; charset=utf-8 120.5316ms
2025-11-24 21:38:54.700 +02:00 [INF] Request finished HTTP/1.1 GET http://localhost:5180/api/authors - 200 null application/json; charset=utf-8 119.5455ms
2025-11-24 21:38:54.701 +02:00 [INF] Request finished HTTP/1.1 GET http://localhost:5180/api/genres - 200 null application/json; charset=utf-8 119.0885ms
2025-11-24 21:43:44.315 +02:00 [INF] Request starting HTTP/1.1 GET http://localhost:5180/api/books - null null
2025-11-24 21:43:44.315 +02:00 [INF] Request starting HTTP/1.1 GET http://localhost:5180/api/authors - null null
2025-11-24 21:43:44.315 +02:00 [INF] Request starting HTTP/1.1 GET http://localhost:5180/api/genres - null null
2025-11-24 21:43:44.322 +02:00 [INF] Executing endpoint 'CatalogService.Api.Controllers.BooksController.GetAll (CatalogService.Api)'
2025-11-24 21:43:44.328 +02:00 [INF] Executing endpoint 'CatalogService.Api.Controllers.AuthorsController.GetAll (CatalogService.Api)'
2025-11-24 21:43:44.334 +02:00 [INF] Executing endpoint 'CatalogService.Api.Controllers.GenresController.GetAll (CatalogService.Api)'
2025-11-24 21:43:44.337 +02:00 [INF] Route matched with {action = "GetAll", controller = "Books"}. Executing controller action with signature System.Threading.Tasks.Task`1[Microsoft.AspNetCore.Mvc.IActionResult] GetAll() on controller CatalogService.Api.Controllers.BooksController (CatalogService.Api).
2025-11-24 21:43:44.340 +02:00 [INF] Route matched with {action = "GetAll", controller = "Authors"}. Executing controller action with signature System.Threading.Tasks.Task`1[Microsoft.AspNetCore.Mvc.IActionResult] GetAll() on controller CatalogService.Api.Controllers.AuthorsController (CatalogService.Api).
2025-11-24 21:43:44.343 +02:00 [INF] Route matched with {action = "GetAll", controller = "Genres"}. Executing controller action with signature System.Threading.Tasks.Task`1[Microsoft.AspNetCore.Mvc.IActionResult] GetAll() on controller CatalogService.Api.Controllers.GenresController (CatalogService.Api).
2025-11-24 21:43:44.411 +02:00 [INF] Executed DbCommand (3ms) [Parameters=[], CommandType='"Text"', CommandTimeout='30']
SELECT b.id, b.authorid, b.genreid, b.title, a.id, a.name, g.id, g.name
FROM books AS b
INNER JOIN authors AS a ON b.authorid = a.id
INNER JOIN genres AS g ON b.genreid = g.id
2025-11-24 21:43:44.416 +02:00 [INF] Executing OkObjectResult, writing value of type 'System.Collections.Generic.List`1[[CatalogService.Bll.Dtos.BookDto, CatalogService.Bll, Version=1.0.0.0, Culture=neutral, PublicKeyToken=null]]'.
2025-11-24 21:43:44.418 +02:00 [INF] Executed DbCommand (1ms) [Parameters=[], CommandType='"Text"', CommandTimeout='30']
SELECT a.id, a.name
FROM authors AS a
2025-11-24 21:43:44.419 +02:00 [INF] Executed action CatalogService.Api.Controllers.BooksController.GetAll (CatalogService.Api) in 71.8699ms
2025-11-24 21:43:44.423 +02:00 [INF] Executing OkObjectResult, writing value of type 'System.Collections.Generic.List`1[[CatalogService.Bll.Dtos.AuthorDto, CatalogService.Bll, Version=1.0.0.0, Culture=neutral, PublicKeyToken=null]]'.
2025-11-24 21:43:44.423 +02:00 [INF] Request starting HTTP/1.1 GET http://localhost:5180/api/books - null null
2025-11-24 21:43:44.425 +02:00 [INF] Executed endpoint 'CatalogService.Api.Controllers.BooksController.GetAll (CatalogService.Api)'
2025-11-24 21:43:44.427 +02:00 [INF] Executed action CatalogService.Api.Controllers.AuthorsController.GetAll (CatalogService.Api) in 75.1635ms
2025-11-24 21:43:44.430 +02:00 [INF] Executed DbCommand (1ms) [Parameters=[], CommandType='"Text"', CommandTimeout='30']
SELECT g.id, g.name
FROM genres AS g
2025-11-24 21:43:44.431 +02:00 [INF] Request starting HTTP/1.1 GET http://localhost:5180/api/authors - null null
2025-11-24 21:43:44.432 +02:00 [INF] Executing endpoint 'CatalogService.Api.Controllers.BooksController.GetAll (CatalogService.Api)'
2025-11-24 21:43:44.433 +02:00 [INF] Request finished HTTP/1.1 GET http://localhost:5180/api/books - 200 null application/json; charset=utf-8 118.7535ms
2025-11-24 21:43:44.435 +02:00 [INF] Executed endpoint 'CatalogService.Api.Controllers.AuthorsController.GetAll (CatalogService.Api)'
2025-11-24 21:43:44.439 +02:00 [INF] Executing OkObjectResult, writing value of type 'System.Collections.Generic.List`1[[CatalogService.Bll.Dtos.GenreDto, CatalogService.Bll, Version=1.0.0.0, Culture=neutral, PublicKeyToken=null]]'.
2025-11-24 21:43:44.442 +02:00 [INF] Executing endpoint 'CatalogService.Api.Controllers.AuthorsController.GetAll (CatalogService.Api)'
2025-11-24 21:43:44.444 +02:00 [INF] Route matched with {action = "GetAll", controller = "Books"}. Executing controller action with signature System.Threading.Tasks.Task`1[Microsoft.AspNetCore.Mvc.IActionResult] GetAll() on controller CatalogService.Api.Controllers.BooksController (CatalogService.Api).
2025-11-24 21:43:44.452 +02:00 [INF] Request finished HTTP/1.1 GET http://localhost:5180/api/authors - 200 null application/json; charset=utf-8 137.2115ms
2025-11-24 21:43:44.455 +02:00 [INF] Executed action CatalogService.Api.Controllers.GenresController.GetAll (CatalogService.Api) in 97.4652ms
2025-11-24 21:43:44.458 +02:00 [INF] Route matched with {action = "GetAll", controller = "Authors"}. Executing controller action with signature System.Threading.Tasks.Task`1[Microsoft.AspNetCore.Mvc.IActionResult] GetAll() on controller CatalogService.Api.Controllers.AuthorsController (CatalogService.Api).
2025-11-24 21:43:44.460 +02:00 [INF] Request starting HTTP/1.1 GET http://localhost:5180/api/genres - null null
2025-11-24 21:43:44.463 +02:00 [INF] Executed DbCommand (1ms) [Parameters=[], CommandType='"Text"', CommandTimeout='30']
SELECT b.id, b.authorid, b.genreid, b.title, a.id, a.name, g.id, g.name
FROM books AS b
INNER JOIN authors AS a ON b.authorid = a.id
INNER JOIN genres AS g ON b.genreid = g.id
2025-11-24 21:43:44.471 +02:00 [INF] Executed endpoint 'CatalogService.Api.Controllers.GenresController.GetAll (CatalogService.Api)'
2025-11-24 21:43:44.478 +02:00 [INF] Executed DbCommand (1ms) [Parameters=[], CommandType='"Text"', CommandTimeout='30']
SELECT a.id, a.name
FROM authors AS a
2025-11-24 21:43:44.483 +02:00 [INF] Executing endpoint 'CatalogService.Api.Controllers.GenresController.GetAll (CatalogService.Api)'
2025-11-24 21:43:44.488 +02:00 [INF] Executing OkObjectResult, writing value of type 'System.Collections.Generic.List`1[[CatalogService.Bll.Dtos.BookDto, CatalogService.Bll, Version=1.0.0.0, Culture=neutral, PublicKeyToken=null]]'.
2025-11-24 21:43:44.491 +02:00 [INF] Request finished HTTP/1.1 GET http://localhost:5180/api/genres - 200 null application/json; charset=utf-8 175.5707ms
2025-11-24 21:43:44.496 +02:00 [INF] Executing OkObjectResult, writing value of type 'System.Collections.Generic.List`1[[CatalogService.Bll.Dtos.AuthorDto, CatalogService.Bll, Version=1.0.0.0, Culture=neutral, PublicKeyToken=null]]'.
2025-11-24 21:43:44.499 +02:00 [INF] Route matched with {action = "GetAll", controller = "Genres"}. Executing controller action with signature System.Threading.Tasks.Task`1[Microsoft.AspNetCore.Mvc.IActionResult] GetAll() on controller CatalogService.Api.Controllers.GenresController (CatalogService.Api).
2025-11-24 21:43:44.502 +02:00 [INF] Executed action CatalogService.Api.Controllers.BooksController.GetAll (CatalogService.Api) in 40.7547ms
2025-11-24 21:43:44.511 +02:00 [INF] Executed action CatalogService.Api.Controllers.AuthorsController.GetAll (CatalogService.Api) in 34.8353ms
2025-11-24 21:43:44.515 +02:00 [INF] Executed DbCommand (0ms) [Parameters=[], CommandType='"Text"', CommandTimeout='30']
SELECT g.id, g.name
FROM genres AS g
2025-11-24 21:43:44.516 +02:00 [INF] Executed endpoint 'CatalogService.Api.Controllers.BooksController.GetAll (CatalogService.Api)'
2025-11-24 21:43:44.518 +02:00 [INF] Executed endpoint 'CatalogService.Api.Controllers.AuthorsController.GetAll (CatalogService.Api)'
2025-11-24 21:43:44.521 +02:00 [INF] Executing OkObjectResult, writing value of type 'System.Collections.Generic.List`1[[CatalogService.Bll.Dtos.GenreDto, CatalogService.Bll, Version=1.0.0.0, Culture=neutral, PublicKeyToken=null]]'.
2025-11-24 21:43:44.523 +02:00 [INF] Request finished HTTP/1.1 GET http://localhost:5180/api/books - 200 null application/json; charset=utf-8 100.0231ms
2025-11-24 21:43:44.525 +02:00 [INF] Request finished HTTP/1.1 GET http://localhost:5180/api/authors - 200 null application/json; charset=utf-8 93.8103ms
2025-11-24 21:43:44.528 +02:00 [INF] Executed action CatalogService.Api.Controllers.GenresController.GetAll (CatalogService.Api) in 13.8454ms
2025-11-24 21:43:44.540 +02:00 [INF] Executed endpoint 'CatalogService.Api.Controllers.GenresController.GetAll (CatalogService.Api)'
2025-11-24 21:43:44.542 +02:00 [INF] Request finished HTTP/1.1 GET http://localhost:5180/api/genres - 200 null application/json; charset=utf-8 81.8803ms
2025-11-24 21:43:53.145 +02:00 [INF] Request starting HTTP/1.1 GET http://localhost:5180/api/books/2 - null null
2025-11-24 21:43:53.153 +02:00 [INF] Executing endpoint 'CatalogService.Api.Controllers.BooksController.GetById (CatalogService.Api)'
2025-11-24 21:43:53.156 +02:00 [INF] Route matched with {action = "GetById", controller = "Books"}. Executing controller action with signature System.Threading.Tasks.Task`1[Microsoft.AspNetCore.Mvc.IActionResult] GetById(Int32) on controller CatalogService.Api.Controllers.BooksController (CatalogService.Api).
2025-11-24 21:43:53.166 +02:00 [INF] Executed DbCommand (1ms) [Parameters=[@__id_0='?' (DbType = Int32)], CommandType='"Text"', CommandTimeout='30']
SELECT b.id, b.authorid, b.genreid, b.title, a.id, a.name, g.id, g.name
FROM books AS b
INNER JOIN authors AS a ON b.authorid = a.id
INNER JOIN genres AS g ON b.genreid = g.id
WHERE b.id = @__id_0
LIMIT 1
2025-11-24 21:43:53.173 +02:00 [INF] Executing OkObjectResult, writing value of type 'CatalogService.Bll.Dtos.BookDto'.
2025-11-24 21:43:53.176 +02:00 [INF] Executed action CatalogService.Api.Controllers.BooksController.GetById (CatalogService.Api) in 15.1541ms
2025-11-24 21:43:53.180 +02:00 [INF] Executed endpoint 'CatalogService.Api.Controllers.BooksController.GetById (CatalogService.Api)'
2025-11-24 21:43:53.183 +02:00 [INF] Request finished HTTP/1.1 GET http://localhost:5180/api/books/2 - 200 null application/json; charset=utf-8 37.8396ms
2025-11-24 21:44:33.469 +02:00 [INF] Now listening on: http://localhost:5180
2025-11-24 21:44:33.520 +02:00 [INF] Application started. Press Ctrl+C to shut down.
2025-11-24 21:44:33.522 +02:00 [INF] Hosting environment: Development
2025-11-24 21:44:33.523 +02:00 [INF] Content root path: C:\Users\Admin\Documents\projects\LibrarySystem\CatalogService\CatalogService.Api
2025-11-24 21:44:55.674 +02:00 [INF] Request starting HTTP/1.1 GET http://localhost:5180/api/genres - null null
2025-11-24 21:44:55.674 +02:00 [INF] Request starting HTTP/1.1 GET http://localhost:5180/api/books - null null
2025-11-24 21:44:55.674 +02:00 [INF] Request starting HTTP/1.1 GET http://localhost:5180/api/authors - null null
2025-11-24 21:44:55.747 +02:00 [INF] Executing endpoint 'CatalogService.Api.Controllers.AuthorsController.GetAll (CatalogService.Api)'
2025-11-24 21:44:55.747 +02:00 [INF] Executing endpoint 'CatalogService.Api.Controllers.BooksController.GetAll (CatalogService.Api)'
2025-11-24 21:44:55.747 +02:00 [INF] Executing endpoint 'CatalogService.Api.Controllers.GenresController.GetAll (CatalogService.Api)'
2025-11-24 21:44:55.775 +02:00 [INF] Route matched with {action = "GetAll", controller = "Authors"}. Executing controller action with signature System.Threading.Tasks.Task`1[Microsoft.AspNetCore.Mvc.IActionResult] GetAll() on controller CatalogService.Api.Controllers.AuthorsController (CatalogService.Api).
2025-11-24 21:44:55.775 +02:00 [INF] Route matched with {action = "GetAll", controller = "Genres"}. Executing controller action with signature System.Threading.Tasks.Task`1[Microsoft.AspNetCore.Mvc.IActionResult] GetAll() on controller CatalogService.Api.Controllers.GenresController (CatalogService.Api).
2025-11-24 21:44:55.775 +02:00 [INF] Route matched with {action = "GetAll", controller = "Books"}. Executing controller action with signature System.Threading.Tasks.Task`1[Microsoft.AspNetCore.Mvc.IActionResult] GetAll() on controller CatalogService.Api.Controllers.BooksController (CatalogService.Api).
2025-11-24 21:44:57.466 +02:00 [INF] Executed DbCommand (31ms) [Parameters=[], CommandType='"Text"', CommandTimeout='30']
SELECT a.id, a.name
FROM authors AS a
2025-11-24 21:44:57.466 +02:00 [INF] Executed DbCommand (31ms) [Parameters=[], CommandType='"Text"', CommandTimeout='30']
SELECT b.id, b.authorid, b.genreid, b.title, a.id, a.name, g.id, g.name
FROM books AS b
INNER JOIN authors AS a ON b.authorid = a.id
INNER JOIN genres AS g ON b.genreid = g.id
2025-11-24 21:44:57.466 +02:00 [INF] Executed DbCommand (31ms) [Parameters=[], CommandType='"Text"', CommandTimeout='30']
SELECT g.id, g.name
FROM genres AS g
2025-11-24 21:44:57.615 +02:00 [INF] Executing OkObjectResult, writing value of type 'System.Collections.Generic.List`1[[CatalogService.Bll.Dtos.AuthorDto, CatalogService.Bll, Version=1.0.0.0, Culture=neutral, PublicKeyToken=null]]'.
2025-11-24 21:44:57.615 +02:00 [INF] Executing OkObjectResult, writing value of type 'System.Collections.Generic.List`1[[CatalogService.Bll.Dtos.BookDto, CatalogService.Bll, Version=1.0.0.0, Culture=neutral, PublicKeyToken=null]]'.
2025-11-24 21:44:57.615 +02:00 [INF] Executing OkObjectResult, writing value of type 'System.Collections.Generic.List`1[[CatalogService.Bll.Dtos.GenreDto, CatalogService.Bll, Version=1.0.0.0, Culture=neutral, PublicKeyToken=null]]'.
2025-11-24 21:44:57.668 +02:00 [INF] Executed action CatalogService.Api.Controllers.GenresController.GetAll (CatalogService.Api) in 1874.7038ms
2025-11-24 21:44:57.668 +02:00 [INF] Executed action CatalogService.Api.Controllers.AuthorsController.GetAll (CatalogService.Api) in 1881.8811ms
2025-11-24 21:44:57.668 +02:00 [INF] Executed action CatalogService.Api.Controllers.BooksController.GetAll (CatalogService.Api) in 1871.6606ms
2025-11-24 21:44:57.676 +02:00 [INF] Request starting HTTP/1.1 GET http://localhost:5180/api/books - null null
2025-11-24 21:44:57.676 +02:00 [INF] Request starting HTTP/1.1 GET http://localhost:5180/api/authors - null null
2025-11-24 21:44:57.676 +02:00 [INF] Request starting HTTP/1.1 GET http://localhost:5180/api/genres - null null
2025-11-24 21:44:57.680 +02:00 [INF] Executed endpoint 'CatalogService.Api.Controllers.GenresController.GetAll (CatalogService.Api)'
2025-11-24 21:44:57.683 +02:00 [INF] Executed endpoint 'CatalogService.Api.Controllers.AuthorsController.GetAll (CatalogService.Api)'
2025-11-24 21:44:57.687 +02:00 [INF] Executed endpoint 'CatalogService.Api.Controllers.BooksController.GetAll (CatalogService.Api)'
2025-11-24 21:44:57.698 +02:00 [INF] Executing endpoint 'CatalogService.Api.Controllers.BooksController.GetAll (CatalogService.Api)'
2025-11-24 21:44:57.701 +02:00 [INF] Executing endpoint 'CatalogService.Api.Controllers.AuthorsController.GetAll (CatalogService.Api)'
2025-11-24 21:44:57.709 +02:00 [INF] Executing endpoint 'CatalogService.Api.Controllers.GenresController.GetAll (CatalogService.Api)'
2025-11-24 21:44:57.721 +02:00 [INF] Route matched with {action = "GetAll", controller = "Books"}. Executing controller action with signature System.Threading.Tasks.Task`1[Microsoft.AspNetCore.Mvc.IActionResult] GetAll() on controller CatalogService.Api.Controllers.BooksController (CatalogService.Api).
2025-11-24 21:44:57.724 +02:00 [INF] Route matched with {action = "GetAll", controller = "Authors"}. Executing controller action with signature System.Threading.Tasks.Task`1[Microsoft.AspNetCore.Mvc.IActionResult] GetAll() on controller CatalogService.Api.Controllers.AuthorsController (CatalogService.Api).
2025-11-24 21:44:57.724 +02:00 [INF] Request finished HTTP/1.1 GET http://localhost:5180/api/authors - 200 null application/json; charset=utf-8 2053.5221ms
2025-11-24 21:44:57.724 +02:00 [INF] Request finished HTTP/1.1 GET http://localhost:5180/api/books - 200 null application/json; charset=utf-8 2053.5101ms
2025-11-24 21:44:57.724 +02:00 [INF] Request finished HTTP/1.1 GET http://localhost:5180/api/genres - 200 null application/json; charset=utf-8 2053.4461ms
2025-11-24 21:44:57.726 +02:00 [INF] Route matched with {action = "GetAll", controller = "Genres"}. Executing controller action with signature System.Threading.Tasks.Task`1[Microsoft.AspNetCore.Mvc.IActionResult] GetAll() on controller CatalogService.Api.Controllers.GenresController (CatalogService.Api).
2025-11-24 21:44:57.819 +02:00 [INF] Executed DbCommand (6ms) [Parameters=[], CommandType='"Text"', CommandTimeout='30']
SELECT a.id, a.name
FROM authors AS a
2025-11-24 21:44:57.819 +02:00 [INF] Executed DbCommand (3ms) [Parameters=[], CommandType='"Text"', CommandTimeout='30']
SELECT b.id, b.authorid, b.genreid, b.title, a.id, a.name, g.id, g.name
FROM books AS b
INNER JOIN authors AS a ON b.authorid = a.id
INNER JOIN genres AS g ON b.genreid = g.id
2025-11-24 21:44:57.819 +02:00 [INF] Executed DbCommand (6ms) [Parameters=[], CommandType='"Text"', CommandTimeout='30']
SELECT g.id, g.name
FROM genres AS g
2025-11-24 21:44:57.828 +02:00 [INF] Executing OkObjectResult, writing value of type 'System.Collections.Generic.List`1[[CatalogService.Bll.Dtos.AuthorDto, CatalogService.Bll, Version=1.0.0.0, Culture=neutral, PublicKeyToken=null]]'.
2025-11-24 21:44:57.833 +02:00 [INF] Executing OkObjectResult, writing value of type 'System.Collections.Generic.List`1[[CatalogService.Bll.Dtos.BookDto, CatalogService.Bll, Version=1.0.0.0, Culture=neutral, PublicKeyToken=null]]'.
2025-11-24 21:44:57.838 +02:00 [INF] Executing OkObjectResult, writing value of type 'System.Collections.Generic.List`1[[CatalogService.Bll.Dtos.GenreDto, CatalogService.Bll, Version=1.0.0.0, Culture=neutral, PublicKeyToken=null]]'.
2025-11-24 21:44:57.842 +02:00 [INF] Executed action CatalogService.Api.Controllers.AuthorsController.GetAll (CatalogService.Api) in 107.2648ms
2025-11-24 21:44:57.845 +02:00 [INF] Executed action CatalogService.Api.Controllers.BooksController.GetAll (CatalogService.Api) in 114.7376ms
2025-11-24 21:44:57.849 +02:00 [INF] Executed action CatalogService.Api.Controllers.GenresController.GetAll (CatalogService.Api) in 91.2497ms
2025-11-24 21:44:57.852 +02:00 [INF] Executed endpoint 'CatalogService.Api.Controllers.AuthorsController.GetAll (CatalogService.Api)'
2025-11-24 21:44:57.855 +02:00 [INF] Executed endpoint 'CatalogService.Api.Controllers.BooksController.GetAll (CatalogService.Api)'
2025-11-24 21:44:57.857 +02:00 [INF] Executed endpoint 'CatalogService.Api.Controllers.GenresController.GetAll (CatalogService.Api)'
2025-11-24 21:44:57.860 +02:00 [INF] Request finished HTTP/1.1 GET http://localhost:5180/api/authors - 200 null application/json; charset=utf-8 184.2666ms
2025-11-24 21:44:57.863 +02:00 [INF] Request finished HTTP/1.1 GET http://localhost:5180/api/books - 200 null application/json; charset=utf-8 187.0517ms
2025-11-24 21:44:57.865 +02:00 [INF] Request finished HTTP/1.1 GET http://localhost:5180/api/genres - 200 null application/json; charset=utf-8 189.0357ms
2025-11-24 21:45:13.818 +02:00 [INF] Request starting HTTP/1.1 GET http://localhost:5180/api/books/2 - null null
2025-11-24 21:45:13.828 +02:00 [INF] Executing endpoint 'CatalogService.Api.Controllers.BooksController.GetById (CatalogService.Api)'
2025-11-24 21:45:13.842 +02:00 [INF] Route matched with {action = "GetById", controller = "Books"}. Executing controller action with signature System.Threading.Tasks.Task`1[Microsoft.AspNetCore.Mvc.IActionResult] GetById(Int32) on controller CatalogService.Api.Controllers.BooksController (CatalogService.Api).
2025-11-24 21:45:13.949 +02:00 [INF] Executed DbCommand (12ms) [Parameters=[@__id_0='?' (DbType = Int32)], CommandType='"Text"', CommandTimeout='30']
SELECT b.id, b.authorid, b.genreid, b.title, a.id, a.name, g.id, g.name
FROM books AS b
INNER JOIN authors AS a ON b.authorid = a.id
INNER JOIN genres AS g ON b.genreid = g.id
WHERE b.id = @__id_0
LIMIT 1
2025-11-24 21:45:13.961 +02:00 [INF] Executing OkObjectResult, writing value of type 'CatalogService.Bll.Dtos.BookDto'.
2025-11-24 21:45:13.966 +02:00 [INF] Executed action CatalogService.Api.Controllers.BooksController.GetById (CatalogService.Api) in 117.4551ms
2025-11-24 21:45:13.970 +02:00 [INF] Executed endpoint 'CatalogService.Api.Controllers.BooksController.GetById (CatalogService.Api)'
2025-11-24 21:45:13.972 +02:00 [INF] Request finished HTTP/1.1 GET http://localhost:5180/api/books/2 - 200 null application/json; charset=utf-8 153.7141ms
2025-11-24 21:46:12.070 +02:00 [INF] Request starting HTTP/1.1 GET http://localhost:5180/api/books/2 - null null
2025-11-24 21:46:12.080 +02:00 [INF] Executing endpoint 'CatalogService.Api.Controllers.BooksController.GetById (CatalogService.Api)'
2025-11-24 21:46:12.083 +02:00 [INF] Route matched with {action = "GetById", controller = "Books"}. Executing controller action with signature System.Threading.Tasks.Task`1[Microsoft.AspNetCore.Mvc.IActionResult] GetById(Int32) on controller CatalogService.Api.Controllers.BooksController (CatalogService.Api).
2025-11-24 21:46:12.094 +02:00 [INF] Executed DbCommand (1ms) [Parameters=[@__id_0='?' (DbType = Int32)], CommandType='"Text"', CommandTimeout='30']
SELECT b.id, b.authorid, b.genreid, b.title, a.id, a.name, g.id, g.name
FROM books AS b
INNER JOIN authors AS a ON b.authorid = a.id
INNER JOIN genres AS g ON b.genreid = g.id
WHERE b.id = @__id_0
LIMIT 1
2025-11-24 21:46:12.101 +02:00 [INF] Executing OkObjectResult, writing value of type 'CatalogService.Bll.Dtos.BookDto'.
2025-11-24 21:46:12.105 +02:00 [INF] Executed action CatalogService.Api.Controllers.BooksController.GetById (CatalogService.Api) in 17.3338ms
2025-11-24 21:46:12.109 +02:00 [INF] Executed endpoint 'CatalogService.Api.Controllers.BooksController.GetById (CatalogService.Api)'
2025-11-24 21:46:12.113 +02:00 [INF] Request finished HTTP/1.1 GET http://localhost:5180/api/books/2 - 200 null application/json; charset=utf-8 42.44ms
2025-11-24 21:50:34.754 +02:00 [INF] Now listening on: http://localhost:5180
2025-11-24 21:50:34.829 +02:00 [INF] Application started. Press Ctrl+C to shut down.
2025-11-24 21:50:34.831 +02:00 [INF] Hosting environment: Development
2025-11-24 21:50:34.833 +02:00 [INF] Content root path: C:\Users\Admin\Documents\projects\LibrarySystem\CatalogService\CatalogService.Api
2025-11-24 21:50:42.670 +02:00 [INF] Request starting HTTP/1.1 GET http://localhost:5180/api/authors - null null
2025-11-24 21:50:42.670 +02:00 [INF] Request starting HTTP/1.1 GET http://localhost:5180/api/genres - null null
2025-11-24 21:50:42.670 +02:00 [INF] Request starting HTTP/1.1 GET http://localhost:5180/api/books - null null
2025-11-24 21:50:42.739 +02:00 [INF] Executing endpoint 'CatalogService.Api.Controllers.AuthorsController.GetAll (CatalogService.Api)'
2025-11-24 21:50:42.739 +02:00 [INF] Executing endpoint 'CatalogService.Api.Controllers.GenresController.GetAll (CatalogService.Api)'
2025-11-24 21:50:42.739 +02:00 [INF] Executing endpoint 'CatalogService.Api.Controllers.BooksController.GetAll (CatalogService.Api)'
2025-11-24 21:50:42.768 +02:00 [INF] Route matched with {action = "GetAll", controller = "Books"}. Executing controller action with signature System.Threading.Tasks.Task`1[Microsoft.AspNetCore.Mvc.IActionResult] GetAll() on controller CatalogService.Api.Controllers.BooksController (CatalogService.Api).
2025-11-24 21:50:42.768 +02:00 [INF] Route matched with {action = "GetAll", controller = "Authors"}. Executing controller action with signature System.Threading.Tasks.Task`1[Microsoft.AspNetCore.Mvc.IActionResult] GetAll() on controller CatalogService.Api.Controllers.AuthorsController (CatalogService.Api).
2025-11-24 21:50:42.768 +02:00 [INF] Route matched with {action = "GetAll", controller = "Genres"}. Executing controller action with signature System.Threading.Tasks.Task`1[Microsoft.AspNetCore.Mvc.IActionResult] GetAll() on controller CatalogService.Api.Controllers.GenresController (CatalogService.Api).
2025-11-24 21:50:44.344 +02:00 [INF] Executed DbCommand (31ms) [Parameters=[], CommandType='"Text"', CommandTimeout='30']
SELECT a.id, a.name
FROM authors AS a
2025-11-24 21:50:44.344 +02:00 [INF] Executed DbCommand (31ms) [Parameters=[], CommandType='"Text"', CommandTimeout='30']
SELECT b.id, b.authorid, b.genreid, b.title, a.id, a.name, g.id, g.name
FROM books AS b
INNER JOIN authors AS a ON b.authorid = a.id
INNER JOIN genres AS g ON b.genreid = g.id
2025-11-24 21:50:44.344 +02:00 [INF] Executed DbCommand (31ms) [Parameters=[], CommandType='"Text"', CommandTimeout='30']
SELECT g.id, g.name
FROM genres AS g
2025-11-24 21:50:44.574 +02:00 [INF] Executing OkObjectResult, writing value of type 'System.Collections.Generic.List`1[[CatalogService.Bll.Dtos.BookDto, CatalogService.Bll, Version=1.0.0.0, Culture=neutral, PublicKeyToken=null]]'.
2025-11-24 21:50:44.574 +02:00 [INF] Executing OkObjectResult, writing value of type 'System.Collections.Generic.List`1[[CatalogService.Bll.Dtos.AuthorDto, CatalogService.Bll, Version=1.0.0.0, Culture=neutral, PublicKeyToken=null]]'.
2025-11-24 21:50:44.574 +02:00 [INF] Executing OkObjectResult, writing value of type 'System.Collections.Generic.List`1[[CatalogService.Bll.Dtos.GenreDto, CatalogService.Bll, Version=1.0.0.0, Culture=neutral, PublicKeyToken=null]]'.
2025-11-24 21:50:44.616 +02:00 [INF] Executed action CatalogService.Api.Controllers.AuthorsController.GetAll (CatalogService.Api) in 1834.0811ms
2025-11-24 21:50:44.616 +02:00 [INF] Executed action CatalogService.Api.Controllers.BooksController.GetAll (CatalogService.Api) in 1837.9134ms
2025-11-24 21:50:44.616 +02:00 [INF] Executed action CatalogService.Api.Controllers.GenresController.GetAll (CatalogService.Api) in 1829.4961ms
2025-11-24 21:50:44.622 +02:00 [INF] Request starting HTTP/1.1 GET http://localhost:5180/api/books - null null
2025-11-24 21:50:44.622 +02:00 [INF] Request starting HTTP/1.1 GET http://localhost:5180/api/authors - null null
2025-11-24 21:50:44.622 +02:00 [INF] Request starting HTTP/1.1 GET http://localhost:5180/api/genres - null null
2025-11-24 21:50:44.624 +02:00 [INF] Executed endpoint 'CatalogService.Api.Controllers.AuthorsController.GetAll (CatalogService.Api)'
2025-11-24 21:50:44.626 +02:00 [INF] Executed endpoint 'CatalogService.Api.Controllers.BooksController.GetAll (CatalogService.Api)'
2025-11-24 21:50:44.628 +02:00 [INF] Executed endpoint 'CatalogService.Api.Controllers.GenresController.GetAll (CatalogService.Api)'
2025-11-24 21:50:44.636 +02:00 [INF] Executing endpoint 'CatalogService.Api.Controllers.BooksController.GetAll (CatalogService.Api)'
2025-11-24 21:50:44.637 +02:00 [INF] Executing endpoint 'CatalogService.Api.Controllers.AuthorsController.GetAll (CatalogService.Api)'
2025-11-24 21:50:44.642 +02:00 [INF] Executing endpoint 'CatalogService.Api.Controllers.GenresController.GetAll (CatalogService.Api)'
2025-11-24 21:50:44.651 +02:00 [INF] Route matched with {action = "GetAll", controller = "Books"}. Executing controller action with signature System.Threading.Tasks.Task`1[Microsoft.AspNetCore.Mvc.IActionResult] GetAll() on controller CatalogService.Api.Controllers.BooksController (CatalogService.Api).
2025-11-24 21:50:44.653 +02:00 [INF] Route matched with {action = "GetAll", controller = "Authors"}. Executing controller action with signature System.Threading.Tasks.Task`1[Microsoft.AspNetCore.Mvc.IActionResult] GetAll() on controller CatalogService.Api.Controllers.AuthorsController (CatalogService.Api).
2025-11-24 21:50:44.653 +02:00 [INF] Request finished HTTP/1.1 GET http://localhost:5180/api/books - 200 null application/json; charset=utf-8 1986.0657ms
2025-11-24 21:50:44.653 +02:00 [INF] Request finished HTTP/1.1 GET http://localhost:5180/api/authors - 200 null application/json; charset=utf-8 1985.9973ms
2025-11-24 21:50:44.653 +02:00 [INF] Request finished HTTP/1.1 GET http://localhost:5180/api/genres - 200 null application/json; charset=utf-8 1986.0506ms
2025-11-24 21:50:44.656 +02:00 [INF] Route matched with {action = "GetAll", controller = "Genres"}. Executing controller action with signature System.Threading.Tasks.Task`1[Microsoft.AspNetCore.Mvc.IActionResult] GetAll() on controller CatalogService.Api.Controllers.GenresController (CatalogService.Api).
2025-11-24 21:50:44.730 +02:00 [INF] Executed DbCommand (4ms) [Parameters=[], CommandType='"Text"', CommandTimeout='30']
SELECT a.id, a.name
FROM authors AS a
2025-11-24 21:50:44.730 +02:00 [INF] Executed DbCommand (4ms) [Parameters=[], CommandType='"Text"', CommandTimeout='30']
SELECT g.id, g.name
FROM genres AS g
2025-11-24 21:50:44.730 +02:00 [INF] Executed DbCommand (2ms) [Parameters=[], CommandType='"Text"', CommandTimeout='30']
SELECT b.id, b.authorid, b.genreid, b.title, a.id, a.name, g.id, g.name
FROM books AS b
INNER JOIN authors AS a ON b.authorid = a.id
INNER JOIN genres AS g ON b.genreid = g.id
2025-11-24 21:50:44.737 +02:00 [INF] Executing OkObjectResult, writing value of type 'System.Collections.Generic.List`1[[CatalogService.Bll.Dtos.AuthorDto, CatalogService.Bll, Version=1.0.0.0, Culture=neutral, PublicKeyToken=null]]'.
2025-11-24 21:50:44.740 +02:00 [INF] Executing OkObjectResult, writing value of type 'System.Collections.Generic.List`1[[CatalogService.Bll.Dtos.GenreDto, CatalogService.Bll, Version=1.0.0.0, Culture=neutral, PublicKeyToken=null]]'.
2025-11-24 21:50:44.745 +02:00 [INF] Executing OkObjectResult, writing value of type 'System.Collections.Generic.List`1[[CatalogService.Bll.Dtos.BookDto, CatalogService.Bll, Version=1.0.0.0, Culture=neutral, PublicKeyToken=null]]'.
2025-11-24 21:50:44.747 +02:00 [INF] Executed action CatalogService.Api.Controllers.AuthorsController.GetAll (CatalogService.Api) in 84.0634ms
2025-11-24 21:50:44.749 +02:00 [INF] Executed action CatalogService.Api.Controllers.GenresController.GetAll (CatalogService.Api) in 63.4725ms
2025-11-24 21:50:44.751 +02:00 [INF] Executed action CatalogService.Api.Controllers.BooksController.GetAll (CatalogService.Api) in 92.904ms
2025-11-24 21:50:44.753 +02:00 [INF] Executed endpoint 'CatalogService.Api.Controllers.AuthorsController.GetAll (CatalogService.Api)'
2025-11-24 21:50:44.756 +02:00 [INF] Executed endpoint 'CatalogService.Api.Controllers.GenresController.GetAll (CatalogService.Api)'
2025-11-24 21:50:44.759 +02:00 [INF] Executed endpoint 'CatalogService.Api.Controllers.BooksController.GetAll (CatalogService.Api)'
2025-11-24 21:50:44.760 +02:00 [INF] Request finished HTTP/1.1 GET http://localhost:5180/api/authors - 200 null application/json; charset=utf-8 138.2239ms
2025-11-24 21:50:44.761 +02:00 [INF] Request finished HTTP/1.1 GET http://localhost:5180/api/genres - 200 null application/json; charset=utf-8 139.5512ms
2025-11-24 21:50:44.763 +02:00 [INF] Request finished HTTP/1.1 GET http://localhost:5180/api/books - 200 null application/json; charset=utf-8 141.2687ms
2025-11-24 21:51:08.662 +02:00 [INF] Request starting HTTP/1.1 GET http://localhost:5180/api/books/2 - null null
2025-11-24 21:51:08.671 +02:00 [INF] Executing endpoint 'CatalogService.Api.Controllers.BooksController.GetById (CatalogService.Api)'
2025-11-24 21:51:08.699 +02:00 [INF] Route matched with {action = "GetById", controller = "Books"}. Executing controller action with signature System.Threading.Tasks.Task`1[Microsoft.AspNetCore.Mvc.IActionResult] GetById(Int32) on controller CatalogService.Api.Controllers.BooksController (CatalogService.Api).
2025-11-24 21:51:08.802 +02:00 [INF] Executed DbCommand (12ms) [Parameters=[@__id_0='?' (DbType = Int32)], CommandType='"Text"', CommandTimeout='30']
SELECT b.id, b.authorid, b.genreid, b.title, a.id, a.name, g.id, g.name
FROM books AS b
INNER JOIN authors AS a ON b.authorid = a.id
INNER JOIN genres AS g ON b.genreid = g.id
WHERE b.id = @__id_0
LIMIT 1
2025-11-24 21:51:08.809 +02:00 [INF] Executing OkObjectResult, writing value of type 'CatalogService.Bll.Dtos.BookDto'.
2025-11-24 21:51:08.813 +02:00 [INF] Executed action CatalogService.Api.Controllers.BooksController.GetById (CatalogService.Api) in 107.7884ms
2025-11-24 21:51:08.815 +02:00 [INF] Executed endpoint 'CatalogService.Api.Controllers.BooksController.GetById (CatalogService.Api)'
2025-11-24 21:51:08.817 +02:00 [INF] Request finished HTTP/1.1 GET http://localhost:5180/api/books/2 - 200 null application/json; charset=utf-8 155.5399ms
2025-11-24 21:51:38.497 +02:00 [INF] Request starting HTTP/1.1 GET http://localhost:5180/api/books - null null
2025-11-24 21:51:38.498 +02:00 [INF] Request starting HTTP/1.1 GET http://localhost:5180/api/authors - null null
2025-11-24 21:51:38.498 +02:00 [INF] Request starting HTTP/1.1 GET http://localhost:5180/api/genres - null null
2025-11-24 21:51:38.506 +02:00 [INF] Executing endpoint 'CatalogService.Api.Controllers.BooksController.GetAll (CatalogService.Api)'
2025-11-24 21:51:38.513 +02:00 [INF] Executing endpoint 'CatalogService.Api.Controllers.AuthorsController.GetAll (CatalogService.Api)'
2025-11-24 21:51:38.520 +02:00 [INF] Executing endpoint 'CatalogService.Api.Controllers.GenresController.GetAll (CatalogService.Api)'
2025-11-24 21:51:38.523 +02:00 [INF] Route matched with {action = "GetAll", controller = "Books"}. Executing controller action with signature System.Threading.Tasks.Task`1[Microsoft.AspNetCore.Mvc.IActionResult] GetAll() on controller CatalogService.Api.Controllers.BooksController (CatalogService.Api).
2025-11-24 21:51:38.526 +02:00 [INF] Route matched with {action = "GetAll", controller = "Authors"}. Executing controller action with signature System.Threading.Tasks.Task`1[Microsoft.AspNetCore.Mvc.IActionResult] GetAll() on controller CatalogService.Api.Controllers.AuthorsController (CatalogService.Api).
2025-11-24 21:51:38.530 +02:00 [INF] Route matched with {action = "GetAll", controller = "Genres"}. Executing controller action with signature System.Threading.Tasks.Task`1[Microsoft.AspNetCore.Mvc.IActionResult] GetAll() on controller CatalogService.Api.Controllers.GenresController (CatalogService.Api).
2025-11-24 21:51:38.541 +02:00 [INF] Executed DbCommand (3ms) [Parameters=[], CommandType='"Text"', CommandTimeout='30']
SELECT b.id, b.authorid, b.genreid, b.title, a.id, a.name, g.id, g.name
FROM books AS b
INNER JOIN authors AS a ON b.authorid = a.id
INNER JOIN genres AS g ON b.genreid = g.id
2025-11-24 21:51:38.544 +02:00 [INF] Executed DbCommand (1ms) [Parameters=[], CommandType='"Text"', CommandTimeout='30']
SELECT a.id, a.name
FROM authors AS a
2025-11-24 21:51:38.549 +02:00 [INF] Executed DbCommand (1ms) [Parameters=[], CommandType='"Text"', CommandTimeout='30']
SELECT g.id, g.name
FROM genres AS g
2025-11-24 21:51:38.552 +02:00 [INF] Executing OkObjectResult, writing value of type 'System.Collections.Generic.List`1[[CatalogService.Bll.Dtos.BookDto, CatalogService.Bll, Version=1.0.0.0, Culture=neutral, PublicKeyToken=null]]'.
2025-11-24 21:51:38.558 +02:00 [INF] Executing OkObjectResult, writing value of type 'System.Collections.Generic.List`1[[CatalogService.Bll.Dtos.AuthorDto, CatalogService.Bll, Version=1.0.0.0, Culture=neutral, PublicKeyToken=null]]'.
2025-11-24 21:51:38.563 +02:00 [INF] Executing OkObjectResult, writing value of type 'System.Collections.Generic.List`1[[CatalogService.Bll.Dtos.GenreDto, CatalogService.Bll, Version=1.0.0.0, Culture=neutral, PublicKeyToken=null]]'.
2025-11-24 21:51:38.566 +02:00 [INF] Executed action CatalogService.Api.Controllers.BooksController.GetAll (CatalogService.Api) in 30.8536ms
2025-11-24 21:51:38.570 +02:00 [INF] Executed action CatalogService.Api.Controllers.AuthorsController.GetAll (CatalogService.Api) in 29.1458ms
2025-11-24 21:51:38.572 +02:00 [INF] Request starting HTTP/1.1 GET http://localhost:5180/api/books - null null
2025-11-24 21:51:38.572 +02:00 [INF] Executed action CatalogService.Api.Controllers.GenresController.GetAll (CatalogService.Api) in 26.5668ms
2025-11-24 21:51:38.574 +02:00 [INF] Executed endpoint 'CatalogService.Api.Controllers.BooksController.GetAll (CatalogService.Api)'
2025-11-24 21:51:38.574 +02:00 [INF] Request starting HTTP/1.1 GET http://localhost:5180/api/authors - null null
2025-11-24 21:51:38.576 +02:00 [INF] Request starting HTTP/1.1 GET http://localhost:5180/api/genres - null null
2025-11-24 21:51:38.577 +02:00 [INF] Executed endpoint 'CatalogService.Api.Controllers.AuthorsController.GetAll (CatalogService.Api)'
2025-11-24 21:51:38.583 +02:00 [INF] Executing endpoint 'CatalogService.Api.Controllers.BooksController.GetAll (CatalogService.Api)'
2025-11-24 21:51:38.585 +02:00 [INF] Executed endpoint 'CatalogService.Api.Controllers.GenresController.GetAll (CatalogService.Api)'
2025-11-24 21:51:38.588 +02:00 [INF] Request finished HTTP/1.1 GET http://localhost:5180/api/books - 200 null application/json; charset=utf-8 90.9056ms
2025-11-24 21:51:38.592 +02:00 [INF] Executing endpoint 'CatalogService.Api.Controllers.AuthorsController.GetAll (CatalogService.Api)'
2025-11-24 21:51:38.599 +02:00 [INF] Executing endpoint 'CatalogService.Api.Controllers.GenresController.GetAll (CatalogService.Api)'
2025-11-24 21:51:38.602 +02:00 [INF] Request finished HTTP/1.1 GET http://localhost:5180/api/authors - 200 null application/json; charset=utf-8 103.7845ms
2025-11-24 21:51:38.604 +02:00 [INF] Route matched with {action = "GetAll", controller = "Books"}. Executing controller action with signature System.Threading.Tasks.Task`1[Microsoft.AspNetCore.Mvc.IActionResult] GetAll() on controller CatalogService.Api.Controllers.BooksController (CatalogService.Api).
2025-11-24 21:51:38.607 +02:00 [INF] Request finished HTTP/1.1 GET http://localhost:5180/api/genres - 200 null application/json; charset=utf-8 108.6547ms
2025-11-24 21:51:38.617 +02:00 [INF] Route matched with {action = "GetAll", controller = "Authors"}. Executing controller action with signature System.Threading.Tasks.Task`1[Microsoft.AspNetCore.Mvc.IActionResult] GetAll() on controller CatalogService.Api.Controllers.AuthorsController (CatalogService.Api).
2025-11-24 21:51:38.619 +02:00 [INF] Route matched with {action = "GetAll", controller = "Genres"}. Executing controller action with signature System.Threading.Tasks.Task`1[Microsoft.AspNetCore.Mvc.IActionResult] GetAll() on controller CatalogService.Api.Controllers.GenresController (CatalogService.Api).
2025-11-24 21:51:38.632 +02:00 [INF] Executed DbCommand (1ms) [Parameters=[], CommandType='"Text"', CommandTimeout='30']
SELECT b.id, b.authorid, b.genreid, b.title, a.id, a.name, g.id, g.name
FROM books AS b
INNER JOIN authors AS a ON b.authorid = a.id
INNER JOIN genres AS g ON b.genreid = g.id
2025-11-24 21:51:38.639 +02:00 [INF] Executed DbCommand (1ms) [Parameters=[], CommandType='"Text"', CommandTimeout='30']
SELECT a.id, a.name
FROM authors AS a
2025-11-24 21:51:38.642 +02:00 [INF] Executed DbCommand (1ms) [Parameters=[], CommandType='"Text"', CommandTimeout='30']
SELECT g.id, g.name
FROM genres AS g
2025-11-24 21:51:38.647 +02:00 [INF] Executing OkObjectResult, writing value of type 'System.Collections.Generic.List`1[[CatalogService.Bll.Dtos.BookDto, CatalogService.Bll, Version=1.0.0.0, Culture=neutral, PublicKeyToken=null]]'.
2025-11-24 21:51:38.650 +02:00 [INF] Executing OkObjectResult, writing value of type 'System.Collections.Generic.List`1[[CatalogService.Bll.Dtos.AuthorDto, CatalogService.Bll, Version=1.0.0.0, Culture=neutral, PublicKeyToken=null]]'.
2025-11-24 21:51:38.654 +02:00 [INF] Executing OkObjectResult, writing value of type 'System.Collections.Generic.List`1[[CatalogService.Bll.Dtos.GenreDto, CatalogService.Bll, Version=1.0.0.0, Culture=neutral, PublicKeyToken=null]]'.
2025-11-24 21:51:38.656 +02:00 [INF] Executed action CatalogService.Api.Controllers.BooksController.GetAll (CatalogService.Api) in 26.547ms
2025-11-24 21:51:38.659 +02:00 [INF] Executed action CatalogService.Api.Controllers.AuthorsController.GetAll (CatalogService.Api) in 21.0741ms
2025-11-24 21:51:38.661 +02:00 [INF] Executed action CatalogService.Api.Controllers.GenresController.GetAll (CatalogService.Api) in 20.2105ms
2025-11-24 21:51:38.663 +02:00 [INF] Executed endpoint 'CatalogService.Api.Controllers.BooksController.GetAll (CatalogService.Api)'
2025-11-24 21:51:38.666 +02:00 [INF] Executed endpoint 'CatalogService.Api.Controllers.AuthorsController.GetAll (CatalogService.Api)'
2025-11-24 21:51:38.668 +02:00 [INF] Executed endpoint 'CatalogService.Api.Controllers.GenresController.GetAll (CatalogService.Api)'
2025-11-24 21:51:38.670 +02:00 [INF] Request finished HTTP/1.1 GET http://localhost:5180/api/books - 200 null application/json; charset=utf-8 97.956ms
2025-11-24 21:51:38.672 +02:00 [INF] Request finished HTTP/1.1 GET http://localhost:5180/api/authors - 200 null application/json; charset=utf-8 97.6457ms
2025-11-24 21:51:38.674 +02:00 [INF] Request finished HTTP/1.1 GET http://localhost:5180/api/genres - 200 null application/json; charset=utf-8 97.4349ms
2025-11-24 21:51:46.170 +02:00 [INF] Request starting HTTP/1.1 GET http://localhost:5180/api/books/1 - null null
2025-11-24 21:51:46.180 +02:00 [INF] Executing endpoint 'CatalogService.Api.Controllers.BooksController.GetById (CatalogService.Api)'
2025-11-24 21:51:46.184 +02:00 [INF] Route matched with {action = "GetById", controller = "Books"}. Executing controller action with signature System.Threading.Tasks.Task`1[Microsoft.AspNetCore.Mvc.IActionResult] GetById(Int32) on controller CatalogService.Api.Controllers.BooksController (CatalogService.Api).
2025-11-24 21:51:46.199 +02:00 [INF] Executed DbCommand (2ms) [Parameters=[@__id_0='?' (DbType = Int32)], CommandType='"Text"', CommandTimeout='30']
SELECT b.id, b.authorid, b.genreid, b.title, a.id, a.name, g.id, g.name
FROM books AS b
INNER JOIN authors AS a ON b.authorid = a.id
INNER JOIN genres AS g ON b.genreid = g.id
WHERE b.id = @__id_0
LIMIT 1
2025-11-24 21:51:46.212 +02:00 [INF] Executing OkObjectResult, writing value of type 'CatalogService.Bll.Dtos.BookDto'.
2025-11-24 21:51:46.220 +02:00 [INF] Executed action CatalogService.Api.Controllers.BooksController.GetById (CatalogService.Api) in 28.5093ms
2025-11-24 21:51:46.226 +02:00 [INF] Executed endpoint 'CatalogService.Api.Controllers.BooksController.GetById (CatalogService.Api)'
2025-11-24 21:51:46.232 +02:00 [INF] Request finished HTTP/1.1 GET http://localhost:5180/api/books/1 - 200 null application/json; charset=utf-8 62.1269ms
2025-11-24 21:51:46.328 +02:00 [INF] Request starting HTTP/1.1 GET http://localhost:5180/api/books - null null
2025-11-24 21:51:46.328 +02:00 [INF] Request starting HTTP/1.1 GET http://localhost:5180/api/authors - null null
2025-11-24 21:51:46.328 +02:00 [INF] Request starting HTTP/1.1 GET http://localhost:5180/api/genres - null null
2025-11-24 21:51:46.334 +02:00 [INF] Executing endpoint 'CatalogService.Api.Controllers.BooksController.GetAll (CatalogService.Api)'
2025-11-24 21:51:46.340 +02:00 [INF] Executing endpoint 'CatalogService.Api.Controllers.AuthorsController.GetAll (CatalogService.Api)'
2025-11-24 21:51:46.347 +02:00 [INF] Executing endpoint 'CatalogService.Api.Controllers.GenresController.GetAll (CatalogService.Api)'
2025-11-24 21:51:46.349 +02:00 [INF] Route matched with {action = "GetAll", controller = "Books"}. Executing controller action with signature System.Threading.Tasks.Task`1[Microsoft.AspNetCore.Mvc.IActionResult] GetAll() on controller CatalogService.Api.Controllers.BooksController (CatalogService.Api).
2025-11-24 21:51:46.352 +02:00 [INF] Route matched with {action = "GetAll", controller = "Authors"}. Executing controller action with signature System.Threading.Tasks.Task`1[Microsoft.AspNetCore.Mvc.IActionResult] GetAll() on controller CatalogService.Api.Controllers.AuthorsController (CatalogService.Api).
2025-11-24 21:51:46.355 +02:00 [INF] Route matched with {action = "GetAll", controller = "Genres"}. Executing controller action with signature System.Threading.Tasks.Task`1[Microsoft.AspNetCore.Mvc.IActionResult] GetAll() on controller CatalogService.Api.Controllers.GenresController (CatalogService.Api).
2025-11-24 21:51:46.363 +02:00 [INF] Executed DbCommand (1ms) [Parameters=[], CommandType='"Text"', CommandTimeout='30']
SELECT b.id, b.authorid, b.genreid, b.title, a.id, a.name, g.id, g.name
FROM books AS b
INNER JOIN authors AS a ON b.authorid = a.id
INNER JOIN genres AS g ON b.genreid = g.id
2025-11-24 21:51:46.368 +02:00 [INF] Executed DbCommand (1ms) [Parameters=[], CommandType='"Text"', CommandTimeout='30']
SELECT a.id, a.name
FROM authors AS a
2025-11-24 21:51:46.373 +02:00 [INF] Executed DbCommand (1ms) [Parameters=[], CommandType='"Text"', CommandTimeout='30']
SELECT g.id, g.name
FROM genres AS g
2025-11-24 21:51:46.379 +02:00 [INF] Executing OkObjectResult, writing value of type 'System.Collections.Generic.List`1[[CatalogService.Bll.Dtos.BookDto, CatalogService.Bll, Version=1.0.0.0, Culture=neutral, PublicKeyToken=null]]'.
2025-11-24 21:51:46.384 +02:00 [INF] Executing OkObjectResult, writing value of type 'System.Collections.Generic.List`1[[CatalogService.Bll.Dtos.AuthorDto, CatalogService.Bll, Version=1.0.0.0, Culture=neutral, PublicKeyToken=null]]'.
2025-11-24 21:51:46.389 +02:00 [INF] Executing OkObjectResult, writing value of type 'System.Collections.Generic.List`1[[CatalogService.Bll.Dtos.GenreDto, CatalogService.Bll, Version=1.0.0.0, Culture=neutral, PublicKeyToken=null]]'.
2025-11-24 21:51:46.393 +02:00 [INF] Executed action CatalogService.Api.Controllers.BooksController.GetAll (CatalogService.Api) in 31.6402ms
2025-11-24 21:51:46.397 +02:00 [INF] Executed action CatalogService.Api.Controllers.AuthorsController.GetAll (CatalogService.Api) in 30.0376ms
2025-11-24 21:51:46.400 +02:00 [INF] Executed action CatalogService.Api.Controllers.GenresController.GetAll (CatalogService.Api) in 28.2125ms
2025-11-24 21:51:46.404 +02:00 [INF] Executed endpoint 'CatalogService.Api.Controllers.BooksController.GetAll (CatalogService.Api)'
2025-11-24 21:51:46.406 +02:00 [INF] Executed endpoint 'CatalogService.Api.Controllers.AuthorsController.GetAll (CatalogService.Api)'
2025-11-24 21:51:46.410 +02:00 [INF] Executed endpoint 'CatalogService.Api.Controllers.GenresController.GetAll (CatalogService.Api)'
2025-11-24 21:51:46.412 +02:00 [INF] Request finished HTTP/1.1 GET http://localhost:5180/api/books - 200 null application/json; charset=utf-8 84.789ms
2025-11-24 21:51:46.415 +02:00 [INF] Request finished HTTP/1.1 GET http://localhost:5180/api/authors - 200 null application/json; charset=utf-8 87.2984ms
2025-11-24 21:51:46.418 +02:00 [INF] Request finished HTTP/1.1 GET http://localhost:5180/api/genres - 200 null application/json; charset=utf-8 89.7688ms
2025-11-24 21:52:00.639 +02:00 [INF] Request starting HTTP/1.1 GET http://localhost:5180/api/books - null null
2025-11-24 21:52:00.639 +02:00 [INF] Request starting HTTP/1.1 GET http://localhost:5180/api/authors - null null
2025-11-24 21:52:00.640 +02:00 [INF] Request starting HTTP/1.1 GET http://localhost:5180/api/genres - null null
2025-11-24 21:52:00.647 +02:00 [INF] Executing endpoint 'CatalogService.Api.Controllers.BooksController.GetAll (CatalogService.Api)'
2025-11-24 21:52:00.652 +02:00 [INF] Executing endpoint 'CatalogService.Api.Controllers.AuthorsController.GetAll (CatalogService.Api)'
2025-11-24 21:52:00.661 +02:00 [INF] Executing endpoint 'CatalogService.Api.Controllers.GenresController.GetAll (CatalogService.Api)'
2025-11-24 21:52:00.665 +02:00 [INF] Route matched with {action = "GetAll", controller = "Books"}. Executing controller action with signature System.Threading.Tasks.Task`1[Microsoft.AspNetCore.Mvc.IActionResult] GetAll() on controller CatalogService.Api.Controllers.BooksController (CatalogService.Api).
2025-11-24 21:52:00.668 +02:00 [INF] Route matched with {action = "GetAll", controller = "Authors"}. Executing controller action with signature System.Threading.Tasks.Task`1[Microsoft.AspNetCore.Mvc.IActionResult] GetAll() on controller CatalogService.Api.Controllers.AuthorsController (CatalogService.Api).
2025-11-24 21:52:00.671 +02:00 [INF] Route matched with {action = "GetAll", controller = "Genres"}. Executing controller action with signature System.Threading.Tasks.Task`1[Microsoft.AspNetCore.Mvc.IActionResult] GetAll() on controller CatalogService.Api.Controllers.GenresController (CatalogService.Api).
2025-11-24 21:52:00.680 +02:00 [INF] Executed DbCommand (1ms) [Parameters=[], CommandType='"Text"', CommandTimeout='30']
SELECT b.id, b.authorid, b.genreid, b.title, a.id, a.name, g.id, g.name
FROM books AS b
INNER JOIN authors AS a ON b.authorid = a.id
INNER JOIN genres AS g ON b.genreid = g.id
2025-11-24 21:52:00.684 +02:00 [INF] Executed DbCommand (1ms) [Parameters=[], CommandType='"Text"', CommandTimeout='30']
SELECT a.id, a.name
FROM authors AS a
2025-11-24 21:52:00.688 +02:00 [INF] Executed DbCommand (1ms) [Parameters=[], CommandType='"Text"', CommandTimeout='30']
SELECT g.id, g.name
FROM genres AS g
2025-11-24 21:52:00.693 +02:00 [INF] Executing OkObjectResult, writing value of type 'System.Collections.Generic.List`1[[CatalogService.Bll.Dtos.BookDto, CatalogService.Bll, Version=1.0.0.0, Culture=neutral, PublicKeyToken=null]]'.
2025-11-24 21:52:00.698 +02:00 [INF] Executing OkObjectResult, writing value of type 'System.Collections.Generic.List`1[[CatalogService.Bll.Dtos.AuthorDto, CatalogService.Bll, Version=1.0.0.0, Culture=neutral, PublicKeyToken=null]]'.
2025-11-24 21:52:00.703 +02:00 [INF] Executing OkObjectResult, writing value of type 'System.Collections.Generic.List`1[[CatalogService.Bll.Dtos.GenreDto, CatalogService.Bll, Version=1.0.0.0, Culture=neutral, PublicKeyToken=null]]'.
2025-11-24 21:52:00.706 +02:00 [INF] Executed action CatalogService.Api.Controllers.BooksController.GetAll (CatalogService.Api) in 29.4402ms
2025-11-24 21:52:00.710 +02:00 [INF] Executed action CatalogService.Api.Controllers.AuthorsController.GetAll (CatalogService.Api) in 28.0223ms
2025-11-24 21:52:00.714 +02:00 [INF] Executed action CatalogService.Api.Controllers.GenresController.GetAll (CatalogService.Api) in 27.0711ms
2025-11-24 21:52:00.712 +02:00 [INF] Request starting HTTP/1.1 GET http://localhost:5180/api/books - null null
2025-11-24 21:52:00.717 +02:00 [INF] Executed endpoint 'CatalogService.Api.Controllers.BooksController.GetAll (CatalogService.Api)'
2025-11-24 21:52:00.715 +02:00 [INF] Request starting HTTP/1.1 GET http://localhost:5180/api/authors - null null
2025-11-24 21:52:00.718 +02:00 [INF] Request starting HTTP/1.1 GET http://localhost:5180/api/genres - null null
2025-11-24 21:52:00.720 +02:00 [INF] Executed endpoint 'CatalogService.Api.Controllers.AuthorsController.GetAll (CatalogService.Api)'
2025-11-24 21:52:00.722 +02:00 [INF] Executed endpoint 'CatalogService.Api.Controllers.GenresController.GetAll (CatalogService.Api)'
2025-11-24 21:52:00.727 +02:00 [INF] Executing endpoint 'CatalogService.Api.Controllers.BooksController.GetAll (CatalogService.Api)'
2025-11-24 21:52:00.730 +02:00 [INF] Request finished HTTP/1.1 GET http://localhost:5180/api/books - 200 null application/json; charset=utf-8 90.8197ms
2025-11-24 21:52:00.737 +02:00 [INF] Executing endpoint 'CatalogService.Api.Controllers.AuthorsController.GetAll (CatalogService.Api)'
2025-11-24 21:52:00.741 +02:00 [INF] Executing endpoint 'CatalogService.Api.Controllers.GenresController.GetAll (CatalogService.Api)'
2025-11-24 21:52:00.744 +02:00 [INF] Request finished HTTP/1.1 GET http://localhost:5180/api/authors - 200 null application/json; charset=utf-8 104.2714ms
2025-11-24 21:52:00.746 +02:00 [INF] Request finished HTTP/1.1 GET http://localhost:5180/api/genres - 200 null application/json; charset=utf-8 106.6122ms
2025-11-24 21:52:00.748 +02:00 [INF] Route matched with {action = "GetAll", controller = "Books"}. Executing controller action with signature System.Threading.Tasks.Task`1[Microsoft.AspNetCore.Mvc.IActionResult] GetAll() on controller CatalogService.Api.Controllers.BooksController (CatalogService.Api).
2025-11-24 21:52:00.758 +02:00 [INF] Route matched with {action = "GetAll", controller = "Authors"}. Executing controller action with signature System.Threading.Tasks.Task`1[Microsoft.AspNetCore.Mvc.IActionResult] GetAll() on controller CatalogService.Api.Controllers.AuthorsController (CatalogService.Api).
2025-11-24 21:52:00.761 +02:00 [INF] Route matched with {action = "GetAll", controller = "Genres"}. Executing controller action with signature System.Threading.Tasks.Task`1[Microsoft.AspNetCore.Mvc.IActionResult] GetAll() on controller CatalogService.Api.Controllers.GenresController (CatalogService.Api).
2025-11-24 21:52:00.778 +02:00 [INF] Executed DbCommand (1ms) [Parameters=[], CommandType='"Text"', CommandTimeout='30']
SELECT b.id, b.authorid, b.genreid, b.title, a.id, a.name, g.id, g.name
FROM books AS b
INNER JOIN authors AS a ON b.authorid = a.id
INNER JOIN genres AS g ON b.genreid = g.id
2025-11-24 21:52:00.781 +02:00 [INF] Executed DbCommand (1ms) [Parameters=[], CommandType='"Text"', CommandTimeout='30']
SELECT a.id, a.name
FROM authors AS a
2025-11-24 21:52:00.785 +02:00 [INF] Executed DbCommand (1ms) [Parameters=[], CommandType='"Text"', CommandTimeout='30']
SELECT g.id, g.name
FROM genres AS g
2025-11-24 21:52:00.789 +02:00 [INF] Executing OkObjectResult, writing value of type 'System.Collections.Generic.List`1[[CatalogService.Bll.Dtos.BookDto, CatalogService.Bll, Version=1.0.0.0, Culture=neutral, PublicKeyToken=null]]'.
2025-11-24 21:52:00.794 +02:00 [INF] Executing OkObjectResult, writing value of type 'System.Collections.Generic.List`1[[CatalogService.Bll.Dtos.AuthorDto, CatalogService.Bll, Version=1.0.0.0, Culture=neutral, PublicKeyToken=null]]'.
2025-11-24 21:52:00.798 +02:00 [INF] Executing OkObjectResult, writing value of type 'System.Collections.Generic.List`1[[CatalogService.Bll.Dtos.GenreDto, CatalogService.Bll, Version=1.0.0.0, Culture=neutral, PublicKeyToken=null]]'.
2025-11-24 21:52:00.802 +02:00 [INF] Executed action CatalogService.Api.Controllers.BooksController.GetAll (CatalogService.Api) in 25.5407ms
2025-11-24 21:52:00.805 +02:00 [INF] Executed action CatalogService.Api.Controllers.AuthorsController.GetAll (CatalogService.Api) in 25.0669ms
2025-11-24 21:52:00.808 +02:00 [INF] Executed action CatalogService.Api.Controllers.GenresController.GetAll (CatalogService.Api) in 24.1576ms
2025-11-24 21:52:00.811 +02:00 [INF] Executed endpoint 'CatalogService.Api.Controllers.BooksController.GetAll (CatalogService.Api)'
2025-11-24 21:52:00.814 +02:00 [INF] Executed endpoint 'CatalogService.Api.Controllers.AuthorsController.GetAll (CatalogService.Api)'
2025-11-24 21:52:00.816 +02:00 [INF] Executed endpoint 'CatalogService.Api.Controllers.GenresController.GetAll (CatalogService.Api)'
2025-11-24 21:52:00.819 +02:00 [INF] Request finished HTTP/1.1 GET http://localhost:5180/api/books - 200 null application/json; charset=utf-8 106.4608ms
2025-11-24 21:52:00.821 +02:00 [INF] Request finished HTTP/1.1 GET http://localhost:5180/api/authors - 200 null application/json; charset=utf-8 106.13ms
2025-11-24 21:52:00.824 +02:00 [INF] Request finished HTTP/1.1 GET http://localhost:5180/api/genres - 200 null application/json; charset=utf-8 105.2031ms
2025-11-24 21:52:06.691 +02:00 [INF] Request starting HTTP/1.1 GET http://localhost:5180/api/books/1 - null null
2025-11-24 21:52:06.698 +02:00 [INF] Executing endpoint 'CatalogService.Api.Controllers.BooksController.GetById (CatalogService.Api)'
2025-11-24 21:52:06.700 +02:00 [INF] Route matched with {action = "GetById", controller = "Books"}. Executing controller action with signature System.Threading.Tasks.Task`1[Microsoft.AspNetCore.Mvc.IActionResult] GetById(Int32) on controller CatalogService.Api.Controllers.BooksController (CatalogService.Api).
2025-11-24 21:52:06.708 +02:00 [INF] Executed DbCommand (1ms) [Parameters=[@__id_0='?' (DbType = Int32)], CommandType='"Text"', CommandTimeout='30']
SELECT b.id, b.authorid, b.genreid, b.title, a.id, a.name, g.id, g.name
FROM books AS b
INNER JOIN authors AS a ON b.authorid = a.id
INNER JOIN genres AS g ON b.genreid = g.id
WHERE b.id = @__id_0
LIMIT 1
2025-11-24 21:52:06.715 +02:00 [INF] Executing OkObjectResult, writing value of type 'CatalogService.Bll.Dtos.BookDto'.
2025-11-24 21:52:06.719 +02:00 [INF] Executed action CatalogService.Api.Controllers.BooksController.GetById (CatalogService.Api) in 13.8753ms
2025-11-24 21:52:06.723 +02:00 [INF] Executed endpoint 'CatalogService.Api.Controllers.BooksController.GetById (CatalogService.Api)'
2025-11-24 21:52:06.726 +02:00 [INF] Request finished HTTP/1.1 GET http://localhost:5180/api/books/1 - 200 null application/json; charset=utf-8 34.7832ms
2025-11-24 21:54:08.810 +02:00 [INF] Now listening on: http://localhost:5180
2025-11-24 21:54:08.911 +02:00 [INF] Application started. Press Ctrl+C to shut down.
2025-11-24 21:54:08.914 +02:00 [INF] Hosting environment: Development
2025-11-24 21:54:08.916 +02:00 [INF] Content root path: C:\Users\Admin\Documents\projects\LibrarySystem\CatalogService\CatalogService.Api
2025-11-24 21:54:17.305 +02:00 [INF] Request starting HTTP/1.1 GET http://localhost:5180/api/genres - null null
2025-11-24 21:54:17.305 +02:00 [INF] Request starting HTTP/1.1 GET http://localhost:5180/api/books - null null
2025-11-24 21:54:17.305 +02:00 [INF] Request starting HTTP/1.1 GET http://localhost:5180/api/authors - null null
2025-11-24 21:54:17.374 +02:00 [INF] Executing endpoint 'CatalogService.Api.Controllers.BooksController.GetAll (CatalogService.Api)'
2025-11-24 21:54:17.374 +02:00 [INF] Executing endpoint 'CatalogService.Api.Controllers.AuthorsController.GetAll (CatalogService.Api)'
2025-11-24 21:54:17.374 +02:00 [INF] Executing endpoint 'CatalogService.Api.Controllers.GenresController.GetAll (CatalogService.Api)'
2025-11-24 21:54:17.402 +02:00 [INF] Route matched with {action = "GetAll", controller = "Books"}. Executing controller action with signature System.Threading.Tasks.Task`1[Microsoft.AspNetCore.Mvc.IActionResult] GetAll() on controller CatalogService.Api.Controllers.BooksController (CatalogService.Api).
2025-11-24 21:54:17.402 +02:00 [INF] Route matched with {action = "GetAll", controller = "Genres"}. Executing controller action with signature System.Threading.Tasks.Task`1[Microsoft.AspNetCore.Mvc.IActionResult] GetAll() on controller CatalogService.Api.Controllers.GenresController (CatalogService.Api).
2025-11-24 21:54:17.402 +02:00 [INF] Route matched with {action = "GetAll", controller = "Authors"}. Executing controller action with signature System.Threading.Tasks.Task`1[Microsoft.AspNetCore.Mvc.IActionResult] GetAll() on controller CatalogService.Api.Controllers.AuthorsController (CatalogService.Api).
2025-11-24 21:54:19.143 +02:00 [INF] Executed DbCommand (28ms) [Parameters=[], CommandType='"Text"', CommandTimeout='30']
SELECT a.id, a.name
FROM authors AS a
2025-11-24 21:54:19.143 +02:00 [INF] Executed DbCommand (28ms) [Parameters=[], CommandType='"Text"', CommandTimeout='30']
SELECT g.id, g.name
FROM genres AS g
2025-11-24 21:54:19.143 +02:00 [INF] Executed DbCommand (28ms) [Parameters=[], CommandType='"Text"', CommandTimeout='30']
SELECT b.id, b.authorid, b.genreid, b.title, a.id, a.name, g.id, g.name
FROM books AS b
INNER JOIN authors AS a ON b.authorid = a.id
INNER JOIN genres AS g ON b.genreid = g.id
2025-11-24 21:54:19.255 +02:00 [INF] Executing OkObjectResult, writing value of type 'System.Collections.Generic.List`1[[CatalogService.Bll.Dtos.BookDto, CatalogService.Bll, Version=1.0.0.0, Culture=neutral, PublicKeyToken=null]]'.
2025-11-24 21:54:19.256 +02:00 [INF] Executing OkObjectResult, writing value of type 'System.Collections.Generic.List`1[[CatalogService.Bll.Dtos.GenreDto, CatalogService.Bll, Version=1.0.0.0, Culture=neutral, PublicKeyToken=null]]'.
2025-11-24 21:54:19.256 +02:00 [INF] Executing OkObjectResult, writing value of type 'System.Collections.Generic.List`1[[CatalogService.Bll.Dtos.AuthorDto, CatalogService.Bll, Version=1.0.0.0, Culture=neutral, PublicKeyToken=null]]'.
2025-11-24 21:54:19.295 +02:00 [INF] Executed action CatalogService.Api.Controllers.GenresController.GetAll (CatalogService.Api) in 1877.9254ms
2025-11-24 21:54:19.295 +02:00 [INF] Executed action CatalogService.Api.Controllers.BooksController.GetAll (CatalogService.Api) in 1881.5754ms
2025-11-24 21:54:19.295 +02:00 [INF] Executed action CatalogService.Api.Controllers.AuthorsController.GetAll (CatalogService.Api) in 1872.5436ms
2025-11-24 21:54:19.299 +02:00 [INF] Request starting HTTP/1.1 GET http://localhost:5180/api/authors - null null
2025-11-24 21:54:19.299 +02:00 [INF] Request starting HTTP/1.1 GET http://localhost:5180/api/books - null null
2025-11-24 21:54:19.299 +02:00 [INF] Request starting HTTP/1.1 GET http://localhost:5180/api/genres - null null
2025-11-24 21:54:19.302 +02:00 [INF] Executed endpoint 'CatalogService.Api.Controllers.GenresController.GetAll (CatalogService.Api)'
2025-11-24 21:54:19.305 +02:00 [INF] Executed endpoint 'CatalogService.Api.Controllers.BooksController.GetAll (CatalogService.Api)'
2025-11-24 21:54:19.308 +02:00 [INF] Executed endpoint 'CatalogService.Api.Controllers.AuthorsController.GetAll (CatalogService.Api)'
2025-11-24 21:54:19.318 +02:00 [INF] Executing endpoint 'CatalogService.Api.Controllers.AuthorsController.GetAll (CatalogService.Api)'
2025-11-24 21:54:19.321 +02:00 [INF] Executing endpoint 'CatalogService.Api.Controllers.BooksController.GetAll (CatalogService.Api)'
2025-11-24 21:54:19.327 +02:00 [INF] Executing endpoint 'CatalogService.Api.Controllers.GenresController.GetAll (CatalogService.Api)'
2025-11-24 21:54:19.341 +02:00 [INF] Route matched with {action = "GetAll", controller = "Authors"}. Executing controller action with signature System.Threading.Tasks.Task`1[Microsoft.AspNetCore.Mvc.IActionResult] GetAll() on controller CatalogService.Api.Controllers.AuthorsController (CatalogService.Api).
2025-11-24 21:54:19.343 +02:00 [INF] Request finished HTTP/1.1 GET http://localhost:5180/api/books - 200 null application/json; charset=utf-8 2041.975ms
2025-11-24 21:54:19.343 +02:00 [INF] Request finished HTTP/1.1 GET http://localhost:5180/api/genres - 200 null application/json; charset=utf-8 2041.908ms
2025-11-24 21:54:19.343 +02:00 [INF] Request finished HTTP/1.1 GET http://localhost:5180/api/authors - 200 null application/json; charset=utf-8 2041.9841ms
2025-11-24 21:54:19.344 +02:00 [INF] Route matched with {action = "GetAll", controller = "Books"}. Executing controller action with signature System.Threading.Tasks.Task`1[Microsoft.AspNetCore.Mvc.IActionResult] GetAll() on controller CatalogService.Api.Controllers.BooksController (CatalogService.Api).
2025-11-24 21:54:19.347 +02:00 [INF] Route matched with {action = "GetAll", controller = "Genres"}. Executing controller action with signature System.Threading.Tasks.Task`1[Microsoft.AspNetCore.Mvc.IActionResult] GetAll() on controller CatalogService.Api.Controllers.GenresController (CatalogService.Api).
2025-11-24 21:54:19.440 +02:00 [INF] Executed DbCommand (5ms) [Parameters=[], CommandType='"Text"', CommandTimeout='30']
SELECT a.id, a.name
FROM authors AS a
2025-11-24 21:54:19.440 +02:00 [INF] Executed DbCommand (3ms) [Parameters=[], CommandType='"Text"', CommandTimeout='30']
SELECT b.id, b.authorid, b.genreid, b.title, a.id, a.name, g.id, g.name
FROM books AS b
INNER JOIN authors AS a ON b.authorid = a.id
INNER JOIN genres AS g ON b.genreid = g.id
2025-11-24 21:54:19.440 +02:00 [INF] Executed DbCommand (5ms) [Parameters=[], CommandType='"Text"', CommandTimeout='30']
SELECT g.id, g.name
FROM genres AS g
2025-11-24 21:54:19.448 +02:00 [INF] Executing OkObjectResult, writing value of type 'System.Collections.Generic.List`1[[CatalogService.Bll.Dtos.AuthorDto, CatalogService.Bll, Version=1.0.0.0, Culture=neutral, PublicKeyToken=null]]'.
2025-11-24 21:54:19.453 +02:00 [INF] Executing OkObjectResult, writing value of type 'System.Collections.Generic.List`1[[CatalogService.Bll.Dtos.BookDto, CatalogService.Bll, Version=1.0.0.0, Culture=neutral, PublicKeyToken=null]]'.
2025-11-24 21:54:19.458 +02:00 [INF] Executing OkObjectResult, writing value of type 'System.Collections.Generic.List`1[[CatalogService.Bll.Dtos.GenreDto, CatalogService.Bll, Version=1.0.0.0, Culture=neutral, PublicKeyToken=null]]'.
2025-11-24 21:54:19.462 +02:00 [INF] Executed action CatalogService.Api.Controllers.AuthorsController.GetAll (CatalogService.Api) in 110.4503ms
2025-11-24 21:54:19.465 +02:00 [INF] Executed action CatalogService.Api.Controllers.BooksController.GetAll (CatalogService.Api) in 90.1939ms
2025-11-24 21:54:19.469 +02:00 [INF] Executed action CatalogService.Api.Controllers.GenresController.GetAll (CatalogService.Api) in 89.9248ms
2025-11-24 21:54:19.472 +02:00 [INF] Executed endpoint 'CatalogService.Api.Controllers.AuthorsController.GetAll (CatalogService.Api)'
2025-11-24 21:54:19.475 +02:00 [INF] Executed endpoint 'CatalogService.Api.Controllers.BooksController.GetAll (CatalogService.Api)'
2025-11-24 21:54:19.477 +02:00 [INF] Executed endpoint 'CatalogService.Api.Controllers.GenresController.GetAll (CatalogService.Api)'
2025-11-24 21:54:19.479 +02:00 [INF] Request finished HTTP/1.1 GET http://localhost:5180/api/authors - 200 null application/json; charset=utf-8 180.3778ms
2025-11-24 21:54:19.481 +02:00 [INF] Request finished HTTP/1.1 GET http://localhost:5180/api/books - 200 null application/json; charset=utf-8 182.1954ms
2025-11-24 21:54:19.483 +02:00 [INF] Request finished HTTP/1.1 GET http://localhost:5180/api/genres - 200 null application/json; charset=utf-8 184.4007ms
2025-11-24 21:54:25.783 +02:00 [INF] Request starting HTTP/1.1 GET http://localhost:5180/api/books/3 - null null
2025-11-24 21:54:25.791 +02:00 [INF] Executing endpoint 'CatalogService.Api.Controllers.BooksController.GetById (CatalogService.Api)'
2025-11-24 21:54:25.809 +02:00 [INF] Route matched with {action = "GetById", controller = "Books"}. Executing controller action with signature System.Threading.Tasks.Task`1[Microsoft.AspNetCore.Mvc.IActionResult] GetById(Int32) on controller CatalogService.Api.Controllers.BooksController (CatalogService.Api).
2025-11-24 21:54:25.936 +02:00 [INF] Executed DbCommand (16ms) [Parameters=[@__id_0='?' (DbType = Int32)], CommandType='"Text"', CommandTimeout='30']
SELECT b.id, b.authorid, b.genreid, b.title, a.id, a.name, g.id, g.name
FROM books AS b
INNER JOIN authors AS a ON b.authorid = a.id
INNER JOIN genres AS g ON b.genreid = g.id
WHERE b.id = @__id_0
LIMIT 1
2025-11-24 21:54:25.947 +02:00 [INF] Executing OkObjectResult, writing value of type 'CatalogService.Bll.Dtos.BookDto'.
2025-11-24 21:54:25.950 +02:00 [INF] Executed action CatalogService.Api.Controllers.BooksController.GetById (CatalogService.Api) in 136.0031ms
2025-11-24 21:54:25.953 +02:00 [INF] Executed endpoint 'CatalogService.Api.Controllers.BooksController.GetById (CatalogService.Api)'
2025-11-24 21:54:25.954 +02:00 [INF] Request finished HTTP/1.1 GET http://localhost:5180/api/books/3 - 200 null application/json; charset=utf-8 171.6767ms
2025-11-24 21:54:36.655 +02:00 [INF] Request starting HTTP/1.1 GET http://localhost:5180/api/books/3 - null null
2025-11-24 21:54:36.663 +02:00 [INF] Executing endpoint 'CatalogService.Api.Controllers.BooksController.GetById (CatalogService.Api)'
2025-11-24 21:54:36.667 +02:00 [INF] Route matched with {action = "GetById", controller = "Books"}. Executing controller action with signature System.Threading.Tasks.Task`1[Microsoft.AspNetCore.Mvc.IActionResult] GetById(Int32) on controller CatalogService.Api.Controllers.BooksController (CatalogService.Api).
2025-11-24 21:54:36.677 +02:00 [INF] Executed DbCommand (1ms) [Parameters=[@__id_0='?' (DbType = Int32)], CommandType='"Text"', CommandTimeout='30']
SELECT b.id, b.authorid, b.genreid, b.title, a.id, a.name, g.id, g.name
FROM books AS b
INNER JOIN authors AS a ON b.authorid = a.id
INNER JOIN genres AS g ON b.genreid = g.id
WHERE b.id = @__id_0
LIMIT 1
2025-11-24 21:54:36.685 +02:00 [INF] Executing OkObjectResult, writing value of type 'CatalogService.Bll.Dtos.BookDto'.
2025-11-24 21:54:36.690 +02:00 [INF] Executed action CatalogService.Api.Controllers.BooksController.GetById (CatalogService.Api) in 17.7172ms
2025-11-24 21:54:36.694 +02:00 [INF] Executed endpoint 'CatalogService.Api.Controllers.BooksController.GetById (CatalogService.Api)'
2025-11-24 21:54:36.698 +02:00 [INF] Request finished HTTP/1.1 GET http://localhost:5180/api/books/3 - 200 null application/json; charset=utf-8 42.8876ms
2025-11-24 21:54:58.296 +02:00 [INF] Request starting HTTP/1.1 POST http://localhost:5180/api/books - application/json 46
2025-11-24 21:54:58.309 +02:00 [INF] CORS policy execution successful.
2025-11-24 21:54:58.312 +02:00 [INF] Executing endpoint 'CatalogService.Api.Controllers.BooksController.Create (CatalogService.Api)'
2025-11-24 21:54:58.318 +02:00 [INF] Route matched with {action = "Create", controller = "Books"}. Executing controller action with signature System.Threading.Tasks.Task`1[Microsoft.AspNetCore.Mvc.IActionResult] Create(CatalogService.Bll.Dtos.CreateBookDto) on controller CatalogService.Api.Controllers.BooksController (CatalogService.Api).
2025-11-24 21:54:58.514 +02:00 [INF] Executed DbCommand (8ms) [Parameters=[@p0='?' (DbType = Int32), @p1='?' (DbType = Int32), @p2='?'], CommandType='"Text"', CommandTimeout='30']
INSERT INTO books (authorid, genreid, title)
VALUES (@p0, @p1, @p2)
RETURNING id;
2025-11-24 21:54:58.548 +02:00 [INF] Executing CreatedAtActionResult, writing value of type 'CatalogService.Bll.Dtos.CreateBookDto'.
2025-11-24 21:54:58.573 +02:00 [INF] Executed action CatalogService.Api.Controllers.BooksController.Create (CatalogService.Api) in 248.794ms
2025-11-24 21:54:58.577 +02:00 [INF] Executed endpoint 'CatalogService.Api.Controllers.BooksController.Create (CatalogService.Api)'
2025-11-24 21:54:58.581 +02:00 [INF] Request finished HTTP/1.1 POST http://localhost:5180/api/books - 201 null application/json; charset=utf-8 284.3955ms
2025-11-24 21:54:58.591 +02:00 [INF] Request starting HTTP/1.1 GET http://localhost:5180/api/books - null null
2025-11-24 21:54:58.592 +02:00 [INF] Request starting HTTP/1.1 GET http://localhost:5180/api/authors - null null
2025-11-24 21:54:58.592 +02:00 [INF] Request starting HTTP/1.1 GET http://localhost:5180/api/genres - null null
2025-11-24 21:54:58.597 +02:00 [INF] Executing endpoint 'CatalogService.Api.Controllers.BooksController.GetAll (CatalogService.Api)'
2025-11-24 21:54:58.602 +02:00 [INF] Executing endpoint 'CatalogService.Api.Controllers.AuthorsController.GetAll (CatalogService.Api)'
2025-11-24 21:54:58.608 +02:00 [INF] Executing endpoint 'CatalogService.Api.Controllers.GenresController.GetAll (CatalogService.Api)'
2025-11-24 21:54:58.612 +02:00 [INF] Route matched with {action = "GetAll", controller = "Books"}. Executing controller action with signature System.Threading.Tasks.Task`1[Microsoft.AspNetCore.Mvc.IActionResult] GetAll() on controller CatalogService.Api.Controllers.BooksController (CatalogService.Api).
2025-11-24 21:54:58.615 +02:00 [INF] Route matched with {action = "GetAll", controller = "Authors"}. Executing controller action with signature System.Threading.Tasks.Task`1[Microsoft.AspNetCore.Mvc.IActionResult] GetAll() on controller CatalogService.Api.Controllers.AuthorsController (CatalogService.Api).
2025-11-24 21:54:58.618 +02:00 [INF] Route matched with {action = "GetAll", controller = "Genres"}. Executing controller action with signature System.Threading.Tasks.Task`1[Microsoft.AspNetCore.Mvc.IActionResult] GetAll() on controller CatalogService.Api.Controllers.GenresController (CatalogService.Api).
2025-11-24 21:54:58.626 +02:00 [INF] Executed DbCommand (1ms) [Parameters=[], CommandType='"Text"', CommandTimeout='30']
SELECT b.id, b.authorid, b.genreid, b.title, a.id, a.name, g.id, g.name
FROM books AS b
INNER JOIN authors AS a ON b.authorid = a.id
INNER JOIN genres AS g ON b.genreid = g.id
2025-11-24 21:54:58.632 +02:00 [INF] Executed DbCommand (1ms) [Parameters=[], CommandType='"Text"', CommandTimeout='30']
SELECT a.id, a.name
FROM authors AS a
2025-11-24 21:54:58.636 +02:00 [INF] Executed DbCommand (1ms) [Parameters=[], CommandType='"Text"', CommandTimeout='30']
SELECT g.id, g.name
FROM genres AS g
2025-11-24 21:54:58.639 +02:00 [INF] Executing OkObjectResult, writing value of type 'System.Collections.Generic.List`1[[CatalogService.Bll.Dtos.BookDto, CatalogService.Bll, Version=1.0.0.0, Culture=neutral, PublicKeyToken=null]]'.
2025-11-24 21:54:58.644 +02:00 [INF] Executing OkObjectResult, writing value of type 'System.Collections.Generic.List`1[[CatalogService.Bll.Dtos.AuthorDto, CatalogService.Bll, Version=1.0.0.0, Culture=neutral, PublicKeyToken=null]]'.
2025-11-24 21:54:58.650 +02:00 [INF] Executing OkObjectResult, writing value of type 'System.Collections.Generic.List`1[[CatalogService.Bll.Dtos.GenreDto, CatalogService.Bll, Version=1.0.0.0, Culture=neutral, PublicKeyToken=null]]'.
2025-11-24 21:54:58.654 +02:00 [INF] Executed action CatalogService.Api.Controllers.BooksController.GetAll (CatalogService.Api) in 30.0935ms
2025-11-24 21:54:58.657 +02:00 [INF] Executed action CatalogService.Api.Controllers.AuthorsController.GetAll (CatalogService.Api) in 28.694ms
2025-11-24 21:54:58.660 +02:00 [INF] Executed action CatalogService.Api.Controllers.GenresController.GetAll (CatalogService.Api) in 26.5894ms
2025-11-24 21:54:58.662 +02:00 [INF] Executed endpoint 'CatalogService.Api.Controllers.BooksController.GetAll (CatalogService.Api)'
2025-11-24 21:54:58.665 +02:00 [INF] Executed endpoint 'CatalogService.Api.Controllers.AuthorsController.GetAll (CatalogService.Api)'
2025-11-24 21:54:58.668 +02:00 [INF] Executed endpoint 'CatalogService.Api.Controllers.GenresController.GetAll (CatalogService.Api)'
2025-11-24 21:54:58.671 +02:00 [INF] Request finished HTTP/1.1 GET http://localhost:5180/api/books - 200 null application/json; charset=utf-8 79.9213ms
2025-11-24 21:54:58.673 +02:00 [INF] Request finished HTTP/1.1 GET http://localhost:5180/api/authors - 200 null application/json; charset=utf-8 81.9198ms
2025-11-24 21:54:58.676 +02:00 [INF] Request finished HTTP/1.1 GET http://localhost:5180/api/genres - 200 null application/json; charset=utf-8 84.3409ms
2025-11-24 21:55:35.729 +02:00 [INF] Request starting HTTP/1.1 GET http://localhost:5180/api/books/4 - null null
2025-11-24 21:55:35.735 +02:00 [INF] Executing endpoint 'CatalogService.Api.Controllers.BooksController.GetById (CatalogService.Api)'
2025-11-24 21:55:35.737 +02:00 [INF] Route matched with {action = "GetById", controller = "Books"}. Executing controller action with signature System.Threading.Tasks.Task`1[Microsoft.AspNetCore.Mvc.IActionResult] GetById(Int32) on controller CatalogService.Api.Controllers.BooksController (CatalogService.Api).
2025-11-24 21:55:35.744 +02:00 [INF] Executed DbCommand (1ms) [Parameters=[@__id_0='?' (DbType = Int32)], CommandType='"Text"', CommandTimeout='30']
SELECT b.id, b.authorid, b.genreid, b.title, a.id, a.name, g.id, g.name
FROM books AS b
INNER JOIN authors AS a ON b.authorid = a.id
INNER JOIN genres AS g ON b.genreid = g.id
WHERE b.id = @__id_0
LIMIT 1
2025-11-24 21:55:35.750 +02:00 [INF] Executing OkObjectResult, writing value of type 'CatalogService.Bll.Dtos.BookDto'.
2025-11-24 21:55:35.754 +02:00 [INF] Executed action CatalogService.Api.Controllers.BooksController.GetById (CatalogService.Api) in 12.8314ms
2025-11-24 21:55:35.758 +02:00 [INF] Executed endpoint 'CatalogService.Api.Controllers.BooksController.GetById (CatalogService.Api)'
2025-11-24 21:55:35.761 +02:00 [INF] Request finished HTTP/1.1 GET http://localhost:5180/api/books/4 - 200 null application/json; charset=utf-8 32.3027ms
2025-11-24 21:57:37.709 +02:00 [INF] Now listening on: http://localhost:5180
2025-11-24 21:57:37.791 +02:00 [INF] Application started. Press Ctrl+C to shut down.
2025-11-24 21:57:37.795 +02:00 [INF] Hosting environment: Development
2025-11-24 21:57:37.798 +02:00 [INF] Content root path: C:\Users\Admin\Documents\projects\LibrarySystem\CatalogService\CatalogService.Api
2025-11-24 21:57:44.570 +02:00 [INF] Request starting HTTP/1.1 GET http://localhost:5180/api/genres - null null
2025-11-24 21:57:44.570 +02:00 [INF] Request starting HTTP/1.1 GET http://localhost:5180/api/books - null null
2025-11-24 21:57:44.570 +02:00 [INF] Request starting HTTP/1.1 GET http://localhost:5180/api/authors - null null
2025-11-24 21:57:44.634 +02:00 [INF] Executing endpoint 'CatalogService.Api.Controllers.AuthorsController.GetAll (CatalogService.Api)'
2025-11-24 21:57:44.634 +02:00 [INF] Executing endpoint 'CatalogService.Api.Controllers.GenresController.GetAll (CatalogService.Api)'
2025-11-24 21:57:44.635 +02:00 [INF] Executing endpoint 'CatalogService.Api.Controllers.BooksController.GetAll (CatalogService.Api)'
2025-11-24 21:57:44.664 +02:00 [INF] Route matched with {action = "GetAll", controller = "Books"}. Executing controller action with signature System.Threading.Tasks.Task`1[Microsoft.AspNetCore.Mvc.IActionResult] GetAll() on controller CatalogService.Api.Controllers.BooksController (CatalogService.Api).
2025-11-24 21:57:44.664 +02:00 [INF] Route matched with {action = "GetAll", controller = "Genres"}. Executing controller action with signature System.Threading.Tasks.Task`1[Microsoft.AspNetCore.Mvc.IActionResult] GetAll() on controller CatalogService.Api.Controllers.GenresController (CatalogService.Api).
2025-11-24 21:57:44.664 +02:00 [INF] Route matched with {action = "GetAll", controller = "Authors"}. Executing controller action with signature System.Threading.Tasks.Task`1[Microsoft.AspNetCore.Mvc.IActionResult] GetAll() on controller CatalogService.Api.Controllers.AuthorsController (CatalogService.Api).
2025-11-24 21:57:46.297 +02:00 [INF] Executed DbCommand (34ms) [Parameters=[], CommandType='"Text"', CommandTimeout='30']
SELECT g.id, g.name
FROM genres AS g
2025-11-24 21:57:46.297 +02:00 [INF] Executed DbCommand (34ms) [Parameters=[], CommandType='"Text"', CommandTimeout='30']
SELECT b.id, b.authorid, b.genreid, b.title, a.id, a.name, g.id, g.name
FROM books AS b
INNER JOIN authors AS a ON b.authorid = a.id
INNER JOIN genres AS g ON b.genreid = g.id
2025-11-24 21:57:46.297 +02:00 [INF] Executed DbCommand (34ms) [Parameters=[], CommandType='"Text"', CommandTimeout='30']
SELECT a.id, a.name
FROM authors AS a
2025-11-24 21:57:46.461 +02:00 [INF] Executing OkObjectResult, writing value of type 'System.Collections.Generic.List`1[[CatalogService.Bll.Dtos.BookDto, CatalogService.Bll, Version=1.0.0.0, Culture=neutral, PublicKeyToken=null]]'.
2025-11-24 21:57:46.461 +02:00 [INF] Executing OkObjectResult, writing value of type 'System.Collections.Generic.List`1[[CatalogService.Bll.Dtos.AuthorDto, CatalogService.Bll, Version=1.0.0.0, Culture=neutral, PublicKeyToken=null]]'.
2025-11-24 21:57:46.461 +02:00 [INF] Executing OkObjectResult, writing value of type 'System.Collections.Generic.List`1[[CatalogService.Bll.Dtos.GenreDto, CatalogService.Bll, Version=1.0.0.0, Culture=neutral, PublicKeyToken=null]]'.
2025-11-24 21:57:46.522 +02:00 [INF] Executed action CatalogService.Api.Controllers.BooksController.GetAll (CatalogService.Api) in 1847.0184ms
2025-11-24 21:57:46.522 +02:00 [INF] Executed action CatalogService.Api.Controllers.AuthorsController.GetAll (CatalogService.Api) in 1836.6408ms
2025-11-24 21:57:46.522 +02:00 [INF] Executed action CatalogService.Api.Controllers.GenresController.GetAll (CatalogService.Api) in 1842.435ms
2025-11-24 21:57:46.527 +02:00 [INF] Request starting HTTP/1.1 GET http://localhost:5180/api/authors - null null
2025-11-24 21:57:46.527 +02:00 [INF] Request starting HTTP/1.1 GET http://localhost:5180/api/genres - null null
2025-11-24 21:57:46.528 +02:00 [INF] Request starting HTTP/1.1 GET http://localhost:5180/api/books - null null
2025-11-24 21:57:46.531 +02:00 [INF] Executed endpoint 'CatalogService.Api.Controllers.BooksController.GetAll (CatalogService.Api)'
2025-11-24 21:57:46.533 +02:00 [INF] Executed endpoint 'CatalogService.Api.Controllers.AuthorsController.GetAll (CatalogService.Api)'
2025-11-24 21:57:46.536 +02:00 [INF] Executed endpoint 'CatalogService.Api.Controllers.GenresController.GetAll (CatalogService.Api)'
2025-11-24 21:57:46.542 +02:00 [INF] Executing endpoint 'CatalogService.Api.Controllers.AuthorsController.GetAll (CatalogService.Api)'
2025-11-24 21:57:46.543 +02:00 [INF] Executing endpoint 'CatalogService.Api.Controllers.GenresController.GetAll (CatalogService.Api)'
2025-11-24 21:57:46.547 +02:00 [INF] Executing endpoint 'CatalogService.Api.Controllers.BooksController.GetAll (CatalogService.Api)'
2025-11-24 21:57:46.557 +02:00 [INF] Route matched with {action = "GetAll", controller = "Authors"}. Executing controller action with signature System.Threading.Tasks.Task`1[Microsoft.AspNetCore.Mvc.IActionResult] GetAll() on controller CatalogService.Api.Controllers.AuthorsController (CatalogService.Api).
2025-11-24 21:57:46.560 +02:00 [INF] Route matched with {action = "GetAll", controller = "Genres"}. Executing controller action with signature System.Threading.Tasks.Task`1[Microsoft.AspNetCore.Mvc.IActionResult] GetAll() on controller CatalogService.Api.Controllers.GenresController (CatalogService.Api).
2025-11-24 21:57:46.561 +02:00 [INF] Request finished HTTP/1.1 GET http://localhost:5180/api/authors - 200 null application/json; charset=utf-8 1992.8463ms
2025-11-24 21:57:46.561 +02:00 [INF] Request finished HTTP/1.1 GET http://localhost:5180/api/genres - 200 null application/json; charset=utf-8 1992.8551ms
2025-11-24 21:57:46.561 +02:00 [INF] Request finished HTTP/1.1 GET http://localhost:5180/api/books - 200 null application/json; charset=utf-8 1992.796ms
2025-11-24 21:57:46.562 +02:00 [INF] Route matched with {action = "GetAll", controller = "Books"}. Executing controller action with signature System.Threading.Tasks.Task`1[Microsoft.AspNetCore.Mvc.IActionResult] GetAll() on controller CatalogService.Api.Controllers.BooksController (CatalogService.Api).
2025-11-24 21:57:46.665 +02:00 [INF] Executed DbCommand (4ms) [Parameters=[], CommandType='"Text"', CommandTimeout='30']
SELECT g.id, g.name
FROM genres AS g
2025-11-24 21:57:46.665 +02:00 [INF] Executed DbCommand (4ms) [Parameters=[], CommandType='"Text"', CommandTimeout='30']
SELECT a.id, a.name
FROM authors AS a
2025-11-24 21:57:46.665 +02:00 [INF] Executed DbCommand (2ms) [Parameters=[], CommandType='"Text"', CommandTimeout='30']
SELECT b.id, b.authorid, b.genreid, b.title, a.id, a.name, g.id, g.name
FROM books AS b
INNER JOIN authors AS a ON b.authorid = a.id
INNER JOIN genres AS g ON b.genreid = g.id
2025-11-24 21:57:46.671 +02:00 [INF] Executing OkObjectResult, writing value of type 'System.Collections.Generic.List`1[[CatalogService.Bll.Dtos.GenreDto, CatalogService.Bll, Version=1.0.0.0, Culture=neutral, PublicKeyToken=null]]'.
2025-11-24 21:57:46.674 +02:00 [INF] Executing OkObjectResult, writing value of type 'System.Collections.Generic.List`1[[CatalogService.Bll.Dtos.AuthorDto, CatalogService.Bll, Version=1.0.0.0, Culture=neutral, PublicKeyToken=null]]'.
2025-11-24 21:57:46.679 +02:00 [INF] Executing OkObjectResult, writing value of type 'System.Collections.Generic.List`1[[CatalogService.Bll.Dtos.BookDto, CatalogService.Bll, Version=1.0.0.0, Culture=neutral, PublicKeyToken=null]]'.
2025-11-24 21:57:46.682 +02:00 [INF] Executed action CatalogService.Api.Controllers.GenresController.GetAll (CatalogService.Api) in 113.5547ms
2025-11-24 21:57:46.686 +02:00 [INF] Executed action CatalogService.Api.Controllers.AuthorsController.GetAll (CatalogService.Api) in 120.9362ms
2025-11-24 21:57:46.689 +02:00 [INF] Executed action CatalogService.Api.Controllers.BooksController.GetAll (CatalogService.Api) in 97.5795ms
2025-11-24 21:57:46.691 +02:00 [INF] Executed endpoint 'CatalogService.Api.Controllers.GenresController.GetAll (CatalogService.Api)'
2025-11-24 21:57:46.693 +02:00 [INF] Executed endpoint 'CatalogService.Api.Controllers.AuthorsController.GetAll (CatalogService.Api)'
2025-11-24 21:57:46.696 +02:00 [INF] Executed endpoint 'CatalogService.Api.Controllers.BooksController.GetAll (CatalogService.Api)'
2025-11-24 21:57:46.699 +02:00 [INF] Request finished HTTP/1.1 GET http://localhost:5180/api/genres - 200 null application/json; charset=utf-8 171.5216ms
2025-11-24 21:57:46.701 +02:00 [INF] Request finished HTTP/1.1 GET http://localhost:5180/api/authors - 200 null application/json; charset=utf-8 173.8509ms
2025-11-24 21:57:46.703 +02:00 [INF] Request finished HTTP/1.1 GET http://localhost:5180/api/books - 200 null application/json; charset=utf-8 175.7305ms
2025-11-24 21:57:52.640 +02:00 [INF] Request starting HTTP/1.1 GET http://localhost:5180/api/books/4 - null null
2025-11-24 21:57:52.650 +02:00 [INF] Executing endpoint 'CatalogService.Api.Controllers.BooksController.GetById (CatalogService.Api)'
2025-11-24 21:57:52.682 +02:00 [INF] Route matched with {action = "GetById", controller = "Books"}. Executing controller action with signature System.Threading.Tasks.Task`1[Microsoft.AspNetCore.Mvc.IActionResult] GetById(Int32) on controller CatalogService.Api.Controllers.BooksController (CatalogService.Api).
2025-11-24 21:57:52.789 +02:00 [INF] Executed DbCommand (13ms) [Parameters=[@__id_0='?' (DbType = Int32)], CommandType='"Text"', CommandTimeout='30']
SELECT b.id, b.authorid, b.genreid, b.title, a.id, a.name, g.id, g.name
FROM books AS b
INNER JOIN authors AS a ON b.authorid = a.id
INNER JOIN genres AS g ON b.genreid = g.id
WHERE b.id = @__id_0
LIMIT 1
2025-11-24 21:57:52.801 +02:00 [INF] Executing OkObjectResult, writing value of type 'CatalogService.Bll.Dtos.BookDto'.
2025-11-24 21:57:52.805 +02:00 [INF] Executed action CatalogService.Api.Controllers.BooksController.GetById (CatalogService.Api) in 115.8161ms
2025-11-24 21:57:52.809 +02:00 [INF] Executed endpoint 'CatalogService.Api.Controllers.BooksController.GetById (CatalogService.Api)'
2025-11-24 21:57:52.813 +02:00 [INF] Request finished HTTP/1.1 GET http://localhost:5180/api/books/4 - 200 null application/json; charset=utf-8 173.1303ms
2025-11-24 21:57:52.974 +02:00 [INF] Request starting HTTP/1.1 GET http://localhost:5180/api/books - null null
2025-11-24 21:57:52.974 +02:00 [INF] Request starting HTTP/1.1 GET http://localhost:5180/api/authors - null null
2025-11-24 21:57:52.974 +02:00 [INF] Request starting HTTP/1.1 GET http://localhost:5180/api/genres - null null
2025-11-24 21:57:52.981 +02:00 [INF] Executing endpoint 'CatalogService.Api.Controllers.BooksController.GetAll (CatalogService.Api)'
2025-11-24 21:57:52.987 +02:00 [INF] Executing endpoint 'CatalogService.Api.Controllers.AuthorsController.GetAll (CatalogService.Api)'
2025-11-24 21:57:52.995 +02:00 [INF] Executing endpoint 'CatalogService.Api.Controllers.GenresController.GetAll (CatalogService.Api)'
2025-11-24 21:57:52.997 +02:00 [INF] Route matched with {action = "GetAll", controller = "Books"}. Executing controller action with signature System.Threading.Tasks.Task`1[Microsoft.AspNetCore.Mvc.IActionResult] GetAll() on controller CatalogService.Api.Controllers.BooksController (CatalogService.Api).
2025-11-24 21:57:53.001 +02:00 [INF] Route matched with {action = "GetAll", controller = "Authors"}. Executing controller action with signature System.Threading.Tasks.Task`1[Microsoft.AspNetCore.Mvc.IActionResult] GetAll() on controller CatalogService.Api.Controllers.AuthorsController (CatalogService.Api).
2025-11-24 21:57:53.003 +02:00 [INF] Route matched with {action = "GetAll", controller = "Genres"}. Executing controller action with signature System.Threading.Tasks.Task`1[Microsoft.AspNetCore.Mvc.IActionResult] GetAll() on controller CatalogService.Api.Controllers.GenresController (CatalogService.Api).
2025-11-24 21:57:53.013 +02:00 [INF] Executed DbCommand (2ms) [Parameters=[], CommandType='"Text"', CommandTimeout='30']
SELECT b.id, b.authorid, b.genreid, b.title, a.id, a.name, g.id, g.name
FROM books AS b
INNER JOIN authors AS a ON b.authorid = a.id
INNER JOIN genres AS g ON b.genreid = g.id
2025-11-24 21:57:53.018 +02:00 [INF] Executed DbCommand (1ms) [Parameters=[], CommandType='"Text"', CommandTimeout='30']
SELECT a.id, a.name
FROM authors AS a
2025-11-24 21:57:53.024 +02:00 [INF] Executed DbCommand (1ms) [Parameters=[], CommandType='"Text"', CommandTimeout='30']
SELECT g.id, g.name
FROM genres AS g
2025-11-24 21:57:53.029 +02:00 [INF] Executing OkObjectResult, writing value of type 'System.Collections.Generic.List`1[[CatalogService.Bll.Dtos.BookDto, CatalogService.Bll, Version=1.0.0.0, Culture=neutral, PublicKeyToken=null]]'.
2025-11-24 21:57:53.034 +02:00 [INF] Executing OkObjectResult, writing value of type 'System.Collections.Generic.List`1[[CatalogService.Bll.Dtos.AuthorDto, CatalogService.Bll, Version=1.0.0.0, Culture=neutral, PublicKeyToken=null]]'.
2025-11-24 21:57:53.040 +02:00 [INF] Executing OkObjectResult, writing value of type 'System.Collections.Generic.List`1[[CatalogService.Bll.Dtos.GenreDto, CatalogService.Bll, Version=1.0.0.0, Culture=neutral, PublicKeyToken=null]]'.
2025-11-24 21:57:53.043 +02:00 [INF] Executed action CatalogService.Api.Controllers.BooksController.GetAll (CatalogService.Api) in 34.5217ms
2025-11-24 21:57:53.047 +02:00 [INF] Executed action CatalogService.Api.Controllers.AuthorsController.GetAll (CatalogService.Api) in 32.3376ms
2025-11-24 21:57:53.051 +02:00 [INF] Executed action CatalogService.Api.Controllers.GenresController.GetAll (CatalogService.Api) in 30.0702ms
2025-11-24 21:57:53.054 +02:00 [INF] Executed endpoint 'CatalogService.Api.Controllers.BooksController.GetAll (CatalogService.Api)'
2025-11-24 21:57:53.056 +02:00 [INF] Executed endpoint 'CatalogService.Api.Controllers.AuthorsController.GetAll (CatalogService.Api)'
2025-11-24 21:57:53.058 +02:00 [INF] Executed endpoint 'CatalogService.Api.Controllers.GenresController.GetAll (CatalogService.Api)'
2025-11-24 21:57:53.061 +02:00 [INF] Request finished HTTP/1.1 GET http://localhost:5180/api/books - 200 null application/json; charset=utf-8 87.0055ms
2025-11-24 21:57:53.064 +02:00 [INF] Request finished HTTP/1.1 GET http://localhost:5180/api/authors - 200 null application/json; charset=utf-8 89.7527ms
2025-11-24 21:57:53.066 +02:00 [INF] Request finished HTTP/1.1 GET http://localhost:5180/api/genres - 200 null application/json; charset=utf-8 91.9567ms
2025-11-24 22:05:09.392 +02:00 [INF] Now listening on: https://localhost:7102
2025-11-24 22:05:09.437 +02:00 [INF] Now listening on: http://localhost:5180
2025-11-24 22:05:09.649 +02:00 [INF] Application started. Press Ctrl+C to shut down.
2025-11-24 22:05:09.651 +02:00 [INF] Hosting environment: Development
2025-11-24 22:05:09.652 +02:00 [INF] Content root path: C:\Users\Admin\Documents\projects\LibrarySystem\CatalogService\CatalogService.Api
2025-11-24 22:06:54.929 +02:00 [INF] Request starting HTTP/1.1 GET http://localhost:5180/api/authors - null null
2025-11-24 22:06:54.929 +02:00 [INF] Request starting HTTP/1.1 GET http://localhost:5180/api/books - null null
2025-11-24 22:06:54.929 +02:00 [INF] Request starting HTTP/1.1 GET http://localhost:5180/api/genres - null null
2025-11-24 22:06:55.063 +02:00 [INF] Executing endpoint 'CatalogService.Api.Controllers.BooksController.GetAll (CatalogService.Api)'
2025-11-24 22:06:55.063 +02:00 [INF] Executing endpoint 'CatalogService.Api.Controllers.AuthorsController.GetAll (CatalogService.Api)'
2025-11-24 22:06:55.063 +02:00 [INF] Executing endpoint 'CatalogService.Api.Controllers.GenresController.GetAll (CatalogService.Api)'
2025-11-24 22:06:55.096 +02:00 [INF] Route matched with {action = "GetAll", controller = "Authors"}. Executing controller action with signature System.Threading.Tasks.Task`1[Microsoft.AspNetCore.Mvc.IActionResult] GetAll() on controller CatalogService.Api.Controllers.AuthorsController (CatalogService.Api).
2025-11-24 22:06:55.096 +02:00 [INF] Route matched with {action = "GetAll", controller = "Books"}. Executing controller action with signature System.Threading.Tasks.Task`1[Microsoft.AspNetCore.Mvc.IActionResult] GetAll() on controller CatalogService.Api.Controllers.BooksController (CatalogService.Api).
2025-11-24 22:06:55.096 +02:00 [INF] Route matched with {action = "GetAll", controller = "Genres"}. Executing controller action with signature System.Threading.Tasks.Task`1[Microsoft.AspNetCore.Mvc.IActionResult] GetAll() on controller CatalogService.Api.Controllers.GenresController (CatalogService.Api).
2025-11-24 22:06:57.537 +02:00 [INF] Executed DbCommand (31ms) [Parameters=[], CommandType='"Text"', CommandTimeout='30']
SELECT a.id, a.name
FROM authors AS a
2025-11-24 22:06:57.537 +02:00 [INF] Executed DbCommand (31ms) [Parameters=[], CommandType='"Text"', CommandTimeout='30']
SELECT b.id, b.authorid, b.genreid, b.title, a.id, a.name, g.id, g.name
FROM books AS b
INNER JOIN authors AS a ON b.authorid = a.id
INNER JOIN genres AS g ON b.genreid = g.id
2025-11-24 22:06:57.537 +02:00 [INF] Executed DbCommand (31ms) [Parameters=[], CommandType='"Text"', CommandTimeout='30']
SELECT g.id, g.name
FROM genres AS g
2025-11-24 22:06:57.742 +02:00 [INF] Executing OkObjectResult, writing value of type 'System.Collections.Generic.List`1[[CatalogService.Bll.Dtos.BookDto, CatalogService.Bll, Version=1.0.0.0, Culture=neutral, PublicKeyToken=null]]'.
2025-11-24 22:06:57.742 +02:00 [INF] Executing OkObjectResult, writing value of type 'System.Collections.Generic.List`1[[CatalogService.Bll.Dtos.GenreDto, CatalogService.Bll, Version=1.0.0.0, Culture=neutral, PublicKeyToken=null]]'.
2025-11-24 22:06:57.742 +02:00 [INF] Executing OkObjectResult, writing value of type 'System.Collections.Generic.List`1[[CatalogService.Bll.Dtos.AuthorDto, CatalogService.Bll, Version=1.0.0.0, Culture=neutral, PublicKeyToken=null]]'.
2025-11-24 22:06:57.782 +02:00 [INF] Executed action CatalogService.Api.Controllers.BooksController.GetAll (CatalogService.Api) in 2665.4088ms
2025-11-24 22:06:57.782 +02:00 [INF] Executed action CatalogService.Api.Controllers.AuthorsController.GetAll (CatalogService.Api) in 2675.7231ms
2025-11-24 22:06:57.782 +02:00 [INF] Executed action CatalogService.Api.Controllers.GenresController.GetAll (CatalogService.Api) in 2661.999ms
2025-11-24 22:06:57.789 +02:00 [INF] Executed endpoint 'CatalogService.Api.Controllers.BooksController.GetAll (CatalogService.Api)'
2025-11-24 22:06:57.789 +02:00 [INF] Request starting HTTP/1.1 GET http://localhost:5180/api/books - null null
2025-11-24 22:06:57.789 +02:00 [INF] Request starting HTTP/1.1 GET http://localhost:5180/api/genres - null null
2025-11-24 22:06:57.789 +02:00 [INF] Request starting HTTP/1.1 GET http://localhost:5180/api/authors - null null
2025-11-24 22:06:57.791 +02:00 [INF] Executed endpoint 'CatalogService.Api.Controllers.AuthorsController.GetAll (CatalogService.Api)'
2025-11-24 22:06:57.794 +02:00 [INF] Executed endpoint 'CatalogService.Api.Controllers.GenresController.GetAll (CatalogService.Api)'
2025-11-24 22:06:57.808 +02:00 [INF] Executing endpoint 'CatalogService.Api.Controllers.BooksController.GetAll (CatalogService.Api)'
2025-11-24 22:06:57.811 +02:00 [INF] Executing endpoint 'CatalogService.Api.Controllers.GenresController.GetAll (CatalogService.Api)'
2025-11-24 22:06:57.812 +02:00 [INF] Request finished HTTP/1.1 GET http://localhost:5180/api/books - 200 null application/json; charset=utf-8 2894.6229ms
2025-11-24 22:06:57.819 +02:00 [INF] Executing endpoint 'CatalogService.Api.Controllers.AuthorsController.GetAll (CatalogService.Api)'
2025-11-24 22:06:57.822 +02:00 [INF] Request finished HTTP/1.1 GET http://localhost:5180/api/authors - 200 null application/json; charset=utf-8 2905.3289ms
2025-11-24 22:06:57.825 +02:00 [INF] Request finished HTTP/1.1 GET http://localhost:5180/api/genres - 200 null application/json; charset=utf-8 2907.8481ms
2025-11-24 22:06:57.828 +02:00 [INF] Route matched with {action = "GetAll", controller = "Books"}. Executing controller action with signature System.Threading.Tasks.Task`1[Microsoft.AspNetCore.Mvc.IActionResult] GetAll() on controller CatalogService.Api.Controllers.BooksController (CatalogService.Api).
2025-11-24 22:06:57.831 +02:00 [INF] Route matched with {action = "GetAll", controller = "Genres"}. Executing controller action with signature System.Threading.Tasks.Task`1[Microsoft.AspNetCore.Mvc.IActionResult] GetAll() on controller CatalogService.Api.Controllers.GenresController (CatalogService.Api).
2025-11-24 22:06:57.840 +02:00 [INF] Route matched with {action = "GetAll", controller = "Authors"}. Executing controller action with signature System.Threading.Tasks.Task`1[Microsoft.AspNetCore.Mvc.IActionResult] GetAll() on controller CatalogService.Api.Controllers.AuthorsController (CatalogService.Api).
2025-11-24 22:06:57.962 +02:00 [INF] Executed DbCommand (6ms) [Parameters=[], CommandType='"Text"', CommandTimeout='30']
SELECT g.id, g.name
FROM genres AS g
2025-11-24 22:06:57.962 +02:00 [INF] Executed DbCommand (4ms) [Parameters=[], CommandType='"Text"', CommandTimeout='30']
SELECT b.id, b.authorid, b.genreid, b.title, a.id, a.name, g.id, g.name
FROM books AS b
INNER JOIN authors AS a ON b.authorid = a.id
INNER JOIN genres AS g ON b.genreid = g.id
2025-11-24 22:06:57.962 +02:00 [INF] Executed DbCommand (6ms) [Parameters=[], CommandType='"Text"', CommandTimeout='30']
SELECT a.id, a.name
FROM authors AS a
2025-11-24 22:06:57.970 +02:00 [INF] Executing OkObjectResult, writing value of type 'System.Collections.Generic.List`1[[CatalogService.Bll.Dtos.GenreDto, CatalogService.Bll, Version=1.0.0.0, Culture=neutral, PublicKeyToken=null]]'.
2025-11-24 22:06:57.975 +02:00 [INF] Executing OkObjectResult, writing value of type 'System.Collections.Generic.List`1[[CatalogService.Bll.Dtos.BookDto, CatalogService.Bll, Version=1.0.0.0, Culture=neutral, PublicKeyToken=null]]'.
2025-11-24 22:06:57.980 +02:00 [INF] Executing OkObjectResult, writing value of type 'System.Collections.Generic.List`1[[CatalogService.Bll.Dtos.AuthorDto, CatalogService.Bll, Version=1.0.0.0, Culture=neutral, PublicKeyToken=null]]'.
2025-11-24 22:06:57.983 +02:00 [INF] Executed action CatalogService.Api.Controllers.GenresController.GetAll (CatalogService.Api) in 117.7498ms
2025-11-24 22:06:57.986 +02:00 [INF] Executed action CatalogService.Api.Controllers.BooksController.GetAll (CatalogService.Api) in 127.0373ms
2025-11-24 22:06:57.989 +02:00 [INF] Request starting HTTP/1.1 GET http://localhost:5180/api/genres - null null
2025-11-24 22:06:57.989 +02:00 [INF] Executed action CatalogService.Api.Controllers.AuthorsController.GetAll (CatalogService.Api) in 118.3567ms
2025-11-24 22:06:57.991 +02:00 [INF] Request starting HTTP/1.1 GET http://localhost:5180/api/books - null null
2025-11-24 22:06:57.991 +02:00 [INF] Executed endpoint 'CatalogService.Api.Controllers.GenresController.GetAll (CatalogService.Api)'
2025-11-24 22:06:57.994 +02:00 [INF] Request starting HTTP/1.1 GET http://localhost:5180/api/authors - null null
2025-11-24 22:06:57.994 +02:00 [INF] Executed endpoint 'CatalogService.Api.Controllers.BooksController.GetAll (CatalogService.Api)'
2025-11-24 22:06:57.999 +02:00 [INF] Executing endpoint 'CatalogService.Api.Controllers.GenresController.GetAll (CatalogService.Api)'
2025-11-24 22:06:58.002 +02:00 [INF] Executed endpoint 'CatalogService.Api.Controllers.AuthorsController.GetAll (CatalogService.Api)'
2025-11-24 22:06:58.009 +02:00 [INF] Executing endpoint 'CatalogService.Api.Controllers.BooksController.GetAll (CatalogService.Api)'
2025-11-24 22:06:58.012 +02:00 [INF] Request finished HTTP/1.1 GET http://localhost:5180/api/genres - 200 null application/json; charset=utf-8 223.2093ms
2025-11-24 22:06:58.020 +02:00 [INF] Executing endpoint 'CatalogService.Api.Controllers.AuthorsController.GetAll (CatalogService.Api)'
2025-11-24 22:06:58.024 +02:00 [INF] Request finished HTTP/1.1 GET http://localhost:5180/api/books - 200 null application/json; charset=utf-8 234.9259ms
2025-11-24 22:06:58.027 +02:00 [INF] Route matched with {action = "GetAll", controller = "Genres"}. Executing controller action with signature System.Threading.Tasks.Task`1[Microsoft.AspNetCore.Mvc.IActionResult] GetAll() on controller CatalogService.Api.Controllers.GenresController (CatalogService.Api).
2025-11-24 22:06:58.031 +02:00 [INF] Request finished HTTP/1.1 GET http://localhost:5180/api/authors - 200 null application/json; charset=utf-8 241.7985ms
2025-11-24 22:06:58.033 +02:00 [INF] Route matched with {action = "GetAll", controller = "Books"}. Executing controller action with signature System.Threading.Tasks.Task`1[Microsoft.AspNetCore.Mvc.IActionResult] GetAll() on controller CatalogService.Api.Controllers.BooksController (CatalogService.Api).
2025-11-24 22:06:58.043 +02:00 [INF] Route matched with {action = "GetAll", controller = "Authors"}. Executing controller action with signature System.Threading.Tasks.Task`1[Microsoft.AspNetCore.Mvc.IActionResult] GetAll() on controller CatalogService.Api.Controllers.AuthorsController (CatalogService.Api).
2025-11-24 22:06:58.061 +02:00 [INF] Executed DbCommand (1ms) [Parameters=[], CommandType='"Text"', CommandTimeout='30']
SELECT g.id, g.name
FROM genres AS g
2025-11-24 22:06:58.073 +02:00 [INF] Executed DbCommand (1ms) [Parameters=[], CommandType='"Text"', CommandTimeout='30']
SELECT b.id, b.authorid, b.genreid, b.title, a.id, a.name, g.id, g.name
FROM books AS b
INNER JOIN authors AS a ON b.authorid = a.id
INNER JOIN genres AS g ON b.genreid = g.id
2025-11-24 22:06:58.078 +02:00 [INF] Executed DbCommand (1ms) [Parameters=[], CommandType='"Text"', CommandTimeout='30']
SELECT a.id, a.name
FROM authors AS a
2025-11-24 22:06:58.081 +02:00 [INF] Executing OkObjectResult, writing value of type 'System.Collections.Generic.List`1[[CatalogService.Bll.Dtos.GenreDto, CatalogService.Bll, Version=1.0.0.0, Culture=neutral, PublicKeyToken=null]]'.
2025-11-24 22:06:58.087 +02:00 [INF] Executing OkObjectResult, writing value of type 'System.Collections.Generic.List`1[[CatalogService.Bll.Dtos.BookDto, CatalogService.Bll, Version=1.0.0.0, Culture=neutral, PublicKeyToken=null]]'.
2025-11-24 22:06:58.093 +02:00 [INF] Executing OkObjectResult, writing value of type 'System.Collections.Generic.List`1[[CatalogService.Bll.Dtos.AuthorDto, CatalogService.Bll, Version=1.0.0.0, Culture=neutral, PublicKeyToken=null]]'.
2025-11-24 22:06:58.097 +02:00 [INF] Executed action CatalogService.Api.Controllers.GenresController.GetAll (CatalogService.Api) in 41.9474ms
2025-11-24 22:06:58.101 +02:00 [INF] Executed action CatalogService.Api.Controllers.BooksController.GetAll (CatalogService.Api) in 31.2133ms
2025-11-24 22:06:58.103 +02:00 [INF] Request starting HTTP/1.1 GET http://localhost:5180/api/genres - null null
2025-11-24 22:06:58.104 +02:00 [INF] Executed action CatalogService.Api.Controllers.AuthorsController.GetAll (CatalogService.Api) in 29.305ms
2025-11-24 22:06:58.105 +02:00 [INF] Request starting HTTP/1.1 GET http://localhost:5180/api/books - null null
2025-11-24 22:06:58.107 +02:00 [INF] Executed endpoint 'CatalogService.Api.Controllers.GenresController.GetAll (CatalogService.Api)'
2025-11-24 22:06:58.108 +02:00 [INF] Request starting HTTP/1.1 GET http://localhost:5180/api/authors - null null
2025-11-24 22:06:58.110 +02:00 [INF] Executed endpoint 'CatalogService.Api.Controllers.BooksController.GetAll (CatalogService.Api)'
2025-11-24 22:06:58.113 +02:00 [INF] Executing endpoint 'CatalogService.Api.Controllers.GenresController.GetAll (CatalogService.Api)'
2025-11-24 22:06:58.115 +02:00 [INF] Executed endpoint 'CatalogService.Api.Controllers.AuthorsController.GetAll (CatalogService.Api)'
2025-11-24 22:06:58.119 +02:00 [INF] Executing endpoint 'CatalogService.Api.Controllers.BooksController.GetAll (CatalogService.Api)'
2025-11-24 22:06:58.120 +02:00 [INF] Request finished HTTP/1.1 GET http://localhost:5180/api/genres - 200 null application/json; charset=utf-8 131.5617ms
2025-11-24 22:06:58.124 +02:00 [INF] Executing endpoint 'CatalogService.Api.Controllers.AuthorsController.GetAll (CatalogService.Api)'
2025-11-24 22:06:58.126 +02:00 [INF] Request finished HTTP/1.1 GET http://localhost:5180/api/books - 200 null application/json; charset=utf-8 134.348ms
2025-11-24 22:06:58.127 +02:00 [INF] Route matched with {action = "GetAll", controller = "Genres"}. Executing controller action with signature System.Threading.Tasks.Task`1[Microsoft.AspNetCore.Mvc.IActionResult] GetAll() on controller CatalogService.Api.Controllers.GenresController (CatalogService.Api).
2025-11-24 22:06:58.129 +02:00 [INF] Request finished HTTP/1.1 GET http://localhost:5180/api/authors - 200 null application/json; charset=utf-8 135.3526ms
2025-11-24 22:06:58.132 +02:00 [INF] Route matched with {action = "GetAll", controller = "Books"}. Executing controller action with signature System.Threading.Tasks.Task`1[Microsoft.AspNetCore.Mvc.IActionResult] GetAll() on controller CatalogService.Api.Controllers.BooksController (CatalogService.Api).
2025-11-24 22:06:58.139 +02:00 [INF] Route matched with {action = "GetAll", controller = "Authors"}. Executing controller action with signature System.Threading.Tasks.Task`1[Microsoft.AspNetCore.Mvc.IActionResult] GetAll() on controller CatalogService.Api.Controllers.AuthorsController (CatalogService.Api).
2025-11-24 22:06:58.148 +02:00 [INF] Executed DbCommand (1ms) [Parameters=[], CommandType='"Text"', CommandTimeout='30']
SELECT g.id, g.name
FROM genres AS g
2025-11-24 22:06:58.158 +02:00 [INF] Executed DbCommand (1ms) [Parameters=[], CommandType='"Text"', CommandTimeout='30']
SELECT b.id, b.authorid, b.genreid, b.title, a.id, a.name, g.id, g.name
FROM books AS b
INNER JOIN authors AS a ON b.authorid = a.id
INNER JOIN genres AS g ON b.genreid = g.id
2025-11-24 22:06:58.160 +02:00 [INF] Executed DbCommand (0ms) [Parameters=[], CommandType='"Text"', CommandTimeout='30']
SELECT a.id, a.name
FROM authors AS a
2025-11-24 22:06:58.162 +02:00 [INF] Executing OkObjectResult, writing value of type 'System.Collections.Generic.List`1[[CatalogService.Bll.Dtos.GenreDto, CatalogService.Bll, Version=1.0.0.0, Culture=neutral, PublicKeyToken=null]]'.
2025-11-24 22:06:58.166 +02:00 [INF] Executing OkObjectResult, writing value of type 'System.Collections.Generic.List`1[[CatalogService.Bll.Dtos.BookDto, CatalogService.Bll, Version=1.0.0.0, Culture=neutral, PublicKeyToken=null]]'.
2025-11-24 22:06:58.170 +02:00 [INF] Executing OkObjectResult, writing value of type 'System.Collections.Generic.List`1[[CatalogService.Bll.Dtos.AuthorDto, CatalogService.Bll, Version=1.0.0.0, Culture=neutral, PublicKeyToken=null]]'.
2025-11-24 22:06:58.172 +02:00 [INF] Executed action CatalogService.Api.Controllers.GenresController.GetAll (CatalogService.Api) in 25.4824ms
2025-11-24 22:06:58.174 +02:00 [INF] Executed action CatalogService.Api.Controllers.BooksController.GetAll (CatalogService.Api) in 17.7599ms
2025-11-24 22:06:58.176 +02:00 [INF] Executed action CatalogService.Api.Controllers.AuthorsController.GetAll (CatalogService.Api) in 17.17ms
2025-11-24 22:06:58.178 +02:00 [INF] Executed endpoint 'CatalogService.Api.Controllers.GenresController.GetAll (CatalogService.Api)'
2025-11-24 22:06:58.179 +02:00 [INF] Executed endpoint 'CatalogService.Api.Controllers.BooksController.GetAll (CatalogService.Api)'
2025-11-24 22:06:58.181 +02:00 [INF] Executed endpoint 'CatalogService.Api.Controllers.AuthorsController.GetAll (CatalogService.Api)'
2025-11-24 22:06:58.183 +02:00 [INF] Request finished HTTP/1.1 GET http://localhost:5180/api/genres - 200 null application/json; charset=utf-8 80.04ms
2025-11-24 22:06:58.185 +02:00 [INF] Request finished HTTP/1.1 GET http://localhost:5180/api/books - 200 null application/json; charset=utf-8 79.6097ms
2025-11-24 22:06:58.187 +02:00 [INF] Request finished HTTP/1.1 GET http://localhost:5180/api/authors - 200 null application/json; charset=utf-8 78.7037ms
2025-11-24 22:07:05.576 +02:00 [INF] Request starting HTTP/1.1 GET http://localhost:5180/api/books - null null
2025-11-24 22:07:05.577 +02:00 [INF] Request starting HTTP/1.1 GET http://localhost:5180/api/authors - null null
2025-11-24 22:07:05.577 +02:00 [INF] Request starting HTTP/1.1 GET http://localhost:5180/api/genres - null null
2025-11-24 22:07:05.584 +02:00 [INF] Executing endpoint 'CatalogService.Api.Controllers.BooksController.GetAll (CatalogService.Api)'
2025-11-24 22:07:05.589 +02:00 [INF] Executing endpoint 'CatalogService.Api.Controllers.AuthorsController.GetAll (CatalogService.Api)'
2025-11-24 22:07:05.595 +02:00 [INF] Executing endpoint 'CatalogService.Api.Controllers.GenresController.GetAll (CatalogService.Api)'
2025-11-24 22:07:05.599 +02:00 [INF] Route matched with {action = "GetAll", controller = "Books"}. Executing controller action with signature System.Threading.Tasks.Task`1[Microsoft.AspNetCore.Mvc.IActionResult] GetAll() on controller CatalogService.Api.Controllers.BooksController (CatalogService.Api).
2025-11-24 22:07:05.602 +02:00 [INF] Route matched with {action = "GetAll", controller = "Authors"}. Executing controller action with signature System.Threading.Tasks.Task`1[Microsoft.AspNetCore.Mvc.IActionResult] GetAll() on controller CatalogService.Api.Controllers.AuthorsController (CatalogService.Api).
2025-11-24 22:07:05.604 +02:00 [INF] Route matched with {action = "GetAll", controller = "Genres"}. Executing controller action with signature System.Threading.Tasks.Task`1[Microsoft.AspNetCore.Mvc.IActionResult] GetAll() on controller CatalogService.Api.Controllers.GenresController (CatalogService.Api).
2025-11-24 22:07:05.619 +02:00 [INF] Executed DbCommand (1ms) [Parameters=[], CommandType='"Text"', CommandTimeout='30']
SELECT a.id, a.name
FROM authors AS a
2025-11-24 22:07:05.619 +02:00 [INF] Executed DbCommand (5ms) [Parameters=[], CommandType='"Text"', CommandTimeout='30']
SELECT b.id, b.authorid, b.genreid, b.title, a.id, a.name, g.id, g.name
FROM books AS b
INNER JOIN authors AS a ON b.authorid = a.id
INNER JOIN genres AS g ON b.genreid = g.id
2025-11-24 22:07:05.624 +02:00 [INF] Executed DbCommand (1ms) [Parameters=[], CommandType='"Text"', CommandTimeout='30']
SELECT g.id, g.name
FROM genres AS g
2025-11-24 22:07:05.629 +02:00 [INF] Executing OkObjectResult, writing value of type 'System.Collections.Generic.List`1[[CatalogService.Bll.Dtos.AuthorDto, CatalogService.Bll, Version=1.0.0.0, Culture=neutral, PublicKeyToken=null]]'.
2025-11-24 22:07:05.635 +02:00 [INF] Executing OkObjectResult, writing value of type 'System.Collections.Generic.List`1[[CatalogService.Bll.Dtos.BookDto, CatalogService.Bll, Version=1.0.0.0, Culture=neutral, PublicKeyToken=null]]'.
2025-11-24 22:07:05.639 +02:00 [INF] Executing OkObjectResult, writing value of type 'System.Collections.Generic.List`1[[CatalogService.Bll.Dtos.GenreDto, CatalogService.Bll, Version=1.0.0.0, Culture=neutral, PublicKeyToken=null]]'.
2025-11-24 22:07:05.649 +02:00 [INF] Executed action CatalogService.Api.Controllers.BooksController.GetAll (CatalogService.Api) in 39.0593ms
2025-11-24 22:07:05.644 +02:00 [INF] Executed action CatalogService.Api.Controllers.AuthorsController.GetAll (CatalogService.Api) in 27.6497ms
2025-11-24 22:07:05.651 +02:00 [INF] Request starting HTTP/1.1 GET http://localhost:5180/api/authors - null null
2025-11-24 22:07:05.652 +02:00 [INF] Executed action CatalogService.Api.Controllers.GenresController.GetAll (CatalogService.Api) in 30.3328ms
2025-11-24 22:07:05.654 +02:00 [INF] Request starting HTTP/1.1 GET http://localhost:5180/api/books - null null
2025-11-24 22:07:05.655 +02:00 [INF] Executed endpoint 'CatalogService.Api.Controllers.BooksController.GetAll (CatalogService.Api)'
2025-11-24 22:07:05.656 +02:00 [INF] Request starting HTTP/1.1 GET http://localhost:5180/api/genres - null null
2025-11-24 22:07:05.658 +02:00 [INF] Executed endpoint 'CatalogService.Api.Controllers.AuthorsController.GetAll (CatalogService.Api)'
2025-11-24 22:07:05.664 +02:00 [INF] Executing endpoint 'CatalogService.Api.Controllers.AuthorsController.GetAll (CatalogService.Api)'
2025-11-24 22:07:05.668 +02:00 [INF] Executed endpoint 'CatalogService.Api.Controllers.GenresController.GetAll (CatalogService.Api)'
2025-11-24 22:07:05.673 +02:00 [INF] Executing endpoint 'CatalogService.Api.Controllers.BooksController.GetAll (CatalogService.Api)'
2025-11-24 22:07:05.675 +02:00 [INF] Request finished HTTP/1.1 GET http://localhost:5180/api/books - 200 null application/json; charset=utf-8 99.8616ms
2025-11-24 22:07:05.683 +02:00 [INF] Executing endpoint 'CatalogService.Api.Controllers.GenresController.GetAll (CatalogService.Api)'
2025-11-24 22:07:05.685 +02:00 [INF] Request finished HTTP/1.1 GET http://localhost:5180/api/authors - 200 null application/json; charset=utf-8 108.1116ms
2025-11-24 22:07:05.688 +02:00 [INF] Route matched with {action = "GetAll", controller = "Authors"}. Executing controller action with signature System.Threading.Tasks.Task`1[Microsoft.AspNetCore.Mvc.IActionResult] GetAll() on controller CatalogService.Api.Controllers.AuthorsController (CatalogService.Api).
2025-11-24 22:07:05.691 +02:00 [INF] Request finished HTTP/1.1 GET http://localhost:5180/api/genres - 200 null application/json; charset=utf-8 113.7482ms
2025-11-24 22:07:05.694 +02:00 [INF] Route matched with {action = "GetAll", controller = "Books"}. Executing controller action with signature System.Threading.Tasks.Task`1[Microsoft.AspNetCore.Mvc.IActionResult] GetAll() on controller CatalogService.Api.Controllers.BooksController (CatalogService.Api).
2025-11-24 22:07:05.705 +02:00 [INF] Route matched with {action = "GetAll", controller = "Genres"}. Executing controller action with signature System.Threading.Tasks.Task`1[Microsoft.AspNetCore.Mvc.IActionResult] GetAll() on controller CatalogService.Api.Controllers.GenresController (CatalogService.Api).
2025-11-24 22:07:05.717 +02:00 [INF] Executed DbCommand (1ms) [Parameters=[], CommandType='"Text"', CommandTimeout='30']
SELECT a.id, a.name
FROM authors AS a
2025-11-24 22:07:05.728 +02:00 [INF] Executed DbCommand (1ms) [Parameters=[], CommandType='"Text"', CommandTimeout='30']
SELECT b.id, b.authorid, b.genreid, b.title, a.id, a.name, g.id, g.name
FROM books AS b
INNER JOIN authors AS a ON b.authorid = a.id
INNER JOIN genres AS g ON b.genreid = g.id
2025-11-24 22:07:05.731 +02:00 [INF] Executed DbCommand (1ms) [Parameters=[], CommandType='"Text"', CommandTimeout='30']
SELECT g.id, g.name
FROM genres AS g
2025-11-24 22:07:05.735 +02:00 [INF] Executing OkObjectResult, writing value of type 'System.Collections.Generic.List`1[[CatalogService.Bll.Dtos.AuthorDto, CatalogService.Bll, Version=1.0.0.0, Culture=neutral, PublicKeyToken=null]]'.
2025-11-24 22:07:05.740 +02:00 [INF] Executing OkObjectResult, writing value of type 'System.Collections.Generic.List`1[[CatalogService.Bll.Dtos.BookDto, CatalogService.Bll, Version=1.0.0.0, Culture=neutral, PublicKeyToken=null]]'.
2025-11-24 22:07:05.744 +02:00 [INF] Executing OkObjectResult, writing value of type 'System.Collections.Generic.List`1[[CatalogService.Bll.Dtos.GenreDto, CatalogService.Bll, Version=1.0.0.0, Culture=neutral, PublicKeyToken=null]]'.
2025-11-24 22:07:05.747 +02:00 [INF] Executed action CatalogService.Api.Controllers.AuthorsController.GetAll (CatalogService.Api) in 31.5857ms
2025-11-24 22:07:05.751 +02:00 [INF] Executed action CatalogService.Api.Controllers.BooksController.GetAll (CatalogService.Api) in 26.6296ms
2025-11-24 22:07:05.754 +02:00 [INF] Executed action CatalogService.Api.Controllers.GenresController.GetAll (CatalogService.Api) in 25.0255ms
2025-11-24 22:07:05.757 +02:00 [INF] Executed endpoint 'CatalogService.Api.Controllers.AuthorsController.GetAll (CatalogService.Api)'
2025-11-24 22:07:05.760 +02:00 [INF] Executed endpoint 'CatalogService.Api.Controllers.BooksController.GetAll (CatalogService.Api)'
2025-11-24 22:07:05.763 +02:00 [INF] Executed endpoint 'CatalogService.Api.Controllers.GenresController.GetAll (CatalogService.Api)'
2025-11-24 22:07:05.765 +02:00 [INF] Request finished HTTP/1.1 GET http://localhost:5180/api/authors - 200 null application/json; charset=utf-8 113.678ms
2025-11-24 22:07:05.767 +02:00 [INF] Request finished HTTP/1.1 GET http://localhost:5180/api/books - 200 null application/json; charset=utf-8 112.969ms
2025-11-24 22:07:05.769 +02:00 [INF] Request finished HTTP/1.1 GET http://localhost:5180/api/genres - 200 null application/json; charset=utf-8 112.736ms
2025-11-24 22:07:12.780 +02:00 [INF] Request starting HTTP/1.1 GET http://localhost:5180/api/books/3 - null null
2025-11-24 22:07:12.791 +02:00 [INF] Executing endpoint 'CatalogService.Api.Controllers.BooksController.GetById (CatalogService.Api)'
2025-11-24 22:07:12.820 +02:00 [INF] Route matched with {action = "GetById", controller = "Books"}. Executing controller action with signature System.Threading.Tasks.Task`1[Microsoft.AspNetCore.Mvc.IActionResult] GetById(Int32) on controller CatalogService.Api.Controllers.BooksController (CatalogService.Api).
2025-11-24 22:07:12.974 +02:00 [INF] Executed DbCommand (14ms) [Parameters=[@__id_0='?' (DbType = Int32)], CommandType='"Text"', CommandTimeout='30']
SELECT b.id, b.authorid, b.genreid, b.title, a.id, a.name, g.id, g.name
FROM books AS b
INNER JOIN authors AS a ON b.authorid = a.id
INNER JOIN genres AS g ON b.genreid = g.id
WHERE b.id = @__id_0
LIMIT 1
2025-11-24 22:07:12.987 +02:00 [INF] Executing OkObjectResult, writing value of type 'CatalogService.Bll.Dtos.BookDto'.
2025-11-24 22:07:12.990 +02:00 [INF] Executed action CatalogService.Api.Controllers.BooksController.GetById (CatalogService.Api) in 159.7081ms
2025-11-24 22:07:12.994 +02:00 [INF] Executed endpoint 'CatalogService.Api.Controllers.BooksController.GetById (CatalogService.Api)'
2025-11-24 22:07:12.997 +02:00 [INF] Request finished HTTP/1.1 GET http://localhost:5180/api/books/3 - 200 null application/json; charset=utf-8 217.801ms
2025-11-24 22:07:13.133 +02:00 [INF] Request starting HTTP/1.1 GET http://localhost:5180/api/books - null null
2025-11-24 22:07:13.133 +02:00 [INF] Request starting HTTP/1.1 GET http://localhost:5180/api/authors - null null
2025-11-24 22:07:13.133 +02:00 [INF] Request starting HTTP/1.1 GET http://localhost:5180/api/genres - null null
2025-11-24 22:07:13.138 +02:00 [INF] Executing endpoint 'CatalogService.Api.Controllers.BooksController.GetAll (CatalogService.Api)'
2025-11-24 22:07:13.141 +02:00 [INF] Executing endpoint 'CatalogService.Api.Controllers.AuthorsController.GetAll (CatalogService.Api)'
2025-11-24 22:07:13.146 +02:00 [INF] Executing endpoint 'CatalogService.Api.Controllers.GenresController.GetAll (CatalogService.Api)'
2025-11-24 22:07:13.148 +02:00 [INF] Route matched with {action = "GetAll", controller = "Books"}. Executing controller action with signature System.Threading.Tasks.Task`1[Microsoft.AspNetCore.Mvc.IActionResult] GetAll() on controller CatalogService.Api.Controllers.BooksController (CatalogService.Api).
2025-11-24 22:07:13.150 +02:00 [INF] Route matched with {action = "GetAll", controller = "Authors"}. Executing controller action with signature System.Threading.Tasks.Task`1[Microsoft.AspNetCore.Mvc.IActionResult] GetAll() on controller CatalogService.Api.Controllers.AuthorsController (CatalogService.Api).
2025-11-24 22:07:13.152 +02:00 [INF] Route matched with {action = "GetAll", controller = "Genres"}. Executing controller action with signature System.Threading.Tasks.Task`1[Microsoft.AspNetCore.Mvc.IActionResult] GetAll() on controller CatalogService.Api.Controllers.GenresController (CatalogService.Api).
2025-11-24 22:07:13.159 +02:00 [INF] Executed DbCommand (1ms) [Parameters=[], CommandType='"Text"', CommandTimeout='30']
SELECT b.id, b.authorid, b.genreid, b.title, a.id, a.name, g.id, g.name
FROM books AS b
INNER JOIN authors AS a ON b.authorid = a.id
INNER JOIN genres AS g ON b.genreid = g.id
2025-11-24 22:07:13.163 +02:00 [INF] Executed DbCommand (1ms) [Parameters=[], CommandType='"Text"', CommandTimeout='30']
SELECT a.id, a.name
FROM authors AS a
2025-11-24 22:07:13.167 +02:00 [INF] Executed DbCommand (1ms) [Parameters=[], CommandType='"Text"', CommandTimeout='30']
SELECT g.id, g.name
FROM genres AS g
2025-11-24 22:07:13.172 +02:00 [INF] Executing OkObjectResult, writing value of type 'System.Collections.Generic.List`1[[CatalogService.Bll.Dtos.BookDto, CatalogService.Bll, Version=1.0.0.0, Culture=neutral, PublicKeyToken=null]]'.
2025-11-24 22:07:13.177 +02:00 [INF] Executing OkObjectResult, writing value of type 'System.Collections.Generic.List`1[[CatalogService.Bll.Dtos.AuthorDto, CatalogService.Bll, Version=1.0.0.0, Culture=neutral, PublicKeyToken=null]]'.
2025-11-24 22:07:13.183 +02:00 [INF] Executing OkObjectResult, writing value of type 'System.Collections.Generic.List`1[[CatalogService.Bll.Dtos.GenreDto, CatalogService.Bll, Version=1.0.0.0, Culture=neutral, PublicKeyToken=null]]'.
2025-11-24 22:07:13.185 +02:00 [INF] Executed action CatalogService.Api.Controllers.BooksController.GetAll (CatalogService.Api) in 29.8571ms
2025-11-24 22:07:13.189 +02:00 [INF] Executed action CatalogService.Api.Controllers.AuthorsController.GetAll (CatalogService.Api) in 29.0736ms
2025-11-24 22:07:13.192 +02:00 [INF] Executed action CatalogService.Api.Controllers.GenresController.GetAll (CatalogService.Api) in 26.8104ms
2025-11-24 22:07:13.195 +02:00 [INF] Executed endpoint 'CatalogService.Api.Controllers.BooksController.GetAll (CatalogService.Api)'
2025-11-24 22:07:13.198 +02:00 [INF] Executed endpoint 'CatalogService.Api.Controllers.AuthorsController.GetAll (CatalogService.Api)'
2025-11-24 22:07:13.201 +02:00 [INF] Executed endpoint 'CatalogService.Api.Controllers.GenresController.GetAll (CatalogService.Api)'
2025-11-24 22:07:13.204 +02:00 [INF] Request finished HTTP/1.1 GET http://localhost:5180/api/books - 200 null application/json; charset=utf-8 71.3848ms
2025-11-24 22:07:13.206 +02:00 [INF] Request finished HTTP/1.1 GET http://localhost:5180/api/authors - 200 null application/json; charset=utf-8 73.1857ms
2025-11-24 22:07:13.209 +02:00 [INF] Request finished HTTP/1.1 GET http://localhost:5180/api/genres - 200 null application/json; charset=utf-8 75.4811ms
2025-11-24 22:38:37.785 +02:00 [INF] Now listening on: http://localhost:5180
2025-11-24 22:38:37.868 +02:00 [INF] Application started. Press Ctrl+C to shut down.
2025-11-24 22:38:37.870 +02:00 [INF] Hosting environment: Development
2025-11-24 22:38:37.872 +02:00 [INF] Content root path: C:\Users\Admin\Documents\projects\LibrarySystem\CatalogService\CatalogService.Api
2025-11-24 22:38:40.764 +02:00 [INF] Request starting HTTP/1.1 GET http://localhost:5180/api/books - null null
2025-11-24 22:38:40.764 +02:00 [INF] Request starting HTTP/1.1 GET http://localhost:5180/api/authors - null null
2025-11-24 22:38:40.764 +02:00 [INF] Request starting HTTP/1.1 GET http://localhost:5180/api/genres - null null
2025-11-24 22:38:40.841 +02:00 [INF] Executing endpoint 'CatalogService.Api.Controllers.AuthorsController.GetAll (CatalogService.Api)'
2025-11-24 22:38:40.841 +02:00 [INF] Executing endpoint 'CatalogService.Api.Controllers.BooksController.GetAll (CatalogService.Api)'
2025-11-24 22:38:40.841 +02:00 [INF] Executing endpoint 'CatalogService.Api.Controllers.GenresController.GetAll (CatalogService.Api)'
2025-11-24 22:38:40.869 +02:00 [INF] Route matched with {action = "GetAll", controller = "Books"}. Executing controller action with signature System.Threading.Tasks.Task`1[Microsoft.AspNetCore.Mvc.IActionResult] GetAll() on controller CatalogService.Api.Controllers.BooksController (CatalogService.Api).
2025-11-24 22:38:40.869 +02:00 [INF] Route matched with {action = "GetAll", controller = "Authors"}. Executing controller action with signature System.Threading.Tasks.Task`1[Microsoft.AspNetCore.Mvc.IActionResult] GetAll() on controller CatalogService.Api.Controllers.AuthorsController (CatalogService.Api).
2025-11-24 22:38:40.869 +02:00 [INF] Route matched with {action = "GetAll", controller = "Genres"}. Executing controller action with signature System.Threading.Tasks.Task`1[Microsoft.AspNetCore.Mvc.IActionResult] GetAll() on controller CatalogService.Api.Controllers.GenresController (CatalogService.Api).
2025-11-24 22:38:42.701 +02:00 [INF] Executed DbCommand (27ms) [Parameters=[], CommandType='"Text"', CommandTimeout='30']
SELECT g.id, g.name
FROM genres AS g
2025-11-24 22:38:42.701 +02:00 [INF] Executed DbCommand (27ms) [Parameters=[], CommandType='"Text"', CommandTimeout='30']
SELECT b.id, b.authorid, b.genreid, b.title, a.id, a.name, g.id, g.name
FROM books AS b
INNER JOIN authors AS a ON b.authorid = a.id
INNER JOIN genres AS g ON b.genreid = g.id
2025-11-24 22:38:42.701 +02:00 [INF] Executed DbCommand (27ms) [Parameters=[], CommandType='"Text"', CommandTimeout='30']
SELECT a.id, a.name
FROM authors AS a
2025-11-24 22:38:42.822 +02:00 [INF] Executing OkObjectResult, writing value of type 'System.Collections.Generic.List`1[[CatalogService.Bll.Dtos.BookDto, CatalogService.Bll, Version=1.0.0.0, Culture=neutral, PublicKeyToken=null]]'.
2025-11-24 22:38:42.822 +02:00 [INF] Executing OkObjectResult, writing value of type 'System.Collections.Generic.List`1[[CatalogService.Bll.Dtos.GenreDto, CatalogService.Bll, Version=1.0.0.0, Culture=neutral, PublicKeyToken=null]]'.
2025-11-24 22:38:42.822 +02:00 [INF] Executing OkObjectResult, writing value of type 'System.Collections.Generic.List`1[[CatalogService.Bll.Dtos.AuthorDto, CatalogService.Bll, Version=1.0.0.0, Culture=neutral, PublicKeyToken=null]]'.
2025-11-24 22:38:42.862 +02:00 [INF] Executed action CatalogService.Api.Controllers.GenresController.GetAll (CatalogService.Api) in 1979.0887ms
2025-11-24 22:38:42.872 +02:00 [INF] Request starting HTTP/1.1 GET http://localhost:5180/api/books - null null
2025-11-24 22:38:42.862 +02:00 [INF] Executed action CatalogService.Api.Controllers.BooksController.GetAll (CatalogService.Api) in 1985.3054ms
2025-11-24 22:38:42.862 +02:00 [INF] Executed action CatalogService.Api.Controllers.AuthorsController.GetAll (CatalogService.Api) in 1982.2651ms
2025-11-24 22:38:42.872 +02:00 [INF] Request starting HTTP/1.1 GET http://localhost:5180/api/authors - null null
2025-11-24 22:38:42.872 +02:00 [INF] Request starting HTTP/1.1 GET http://localhost:5180/api/genres - null null
2025-11-24 22:38:42.873 +02:00 [INF] Executed endpoint 'CatalogService.Api.Controllers.GenresController.GetAll (CatalogService.Api)'
2025-11-24 22:38:42.878 +02:00 [INF] Executed endpoint 'CatalogService.Api.Controllers.BooksController.GetAll (CatalogService.Api)'
2025-11-24 22:38:42.878 +02:00 [INF] Executing endpoint 'CatalogService.Api.Controllers.BooksController.GetAll (CatalogService.Api)'
2025-11-24 22:38:42.880 +02:00 [INF] Executed endpoint 'CatalogService.Api.Controllers.AuthorsController.GetAll (CatalogService.Api)'
2025-11-24 22:38:42.883 +02:00 [INF] Executing endpoint 'CatalogService.Api.Controllers.AuthorsController.GetAll (CatalogService.Api)'
2025-11-24 22:38:42.887 +02:00 [INF] Executing endpoint 'CatalogService.Api.Controllers.GenresController.GetAll (CatalogService.Api)'
2025-11-24 22:38:42.892 +02:00 [INF] Route matched with {action = "GetAll", controller = "Books"}. Executing controller action with signature System.Threading.Tasks.Task`1[Microsoft.AspNetCore.Mvc.IActionResult] GetAll() on controller CatalogService.Api.Controllers.BooksController (CatalogService.Api).
2025-11-24 22:38:42.897 +02:00 [INF] Route matched with {action = "GetAll", controller = "Authors"}. Executing controller action with signature System.Threading.Tasks.Task`1[Microsoft.AspNetCore.Mvc.IActionResult] GetAll() on controller CatalogService.Api.Controllers.AuthorsController (CatalogService.Api).
2025-11-24 22:38:42.900 +02:00 [INF] Route matched with {action = "GetAll", controller = "Genres"}. Executing controller action with signature System.Threading.Tasks.Task`1[Microsoft.AspNetCore.Mvc.IActionResult] GetAll() on controller CatalogService.Api.Controllers.GenresController (CatalogService.Api).
2025-11-24 22:38:42.900 +02:00 [INF] Request finished HTTP/1.1 GET http://localhost:5180/api/genres - 200 null application/json; charset=utf-8 2139.039ms
2025-11-24 22:38:42.900 +02:00 [INF] Request finished HTTP/1.1 GET http://localhost:5180/api/authors - 200 null application/json; charset=utf-8 2139.0112ms
2025-11-24 22:38:42.900 +02:00 [INF] Request finished HTTP/1.1 GET http://localhost:5180/api/books - 200 null application/json; charset=utf-8 2139.0551ms
2025-11-24 22:38:42.986 +02:00 [INF] Executed DbCommand (5ms) [Parameters=[], CommandType='"Text"', CommandTimeout='30']
SELECT g.id, g.name
FROM genres AS g
2025-11-24 22:38:42.986 +02:00 [INF] Executed DbCommand (5ms) [Parameters=[], CommandType='"Text"', CommandTimeout='30']
SELECT a.id, a.name
FROM authors AS a
2025-11-24 22:38:42.986 +02:00 [INF] Executed DbCommand (3ms) [Parameters=[], CommandType='"Text"', CommandTimeout='30']
SELECT b.id, b.authorid, b.genreid, b.title, a.id, a.name, g.id, g.name
FROM books AS b
INNER JOIN authors AS a ON b.authorid = a.id
INNER JOIN genres AS g ON b.genreid = g.id
2025-11-24 22:38:42.992 +02:00 [INF] Executing OkObjectResult, writing value of type 'System.Collections.Generic.List`1[[CatalogService.Bll.Dtos.GenreDto, CatalogService.Bll, Version=1.0.0.0, Culture=neutral, PublicKeyToken=null]]'.
2025-11-24 22:38:42.995 +02:00 [INF] Executing OkObjectResult, writing value of type 'System.Collections.Generic.List`1[[CatalogService.Bll.Dtos.AuthorDto, CatalogService.Bll, Version=1.0.0.0, Culture=neutral, PublicKeyToken=null]]'.
2025-11-24 22:38:42.999 +02:00 [INF] Executing OkObjectResult, writing value of type 'System.Collections.Generic.List`1[[CatalogService.Bll.Dtos.BookDto, CatalogService.Bll, Version=1.0.0.0, Culture=neutral, PublicKeyToken=null]]'.
2025-11-24 22:38:43.001 +02:00 [INF] Executed action CatalogService.Api.Controllers.GenresController.GetAll (CatalogService.Api) in 91.8708ms
2025-11-24 22:38:43.004 +02:00 [INF] Executed action CatalogService.Api.Controllers.AuthorsController.GetAll (CatalogService.Api) in 97.2141ms
2025-11-24 22:38:43.007 +02:00 [INF] Executed action CatalogService.Api.Controllers.BooksController.GetAll (CatalogService.Api) in 102.9614ms
2025-11-24 22:38:43.009 +02:00 [INF] Executed endpoint 'CatalogService.Api.Controllers.GenresController.GetAll (CatalogService.Api)'
2025-11-24 22:38:43.011 +02:00 [INF] Executed endpoint 'CatalogService.Api.Controllers.AuthorsController.GetAll (CatalogService.Api)'
2025-11-24 22:38:43.013 +02:00 [INF] Executed endpoint 'CatalogService.Api.Controllers.BooksController.GetAll (CatalogService.Api)'
2025-11-24 22:38:43.014 +02:00 [INF] Request finished HTTP/1.1 GET http://localhost:5180/api/genres - 200 null application/json; charset=utf-8 142.0925ms
2025-11-24 22:38:43.017 +02:00 [INF] Request finished HTTP/1.1 GET http://localhost:5180/api/authors - 200 null application/json; charset=utf-8 144.7617ms
2025-11-24 22:38:43.019 +02:00 [INF] Request finished HTTP/1.1 GET http://localhost:5180/api/books - 200 null application/json; charset=utf-8 147.1263ms
2025-11-24 22:46:55.499 +02:00 [INF] Now listening on: http://localhost:5180
2025-11-24 22:46:55.580 +02:00 [INF] Application started. Press Ctrl+C to shut down.
2025-11-24 22:46:55.583 +02:00 [INF] Hosting environment: Development
2025-11-24 22:46:55.585 +02:00 [INF] Content root path: C:\Users\Admin\Documents\projects\LibrarySystem\CatalogService\CatalogService.Api
2025-11-24 22:47:30.393 +02:00 [INF] Now listening on: http://localhost:5180
2025-11-24 22:47:30.474 +02:00 [INF] Application started. Press Ctrl+C to shut down.
2025-11-24 22:47:30.476 +02:00 [INF] Hosting environment: Development
2025-11-24 22:47:30.478 +02:00 [INF] Content root path: C:\Users\Admin\Documents\projects\LibrarySystem\CatalogService\CatalogService.Api
2025-11-24 22:53:00.060 +02:00 [INF] Now listening on: http://localhost:5180
2025-11-24 22:53:00.106 +02:00 [INF] Application started. Press Ctrl+C to shut down.
2025-11-24 22:53:00.108 +02:00 [INF] Hosting environment: Development
2025-11-24 22:53:00.111 +02:00 [INF] Content root path: C:\Users\Admin\Documents\projects\LibrarySystem\CatalogService\CatalogService.Api
2025-11-24 22:55:02.813 +02:00 [INF] Now listening on: http://localhost:5180
2025-11-24 22:55:02.892 +02:00 [INF] Application started. Press Ctrl+C to shut down.
2025-11-24 22:55:02.894 +02:00 [INF] Hosting environment: Development
2025-11-24 22:55:02.896 +02:00 [INF] Content root path: C:\Users\Admin\Documents\projects\LibrarySystem\CatalogService\CatalogService.Api
2025-11-24 22:55:21.852 +02:00 [INF] Now listening on: http://localhost:5180
2025-11-24 22:55:21.920 +02:00 [INF] Application started. Press Ctrl+C to shut down.
2025-11-24 22:55:21.921 +02:00 [INF] Hosting environment: Development
2025-11-24 22:55:21.923 +02:00 [INF] Content root path: C:\Users\Admin\Documents\projects\LibrarySystem\CatalogService\CatalogService.Api
2025-11-24 22:58:31.215 +02:00 [INF] Now listening on: http://localhost:5180
2025-11-24 22:58:31.294 +02:00 [INF] Application started. Press Ctrl+C to shut down.
2025-11-24 22:58:31.296 +02:00 [INF] Hosting environment: Development
2025-11-24 22:58:31.297 +02:00 [INF] Content root path: C:\Users\Admin\Documents\projects\LibrarySystem\CatalogService\CatalogService.Api
2025-11-24 22:59:34.472 +02:00 [INF] Now listening on: http://localhost:5180
2025-11-24 22:59:34.559 +02:00 [INF] Application started. Press Ctrl+C to shut down.
2025-11-24 22:59:34.561 +02:00 [INF] Hosting environment: Development
2025-11-24 22:59:34.562 +02:00 [INF] Content root path: C:\Users\Admin\Documents\projects\LibrarySystem\CatalogService\CatalogService.Api
2025-11-24 22:59:49.980 +02:00 [INF] Request starting HTTP/1.1 GET http://localhost:5180/api/authors - null null
2025-11-24 22:59:49.980 +02:00 [INF] Request starting HTTP/1.1 GET http://localhost:5180/api/genres - null null
2025-11-24 22:59:49.980 +02:00 [INF] Request starting HTTP/1.1 GET http://localhost:5180/api/books - null null
2025-11-24 22:59:50.049 +02:00 [INF] Executing endpoint 'CatalogService.Api.Controllers.GenresController.GetAll (CatalogService.Api)'
2025-11-24 22:59:50.049 +02:00 [INF] Executing endpoint 'CatalogService.Api.Controllers.AuthorsController.GetAll (CatalogService.Api)'
2025-11-24 22:59:50.049 +02:00 [INF] Executing endpoint 'CatalogService.Api.Controllers.BooksController.GetAll (CatalogService.Api)'
2025-11-24 22:59:50.078 +02:00 [INF] Route matched with {action = "GetAll", controller = "Authors"}. Executing controller action with signature System.Threading.Tasks.Task`1[Microsoft.AspNetCore.Mvc.IActionResult] GetAll() on controller CatalogService.Api.Controllers.AuthorsController (CatalogService.Api).
2025-11-24 22:59:50.078 +02:00 [INF] Route matched with {action = "GetAll", controller = "Books"}. Executing controller action with signature System.Threading.Tasks.Task`1[Microsoft.AspNetCore.Mvc.IActionResult] GetAll() on controller CatalogService.Api.Controllers.BooksController (CatalogService.Api).
2025-11-24 22:59:50.078 +02:00 [INF] Route matched with {action = "GetAll", controller = "Genres"}. Executing controller action with signature System.Threading.Tasks.Task`1[Microsoft.AspNetCore.Mvc.IActionResult] GetAll() on controller CatalogService.Api.Controllers.GenresController (CatalogService.Api).
2025-11-24 22:59:51.864 +02:00 [INF] Executed DbCommand (30ms) [Parameters=[], CommandType='"Text"', CommandTimeout='30']
SELECT g.id, g.name
FROM genres AS g
2025-11-24 22:59:51.864 +02:00 [INF] Executed DbCommand (30ms) [Parameters=[], CommandType='"Text"', CommandTimeout='30']
SELECT b.id, b.authorid, b.genreid, b.title, a.id, a.name, g.id, g.name
FROM books AS b
INNER JOIN authors AS a ON b.authorid = a.id
INNER JOIN genres AS g ON b.genreid = g.id
2025-11-24 22:59:51.864 +02:00 [INF] Executed DbCommand (30ms) [Parameters=[], CommandType='"Text"', CommandTimeout='30']
SELECT a.id, a.name
FROM authors AS a
2025-11-24 22:59:52.016 +02:00 [INF] Executing OkObjectResult, writing value of type 'System.Collections.Generic.List`1[[CatalogService.Bll.Dtos.GenreDto, CatalogService.Bll, Version=1.0.0.0, Culture=neutral, PublicKeyToken=null]]'.
2025-11-24 22:59:52.020 +02:00 [INF] Executing OkObjectResult, writing value of type 'System.Collections.Generic.List`1[[CatalogService.Bll.Dtos.AuthorDto, CatalogService.Bll, Version=1.0.0.0, Culture=neutral, PublicKeyToken=null]]'.
2025-11-24 22:59:52.020 +02:00 [INF] Executing OkObjectResult, writing value of type 'System.Collections.Generic.List`1[[CatalogService.Bll.Dtos.BookDto, CatalogService.Bll, Version=1.0.0.0, Culture=neutral, PublicKeyToken=null]]'.
2025-11-24 22:59:52.066 +02:00 [INF] Executed action CatalogService.Api.Controllers.GenresController.GetAll (CatalogService.Api) in 1967.884ms
2025-11-24 22:59:52.066 +02:00 [INF] Executed action CatalogService.Api.Controllers.BooksController.GetAll (CatalogService.Api) in 1971.8817ms
2025-11-24 22:59:52.066 +02:00 [INF] Executed action CatalogService.Api.Controllers.AuthorsController.GetAll (CatalogService.Api) in 1976.6345ms
2025-11-24 22:59:52.072 +02:00 [INF] Request starting HTTP/1.1 GET http://localhost:5180/api/books - null null
2025-11-24 22:59:52.072 +02:00 [INF] Request starting HTTP/1.1 GET http://localhost:5180/api/authors - null null
2025-11-24 22:59:52.072 +02:00 [INF] Request starting HTTP/1.1 GET http://localhost:5180/api/genres - null null
2025-11-24 22:59:52.075 +02:00 [INF] Executed endpoint 'CatalogService.Api.Controllers.GenresController.GetAll (CatalogService.Api)'
2025-11-24 22:59:52.077 +02:00 [INF] Executed endpoint 'CatalogService.Api.Controllers.BooksController.GetAll (CatalogService.Api)'
2025-11-24 22:59:52.080 +02:00 [INF] Executed endpoint 'CatalogService.Api.Controllers.AuthorsController.GetAll (CatalogService.Api)'
2025-11-24 22:59:52.086 +02:00 [INF] Executing endpoint 'CatalogService.Api.Controllers.BooksController.GetAll (CatalogService.Api)'
2025-11-24 22:59:52.088 +02:00 [INF] Executing endpoint 'CatalogService.Api.Controllers.AuthorsController.GetAll (CatalogService.Api)'
2025-11-24 22:59:52.093 +02:00 [INF] Executing endpoint 'CatalogService.Api.Controllers.GenresController.GetAll (CatalogService.Api)'
2025-11-24 22:59:52.102 +02:00 [INF] Route matched with {action = "GetAll", controller = "Books"}. Executing controller action with signature System.Threading.Tasks.Task`1[Microsoft.AspNetCore.Mvc.IActionResult] GetAll() on controller CatalogService.Api.Controllers.BooksController (CatalogService.Api).
2025-11-24 22:59:52.104 +02:00 [INF] Route matched with {action = "GetAll", controller = "Authors"}. Executing controller action with signature System.Threading.Tasks.Task`1[Microsoft.AspNetCore.Mvc.IActionResult] GetAll() on controller CatalogService.Api.Controllers.AuthorsController (CatalogService.Api).
2025-11-24 22:59:52.104 +02:00 [INF] Request finished HTTP/1.1 GET http://localhost:5180/api/genres - 200 null application/json; charset=utf-8 2126.6868ms
2025-11-24 22:59:52.104 +02:00 [INF] Request finished HTTP/1.1 GET http://localhost:5180/api/authors - 200 null application/json; charset=utf-8 2126.676ms
2025-11-24 22:59:52.104 +02:00 [INF] Request finished HTTP/1.1 GET http://localhost:5180/api/books - 200 null application/json; charset=utf-8 2126.6205ms
2025-11-24 22:59:52.106 +02:00 [INF] Route matched with {action = "GetAll", controller = "Genres"}. Executing controller action with signature System.Threading.Tasks.Task`1[Microsoft.AspNetCore.Mvc.IActionResult] GetAll() on controller CatalogService.Api.Controllers.GenresController (CatalogService.Api).
2025-11-24 22:59:52.204 +02:00 [INF] Executed DbCommand (3ms) [Parameters=[], CommandType='"Text"', CommandTimeout='30']
SELECT b.id, b.authorid, b.genreid, b.title, a.id, a.name, g.id, g.name
FROM books AS b
INNER JOIN authors AS a ON b.authorid = a.id
INNER JOIN genres AS g ON b.genreid = g.id
2025-11-24 22:59:52.204 +02:00 [INF] Executed DbCommand (5ms) [Parameters=[], CommandType='"Text"', CommandTimeout='30']
SELECT a.id, a.name
FROM authors AS a
2025-11-24 22:59:52.204 +02:00 [INF] Executed DbCommand (5ms) [Parameters=[], CommandType='"Text"', CommandTimeout='30']
SELECT g.id, g.name
FROM genres AS g
2025-11-24 22:59:52.211 +02:00 [INF] Executing OkObjectResult, writing value of type 'System.Collections.Generic.List`1[[CatalogService.Bll.Dtos.BookDto, CatalogService.Bll, Version=1.0.0.0, Culture=neutral, PublicKeyToken=null]]'.
2025-11-24 22:59:52.216 +02:00 [INF] Executing OkObjectResult, writing value of type 'System.Collections.Generic.List`1[[CatalogService.Bll.Dtos.AuthorDto, CatalogService.Bll, Version=1.0.0.0, Culture=neutral, PublicKeyToken=null]]'.
2025-11-24 22:59:52.221 +02:00 [INF] Executing OkObjectResult, writing value of type 'System.Collections.Generic.List`1[[CatalogService.Bll.Dtos.GenreDto, CatalogService.Bll, Version=1.0.0.0, Culture=neutral, PublicKeyToken=null]]'.
2025-11-24 22:59:52.224 +02:00 [INF] Executed action CatalogService.Api.Controllers.BooksController.GetAll (CatalogService.Api) in 114.6026ms
2025-11-24 22:59:52.227 +02:00 [INF] Executed action CatalogService.Api.Controllers.AuthorsController.GetAll (CatalogService.Api) in 115.4216ms
2025-11-24 22:59:52.230 +02:00 [INF] Executed action CatalogService.Api.Controllers.GenresController.GetAll (CatalogService.Api) in 90.2254ms
2025-11-24 22:59:52.232 +02:00 [INF] Executed endpoint 'CatalogService.Api.Controllers.BooksController.GetAll (CatalogService.Api)'
2025-11-24 22:59:52.235 +02:00 [INF] Executed endpoint 'CatalogService.Api.Controllers.AuthorsController.GetAll (CatalogService.Api)'
2025-11-24 22:59:52.238 +02:00 [INF] Executed endpoint 'CatalogService.Api.Controllers.GenresController.GetAll (CatalogService.Api)'
2025-11-24 22:59:52.240 +02:00 [INF] Request finished HTTP/1.1 GET http://localhost:5180/api/books - 200 null application/json; charset=utf-8 167.9003ms
2025-11-24 22:59:52.242 +02:00 [INF] Request finished HTTP/1.1 GET http://localhost:5180/api/authors - 200 null application/json; charset=utf-8 169.8472ms
2025-11-24 22:59:52.244 +02:00 [INF] Request finished HTTP/1.1 GET http://localhost:5180/api/genres - 200 null application/json; charset=utf-8 172.2395ms
2025-11-24 22:59:53.023 +02:00 [INF] Request starting HTTP/1.1 GET http://localhost:5180/api/books - null null
2025-11-24 22:59:53.025 +02:00 [INF] Request starting HTTP/1.1 GET http://localhost:5180/api/authors - null null
2025-11-24 22:59:53.026 +02:00 [INF] Request starting HTTP/1.1 GET http://localhost:5180/api/genres - null null
2025-11-24 22:59:53.031 +02:00 [INF] Executing endpoint 'CatalogService.Api.Controllers.BooksController.GetAll (CatalogService.Api)'
2025-11-24 22:59:53.037 +02:00 [INF] Executing endpoint 'CatalogService.Api.Controllers.AuthorsController.GetAll (CatalogService.Api)'
2025-11-24 22:59:53.042 +02:00 [INF] Executing endpoint 'CatalogService.Api.Controllers.GenresController.GetAll (CatalogService.Api)'
2025-11-24 22:59:53.043 +02:00 [INF] Route matched with {action = "GetAll", controller = "Books"}. Executing controller action with signature System.Threading.Tasks.Task`1[Microsoft.AspNetCore.Mvc.IActionResult] GetAll() on controller CatalogService.Api.Controllers.BooksController (CatalogService.Api).
2025-11-24 22:59:53.044 +02:00 [INF] Route matched with {action = "GetAll", controller = "Authors"}. Executing controller action with signature System.Threading.Tasks.Task`1[Microsoft.AspNetCore.Mvc.IActionResult] GetAll() on controller CatalogService.Api.Controllers.AuthorsController (CatalogService.Api).
2025-11-24 22:59:53.045 +02:00 [INF] Route matched with {action = "GetAll", controller = "Genres"}. Executing controller action with signature System.Threading.Tasks.Task`1[Microsoft.AspNetCore.Mvc.IActionResult] GetAll() on controller CatalogService.Api.Controllers.GenresController (CatalogService.Api).
2025-11-24 22:59:53.066 +02:00 [INF] Executed DbCommand (1ms) [Parameters=[], CommandType='"Text"', CommandTimeout='30']
SELECT a.id, a.name
FROM authors AS a
2025-11-24 22:59:53.066 +02:00 [INF] Executed DbCommand (1ms) [Parameters=[], CommandType='"Text"', CommandTimeout='30']
SELECT b.id, b.authorid, b.genreid, b.title, a.id, a.name, g.id, g.name
FROM books AS b
INNER JOIN authors AS a ON b.authorid = a.id
INNER JOIN genres AS g ON b.genreid = g.id
2025-11-24 22:59:53.071 +02:00 [INF] Executed DbCommand (1ms) [Parameters=[], CommandType='"Text"', CommandTimeout='30']
SELECT g.id, g.name
FROM genres AS g
2025-11-24 22:59:53.074 +02:00 [INF] Executing OkObjectResult, writing value of type 'System.Collections.Generic.List`1[[CatalogService.Bll.Dtos.AuthorDto, CatalogService.Bll, Version=1.0.0.0, Culture=neutral, PublicKeyToken=null]]'.
2025-11-24 22:59:53.079 +02:00 [INF] Executing OkObjectResult, writing value of type 'System.Collections.Generic.List`1[[CatalogService.Bll.Dtos.BookDto, CatalogService.Bll, Version=1.0.0.0, Culture=neutral, PublicKeyToken=null]]'.
2025-11-24 22:59:53.083 +02:00 [INF] Executing OkObjectResult, writing value of type 'System.Collections.Generic.List`1[[CatalogService.Bll.Dtos.GenreDto, CatalogService.Bll, Version=1.0.0.0, Culture=neutral, PublicKeyToken=null]]'.
2025-11-24 22:59:53.088 +02:00 [INF] Executed action CatalogService.Api.Controllers.AuthorsController.GetAll (CatalogService.Api) in 36.4752ms
2025-11-24 22:59:53.091 +02:00 [INF] Executed action CatalogService.Api.Controllers.BooksController.GetAll (CatalogService.Api) in 43.4357ms
2025-11-24 22:59:53.093 +02:00 [INF] Request starting HTTP/1.1 GET http://localhost:5180/api/authors - null null
2025-11-24 22:59:53.094 +02:00 [INF] Executed action CatalogService.Api.Controllers.GenresController.GetAll (CatalogService.Api) in 26.3275ms
2025-11-24 22:59:53.095 +02:00 [INF] Request starting HTTP/1.1 GET http://localhost:5180/api/books - null null
2025-11-24 22:59:53.096 +02:00 [INF] Executed endpoint 'CatalogService.Api.Controllers.AuthorsController.GetAll (CatalogService.Api)'
2025-11-24 22:59:53.097 +02:00 [INF] Request starting HTTP/1.1 GET http://localhost:5180/api/genres - null null
2025-11-24 22:59:53.098 +02:00 [INF] Executed endpoint 'CatalogService.Api.Controllers.BooksController.GetAll (CatalogService.Api)'
2025-11-24 22:59:53.103 +02:00 [INF] Executing endpoint 'CatalogService.Api.Controllers.AuthorsController.GetAll (CatalogService.Api)'
2025-11-24 22:59:53.105 +02:00 [INF] Executed endpoint 'CatalogService.Api.Controllers.GenresController.GetAll (CatalogService.Api)'
2025-11-24 22:59:53.110 +02:00 [INF] Executing endpoint 'CatalogService.Api.Controllers.BooksController.GetAll (CatalogService.Api)'
2025-11-24 22:59:53.112 +02:00 [INF] Request finished HTTP/1.1 GET http://localhost:5180/api/authors - 200 null application/json; charset=utf-8 87.3746ms
2025-11-24 22:59:53.118 +02:00 [INF] Executing endpoint 'CatalogService.Api.Controllers.GenresController.GetAll (CatalogService.Api)'
2025-11-24 22:59:53.121 +02:00 [INF] Request finished HTTP/1.1 GET http://localhost:5180/api/books - 200 null application/json; charset=utf-8 97.34ms
2025-11-24 22:59:53.123 +02:00 [INF] Route matched with {action = "GetAll", controller = "Authors"}. Executing controller action with signature System.Threading.Tasks.Task`1[Microsoft.AspNetCore.Mvc.IActionResult] GetAll() on controller CatalogService.Api.Controllers.AuthorsController (CatalogService.Api).
2025-11-24 22:59:53.125 +02:00 [INF] Request finished HTTP/1.1 GET http://localhost:5180/api/genres - 200 null application/json; charset=utf-8 99.2822ms
2025-11-24 22:59:53.128 +02:00 [INF] Route matched with {action = "GetAll", controller = "Books"}. Executing controller action with signature System.Threading.Tasks.Task`1[Microsoft.AspNetCore.Mvc.IActionResult] GetAll() on controller CatalogService.Api.Controllers.BooksController (CatalogService.Api).
2025-11-24 22:59:53.134 +02:00 [INF] Route matched with {action = "GetAll", controller = "Genres"}. Executing controller action with signature System.Threading.Tasks.Task`1[Microsoft.AspNetCore.Mvc.IActionResult] GetAll() on controller CatalogService.Api.Controllers.GenresController (CatalogService.Api).
2025-11-24 22:59:53.145 +02:00 [INF] Executed DbCommand (0ms) [Parameters=[], CommandType='"Text"', CommandTimeout='30']
SELECT a.id, a.name
FROM authors AS a
2025-11-24 22:59:53.155 +02:00 [INF] Executed DbCommand (1ms) [Parameters=[], CommandType='"Text"', CommandTimeout='30']
SELECT b.id, b.authorid, b.genreid, b.title, a.id, a.name, g.id, g.name
FROM books AS b
INNER JOIN authors AS a ON b.authorid = a.id
INNER JOIN genres AS g ON b.genreid = g.id
2025-11-24 22:59:53.158 +02:00 [INF] Executed DbCommand (0ms) [Parameters=[], CommandType='"Text"', CommandTimeout='30']
SELECT g.id, g.name
FROM genres AS g
2025-11-24 22:59:53.159 +02:00 [INF] Executing OkObjectResult, writing value of type 'System.Collections.Generic.List`1[[CatalogService.Bll.Dtos.AuthorDto, CatalogService.Bll, Version=1.0.0.0, Culture=neutral, PublicKeyToken=null]]'.
2025-11-24 22:59:53.163 +02:00 [INF] Executing OkObjectResult, writing value of type 'System.Collections.Generic.List`1[[CatalogService.Bll.Dtos.BookDto, CatalogService.Bll, Version=1.0.0.0, Culture=neutral, PublicKeyToken=null]]'.
2025-11-24 22:59:53.167 +02:00 [INF] Executing OkObjectResult, writing value of type 'System.Collections.Generic.List`1[[CatalogService.Bll.Dtos.GenreDto, CatalogService.Bll, Version=1.0.0.0, Culture=neutral, PublicKeyToken=null]]'.
2025-11-24 22:59:53.169 +02:00 [INF] Executed action CatalogService.Api.Controllers.AuthorsController.GetAll (CatalogService.Api) in 25.3528ms
2025-11-24 22:59:53.172 +02:00 [INF] Executed action CatalogService.Api.Controllers.BooksController.GetAll (CatalogService.Api) in 19.1771ms
2025-11-24 22:59:53.174 +02:00 [INF] Executed action CatalogService.Api.Controllers.GenresController.GetAll (CatalogService.Api) in 17.5867ms
2025-11-24 22:59:53.176 +02:00 [INF] Executed endpoint 'CatalogService.Api.Controllers.AuthorsController.GetAll (CatalogService.Api)'
2025-11-24 22:59:53.178 +02:00 [INF] Executed endpoint 'CatalogService.Api.Controllers.BooksController.GetAll (CatalogService.Api)'
2025-11-24 22:59:53.180 +02:00 [INF] Executed endpoint 'CatalogService.Api.Controllers.GenresController.GetAll (CatalogService.Api)'
2025-11-24 22:59:53.182 +02:00 [INF] Request finished HTTP/1.1 GET http://localhost:5180/api/authors - 200 null application/json; charset=utf-8 89.0849ms
2025-11-24 22:59:53.184 +02:00 [INF] Request finished HTTP/1.1 GET http://localhost:5180/api/books - 200 null application/json; charset=utf-8 88.3518ms
2025-11-24 22:59:53.186 +02:00 [INF] Request finished HTTP/1.1 GET http://localhost:5180/api/genres - 200 null application/json; charset=utf-8 88.4076ms
2025-11-24 23:03:11.057 +02:00 [INF] Now listening on: http://localhost:5180
2025-11-24 23:03:11.134 +02:00 [INF] Application started. Press Ctrl+C to shut down.
2025-11-24 23:03:11.136 +02:00 [INF] Hosting environment: Development
2025-11-24 23:03:11.137 +02:00 [INF] Content root path: C:\Users\Admin\Documents\projects\LibrarySystem\CatalogService\CatalogService.Api
2025-11-24 23:03:19.160 +02:00 [INF] Request starting HTTP/1.1 GET http://localhost:5180/api/genres - null null
2025-11-24 23:03:19.160 +02:00 [INF] Request starting HTTP/1.1 GET http://localhost:5180/api/books - null null
2025-11-24 23:03:19.160 +02:00 [INF] Request starting HTTP/1.1 GET http://localhost:5180/api/authors - null null
2025-11-24 23:03:19.230 +02:00 [INF] Executing endpoint 'CatalogService.Api.Controllers.GenresController.GetAll (CatalogService.Api)'
2025-11-24 23:03:19.230 +02:00 [INF] Executing endpoint 'CatalogService.Api.Controllers.BooksController.GetAll (CatalogService.Api)'
2025-11-24 23:03:19.230 +02:00 [INF] Executing endpoint 'CatalogService.Api.Controllers.AuthorsController.GetAll (CatalogService.Api)'
2025-11-24 23:03:19.262 +02:00 [INF] Route matched with {action = "GetAll", controller = "Genres"}. Executing controller action with signature System.Threading.Tasks.Task`1[Microsoft.AspNetCore.Mvc.IActionResult] GetAll() on controller CatalogService.Api.Controllers.GenresController (CatalogService.Api).
2025-11-24 23:03:19.262 +02:00 [INF] Route matched with {action = "GetAll", controller = "Authors"}. Executing controller action with signature System.Threading.Tasks.Task`1[Microsoft.AspNetCore.Mvc.IActionResult] GetAll() on controller CatalogService.Api.Controllers.AuthorsController (CatalogService.Api).
2025-11-24 23:03:19.262 +02:00 [INF] Route matched with {action = "GetAll", controller = "Books"}. Executing controller action with signature System.Threading.Tasks.Task`1[Microsoft.AspNetCore.Mvc.IActionResult] GetAll() on controller CatalogService.Api.Controllers.BooksController (CatalogService.Api).
2025-11-24 23:03:20.914 +02:00 [INF] Executed DbCommand (23ms) [Parameters=[], CommandType='"Text"', CommandTimeout='30']
SELECT g.id, g.name
FROM genres AS g
2025-11-24 23:03:20.914 +02:00 [INF] Executed DbCommand (23ms) [Parameters=[], CommandType='"Text"', CommandTimeout='30']
SELECT b.id, b.authorid, b.genreid, b.title, a.id, a.name, g.id, g.name
FROM books AS b
INNER JOIN authors AS a ON b.authorid = a.id
INNER JOIN genres AS g ON b.genreid = g.id
2025-11-24 23:03:20.914 +02:00 [INF] Executed DbCommand (23ms) [Parameters=[], CommandType='"Text"', CommandTimeout='30']
SELECT a.id, a.name
FROM authors AS a
2025-11-24 23:03:21.031 +02:00 [INF] Executing OkObjectResult, writing value of type 'System.Collections.Generic.List`1[[CatalogService.Bll.Dtos.BookDto, CatalogService.Bll, Version=1.0.0.0, Culture=neutral, PublicKeyToken=null]]'.
2025-11-24 23:03:21.031 +02:00 [INF] Executing OkObjectResult, writing value of type 'System.Collections.Generic.List`1[[CatalogService.Bll.Dtos.GenreDto, CatalogService.Bll, Version=1.0.0.0, Culture=neutral, PublicKeyToken=null]]'.
2025-11-24 23:03:21.031 +02:00 [INF] Executing OkObjectResult, writing value of type 'System.Collections.Generic.List`1[[CatalogService.Bll.Dtos.AuthorDto, CatalogService.Bll, Version=1.0.0.0, Culture=neutral, PublicKeyToken=null]]'.
2025-11-24 23:03:21.075 +02:00 [INF] Executed action CatalogService.Api.Controllers.BooksController.GetAll (CatalogService.Api) in 1792.2758ms
2025-11-24 23:03:21.075 +02:00 [INF] Executed action CatalogService.Api.Controllers.AuthorsController.GetAll (CatalogService.Api) in 1795.827ms
2025-11-24 23:03:21.075 +02:00 [INF] Executed action CatalogService.Api.Controllers.GenresController.GetAll (CatalogService.Api) in 1802.3651ms
2025-11-24 23:03:21.077 +02:00 [INF] Request starting HTTP/1.1 GET http://localhost:5180/api/authors - null null
2025-11-24 23:03:21.083 +02:00 [INF] Request starting HTTP/1.1 GET http://localhost:5180/api/books - null null
2025-11-24 23:03:21.083 +02:00 [INF] Request starting HTTP/1.1 GET http://localhost:5180/api/genres - null null
2025-11-24 23:03:21.085 +02:00 [INF] Executed endpoint 'CatalogService.Api.Controllers.BooksController.GetAll (CatalogService.Api)'
2025-11-24 23:03:21.087 +02:00 [INF] Executed endpoint 'CatalogService.Api.Controllers.AuthorsController.GetAll (CatalogService.Api)'
2025-11-24 23:03:21.089 +02:00 [INF] Executed endpoint 'CatalogService.Api.Controllers.GenresController.GetAll (CatalogService.Api)'
2025-11-24 23:03:21.096 +02:00 [INF] Executing endpoint 'CatalogService.Api.Controllers.AuthorsController.GetAll (CatalogService.Api)'
2025-11-24 23:03:21.097 +02:00 [INF] Executing endpoint 'CatalogService.Api.Controllers.BooksController.GetAll (CatalogService.Api)'
2025-11-24 23:03:21.102 +02:00 [INF] Executing endpoint 'CatalogService.Api.Controllers.GenresController.GetAll (CatalogService.Api)'
2025-11-24 23:03:21.114 +02:00 [INF] Route matched with {action = "GetAll", controller = "Authors"}. Executing controller action with signature System.Threading.Tasks.Task`1[Microsoft.AspNetCore.Mvc.IActionResult] GetAll() on controller CatalogService.Api.Controllers.AuthorsController (CatalogService.Api).
2025-11-24 23:03:21.116 +02:00 [INF] Request finished HTTP/1.1 GET http://localhost:5180/api/authors - 200 null application/json; charset=utf-8 1959.9253ms
2025-11-24 23:03:21.116 +02:00 [INF] Request finished HTTP/1.1 GET http://localhost:5180/api/books - 200 null application/json; charset=utf-8 1959.9118ms
2025-11-24 23:03:21.116 +02:00 [INF] Request finished HTTP/1.1 GET http://localhost:5180/api/genres - 200 null application/json; charset=utf-8 1959.8699ms
2025-11-24 23:03:21.116 +02:00 [INF] Route matched with {action = "GetAll", controller = "Books"}. Executing controller action with signature System.Threading.Tasks.Task`1[Microsoft.AspNetCore.Mvc.IActionResult] GetAll() on controller CatalogService.Api.Controllers.BooksController (CatalogService.Api).
2025-11-24 23:03:21.118 +02:00 [INF] Route matched with {action = "GetAll", controller = "Genres"}. Executing controller action with signature System.Threading.Tasks.Task`1[Microsoft.AspNetCore.Mvc.IActionResult] GetAll() on controller CatalogService.Api.Controllers.GenresController (CatalogService.Api).
2025-11-24 23:03:21.197 +02:00 [INF] Executed DbCommand (4ms) [Parameters=[], CommandType='"Text"', CommandTimeout='30']
SELECT g.id, g.name
FROM genres AS g
2025-11-24 23:03:21.197 +02:00 [INF] Executed DbCommand (2ms) [Parameters=[], CommandType='"Text"', CommandTimeout='30']
SELECT b.id, b.authorid, b.genreid, b.title, a.id, a.name, g.id, g.name
FROM books AS b
INNER JOIN authors AS a ON b.authorid = a.id
INNER JOIN genres AS g ON b.genreid = g.id
2025-11-24 23:03:21.197 +02:00 [INF] Executed DbCommand (4ms) [Parameters=[], CommandType='"Text"', CommandTimeout='30']
SELECT a.id, a.name
FROM authors AS a
2025-11-24 23:03:21.203 +02:00 [INF] Executing OkObjectResult, writing value of type 'System.Collections.Generic.List`1[[CatalogService.Bll.Dtos.GenreDto, CatalogService.Bll, Version=1.0.0.0, Culture=neutral, PublicKeyToken=null]]'.
2025-11-24 23:03:21.207 +02:00 [INF] Executing OkObjectResult, writing value of type 'System.Collections.Generic.List`1[[CatalogService.Bll.Dtos.BookDto, CatalogService.Bll, Version=1.0.0.0, Culture=neutral, PublicKeyToken=null]]'.
2025-11-24 23:03:21.210 +02:00 [INF] Executing OkObjectResult, writing value of type 'System.Collections.Generic.List`1[[CatalogService.Bll.Dtos.AuthorDto, CatalogService.Bll, Version=1.0.0.0, Culture=neutral, PublicKeyToken=null]]'.
2025-11-24 23:03:21.212 +02:00 [INF] Executed action CatalogService.Api.Controllers.GenresController.GetAll (CatalogService.Api) in 66.868ms
2025-11-24 23:03:21.215 +02:00 [INF] Executed action CatalogService.Api.Controllers.BooksController.GetAll (CatalogService.Api) in 73.8815ms
2025-11-24 23:03:21.218 +02:00 [INF] Executed action CatalogService.Api.Controllers.AuthorsController.GetAll (CatalogService.Api) in 96.2529ms
2025-11-24 23:03:21.220 +02:00 [INF] Executed endpoint 'CatalogService.Api.Controllers.GenresController.GetAll (CatalogService.Api)'
2025-11-24 23:03:21.223 +02:00 [INF] Executed endpoint 'CatalogService.Api.Controllers.BooksController.GetAll (CatalogService.Api)'
2025-11-24 23:03:21.224 +02:00 [INF] Executed endpoint 'CatalogService.Api.Controllers.AuthorsController.GetAll (CatalogService.Api)'
2025-11-24 23:03:21.226 +02:00 [INF] Request finished HTTP/1.1 GET http://localhost:5180/api/genres - 200 null application/json; charset=utf-8 143.6823ms
2025-11-24 23:03:21.228 +02:00 [INF] Request finished HTTP/1.1 GET http://localhost:5180/api/books - 200 null application/json; charset=utf-8 145.7839ms
2025-11-24 23:03:21.230 +02:00 [INF] Request finished HTTP/1.1 GET http://localhost:5180/api/authors - 200 null application/json; charset=utf-8 153.5913ms
2025-11-24 23:07:37.724 +02:00 [INF] Now listening on: http://localhost:5180
2025-11-24 23:07:37.829 +02:00 [INF] Application started. Press Ctrl+C to shut down.
2025-11-24 23:07:37.897 +02:00 [INF] Hosting environment: Development
2025-11-24 23:07:37.903 +02:00 [INF] Content root path: C:\Users\Admin\Documents\projects\LibrarySystem\CatalogService\CatalogService.Api
2025-11-24 23:07:54.804 +02:00 [INF] Request starting HTTP/1.1 GET http://localhost:5180/api/genres - null null
2025-11-24 23:07:54.804 +02:00 [INF] Request starting HTTP/1.1 GET http://localhost:5180/api/books - null null
2025-11-24 23:07:54.804 +02:00 [INF] Request starting HTTP/1.1 GET http://localhost:5180/api/authors - null null
2025-11-24 23:07:54.871 +02:00 [INF] Executing endpoint 'CatalogService.Api.Controllers.BooksController.GetAll (CatalogService.Api)'
2025-11-24 23:07:54.871 +02:00 [INF] Executing endpoint 'CatalogService.Api.Controllers.AuthorsController.GetAll (CatalogService.Api)'
2025-11-24 23:07:54.871 +02:00 [INF] Executing endpoint 'CatalogService.Api.Controllers.GenresController.GetAll (CatalogService.Api)'
2025-11-24 23:07:54.899 +02:00 [INF] Route matched with {action = "GetAll", controller = "Genres"}. Executing controller action with signature System.Threading.Tasks.Task`1[Microsoft.AspNetCore.Mvc.IActionResult] GetAll() on controller CatalogService.Api.Controllers.GenresController (CatalogService.Api).
2025-11-24 23:07:54.899 +02:00 [INF] Route matched with {action = "GetAll", controller = "Authors"}. Executing controller action with signature System.Threading.Tasks.Task`1[Microsoft.AspNetCore.Mvc.IActionResult] GetAll() on controller CatalogService.Api.Controllers.AuthorsController (CatalogService.Api).
2025-11-24 23:07:54.899 +02:00 [INF] Route matched with {action = "GetAll", controller = "Books"}. Executing controller action with signature System.Threading.Tasks.Task`1[Microsoft.AspNetCore.Mvc.IActionResult] GetAll() on controller CatalogService.Api.Controllers.BooksController (CatalogService.Api).
2025-11-24 23:07:56.512 +02:00 [INF] Executed DbCommand (26ms) [Parameters=[], CommandType='"Text"', CommandTimeout='30']
SELECT g.id, g.name
FROM genres AS g
2025-11-24 23:07:56.512 +02:00 [INF] Executed DbCommand (26ms) [Parameters=[], CommandType='"Text"', CommandTimeout='30']
SELECT a.id, a.name
FROM authors AS a
2025-11-24 23:07:56.512 +02:00 [INF] Executed DbCommand (26ms) [Parameters=[], CommandType='"Text"', CommandTimeout='30']
SELECT b.id, b.authorid, b.genreid, b.title, a.id, a.name, g.id, g.name
FROM books AS b
INNER JOIN authors AS a ON b.authorid = a.id
INNER JOIN genres AS g ON b.genreid = g.id
2025-11-24 23:07:56.670 +02:00 [INF] Executing OkObjectResult, writing value of type 'System.Collections.Generic.List`1[[CatalogService.Bll.Dtos.BookDto, CatalogService.Bll, Version=1.0.0.0, Culture=neutral, PublicKeyToken=null]]'.
2025-11-24 23:07:56.670 +02:00 [INF] Executing OkObjectResult, writing value of type 'System.Collections.Generic.List`1[[CatalogService.Bll.Dtos.AuthorDto, CatalogService.Bll, Version=1.0.0.0, Culture=neutral, PublicKeyToken=null]]'.
2025-11-24 23:07:56.670 +02:00 [INF] Executing OkObjectResult, writing value of type 'System.Collections.Generic.List`1[[CatalogService.Bll.Dtos.GenreDto, CatalogService.Bll, Version=1.0.0.0, Culture=neutral, PublicKeyToken=null]]'.
2025-11-24 23:07:56.717 +02:00 [INF] Executed action CatalogService.Api.Controllers.AuthorsController.GetAll (CatalogService.Api) in 1801.0679ms
2025-11-24 23:07:56.717 +02:00 [INF] Executed action CatalogService.Api.Controllers.GenresController.GetAll (CatalogService.Api) in 1806.4115ms
2025-11-24 23:07:56.717 +02:00 [INF] Executed action CatalogService.Api.Controllers.BooksController.GetAll (CatalogService.Api) in 1795.7362ms
2025-11-24 23:07:56.722 +02:00 [INF] Request starting HTTP/1.1 GET http://localhost:5180/api/genres - null null
2025-11-24 23:07:56.722 +02:00 [INF] Request starting HTTP/1.1 GET http://localhost:5180/api/authors - null null
2025-11-24 23:07:56.723 +02:00 [INF] Request starting HTTP/1.1 GET http://localhost:5180/api/books - null null
2025-11-24 23:07:56.725 +02:00 [INF] Executed endpoint 'CatalogService.Api.Controllers.AuthorsController.GetAll (CatalogService.Api)'
2025-11-24 23:07:56.728 +02:00 [INF] Executed endpoint 'CatalogService.Api.Controllers.GenresController.GetAll (CatalogService.Api)'
2025-11-24 23:07:56.731 +02:00 [INF] Executed endpoint 'CatalogService.Api.Controllers.BooksController.GetAll (CatalogService.Api)'
2025-11-24 23:07:56.741 +02:00 [INF] Executing endpoint 'CatalogService.Api.Controllers.GenresController.GetAll (CatalogService.Api)'
2025-11-24 23:07:56.745 +02:00 [INF] Executing endpoint 'CatalogService.Api.Controllers.AuthorsController.GetAll (CatalogService.Api)'
2025-11-24 23:07:56.753 +02:00 [INF] Executing endpoint 'CatalogService.Api.Controllers.BooksController.GetAll (CatalogService.Api)'
2025-11-24 23:07:56.765 +02:00 [INF] Route matched with {action = "GetAll", controller = "Genres"}. Executing controller action with signature System.Threading.Tasks.Task`1[Microsoft.AspNetCore.Mvc.IActionResult] GetAll() on controller CatalogService.Api.Controllers.GenresController (CatalogService.Api).
2025-11-24 23:07:56.767 +02:00 [INF] Route matched with {action = "GetAll", controller = "Authors"}. Executing controller action with signature System.Threading.Tasks.Task`1[Microsoft.AspNetCore.Mvc.IActionResult] GetAll() on controller CatalogService.Api.Controllers.AuthorsController (CatalogService.Api).
2025-11-24 23:07:56.768 +02:00 [INF] Request finished HTTP/1.1 GET http://localhost:5180/api/books - 200 null application/json; charset=utf-8 1967.3392ms
2025-11-24 23:07:56.768 +02:00 [INF] Request finished HTTP/1.1 GET http://localhost:5180/api/genres - 200 null application/json; charset=utf-8 1967.3505ms
2025-11-24 23:07:56.768 +02:00 [INF] Request finished HTTP/1.1 GET http://localhost:5180/api/authors - 200 null application/json; charset=utf-8 1967.3691ms
2025-11-24 23:07:56.770 +02:00 [INF] Route matched with {action = "GetAll", controller = "Books"}. Executing controller action with signature System.Threading.Tasks.Task`1[Microsoft.AspNetCore.Mvc.IActionResult] GetAll() on controller CatalogService.Api.Controllers.BooksController (CatalogService.Api).
2025-11-24 23:07:56.857 +02:00 [INF] Executed DbCommand (5ms) [Parameters=[], CommandType='"Text"', CommandTimeout='30']
SELECT g.id, g.name
FROM genres AS g
2025-11-24 23:07:56.857 +02:00 [INF] Executed DbCommand (5ms) [Parameters=[], CommandType='"Text"', CommandTimeout='30']
SELECT a.id, a.name
FROM authors AS a
2025-11-24 23:07:56.857 +02:00 [INF] Executed DbCommand (3ms) [Parameters=[], CommandType='"Text"', CommandTimeout='30']
SELECT b.id, b.authorid, b.genreid, b.title, a.id, a.name, g.id, g.name
FROM books AS b
INNER JOIN authors AS a ON b.authorid = a.id
INNER JOIN genres AS g ON b.genreid = g.id
2025-11-24 23:07:56.865 +02:00 [INF] Executing OkObjectResult, writing value of type 'System.Collections.Generic.List`1[[CatalogService.Bll.Dtos.GenreDto, CatalogService.Bll, Version=1.0.0.0, Culture=neutral, PublicKeyToken=null]]'.
2025-11-24 23:07:56.869 +02:00 [INF] Executing OkObjectResult, writing value of type 'System.Collections.Generic.List`1[[CatalogService.Bll.Dtos.AuthorDto, CatalogService.Bll, Version=1.0.0.0, Culture=neutral, PublicKeyToken=null]]'.
2025-11-24 23:07:56.874 +02:00 [INF] Executing OkObjectResult, writing value of type 'System.Collections.Generic.List`1[[CatalogService.Bll.Dtos.BookDto, CatalogService.Bll, Version=1.0.0.0, Culture=neutral, PublicKeyToken=null]]'.
2025-11-24 23:07:56.877 +02:00 [INF] Executed action CatalogService.Api.Controllers.GenresController.GetAll (CatalogService.Api) in 102.4741ms
2025-11-24 23:07:56.881 +02:00 [INF] Executed action CatalogService.Api.Controllers.AuthorsController.GetAll (CatalogService.Api) in 102.4194ms
2025-11-24 23:07:56.883 +02:00 [INF] Executed action CatalogService.Api.Controllers.BooksController.GetAll (CatalogService.Api) in 84.6582ms
2025-11-24 23:07:56.886 +02:00 [INF] Executed endpoint 'CatalogService.Api.Controllers.GenresController.GetAll (CatalogService.Api)'
2025-11-24 23:07:56.889 +02:00 [INF] Executed endpoint 'CatalogService.Api.Controllers.AuthorsController.GetAll (CatalogService.Api)'
2025-11-24 23:07:56.892 +02:00 [INF] Executed endpoint 'CatalogService.Api.Controllers.BooksController.GetAll (CatalogService.Api)'
2025-11-24 23:07:56.895 +02:00 [INF] Request finished HTTP/1.1 GET http://localhost:5180/api/genres - 200 null application/json; charset=utf-8 172.6807ms
2025-11-24 23:07:56.897 +02:00 [INF] Request finished HTTP/1.1 GET http://localhost:5180/api/authors - 200 null application/json; charset=utf-8 174.6965ms
2025-11-24 23:07:56.900 +02:00 [INF] Request finished HTTP/1.1 GET http://localhost:5180/api/books - 200 null application/json; charset=utf-8 177.0344ms
2025-11-24 23:11:26.946 +02:00 [INF] Now listening on: http://localhost:5180
2025-11-24 23:11:27.015 +02:00 [INF] Application started. Press Ctrl+C to shut down.
2025-11-24 23:11:27.017 +02:00 [INF] Hosting environment: Development
2025-11-24 23:11:27.019 +02:00 [INF] Content root path: C:\Users\Admin\Documents\projects\LibrarySystem\CatalogService\CatalogService.Api
2025-11-24 23:14:02.089 +02:00 [INF] Now listening on: http://localhost:5180
2025-11-24 23:14:02.134 +02:00 [INF] Application started. Press Ctrl+C to shut down.
2025-11-24 23:14:02.136 +02:00 [INF] Hosting environment: Development
2025-11-24 23:14:02.137 +02:00 [INF] Content root path: C:\Users\Admin\Documents\projects\LibrarySystem\CatalogService\CatalogService.Api
2025-11-24 23:17:40.386 +02:00 [INF] Now listening on: http://localhost:5180
2025-11-24 23:17:40.537 +02:00 [INF] Application started. Press Ctrl+C to shut down.
2025-11-24 23:17:40.539 +02:00 [INF] Hosting environment: Development
2025-11-24 23:17:40.542 +02:00 [INF] Content root path: C:\Users\Admin\Documents\projects\LibrarySystem\CatalogService\CatalogService.Api
2025-11-24 23:17:56.903 +02:00 [INF] Request starting HTTP/1.1 GET http://localhost:5180/api/genres - null null
2025-11-24 23:17:56.903 +02:00 [INF] Request starting HTTP/1.1 GET http://localhost:5180/api/books - null null
2025-11-24 23:17:56.903 +02:00 [INF] Request starting HTTP/1.1 GET http://localhost:5180/api/authors - null null
2025-11-24 23:17:56.967 +02:00 [INF] Executing endpoint 'CatalogService.Api.Controllers.BooksController.GetAll (CatalogService.Api)'
2025-11-24 23:17:56.967 +02:00 [INF] Executing endpoint 'CatalogService.Api.Controllers.AuthorsController.GetAll (CatalogService.Api)'
2025-11-24 23:17:56.967 +02:00 [INF] Executing endpoint 'CatalogService.Api.Controllers.GenresController.GetAll (CatalogService.Api)'
2025-11-24 23:17:56.996 +02:00 [INF] Route matched with {action = "GetAll", controller = "Authors"}. Executing controller action with signature System.Threading.Tasks.Task`1[Microsoft.AspNetCore.Mvc.IActionResult] GetAll() on controller CatalogService.Api.Controllers.AuthorsController (CatalogService.Api).
2025-11-24 23:17:56.996 +02:00 [INF] Route matched with {action = "GetAll", controller = "Books"}. Executing controller action with signature System.Threading.Tasks.Task`1[Microsoft.AspNetCore.Mvc.IActionResult] GetAll() on controller CatalogService.Api.Controllers.BooksController (CatalogService.Api).
2025-11-24 23:17:56.996 +02:00 [INF] Route matched with {action = "GetAll", controller = "Genres"}. Executing controller action with signature System.Threading.Tasks.Task`1[Microsoft.AspNetCore.Mvc.IActionResult] GetAll() on controller CatalogService.Api.Controllers.GenresController (CatalogService.Api).
2025-11-24 23:17:58.639 +02:00 [INF] Executed DbCommand (33ms) [Parameters=[], CommandType='"Text"', CommandTimeout='30']
SELECT a.id, a.name
FROM authors AS a
2025-11-24 23:17:58.639 +02:00 [INF] Executed DbCommand (33ms) [Parameters=[], CommandType='"Text"', CommandTimeout='30']
SELECT b.id, b.authorid, b.genreid, b.title, a.id, a.name, g.id, g.name
FROM books AS b
INNER JOIN authors AS a ON b.authorid = a.id
INNER JOIN genres AS g ON b.genreid = g.id
2025-11-24 23:17:58.639 +02:00 [INF] Executed DbCommand (33ms) [Parameters=[], CommandType='"Text"', CommandTimeout='30']
SELECT g.id, g.name
FROM genres AS g
2025-11-24 23:17:58.950 +02:00 [INF] Executing OkObjectResult, writing value of type 'System.Collections.Generic.List`1[[CatalogService.Bll.Dtos.GenreDto, CatalogService.Bll, Version=1.0.0.0, Culture=neutral, PublicKeyToken=null]]'.
2025-11-24 23:17:58.951 +02:00 [INF] Executing OkObjectResult, writing value of type 'System.Collections.Generic.List`1[[CatalogService.Bll.Dtos.BookDto, CatalogService.Bll, Version=1.0.0.0, Culture=neutral, PublicKeyToken=null]]'.
2025-11-24 23:17:58.952 +02:00 [INF] Executing OkObjectResult, writing value of type 'System.Collections.Generic.List`1[[CatalogService.Bll.Dtos.AuthorDto, CatalogService.Bll, Version=1.0.0.0, Culture=neutral, PublicKeyToken=null]]'.
2025-11-24 23:17:58.999 +02:00 [INF] Executed action CatalogService.Api.Controllers.AuthorsController.GetAll (CatalogService.Api) in 1991.5074ms
2025-11-24 23:17:58.999 +02:00 [INF] Executed action CatalogService.Api.Controllers.GenresController.GetAll (CatalogService.Api) in 1980.0508ms
2025-11-24 23:17:58.999 +02:00 [INF] Executed action CatalogService.Api.Controllers.BooksController.GetAll (CatalogService.Api) in 1985.9537ms
2025-11-24 23:17:59.007 +02:00 [INF] Request starting HTTP/1.1 GET http://localhost:5180/api/genres - null null
2025-11-24 23:17:59.007 +02:00 [INF] Request starting HTTP/1.1 GET http://localhost:5180/api/books - null null
2025-11-24 23:17:59.007 +02:00 [INF] Request starting HTTP/1.1 GET http://localhost:5180/api/authors - null null
2025-11-24 23:17:59.010 +02:00 [INF] Executed endpoint 'CatalogService.Api.Controllers.AuthorsController.GetAll (CatalogService.Api)'
2025-11-24 23:17:59.013 +02:00 [INF] Executed endpoint 'CatalogService.Api.Controllers.GenresController.GetAll (CatalogService.Api)'
2025-11-24 23:17:59.016 +02:00 [INF] Executed endpoint 'CatalogService.Api.Controllers.BooksController.GetAll (CatalogService.Api)'
2025-11-24 23:17:59.026 +02:00 [INF] Executing endpoint 'CatalogService.Api.Controllers.GenresController.GetAll (CatalogService.Api)'
2025-11-24 23:17:59.030 +02:00 [INF] Executing endpoint 'CatalogService.Api.Controllers.BooksController.GetAll (CatalogService.Api)'
2025-11-24 23:17:59.038 +02:00 [INF] Executing endpoint 'CatalogService.Api.Controllers.AuthorsController.GetAll (CatalogService.Api)'
2025-11-24 23:17:59.050 +02:00 [INF] Route matched with {action = "GetAll", controller = "Genres"}. Executing controller action with signature System.Threading.Tasks.Task`1[Microsoft.AspNetCore.Mvc.IActionResult] GetAll() on controller CatalogService.Api.Controllers.GenresController (CatalogService.Api).
2025-11-24 23:17:59.053 +02:00 [INF] Route matched with {action = "GetAll", controller = "Books"}. Executing controller action with signature System.Threading.Tasks.Task`1[Microsoft.AspNetCore.Mvc.IActionResult] GetAll() on controller CatalogService.Api.Controllers.BooksController (CatalogService.Api).
2025-11-24 23:17:59.053 +02:00 [INF] Request finished HTTP/1.1 GET http://localhost:5180/api/authors - 200 null application/json; charset=utf-8 2153.8315ms
2025-11-24 23:17:59.053 +02:00 [INF] Request finished HTTP/1.1 GET http://localhost:5180/api/genres - 200 null application/json; charset=utf-8 2153.7771ms
2025-11-24 23:17:59.054 +02:00 [INF] Request finished HTTP/1.1 GET http://localhost:5180/api/books - 200 null application/json; charset=utf-8 2153.8455ms
2025-11-24 23:17:59.055 +02:00 [INF] Route matched with {action = "GetAll", controller = "Authors"}. Executing controller action with signature System.Threading.Tasks.Task`1[Microsoft.AspNetCore.Mvc.IActionResult] GetAll() on controller CatalogService.Api.Controllers.AuthorsController (CatalogService.Api).
2025-11-24 23:17:59.147 +02:00 [INF] Executed DbCommand (5ms) [Parameters=[], CommandType='"Text"', CommandTimeout='30']
SELECT a.id, a.name
FROM authors AS a
2025-11-24 23:17:59.147 +02:00 [INF] Executed DbCommand (5ms) [Parameters=[], CommandType='"Text"', CommandTimeout='30']
SELECT g.id, g.name
FROM genres AS g
2025-11-24 23:17:59.147 +02:00 [INF] Executed DbCommand (3ms) [Parameters=[], CommandType='"Text"', CommandTimeout='30']
SELECT b.id, b.authorid, b.genreid, b.title, a.id, a.name, g.id, g.name
FROM books AS b
INNER JOIN authors AS a ON b.authorid = a.id
INNER JOIN genres AS g ON b.genreid = g.id
2025-11-24 23:17:59.156 +02:00 [INF] Executing OkObjectResult, writing value of type 'System.Collections.Generic.List`1[[CatalogService.Bll.Dtos.AuthorDto, CatalogService.Bll, Version=1.0.0.0, Culture=neutral, PublicKeyToken=null]]'.
2025-11-24 23:17:59.161 +02:00 [INF] Executing OkObjectResult, writing value of type 'System.Collections.Generic.List`1[[CatalogService.Bll.Dtos.GenreDto, CatalogService.Bll, Version=1.0.0.0, Culture=neutral, PublicKeyToken=null]]'.
2025-11-24 23:17:59.167 +02:00 [INF] Executing OkObjectResult, writing value of type 'System.Collections.Generic.List`1[[CatalogService.Bll.Dtos.BookDto, CatalogService.Bll, Version=1.0.0.0, Culture=neutral, PublicKeyToken=null]]'.
2025-11-24 23:17:59.170 +02:00 [INF] Executed action CatalogService.Api.Controllers.AuthorsController.GetAll (CatalogService.Api) in 83.9908ms
2025-11-24 23:17:59.173 +02:00 [INF] Executed action CatalogService.Api.Controllers.GenresController.GetAll (CatalogService.Api) in 112.9455ms
2025-11-24 23:17:59.176 +02:00 [INF] Executed action CatalogService.Api.Controllers.BooksController.GetAll (CatalogService.Api) in 112.6359ms
2025-11-24 23:17:59.179 +02:00 [INF] Executed endpoint 'CatalogService.Api.Controllers.AuthorsController.GetAll (CatalogService.Api)'
2025-11-24 23:17:59.182 +02:00 [INF] Executed endpoint 'CatalogService.Api.Controllers.GenresController.GetAll (CatalogService.Api)'
2025-11-24 23:17:59.184 +02:00 [INF] Executed endpoint 'CatalogService.Api.Controllers.BooksController.GetAll (CatalogService.Api)'
2025-11-24 23:17:59.186 +02:00 [INF] Request finished HTTP/1.1 GET http://localhost:5180/api/authors - 200 null application/json; charset=utf-8 179.2881ms
2025-11-24 23:17:59.190 +02:00 [INF] Request finished HTTP/1.1 GET http://localhost:5180/api/genres - 200 null application/json; charset=utf-8 183.2638ms
2025-11-24 23:17:59.193 +02:00 [INF] Request finished HTTP/1.1 GET http://localhost:5180/api/books - 200 null application/json; charset=utf-8 186.0472ms
2025-11-24 23:18:03.677 +02:00 [INF] Request starting HTTP/1.1 GET http://localhost:5180/api/books/1 - null null
2025-11-24 23:18:03.686 +02:00 [INF] Executing endpoint 'CatalogService.Api.Controllers.BooksController.GetById (CatalogService.Api)'
2025-11-24 23:18:03.701 +02:00 [INF] Route matched with {action = "GetById", controller = "Books"}. Executing controller action with signature System.Threading.Tasks.Task`1[Microsoft.AspNetCore.Mvc.IActionResult] GetById(Int32) on controller CatalogService.Api.Controllers.BooksController (CatalogService.Api).
2025-11-24 23:18:03.826 +02:00 [INF] Executed DbCommand (14ms) [Parameters=[@__id_0='?' (DbType = Int32)], CommandType='"Text"', CommandTimeout='30']
SELECT b.id, b.authorid, b.genreid, b.title, a.id, a.name, g.id, g.name
FROM books AS b
INNER JOIN authors AS a ON b.authorid = a.id
INNER JOIN genres AS g ON b.genreid = g.id
WHERE b.id = @__id_0
LIMIT 1
2025-11-24 23:18:03.840 +02:00 [INF] Executing OkObjectResult, writing value of type 'CatalogService.Bll.Dtos.BookDto'.
2025-11-24 23:18:03.845 +02:00 [INF] Executed action CatalogService.Api.Controllers.BooksController.GetById (CatalogService.Api) in 136.5523ms
2025-11-24 23:18:03.849 +02:00 [INF] Executed endpoint 'CatalogService.Api.Controllers.BooksController.GetById (CatalogService.Api)'
2025-11-24 23:18:03.851 +02:00 [INF] Request finished HTTP/1.1 GET http://localhost:5180/api/books/1 - 200 null application/json; charset=utf-8 174.4314ms
2025-11-24 23:34:15.408 +02:00 [INF] Now listening on: http://localhost:5180
2025-11-24 23:34:15.489 +02:00 [INF] Application started. Press Ctrl+C to shut down.
2025-11-24 23:34:15.491 +02:00 [INF] Hosting environment: Development
2025-11-24 23:34:15.493 +02:00 [INF] Content root path: C:\Users\Admin\Documents\projects\LibrarySystem\CatalogService\CatalogService.Api
2025-11-24 23:35:46.263 +02:00 [INF] Now listening on: http://localhost:5180
2025-11-24 23:35:46.319 +02:00 [INF] Application started. Press Ctrl+C to shut down.
2025-11-24 23:35:46.321 +02:00 [INF] Hosting environment: Development
2025-11-24 23:35:46.323 +02:00 [INF] Content root path: C:\Users\Admin\Documents\projects\LibrarySystem\CatalogService\CatalogService.Api
2025-11-24 23:38:54.016 +02:00 [INF] Now listening on: http://localhost:5180
2025-11-24 23:38:54.099 +02:00 [INF] Application started. Press Ctrl+C to shut down.
2025-11-24 23:38:54.102 +02:00 [INF] Hosting environment: Development
2025-11-24 23:38:54.104 +02:00 [INF] Content root path: C:\Users\Admin\Documents\projects\LibrarySystem\CatalogService\CatalogService.Api
2025-11-24 23:39:07.632 +02:00 [INF] Request starting HTTP/1.1 GET http://localhost:5180/api/books - null null
2025-11-24 23:39:07.632 +02:00 [INF] Request starting HTTP/1.1 GET http://localhost:5180/api/genres - null null
2025-11-24 23:39:07.632 +02:00 [INF] Request starting HTTP/1.1 GET http://localhost:5180/api/authors - null null
2025-11-24 23:39:07.717 +02:00 [INF] Executing endpoint 'CatalogService.Api.Controllers.GenresController.GetAll (CatalogService.Api)'
2025-11-24 23:39:07.717 +02:00 [INF] Executing endpoint 'CatalogService.Api.Controllers.AuthorsController.GetAll (CatalogService.Api)'
2025-11-24 23:39:07.717 +02:00 [INF] Executing endpoint 'CatalogService.Api.Controllers.BooksController.GetAll (CatalogService.Api)'
2025-11-24 23:39:07.750 +02:00 [INF] Route matched with {action = "GetAll", controller = "Books"}. Executing controller action with signature System.Threading.Tasks.Task`1[Microsoft.AspNetCore.Mvc.IActionResult] GetAll() on controller CatalogService.Api.Controllers.BooksController (CatalogService.Api).
2025-11-24 23:39:07.750 +02:00 [INF] Route matched with {action = "GetAll", controller = "Genres"}. Executing controller action with signature System.Threading.Tasks.Task`1[Microsoft.AspNetCore.Mvc.IActionResult] GetAll() on controller CatalogService.Api.Controllers.GenresController (CatalogService.Api).
2025-11-24 23:39:07.750 +02:00 [INF] Route matched with {action = "GetAll", controller = "Authors"}. Executing controller action with signature System.Threading.Tasks.Task`1[Microsoft.AspNetCore.Mvc.IActionResult] GetAll() on controller CatalogService.Api.Controllers.AuthorsController (CatalogService.Api).
2025-11-24 23:39:09.678 +02:00 [INF] Executed DbCommand (38ms) [Parameters=[], CommandType='"Text"', CommandTimeout='30']
SELECT b.id, b.authorid, b.genreid, b.title, a.id, a.name, g.id, g.name
FROM books AS b
INNER JOIN authors AS a ON b.authorid = a.id
INNER JOIN genres AS g ON b.genreid = g.id
2025-11-24 23:39:09.678 +02:00 [INF] Executed DbCommand (38ms) [Parameters=[], CommandType='"Text"', CommandTimeout='30']
SELECT a.id, a.name
FROM authors AS a
2025-11-24 23:39:09.678 +02:00 [INF] Executed DbCommand (38ms) [Parameters=[], CommandType='"Text"', CommandTimeout='30']
SELECT g.id, g.name
FROM genres AS g
2025-11-24 23:39:09.859 +02:00 [INF] Executing OkObjectResult, writing value of type 'System.Collections.Generic.List`1[[CatalogService.Bll.Dtos.AuthorDto, CatalogService.Bll, Version=1.0.0.0, Culture=neutral, PublicKeyToken=null]]'.
2025-11-24 23:39:09.859 +02:00 [INF] Executing OkObjectResult, writing value of type 'System.Collections.Generic.List`1[[CatalogService.Bll.Dtos.BookDto, CatalogService.Bll, Version=1.0.0.0, Culture=neutral, PublicKeyToken=null]]'.
2025-11-24 23:39:09.859 +02:00 [INF] Executing OkObjectResult, writing value of type 'System.Collections.Generic.List`1[[CatalogService.Bll.Dtos.GenreDto, CatalogService.Bll, Version=1.0.0.0, Culture=neutral, PublicKeyToken=null]]'.
2025-11-24 23:39:09.923 +02:00 [INF] Executed action CatalogService.Api.Controllers.BooksController.GetAll (CatalogService.Api) in 2162.2474ms
2025-11-24 23:39:09.923 +02:00 [INF] Executed action CatalogService.Api.Controllers.AuthorsController.GetAll (CatalogService.Api) in 2153.0482ms
2025-11-24 23:39:09.923 +02:00 [INF] Executed action CatalogService.Api.Controllers.GenresController.GetAll (CatalogService.Api) in 2157.9667ms
2025-11-24 23:39:09.930 +02:00 [INF] Request starting HTTP/1.1 GET http://localhost:5180/api/authors - null null
2025-11-24 23:39:09.930 +02:00 [INF] Request starting HTTP/1.1 GET http://localhost:5180/api/books - null null
2025-11-24 23:39:09.930 +02:00 [INF] Request starting HTTP/1.1 GET http://localhost:5180/api/genres - null null
2025-11-24 23:39:09.934 +02:00 [INF] Executed endpoint 'CatalogService.Api.Controllers.BooksController.GetAll (CatalogService.Api)'
2025-11-24 23:39:09.935 +02:00 [INF] Executed endpoint 'CatalogService.Api.Controllers.AuthorsController.GetAll (CatalogService.Api)'
2025-11-24 23:39:09.938 +02:00 [INF] Executed endpoint 'CatalogService.Api.Controllers.GenresController.GetAll (CatalogService.Api)'
2025-11-24 23:39:09.944 +02:00 [INF] Executing endpoint 'CatalogService.Api.Controllers.AuthorsController.GetAll (CatalogService.Api)'
2025-11-24 23:39:09.946 +02:00 [INF] Executing endpoint 'CatalogService.Api.Controllers.BooksController.GetAll (CatalogService.Api)'
2025-11-24 23:39:09.950 +02:00 [INF] Executing endpoint 'CatalogService.Api.Controllers.GenresController.GetAll (CatalogService.Api)'
2025-11-24 23:39:09.963 +02:00 [INF] Route matched with {action = "GetAll", controller = "Authors"}. Executing controller action with signature System.Threading.Tasks.Task`1[Microsoft.AspNetCore.Mvc.IActionResult] GetAll() on controller CatalogService.Api.Controllers.AuthorsController (CatalogService.Api).
2025-11-24 23:39:09.964 +02:00 [INF] Route matched with {action = "GetAll", controller = "Books"}. Executing controller action with signature System.Threading.Tasks.Task`1[Microsoft.AspNetCore.Mvc.IActionResult] GetAll() on controller CatalogService.Api.Controllers.BooksController (CatalogService.Api).
2025-11-24 23:39:09.965 +02:00 [INF] Request finished HTTP/1.1 GET http://localhost:5180/api/genres - 200 null application/json; charset=utf-8 2336.4544ms
2025-11-24 23:39:09.965 +02:00 [INF] Request finished HTTP/1.1 GET http://localhost:5180/api/authors - 200 null application/json; charset=utf-8 2336.4541ms
2025-11-24 23:39:09.965 +02:00 [INF] Request finished HTTP/1.1 GET http://localhost:5180/api/books - 200 null application/json; charset=utf-8 2336.4446ms
2025-11-24 23:39:09.966 +02:00 [INF] Route matched with {action = "GetAll", controller = "Genres"}. Executing controller action with signature System.Threading.Tasks.Task`1[Microsoft.AspNetCore.Mvc.IActionResult] GetAll() on controller CatalogService.Api.Controllers.GenresController (CatalogService.Api).
2025-11-24 23:39:10.081 +02:00 [INF] Executed DbCommand (6ms) [Parameters=[], CommandType='"Text"', CommandTimeout='30']
SELECT a.id, a.name
FROM authors AS a
2025-11-24 23:39:10.081 +02:00 [INF] Executed DbCommand (6ms) [Parameters=[], CommandType='"Text"', CommandTimeout='30']
SELECT g.id, g.name
FROM genres AS g
2025-11-24 23:39:10.081 +02:00 [INF] Executed DbCommand (3ms) [Parameters=[], CommandType='"Text"', CommandTimeout='30']
SELECT b.id, b.authorid, b.genreid, b.title, a.id, a.name, g.id, g.name
FROM books AS b
INNER JOIN authors AS a ON b.authorid = a.id
INNER JOIN genres AS g ON b.genreid = g.id
2025-11-24 23:39:10.090 +02:00 [INF] Executing OkObjectResult, writing value of type 'System.Collections.Generic.List`1[[CatalogService.Bll.Dtos.AuthorDto, CatalogService.Bll, Version=1.0.0.0, Culture=neutral, PublicKeyToken=null]]'.
2025-11-24 23:39:10.094 +02:00 [INF] Executing OkObjectResult, writing value of type 'System.Collections.Generic.List`1[[CatalogService.Bll.Dtos.GenreDto, CatalogService.Bll, Version=1.0.0.0, Culture=neutral, PublicKeyToken=null]]'.
2025-11-24 23:39:10.099 +02:00 [INF] Executing OkObjectResult, writing value of type 'System.Collections.Generic.List`1[[CatalogService.Bll.Dtos.BookDto, CatalogService.Bll, Version=1.0.0.0, Culture=neutral, PublicKeyToken=null]]'.
2025-11-24 23:39:10.101 +02:00 [INF] Executed action CatalogService.Api.Controllers.AuthorsController.GetAll (CatalogService.Api) in 132.4685ms
2025-11-24 23:39:10.104 +02:00 [INF] Executed action CatalogService.Api.Controllers.GenresController.GetAll (CatalogService.Api) in 110.2209ms
2025-11-24 23:39:10.107 +02:00 [INF] Executed action CatalogService.Api.Controllers.BooksController.GetAll (CatalogService.Api) in 135.5315ms
2025-11-24 23:39:10.109 +02:00 [INF] Executed endpoint 'CatalogService.Api.Controllers.AuthorsController.GetAll (CatalogService.Api)'
2025-11-24 23:39:10.113 +02:00 [INF] Executed endpoint 'CatalogService.Api.Controllers.GenresController.GetAll (CatalogService.Api)'
2025-11-24 23:39:10.116 +02:00 [INF] Executed endpoint 'CatalogService.Api.Controllers.BooksController.GetAll (CatalogService.Api)'
2025-11-24 23:39:10.118 +02:00 [INF] Request finished HTTP/1.1 GET http://localhost:5180/api/authors - 200 null application/json; charset=utf-8 187.8606ms
2025-11-24 23:39:10.121 +02:00 [INF] Request finished HTTP/1.1 GET http://localhost:5180/api/genres - 200 null application/json; charset=utf-8 190.7921ms
2025-11-24 23:39:10.123 +02:00 [INF] Request finished HTTP/1.1 GET http://localhost:5180/api/books - 200 null application/json; charset=utf-8 193.2257ms
2025-11-24 23:43:02.178 +02:00 [INF] Request starting HTTP/1.1 GET http://localhost:5180/api/books - null null
2025-11-24 23:43:02.181 +02:00 [INF] Request starting HTTP/1.1 GET http://localhost:5180/api/authors - null null
2025-11-24 23:43:02.181 +02:00 [INF] Request starting HTTP/1.1 GET http://localhost:5180/api/genres - null null
2025-11-24 23:43:02.184 +02:00 [INF] Executing endpoint 'CatalogService.Api.Controllers.BooksController.GetAll (CatalogService.Api)'
2025-11-24 23:43:02.190 +02:00 [INF] Executing endpoint 'CatalogService.Api.Controllers.AuthorsController.GetAll (CatalogService.Api)'
2025-11-24 23:43:02.197 +02:00 [INF] Executing endpoint 'CatalogService.Api.Controllers.GenresController.GetAll (CatalogService.Api)'
2025-11-24 23:43:02.199 +02:00 [INF] Route matched with {action = "GetAll", controller = "Books"}. Executing controller action with signature System.Threading.Tasks.Task`1[Microsoft.AspNetCore.Mvc.IActionResult] GetAll() on controller CatalogService.Api.Controllers.BooksController (CatalogService.Api).
2025-11-24 23:43:02.201 +02:00 [INF] Route matched with {action = "GetAll", controller = "Authors"}. Executing controller action with signature System.Threading.Tasks.Task`1[Microsoft.AspNetCore.Mvc.IActionResult] GetAll() on controller CatalogService.Api.Controllers.AuthorsController (CatalogService.Api).
2025-11-24 23:43:02.204 +02:00 [INF] Route matched with {action = "GetAll", controller = "Genres"}. Executing controller action with signature System.Threading.Tasks.Task`1[Microsoft.AspNetCore.Mvc.IActionResult] GetAll() on controller CatalogService.Api.Controllers.GenresController (CatalogService.Api).
2025-11-24 23:43:02.221 +02:00 [INF] Executed DbCommand (3ms) [Parameters=[], CommandType='"Text"', CommandTimeout='30']
SELECT a.id, a.name
FROM authors AS a
2025-11-24 23:43:02.221 +02:00 [INF] Executed DbCommand (4ms) [Parameters=[], CommandType='"Text"', CommandTimeout='30']
SELECT b.id, b.authorid, b.genreid, b.title, a.id, a.name, g.id, g.name
FROM books AS b
INNER JOIN authors AS a ON b.authorid = a.id
INNER JOIN genres AS g ON b.genreid = g.id
2025-11-24 23:43:02.225 +02:00 [INF] Executed DbCommand (1ms) [Parameters=[], CommandType='"Text"', CommandTimeout='30']
SELECT g.id, g.name
FROM genres AS g
2025-11-24 23:43:02.228 +02:00 [INF] Executing OkObjectResult, writing value of type 'System.Collections.Generic.List`1[[CatalogService.Bll.Dtos.AuthorDto, CatalogService.Bll, Version=1.0.0.0, Culture=neutral, PublicKeyToken=null]]'.
2025-11-24 23:43:02.233 +02:00 [INF] Executing OkObjectResult, writing value of type 'System.Collections.Generic.List`1[[CatalogService.Bll.Dtos.BookDto, CatalogService.Bll, Version=1.0.0.0, Culture=neutral, PublicKeyToken=null]]'.
2025-11-24 23:43:02.237 +02:00 [INF] Executing OkObjectResult, writing value of type 'System.Collections.Generic.List`1[[CatalogService.Bll.Dtos.GenreDto, CatalogService.Bll, Version=1.0.0.0, Culture=neutral, PublicKeyToken=null]]'.
2025-11-24 23:43:02.244 +02:00 [INF] Executed action CatalogService.Api.Controllers.BooksController.GetAll (CatalogService.Api) in 34.7097ms
2025-11-24 23:43:02.240 +02:00 [INF] Executed action CatalogService.Api.Controllers.AuthorsController.GetAll (CatalogService.Api) in 25.7398ms
2025-11-24 23:43:02.247 +02:00 [INF] Executed action CatalogService.Api.Controllers.GenresController.GetAll (CatalogService.Api) in 26.9249ms
2025-11-24 23:43:02.247 +02:00 [INF] Request starting HTTP/1.1 GET http://localhost:5180/api/authors - null null
2025-11-24 23:43:02.249 +02:00 [INF] Request starting HTTP/1.1 GET http://localhost:5180/api/books - null null
2025-11-24 23:43:02.250 +02:00 [INF] Executed endpoint 'CatalogService.Api.Controllers.BooksController.GetAll (CatalogService.Api)'
2025-11-24 23:43:02.252 +02:00 [INF] Request starting HTTP/1.1 GET http://localhost:5180/api/genres - null null
2025-11-24 23:43:02.253 +02:00 [INF] Executed endpoint 'CatalogService.Api.Controllers.AuthorsController.GetAll (CatalogService.Api)'
2025-11-24 23:43:02.255 +02:00 [INF] Executed endpoint 'CatalogService.Api.Controllers.GenresController.GetAll (CatalogService.Api)'
2025-11-24 23:43:02.260 +02:00 [INF] Executing endpoint 'CatalogService.Api.Controllers.AuthorsController.GetAll (CatalogService.Api)'
2025-11-24 23:43:02.266 +02:00 [INF] Executing endpoint 'CatalogService.Api.Controllers.BooksController.GetAll (CatalogService.Api)'
2025-11-24 23:43:02.269 +02:00 [INF] Request finished HTTP/1.1 GET http://localhost:5180/api/books - 200 null application/json; charset=utf-8 91.1045ms
2025-11-24 23:43:02.278 +02:00 [INF] Executing endpoint 'CatalogService.Api.Controllers.GenresController.GetAll (CatalogService.Api)'
2025-11-24 23:43:02.281 +02:00 [INF] Request finished HTTP/1.1 GET http://localhost:5180/api/authors - 200 null application/json; charset=utf-8 100.0759ms
2025-11-24 23:43:02.284 +02:00 [INF] Request finished HTTP/1.1 GET http://localhost:5180/api/genres - 200 null application/json; charset=utf-8 102.7281ms
2025-11-24 23:43:02.288 +02:00 [INF] Route matched with {action = "GetAll", controller = "Authors"}. Executing controller action with signature System.Threading.Tasks.Task`1[Microsoft.AspNetCore.Mvc.IActionResult] GetAll() on controller CatalogService.Api.Controllers.AuthorsController (CatalogService.Api).
2025-11-24 23:43:02.291 +02:00 [INF] Route matched with {action = "GetAll", controller = "Books"}. Executing controller action with signature System.Threading.Tasks.Task`1[Microsoft.AspNetCore.Mvc.IActionResult] GetAll() on controller CatalogService.Api.Controllers.BooksController (CatalogService.Api).
2025-11-24 23:43:02.300 +02:00 [INF] Route matched with {action = "GetAll", controller = "Genres"}. Executing controller action with signature System.Threading.Tasks.Task`1[Microsoft.AspNetCore.Mvc.IActionResult] GetAll() on controller CatalogService.Api.Controllers.GenresController (CatalogService.Api).
2025-11-24 23:43:02.323 +02:00 [INF] Executed DbCommand (1ms) [Parameters=[], CommandType='"Text"', CommandTimeout='30']
SELECT a.id, a.name
FROM authors AS a
2025-11-24 23:43:02.328 +02:00 [INF] Executed DbCommand (1ms) [Parameters=[], CommandType='"Text"', CommandTimeout='30']
SELECT b.id, b.authorid, b.genreid, b.title, a.id, a.name, g.id, g.name
FROM books AS b
INNER JOIN authors AS a ON b.authorid = a.id
INNER JOIN genres AS g ON b.genreid = g.id
2025-11-24 23:43:02.331 +02:00 [INF] Executed DbCommand (1ms) [Parameters=[], CommandType='"Text"', CommandTimeout='30']
SELECT g.id, g.name
FROM genres AS g
2025-11-24 23:43:02.335 +02:00 [INF] Executing OkObjectResult, writing value of type 'System.Collections.Generic.List`1[[CatalogService.Bll.Dtos.AuthorDto, CatalogService.Bll, Version=1.0.0.0, Culture=neutral, PublicKeyToken=null]]'.
2025-11-24 23:43:02.341 +02:00 [INF] Executing OkObjectResult, writing value of type 'System.Collections.Generic.List`1[[CatalogService.Bll.Dtos.BookDto, CatalogService.Bll, Version=1.0.0.0, Culture=neutral, PublicKeyToken=null]]'.
2025-11-24 23:43:02.345 +02:00 [INF] Executing OkObjectResult, writing value of type 'System.Collections.Generic.List`1[[CatalogService.Bll.Dtos.GenreDto, CatalogService.Bll, Version=1.0.0.0, Culture=neutral, PublicKeyToken=null]]'.
2025-11-24 23:43:02.348 +02:00 [INF] Executed action CatalogService.Api.Controllers.AuthorsController.GetAll (CatalogService.Api) in 27.8656ms
2025-11-24 23:43:02.352 +02:00 [INF] Executed action CatalogService.Api.Controllers.BooksController.GetAll (CatalogService.Api) in 27.6408ms
2025-11-24 23:43:02.356 +02:00 [INF] Executed action CatalogService.Api.Controllers.GenresController.GetAll (CatalogService.Api) in 26.6832ms
2025-11-24 23:43:02.358 +02:00 [INF] Executed endpoint 'CatalogService.Api.Controllers.AuthorsController.GetAll (CatalogService.Api)'
2025-11-24 23:43:02.361 +02:00 [INF] Executed endpoint 'CatalogService.Api.Controllers.BooksController.GetAll (CatalogService.Api)'
2025-11-24 23:43:02.363 +02:00 [INF] Executed endpoint 'CatalogService.Api.Controllers.GenresController.GetAll (CatalogService.Api)'
2025-11-24 23:43:02.366 +02:00 [INF] Request finished HTTP/1.1 GET http://localhost:5180/api/authors - 200 null application/json; charset=utf-8 119.1844ms
2025-11-24 23:43:02.368 +02:00 [INF] Request finished HTTP/1.1 GET http://localhost:5180/api/books - 200 null application/json; charset=utf-8 119.2836ms
2025-11-24 23:43:02.372 +02:00 [INF] Request finished HTTP/1.1 GET http://localhost:5180/api/genres - 200 null application/json; charset=utf-8 120.1462ms
2025-11-24 23:43:09.204 +02:00 [INF] Request starting HTTP/1.1 GET http://localhost:5180/api/books/2 - null null
2025-11-24 23:43:09.212 +02:00 [INF] Executing endpoint 'CatalogService.Api.Controllers.BooksController.GetById (CatalogService.Api)'
2025-11-24 23:43:09.232 +02:00 [INF] Route matched with {action = "GetById", controller = "Books"}. Executing controller action with signature System.Threading.Tasks.Task`1[Microsoft.AspNetCore.Mvc.IActionResult] GetById(Int32) on controller CatalogService.Api.Controllers.BooksController (CatalogService.Api).
2025-11-24 23:43:09.361 +02:00 [INF] Executed DbCommand (19ms) [Parameters=[@__id_0='?' (DbType = Int32)], CommandType='"Text"', CommandTimeout='30']
SELECT b.id, b.authorid, b.genreid, b.title, a.id, a.name, g.id, g.name
FROM books AS b
INNER JOIN authors AS a ON b.authorid = a.id
INNER JOIN genres AS g ON b.genreid = g.id
WHERE b.id = @__id_0
LIMIT 1
2025-11-24 23:43:09.375 +02:00 [INF] Executing OkObjectResult, writing value of type 'CatalogService.Bll.Dtos.BookDto'.
2025-11-24 23:43:09.379 +02:00 [INF] Executed action CatalogService.Api.Controllers.BooksController.GetById (CatalogService.Api) in 140.96ms
2025-11-24 23:43:09.383 +02:00 [INF] Executed endpoint 'CatalogService.Api.Controllers.BooksController.GetById (CatalogService.Api)'
2025-11-24 23:43:09.386 +02:00 [INF] Request finished HTTP/1.1 GET http://localhost:5180/api/books/2 - 200 null application/json; charset=utf-8 181.7198ms
2025-11-24 23:43:40.844 +02:00 [INF] Now listening on: http://localhost:5180
2025-11-24 23:43:40.904 +02:00 [INF] Application started. Press Ctrl+C to shut down.
2025-11-24 23:43:40.906 +02:00 [INF] Hosting environment: Development
2025-11-24 23:43:40.908 +02:00 [INF] Content root path: C:\Users\Admin\Documents\projects\LibrarySystem\CatalogService\CatalogService.Api
2025-11-24 23:43:45.938 +02:00 [INF] Request starting HTTP/1.1 GET http://localhost:5180/api/genres - null null
2025-11-24 23:43:45.938 +02:00 [INF] Request starting HTTP/1.1 GET http://localhost:5180/api/authors - null null
2025-11-24 23:43:45.938 +02:00 [INF] Request starting HTTP/1.1 GET http://localhost:5180/api/books - null null
2025-11-24 23:43:46.018 +02:00 [INF] Executing endpoint 'CatalogService.Api.Controllers.AuthorsController.GetAll (CatalogService.Api)'
2025-11-24 23:43:46.018 +02:00 [INF] Executing endpoint 'CatalogService.Api.Controllers.BooksController.GetAll (CatalogService.Api)'
2025-11-24 23:43:46.018 +02:00 [INF] Executing endpoint 'CatalogService.Api.Controllers.GenresController.GetAll (CatalogService.Api)'
2025-11-24 23:43:46.051 +02:00 [INF] Route matched with {action = "GetAll", controller = "Authors"}. Executing controller action with signature System.Threading.Tasks.Task`1[Microsoft.AspNetCore.Mvc.IActionResult] GetAll() on controller CatalogService.Api.Controllers.AuthorsController (CatalogService.Api).
2025-11-24 23:43:46.051 +02:00 [INF] Route matched with {action = "GetAll", controller = "Genres"}. Executing controller action with signature System.Threading.Tasks.Task`1[Microsoft.AspNetCore.Mvc.IActionResult] GetAll() on controller CatalogService.Api.Controllers.GenresController (CatalogService.Api).
2025-11-24 23:43:46.051 +02:00 [INF] Route matched with {action = "GetAll", controller = "Books"}. Executing controller action with signature System.Threading.Tasks.Task`1[Microsoft.AspNetCore.Mvc.IActionResult] GetAll() on controller CatalogService.Api.Controllers.BooksController (CatalogService.Api).
2025-11-24 23:43:48.499 +02:00 [INF] Executed DbCommand (40ms) [Parameters=[], CommandType='"Text"', CommandTimeout='30']
SELECT g.id, g.name
FROM genres AS g
2025-11-24 23:43:48.499 +02:00 [INF] Executed DbCommand (40ms) [Parameters=[], CommandType='"Text"', CommandTimeout='30']
SELECT b.id, b.authorid, b.genreid, b.title, a.id, a.name, g.id, g.name
FROM books AS b
INNER JOIN authors AS a ON b.authorid = a.id
INNER JOIN genres AS g ON b.genreid = g.id
2025-11-24 23:43:48.499 +02:00 [INF] Executed DbCommand (40ms) [Parameters=[], CommandType='"Text"', CommandTimeout='30']
SELECT a.id, a.name
FROM authors AS a
2025-11-24 23:43:48.680 +02:00 [INF] Executing OkObjectResult, writing value of type 'System.Collections.Generic.List`1[[CatalogService.Bll.Dtos.BookDto, CatalogService.Bll, Version=1.0.0.0, Culture=neutral, PublicKeyToken=null]]'.
2025-11-24 23:43:48.680 +02:00 [INF] Executing OkObjectResult, writing value of type 'System.Collections.Generic.List`1[[CatalogService.Bll.Dtos.GenreDto, CatalogService.Bll, Version=1.0.0.0, Culture=neutral, PublicKeyToken=null]]'.
2025-11-24 23:43:48.680 +02:00 [INF] Executing OkObjectResult, writing value of type 'System.Collections.Generic.List`1[[CatalogService.Bll.Dtos.AuthorDto, CatalogService.Bll, Version=1.0.0.0, Culture=neutral, PublicKeyToken=null]]'.
2025-11-24 23:43:48.747 +02:00 [INF] Executed action CatalogService.Api.Controllers.GenresController.GetAll (CatalogService.Api) in 2681.4051ms
2025-11-24 23:43:48.747 +02:00 [INF] Executed action CatalogService.Api.Controllers.BooksController.GetAll (CatalogService.Api) in 2677.8083ms
2025-11-24 23:43:48.747 +02:00 [INF] Executed action CatalogService.Api.Controllers.AuthorsController.GetAll (CatalogService.Api) in 2684.9575ms
2025-11-24 23:43:48.753 +02:00 [INF] Request starting HTTP/1.1 GET http://localhost:5180/api/authors - null null
2025-11-24 23:43:48.754 +02:00 [INF] Request starting HTTP/1.1 GET http://localhost:5180/api/books - null null
2025-11-24 23:43:48.754 +02:00 [INF] Request starting HTTP/1.1 GET http://localhost:5180/api/genres - null null
2025-11-24 23:43:48.758 +02:00 [INF] Executed endpoint 'CatalogService.Api.Controllers.GenresController.GetAll (CatalogService.Api)'
2025-11-24 23:43:48.760 +02:00 [INF] Executed endpoint 'CatalogService.Api.Controllers.BooksController.GetAll (CatalogService.Api)'
2025-11-24 23:43:48.763 +02:00 [INF] Executed endpoint 'CatalogService.Api.Controllers.AuthorsController.GetAll (CatalogService.Api)'
2025-11-24 23:43:48.775 +02:00 [INF] Executing endpoint 'CatalogService.Api.Controllers.AuthorsController.GetAll (CatalogService.Api)'
2025-11-24 23:43:48.779 +02:00 [INF] Executing endpoint 'CatalogService.Api.Controllers.BooksController.GetAll (CatalogService.Api)'
2025-11-24 23:43:48.786 +02:00 [INF] Executing endpoint 'CatalogService.Api.Controllers.GenresController.GetAll (CatalogService.Api)'
2025-11-24 23:43:48.799 +02:00 [INF] Route matched with {action = "GetAll", controller = "Authors"}. Executing controller action with signature System.Threading.Tasks.Task`1[Microsoft.AspNetCore.Mvc.IActionResult] GetAll() on controller CatalogService.Api.Controllers.AuthorsController (CatalogService.Api).
2025-11-24 23:43:48.802 +02:00 [INF] Route matched with {action = "GetAll", controller = "Books"}. Executing controller action with signature System.Threading.Tasks.Task`1[Microsoft.AspNetCore.Mvc.IActionResult] GetAll() on controller CatalogService.Api.Controllers.BooksController (CatalogService.Api).
2025-11-24 23:43:48.803 +02:00 [INF] Request finished HTTP/1.1 GET http://localhost:5180/api/genres - 200 null application/json; charset=utf-8 2869.8397ms
2025-11-24 23:43:48.803 +02:00 [INF] Request finished HTTP/1.1 GET http://localhost:5180/api/authors - 200 null application/json; charset=utf-8 2869.8393ms
2025-11-24 23:43:48.803 +02:00 [INF] Request finished HTTP/1.1 GET http://localhost:5180/api/books - 200 null application/json; charset=utf-8 2869.8222ms
2025-11-24 23:43:48.804 +02:00 [INF] Route matched with {action = "GetAll", controller = "Genres"}. Executing controller action with signature System.Threading.Tasks.Task`1[Microsoft.AspNetCore.Mvc.IActionResult] GetAll() on controller CatalogService.Api.Controllers.GenresController (CatalogService.Api).
2025-11-24 23:43:48.924 +02:00 [INF] Executed DbCommand (6ms) [Parameters=[], CommandType='"Text"', CommandTimeout='30']
SELECT g.id, g.name
FROM genres AS g
2025-11-24 23:43:48.924 +02:00 [INF] Executed DbCommand (3ms) [Parameters=[], CommandType='"Text"', CommandTimeout='30']
SELECT b.id, b.authorid, b.genreid, b.title, a.id, a.name, g.id, g.name
FROM books AS b
INNER JOIN authors AS a ON b.authorid = a.id
INNER JOIN genres AS g ON b.genreid = g.id
2025-11-24 23:43:48.924 +02:00 [INF] Executed DbCommand (6ms) [Parameters=[], CommandType='"Text"', CommandTimeout='30']
SELECT a.id, a.name
FROM authors AS a
2025-11-24 23:43:48.932 +02:00 [INF] Executing OkObjectResult, writing value of type 'System.Collections.Generic.List`1[[CatalogService.Bll.Dtos.GenreDto, CatalogService.Bll, Version=1.0.0.0, Culture=neutral, PublicKeyToken=null]]'.
2025-11-24 23:43:48.935 +02:00 [INF] Executing OkObjectResult, writing value of type 'System.Collections.Generic.List`1[[CatalogService.Bll.Dtos.BookDto, CatalogService.Bll, Version=1.0.0.0, Culture=neutral, PublicKeyToken=null]]'.
2025-11-24 23:43:48.938 +02:00 [INF] Executing OkObjectResult, writing value of type 'System.Collections.Generic.List`1[[CatalogService.Bll.Dtos.AuthorDto, CatalogService.Bll, Version=1.0.0.0, Culture=neutral, PublicKeyToken=null]]'.
2025-11-24 23:43:48.940 +02:00 [INF] Executed action CatalogService.Api.Controllers.GenresController.GetAll (CatalogService.Api) in 104.2032ms
2025-11-24 23:43:48.943 +02:00 [INF] Executed action CatalogService.Api.Controllers.BooksController.GetAll (CatalogService.Api) in 130.5594ms
2025-11-24 23:43:48.945 +02:00 [INF] Executed action CatalogService.Api.Controllers.AuthorsController.GetAll (CatalogService.Api) in 137.0316ms
2025-11-24 23:43:48.948 +02:00 [INF] Executed endpoint 'CatalogService.Api.Controllers.GenresController.GetAll (CatalogService.Api)'
2025-11-24 23:43:48.951 +02:00 [INF] Executed endpoint 'CatalogService.Api.Controllers.BooksController.GetAll (CatalogService.Api)'
2025-11-24 23:43:48.953 +02:00 [INF] Executed endpoint 'CatalogService.Api.Controllers.AuthorsController.GetAll (CatalogService.Api)'
2025-11-24 23:43:48.955 +02:00 [INF] Request finished HTTP/1.1 GET http://localhost:5180/api/genres - 200 null application/json; charset=utf-8 200.1698ms
2025-11-24 23:43:48.956 +02:00 [INF] Request finished HTTP/1.1 GET http://localhost:5180/api/books - 200 null application/json; charset=utf-8 202.3388ms
2025-11-24 23:43:48.958 +02:00 [INF] Request finished HTTP/1.1 GET http://localhost:5180/api/authors - 200 null application/json; charset=utf-8 205.4335ms
2025-11-24 23:43:54.039 +02:00 [INF] Request starting HTTP/1.1 GET http://localhost:5180/api/books/2 - null null
2025-11-24 23:43:54.047 +02:00 [INF] Executing endpoint 'CatalogService.Api.Controllers.BooksController.GetById (CatalogService.Api)'
2025-11-24 23:43:54.063 +02:00 [INF] Route matched with {action = "GetById", controller = "Books"}. Executing controller action with signature System.Threading.Tasks.Task`1[Microsoft.AspNetCore.Mvc.IActionResult] GetById(Int32) on controller CatalogService.Api.Controllers.BooksController (CatalogService.Api).
2025-11-24 23:43:54.190 +02:00 [INF] Executed DbCommand (13ms) [Parameters=[@__id_0='?' (DbType = Int32)], CommandType='"Text"', CommandTimeout='30']
SELECT b.id, b.authorid, b.genreid, b.title, a.id, a.name, g.id, g.name
FROM books AS b
INNER JOIN authors AS a ON b.authorid = a.id
INNER JOIN genres AS g ON b.genreid = g.id
WHERE b.id = @__id_0
LIMIT 1
2025-11-24 23:43:54.203 +02:00 [INF] Executing OkObjectResult, writing value of type 'CatalogService.Bll.Dtos.BookDto'.
2025-11-24 23:43:54.208 +02:00 [INF] Executed action CatalogService.Api.Controllers.BooksController.GetById (CatalogService.Api) in 140.1977ms
2025-11-24 23:43:54.211 +02:00 [INF] Executed endpoint 'CatalogService.Api.Controllers.BooksController.GetById (CatalogService.Api)'
2025-11-24 23:43:54.214 +02:00 [INF] Request finished HTTP/1.1 GET http://localhost:5180/api/books/2 - 200 null application/json; charset=utf-8 175.7531ms
2025-11-24 23:54:14.644 +02:00 [INF] Now listening on: http://localhost:5180
2025-11-24 23:54:14.747 +02:00 [INF] Application started. Press Ctrl+C to shut down.
2025-11-24 23:54:14.750 +02:00 [INF] Hosting environment: Development
2025-11-24 23:54:14.752 +02:00 [INF] Content root path: C:\Users\Admin\Documents\projects\LibrarySystem\CatalogService\CatalogService.Api
